{
"type": "FeatureCollection",
"name": "bangunan_lod1_optimal",
"crs": { "type": "name", "properties": { "name": "urn:ogc:def:crs:OGC:1.3:CRS84" } },
"features": [
{ "type": "Feature", "properties": { "point_id": 0, "footprint_id": 1056, "id_bangunan": "SDI-A85-085", "fungsi_bangunan": "Pondok", "jumlah_lantai": 1, "tinggi_lantai": 4.0, "tinggi_total": 4.0, "luas_m2": 51.46, "jarak_match_m": 0.27, "metode_match": "optimal_nearest", "status_match": "OK" }, "geometry": { "type": "Polygon", "coordinates": [ [ [ 105.223850567611805, -5.548378901731022 ], [ 105.22389518285955, -5.548407455171421 ], [ 105.223852412020932, -5.548474284425249 ], [ 105.223807796769961, -5.548445730981808 ], [ 105.223850567611805, -5.548378901731022 ] ] ] } },
{ "type": "Feature", "properties": { "point_id": 1, "footprint_id": 1184, "id_bangunan": "SDI-A01-001", "fungsi_bangunan": "Rumah Tinggal", "jumlah_lantai": 1, "tinggi_lantai": 4.0, "tinggi_total": 4.0, "luas_m2": 94.95, "jarak_match_m": 0.0, "metode_match": "within", "status_match": "OK" }, "geometry": { "type": "Polygon", "coordinates": [ [ [ 105.227505376000096, -5.545346654999942 ], [ 105.227572001000084, -5.545383773999959 ], [ 105.227522510000114, -5.545472603999944 ], [ 105.227455885000069, -5.545435483999942 ], [ 105.227505376000096, -5.545346654999942 ] ] ] } },
{ "type": "Feature", "properties": { "point_id": 2, "footprint_id": 723, "id_bangunan": "SDI-C01-001", "fungsi_bangunan": "Rumah Tinggal", "jumlah_lantai": 2, "tinggi_lantai": 4.0, "tinggi_total": 8.0, "luas_m2": 306.94, "jarak_match_m": 2.92, "metode_match": "optimal_nearest", "status_match": "OK" }, "geometry": { "type": "Polygon", "coordinates": [ [ [ 105.235373427468744, -5.552140667690425 ], [ 105.235360578928621, -5.552093554695755 ], [ 105.235376282683731, -5.55209141349455 ], [ 105.235364861749517, -5.552037875186635 ], [ 105.235417685940916, -5.552025740130816 ], [ 105.235414830591125, -5.552020029378796 ], [ 105.235527616915135, -5.551990761898724 ], [ 105.235537610715028, -5.552020029313259 ], [ 105.235530471915311, -5.552022884484163 ], [ 105.235550459623298, -5.552077136752755 ], [ 105.235574015836661, -5.552068570386161 ], [ 105.235587578829879, -5.552104975786236 ], [ 105.235516195159789, -5.552128532985309 ], [ 105.235526188678421, -5.552157086639942 ], [ 105.235450522096684, -5.552179215304219 ], [ 105.235436959145289, -5.55212924665152 ], [ 105.235373427468744, -5.552140667690425 ] ] ] } },
{ "type": "Feature", "properties": { "point_id": 3, "footprint_id": 1182, "id_bangunan": "SDI-A03-003", "fungsi_bangunan": "Rumah Tinggal", "jumlah_lantai": 1, "tinggi_lantai": 4.0, "tinggi_total": 4.0, "luas_m2": 214.76, "jarak_match_m": 0.0, "metode_match": "within", "status_match": "OK" }, "geometry": { "type": "Polygon", "coordinates": [ [ [ 105.22740855300006, -5.54526068799993 ], [ 105.2273863610001, -5.545310826999986 ], [ 105.227334965000097, -5.545426944999969 ], [ 105.227241732000067, -5.54538567799995 ], [ 105.227293128000071, -5.545269560999937 ], [ 105.227309750000103, -5.545276917999959 ], [ 105.227331942000063, -5.545226777999969 ], [ 105.22740855300006, -5.54526068799993 ] ] ] } },
{ "type": "Feature", "properties": { "point_id": 4, "footprint_id": 1228, "id_bangunan": "SDI-A04-004", "fungsi_bangunan": "Rumah Tinggal", "jumlah_lantai": 1, "tinggi_lantai": 4.0, "tinggi_total": 4.0, "luas_m2": 117.05, "jarak_match_m": 0.0, "metode_match": "within", "status_match": "OK" }, "geometry": { "type": "Polygon", "coordinates": [ [ [ 105.227675150000067, -5.544915852999961 ], [ 105.227587348000071, -5.544885157999946 ], [ 105.227621267000103, -5.544788134999983 ], [ 105.227709068000109, -5.544818829999939 ], [ 105.227675150000067, -5.544915852999961 ] ] ] } },
{ "type": "Feature", "properties": { "point_id": 5, "footprint_id": 730, "id_bangunan": "SDI-C02-002", "fungsi_bangunan": "Rumah Tinggal", "jumlah_lantai": 1, "tinggi_lantai": 4.0, "tinggi_total": 4.0, "luas_m2": 159.38, "jarak_match_m": 3.24, "metode_match": "optimal_nearest", "status_match": "OK" }, "geometry": { "type": "Polygon", "coordinates": [ [ [ 105.235035068463816, -5.552294856901945 ], [ 105.23509931385972, -5.552254882500133 ], [ 105.235120015014076, -5.55228914650613 ], [ 105.235202106402539, -5.552246316286132 ], [ 105.235232087218748, -5.552296284742958 ], [ 105.235091461731031, -5.552378376056829 ], [ 105.235035068463816, -5.552294856901945 ] ] ] } },
{ "type": "Feature", "properties": { "point_id": 6, "footprint_id": 729, "id_bangunan": "SDI-C03-003", "fungsi_bangunan": "Rumah Tinggal", "jumlah_lantai": 1, "tinggi_lantai": 4.0, "tinggi_total": 4.0, "luas_m2": 129.1, "jarak_match_m": 1.22, "metode_match": "optimal_nearest", "status_match": "OK" }, "geometry": { "type": "Polygon", "coordinates": [ [ [ 105.235142144004271, -5.552581820014289 ], [ 105.235095744767207, -5.552457612569941 ], [ 105.235125012026501, -5.552447618237891 ], [ 105.235120728491268, -5.552435483307964 ], [ 105.235161417850279, -5.552420492633125 ], [ 105.235214241744302, -5.552553266253629 ], [ 105.235142144004271, -5.552581820014289 ] ] ] } },
{ "type": "Feature", "properties": { "point_id": 7, "footprint_id": 764, "id_bangunan": "SDI-C04-004", "fungsi_bangunan": "Rumah Tinggal", "jumlah_lantai": 1, "tinggi_lantai": 4.0, "tinggi_total": 4.0, "luas_m2": 120.01, "jarak_match_m": 1.82, "metode_match": "optimal_nearest", "status_match": "OK" }, "geometry": { "type": "Polygon", "coordinates": [ [ [ 105.235071588891401, -5.55250459012009 ], [ 105.235078132349003, -5.552523625640805 ], [ 105.235085271345582, -5.552521246315012 ], [ 105.235110255471724, -5.552614045079207 ], [ 105.235082891828469, -5.552629511718297 ], [ 105.235030543688879, -5.552637839837137 ], [ 105.235000799924748, -5.552523030385875 ], [ 105.235071588891401, -5.55250459012009 ] ] ] } },
{ "type": "Feature", "properties": { "point_id": 8, "footprint_id": 758, "id_bangunan": "SDI-C05-005", "fungsi_bangunan": "Rumah Tinggal", "jumlah_lantai": 1, "tinggi_lantai": 4.0, "tinggi_total": 4.0, "luas_m2": 199.33, "jarak_match_m": 0.0, "metode_match": "within", "status_match": "OK" }, "geometry": { "type": "Polygon", "coordinates": [ [ [ 105.234585417675092, -5.552532345832031 ], [ 105.234608022347331, -5.552521638600322 ], [ 105.234604453598706, -5.552513310102694 ], [ 105.234638360821165, -5.552496654001381 ], [ 105.23464311979528, -5.55250557727857 ], [ 105.234688924523212, -5.552480592868859 ], [ 105.234701416779586, -5.55249903349354 ], [ 105.234769230860337, -5.552471670183162 ], [ 105.234788266763772, -5.55250736147793 ], [ 105.234776964449452, -5.552513905601919 ], [ 105.234789456157856, -5.552540079077352 ], [ 105.234675241986935, -5.552598375943957 ], [ 105.234668104093075, -5.552585288654585 ], [ 105.234616350665021, -5.552604324710406 ], [ 105.234585417675092, -5.552532345832031 ] ] ] } },
{ "type": "Feature", "properties": { "point_id": 9, "footprint_id": 756, "id_bangunan": "SDI-C06-006", "fungsi_bangunan": "Rumah Tinggal", "jumlah_lantai": 1, "tinggi_lantai": 4.0, "tinggi_total": 4.0, "luas_m2": 82.9, "jarak_match_m": 8.3, "metode_match": "optimal_nearest", "status_match": "OK" }, "geometry": { "type": "Polygon", "coordinates": [ [ [ 105.234597315493374, -5.552246215607863 ], [ 105.234631222629119, -5.552295590000375 ], [ 105.234612781631597, -5.552309866189328 ], [ 105.234632411733486, -5.55233901490603 ], [ 105.234605643357185, -5.55235745573931 ], [ 105.234596719853826, -5.552347342705423 ], [ 105.234575305450733, -5.552361024821189 ], [ 105.234530094882089, -5.552290235777376 ], [ 105.234597315493374, -5.552246215607863 ] ] ] } },
{ "type": "Feature", "properties": { "point_id": 10, "footprint_id": 1257, "id_bangunan": "SDI-A05-005", "fungsi_bangunan": "Rumah Tinggal", "jumlah_lantai": 1, "tinggi_lantai": 4.0, "tinggi_total": 4.0, "luas_m2": 270.88, "jarak_match_m": 0.0, "metode_match": "within", "status_match": "OK" }, "geometry": { "type": "Polygon", "coordinates": [ [ [ 105.227415712000067, -5.544860010999967 ], [ 105.227568212000079, -5.544926414999956 ], [ 105.227510611000099, -5.545050270999984 ], [ 105.227496198000068, -5.54504050999997 ], [ 105.227370341000068, -5.544987236999924 ], [ 105.227358601000077, -5.544991716999954 ], [ 105.227415712000067, -5.544860010999967 ] ] ] } },
{ "type": "Feature", "properties": { "point_id": 11, "footprint_id": 750, "id_bangunan": "SDI-C08-008", "fungsi_bangunan": "Rumah Tinggal", "jumlah_lantai": 1, "tinggi_lantai": 4.0, "tinggi_total": 4.0, "luas_m2": 245.17, "jarak_match_m": 2.95, "metode_match": "optimal_nearest", "status_match": "OK" }, "geometry": { "type": "Polygon", "coordinates": [ [ [ 105.233849763344381, -5.552517693649739 ], [ 105.233892594319073, -5.55245677912565 ], [ 105.233760295481616, -5.55237302210418 ], [ 105.233775524391959, -5.552343516711241 ], [ 105.233751729517962, -5.55232162572003 ], [ 105.23377552408833, -5.552285457892429 ], [ 105.233817403164423, -5.55231781925611 ], [ 105.233825969130166, -5.55230734919535 ], [ 105.233896400656093, -5.552346372777194 ], [ 105.233885931042494, -5.552367312073356 ], [ 105.233945893434424, -5.552410141988907 ], [ 105.23392590622521, -5.5524415508202 ], [ 105.233915436563748, -5.552434888680263 ], [ 105.23390591850945, -5.552451068295026 ], [ 105.233941134992321, -5.55247581522658 ], [ 105.233892594224145, -5.552548150365546 ], [ 105.233849763344381, -5.552517693649739 ] ] ] } },
{ "type": "Feature", "properties": { "point_id": 12, "footprint_id": 1227, "id_bangunan": "SDI-A06-006", "fungsi_bangunan": "Rumah Tinggal", "jumlah_lantai": 1, "tinggi_lantai": 4.0, "tinggi_total": 4.0, "luas_m2": 222.55, "jarak_match_m": 0.0, "metode_match": "within", "status_match": "OK" }, "geometry": { "type": "MultiPolygon", "coordinates": [ [ [ [ 105.227387926000091, -5.54492408999993 ], [ 105.227358601000077, -5.544991716999954 ], [ 105.227293682000067, -5.544963565999976 ], [ 105.227323006000091, -5.544895939999953 ], [ 105.227310261000099, -5.544890412999965 ], [ 105.227338047000075, -5.54482633399993 ], [ 105.227415712000067, -5.544860010999967 ], [ 105.227387926000091, -5.54492408999993 ] ] ], [ [ [ 105.227400912000093, -5.544593069999955 ], [ 105.227372483000096, -5.544690993999951 ], [ 105.227306095000102, -5.544671720999921 ], [ 105.227334525000089, -5.544573795999957 ], [ 105.227400912000093, -5.544593069999955 ] ] ] ] } },
{ "type": "Feature", "properties": { "point_id": 13, "footprint_id": 1022, "id_bangunan": "SDI-C09-009", "fungsi_bangunan": "Rumah Tinggal", "jumlah_lantai": 1, "tinggi_lantai": 4.0, "tinggi_total": 4.0, "luas_m2": 209.64, "jarak_match_m": 0.28, "metode_match": "optimal_nearest", "status_match": "OK" }, "geometry": { "type": "Polygon", "coordinates": [ [ [ 105.233865196067413, -5.552398256214249 ], [ 105.233865225869422, -5.552398274295236 ], [ 105.233881267083532, -5.552370350791744 ], [ 105.233926555635819, -5.552396367470098 ], [ 105.233921628414649, -5.552404943587534 ], [ 105.233926120593893, -5.552399022757367 ], [ 105.233944526699872, -5.552412986714529 ], [ 105.233924216238975, -5.552439759399502 ], [ 105.233911258809698, -5.5524299292942 ], [ 105.233892831957974, -5.552459532752319 ], [ 105.233755541354242, -5.552374073365629 ], [ 105.233758119237407, -5.552369931813864 ], [ 105.233747898609309, -5.552362855247702 ], [ 105.233760830356147, -5.552344175672544 ], [ 105.233743516590721, -5.55233442779919 ], [ 105.233775738425578, -5.552277194836075 ], [ 105.233895418521854, -5.552344574743798 ], [ 105.233865196067413, -5.552398256214249 ] ] ] } },
{ "type": "Feature", "properties": { "point_id": 14, "footprint_id": 1017, "id_bangunan": "SDI-C10-010", "fungsi_bangunan": "Rumah Tinggal", "jumlah_lantai": 1, "tinggi_lantai": 4.0, "tinggi_total": 4.0, "luas_m2": 128.74, "jarak_match_m": 0.0, "metode_match": "within", "status_match": "OK" }, "geometry": { "type": "Polygon", "coordinates": [ [ [ 105.234068638403755, -5.552236113242057 ], [ 105.234088268507364, -5.552327127516161 ], [ 105.234009436146366, -5.552344130664387 ], [ 105.234002966048919, -5.552314133591983 ], [ 105.233954066947021, -5.552324867493462 ], [ 105.233941217621734, -5.552266332493541 ], [ 105.233990331584835, -5.552255551467004 ], [ 105.233989806054069, -5.55225311638723 ], [ 105.234068638403755, -5.552236113242057 ] ] ] } },
{ "type": "Feature", "properties": { "point_id": 15, "footprint_id": 749, "id_bangunan": "SDI-C11-011", "fungsi_bangunan": "Rumah Tinggal", "jumlah_lantai": 1, "tinggi_lantai": 4.0, "tinggi_total": 4.0, "luas_m2": 138.68, "jarak_match_m": 2.84, "metode_match": "optimal_nearest", "status_match": "OK" }, "geometry": { "type": "Polygon", "coordinates": [ [ [ 105.233940182962257, -5.552266422462329 ], [ 105.234069625491927, -5.552232158674636 ], [ 105.234089612971204, -5.552327336859863 ], [ 105.234007759488122, -5.552346372118727 ], [ 105.234003001061026, -5.552315915716683 ], [ 105.233946845821336, -5.552327336397454 ], [ 105.233940182962257, -5.552266422462329 ] ] ] } },
{ "type": "Feature", "properties": { "point_id": 16, "footprint_id": 1015, "id_bangunan": "SDI-C12-012", "fungsi_bangunan": "Rumah Tinggal", "jumlah_lantai": 1, "tinggi_lantai": 4.0, "tinggi_total": 4.0, "luas_m2": 275.34, "jarak_match_m": 3.71, "metode_match": "optimal_nearest", "status_match": "OK" }, "geometry": { "type": "Polygon", "coordinates": [ [ [ 105.234061238057279, -5.551955908805272 ], [ 105.234065109834745, -5.551988588256056 ], [ 105.23408021437605, -5.551987186416468 ], [ 105.234081927190786, -5.552005651226812 ], [ 105.234067292126326, -5.552007008553247 ], [ 105.234076826628993, -5.552087480546822 ], [ 105.234014068922335, -5.552094916199758 ], [ 105.234014059863242, -5.552094839309035 ], [ 105.23401077090098, -5.552095374348182 ], [ 105.234014154474735, -5.552119538626782 ], [ 105.233944347134795, -5.552129311936608 ], [ 105.233941179959004, -5.552106689981128 ], [ 105.233941075232309, -5.552106707210722 ], [ 105.233940343936823, -5.552102211444932 ], [ 105.233921350364994, -5.552105028770864 ], [ 105.233917768166236, -5.552080873616543 ], [ 105.233907119942856, -5.552081591590784 ], [ 105.233905929310424, -5.552063927178508 ], [ 105.233915161863379, -5.552063304751665 ], [ 105.233912470462215, -5.552045156951541 ], [ 105.233908490953979, -5.552046080353479 ], [ 105.233894997138691, -5.551987928268876 ], [ 105.233926415208629, -5.551980638015282 ], [ 105.233926526451228, -5.551981117429857 ], [ 105.233982820477578, -5.55196912858408 ], [ 105.233988756134067, -5.551997004490656 ], [ 105.234002209008167, -5.551994817175731 ], [ 105.23399847946132, -5.551963344456364 ], [ 105.234061238057279, -5.551955908805272 ] ] ] } },
{ "type": "Feature", "properties": { "point_id": 17, "footprint_id": 755, "id_bangunan": "SDI-C13-013", "fungsi_bangunan": "Rumah Tinggal", "jumlah_lantai": 1, "tinggi_lantai": 4.0, "tinggi_total": 4.0, "luas_m2": 74.68, "jarak_match_m": 7.67, "metode_match": "optimal_nearest", "status_match": "OK" }, "geometry": { "type": "Polygon", "coordinates": [ [ [ 105.234102105559444, -5.551980530459854 ], [ 105.234119237723121, -5.551976247446023 ], [ 105.234115906239069, -5.551960542425509 ], [ 105.23414969500999, -5.551957211730154 ], [ 105.23415112225976, -5.551968157295067 ], [ 105.234158736729299, -5.551967205312323 ], [ 105.234176820836581, -5.552066666809677 ], [ 105.234123045039539, -5.552076660852553 ], [ 105.234102105559444, -5.551980530459854 ] ] ] } },
{ "type": "Feature", "properties": { "point_id": 18, "footprint_id": 752, "id_bangunan": "SDI-C14-014", "fungsi_bangunan": "Rumah Tinggal", "jumlah_lantai": 1, "tinggi_lantai": 4.0, "tinggi_total": 4.0, "luas_m2": 148.66, "jarak_match_m": 0.0, "metode_match": "within", "status_match": "OK" }, "geometry": { "type": "Polygon", "coordinates": [ [ [ 105.233692719187516, -5.552094149562759 ], [ 105.233718417647736, -5.552089390951694 ], [ 105.233715562176215, -5.55207416248505 ], [ 105.233806933142347, -5.552051319496249 ], [ 105.233842149561312, -5.552172196077131 ], [ 105.233769813976949, -5.552188376114952 ], [ 105.233758392375336, -5.552135076595103 ], [ 105.233699381506597, -5.55214459411647 ], [ 105.233692719187516, -5.552094149562759 ] ] ] } },
{ "type": "Feature", "properties": { "point_id": 19, "footprint_id": 1018, "id_bangunan": "SDI-C15-015", "fungsi_bangunan": "Rumah Tinggal", "jumlah_lantai": 1, "tinggi_lantai": 4.0, "tinggi_total": 4.0, "luas_m2": 147.11, "jarak_match_m": 0.41, "metode_match": "optimal_nearest", "status_match": "OK" }, "geometry": { "type": "Polygon", "coordinates": [ [ [ 105.233613863188808, -5.552149679428347 ], [ 105.233693872832333, -5.552205894626013 ], [ 105.233676004116035, -5.552231327471798 ], [ 105.233698334004359, -5.55224961677359 ], [ 105.23367188074505, -5.552281915604257 ], [ 105.233651937925146, -5.5522655811871 ], [ 105.233636172628039, -5.552288018845462 ], [ 105.233580114754716, -5.552248632218687 ], [ 105.233576090075275, -5.552254077926166 ], [ 105.233539175216507, -5.55222679413047 ], [ 105.233571331142997, -5.552183289099062 ], [ 105.233583782704642, -5.552192492497548 ], [ 105.233613863188808, -5.552149679428347 ] ] ] } },
{ "type": "Feature", "properties": { "point_id": 20, "footprint_id": 1258, "id_bangunan": "SDI-A08-008", "fungsi_bangunan": "Rumah Tinggal", "jumlah_lantai": 1, "tinggi_lantai": 4.0, "tinggi_total": 4.0, "luas_m2": 174.47, "jarak_match_m": 0.0, "metode_match": "within", "status_match": "OK" }, "geometry": { "type": "Polygon", "coordinates": [ [ [ 105.227338047000075, -5.54482633399993 ], [ 105.227310261000099, -5.544890412999965 ], [ 105.227323006000091, -5.544895939999953 ], [ 105.227293682000067, -5.544963565999976 ], [ 105.2272846810001, -5.544949403999972 ], [ 105.227218916000112, -5.544922100999938 ], [ 105.227282753000082, -5.544754664999976 ], [ 105.227355972000083, -5.544791706999948 ], [ 105.227338047000075, -5.54482633399993 ] ] ] } },
{ "type": "Feature", "properties": { "point_id": 21, "footprint_id": 1053, "id_bangunan": "SDI-A09-009", "fungsi_bangunan": "Rumah Tinggal", "jumlah_lantai": 1, "tinggi_lantai": 4.0, "tinggi_total": 4.0, "luas_m2": 86.49, "jarak_match_m": 89.42, "metode_match": "optimal_nearest", "status_match": "PERLU_CEK" }, "geometry": { "type": "Polygon", "coordinates": [ [ [ 105.225163578457895, -5.548625818609096 ], [ 105.225127016381066, -5.548534414179564 ], [ 105.225193641693551, -5.548507764368222 ], [ 105.225230202875821, -5.548599168793712 ], [ 105.225163578457895, -5.548625818609096 ] ] ] } },
{ "type": "Feature", "properties": { "point_id": 22, "footprint_id": 1179, "id_bangunan": "SDI-A11-011", "fungsi_bangunan": "Rumah Tinggal", "jumlah_lantai": 1, "tinggi_lantai": 4.0, "tinggi_total": 4.0, "luas_m2": 104.75, "jarak_match_m": 0.0, "metode_match": "within", "status_match": "OK" }, "geometry": { "type": "Polygon", "coordinates": [ [ [ 105.226440329000098, -5.54500591499994 ], [ 105.226504113000061, -5.544922505999983 ], [ 105.226568835000108, -5.544971997999929 ], [ 105.2265050500001, -5.54505540899993 ], [ 105.226440329000098, -5.54500591499994 ] ] ] } },
{ "type": "Feature", "properties": { "point_id": 23, "footprint_id": 1178, "id_bangunan": "SDI-A12-012", "fungsi_bangunan": "Rumah Tinggal", "jumlah_lantai": 2, "tinggi_lantai": 4.0, "tinggi_total": 8.0, "luas_m2": 100.14, "jarak_match_m": 0.0, "metode_match": "within", "status_match": "OK" }, "geometry": { "type": "Polygon", "coordinates": [ [ [ 105.226107204000101, -5.544833642999944 ], [ 105.226164826000073, -5.544874800999929 ], [ 105.226097686000088, -5.54496879599997 ], [ 105.226040065000092, -5.544927637999933 ], [ 105.226107204000101, -5.544833642999944 ] ] ] } },
{ "type": "Feature", "properties": { "point_id": 24, "footprint_id": 1141, "id_bangunan": "SDI-A13-013", "fungsi_bangunan": "Rumah Tinggal", "jumlah_lantai": 1, "tinggi_lantai": 4.0, "tinggi_total": 4.0, "luas_m2": 51.4, "jarak_match_m": 0.0, "metode_match": "within", "status_match": "OK" }, "geometry": { "type": "Polygon", "coordinates": [ [ [ 105.22589123700007, -5.544756756999961 ], [ 105.225917715000065, -5.544692991999958 ], [ 105.225973871000093, -5.544716310999937 ], [ 105.225947392000108, -5.544780074999943 ], [ 105.22589123700007, -5.544756756999961 ] ] ] } },
{ "type": "Feature", "properties": { "point_id": 25, "footprint_id": 1120, "id_bangunan": "SDI-A14-014", "fungsi_bangunan": "Rumah Tinggal", "jumlah_lantai": 1, "tinggi_lantai": 4.0, "tinggi_total": 4.0, "luas_m2": 175.18, "jarak_match_m": 0.0, "metode_match": "within", "status_match": "OK" }, "geometry": { "type": "Polygon", "coordinates": [ [ [ 105.226060722000085, -5.544311045999953 ], [ 105.226146383000099, -5.544344952999957 ], [ 105.22608922200007, -5.544489359999936 ], [ 105.226003561000098, -5.544455452999948 ], [ 105.226060722000085, -5.544311045999953 ] ] ] } },
{ "type": "Feature", "properties": { "point_id": 26, "footprint_id": 1118, "id_bangunan": "SDI-A15-015", "fungsi_bangunan": "Rumah Tinggal", "jumlah_lantai": 1, "tinggi_lantai": 4.0, "tinggi_total": 4.0, "luas_m2": 151.69, "jarak_match_m": 0.0, "metode_match": "within", "status_match": "OK" }, "geometry": { "type": "Polygon", "coordinates": [ [ [ 105.225969708000065, -5.54425453299996 ], [ 105.226068574000095, -5.544287488999935 ], [ 105.2260309790001, -5.544400275999972 ], [ 105.225932112000095, -5.544367319999935 ], [ 105.225969708000065, -5.54425453299996 ] ] ] } },
{ "type": "Feature", "properties": { "point_id": 27, "footprint_id": 1140, "id_bangunan": "SDI-A16-016", "fungsi_bangunan": "Rumah Tinggal", "jumlah_lantai": 1, "tinggi_lantai": 4.0, "tinggi_total": 4.0, "luas_m2": 222.52, "jarak_match_m": 0.0, "metode_match": "within", "status_match": "OK" }, "geometry": { "type": "Polygon", "coordinates": [ [ [ 105.225859374000066, -5.54461830599996 ], [ 105.225834390000074, -5.544705528999939 ], [ 105.225815868000055, -5.544770193999972 ], [ 105.225806778000077, -5.544801928999962 ], [ 105.225762099000093, -5.544789131999948 ], [ 105.225771189000085, -5.544757396999954 ], [ 105.225721165000067, -5.544743068999934 ], [ 105.225739688000061, -5.544678402999977 ], [ 105.225745396000065, -5.544680038999958 ], [ 105.22577535700006, -5.54457544199993 ], [ 105.225795495000085, -5.544581209999937 ], [ 105.225861260000073, -5.544600050999978 ], [ 105.225856284000116, -5.544617421999937 ], [ 105.225859374000066, -5.54461830599996 ] ] ] } },
{ "type": "Feature", "properties": { "point_id": 28, "footprint_id": 1116, "id_bangunan": "SDI-A18-018", "fungsi_bangunan": "Rumah Tinggal", "jumlah_lantai": 1, "tinggi_lantai": 4.0, "tinggi_total": 4.0, "luas_m2": 99.16, "jarak_match_m": 0.0, "metode_match": "within", "status_match": "OK" }, "geometry": { "type": "Polygon", "coordinates": [ [ [ 105.225858468000098, -5.54426642999994 ], [ 105.225942939000078, -5.544286656999927 ], [ 105.225921226000111, -5.544377339999927 ], [ 105.225836755000074, -5.544357113999983 ], [ 105.225858468000098, -5.54426642999994 ] ] ] } },
{ "type": "Feature", "properties": { "point_id": 29, "footprint_id": 1123, "id_bangunan": "SDI-A19-019", "fungsi_bangunan": "Rumah Tinggal", "jumlah_lantai": 1, "tinggi_lantai": 4.0, "tinggi_total": 4.0, "luas_m2": 76.4, "jarak_match_m": 0.0, "metode_match": "within", "status_match": "OK" }, "geometry": { "type": "Polygon", "coordinates": [ [ [ 105.225734141000061, -5.544377074999946 ], [ 105.225757085000083, -5.544298207999933 ], [ 105.225830029000093, -5.544319427999936 ], [ 105.225807086000117, -5.544398295999934 ], [ 105.225734141000061, -5.544377074999946 ] ] ] } },
{ "type": "Feature", "properties": { "point_id": 30, "footprint_id": 1137, "id_bangunan": "SDI-A20-020", "fungsi_bangunan": "Rumah Tinggal", "jumlah_lantai": 1, "tinggi_lantai": 4.0, "tinggi_total": 4.0, "luas_m2": 155.76, "jarak_match_m": 0.0, "metode_match": "within", "status_match": "OK" }, "geometry": { "type": "Polygon", "coordinates": [ [ [ 105.225547464000073, -5.544521778999985 ], [ 105.22554254700006, -5.544543424999969 ], [ 105.225547940000098, -5.544544145999955 ], [ 105.225546464000075, -5.544557569999937 ], [ 105.225573639000089, -5.544561277999942 ], [ 105.225563169000083, -5.544644558999951 ], [ 105.225537356000103, -5.544640371999946 ], [ 105.225536550000101, -5.544647704999933 ], [ 105.225451333000109, -5.544632661999974 ], [ 105.225453713000064, -5.544620288999957 ], [ 105.225458949000114, -5.544532247999937 ], [ 105.225464122000091, -5.544532939999951 ], [ 105.225466563000083, -5.544516542999928 ], [ 105.225547464000073, -5.544521778999985 ] ] ] } },
{ "type": "Feature", "properties": { "point_id": 31, "footprint_id": 1127, "id_bangunan": "SDI-A21-021", "fungsi_bangunan": "Rumah Tinggal", "jumlah_lantai": 1, "tinggi_lantai": 4.0, "tinggi_total": 4.0, "luas_m2": 63.68, "jarak_match_m": 0.0, "metode_match": "within", "status_match": "OK" }, "geometry": { "type": "Polygon", "coordinates": [ [ [ 105.225373058000088, -5.544577544999916 ], [ 105.225379651000111, -5.544479749999939 ], [ 105.225432594000068, -5.544483318999933 ], [ 105.225426001000102, -5.544581114999963 ], [ 105.225373058000088, -5.544577544999916 ] ] ] } },
{ "type": "Feature", "properties": { "point_id": 32, "footprint_id": 1144, "id_bangunan": "SDI-A23-023", "fungsi_bangunan": "Rumah Tinggal", "jumlah_lantai": 1, "tinggi_lantai": 4.0, "tinggi_total": 4.0, "luas_m2": 213.06, "jarak_match_m": 2.1, "metode_match": "optimal_nearest", "status_match": "OK" }, "geometry": { "type": "Polygon", "coordinates": [ [ [ 105.225599753000068, -5.544168195999938 ], [ 105.225683481000061, -5.544195048999935 ], [ 105.22562304300007, -5.544383502999948 ], [ 105.225539315000077, -5.544356650999924 ], [ 105.225599753000068, -5.544168195999938 ] ] ] } },
{ "type": "Feature", "properties": { "point_id": 33, "footprint_id": 1105, "id_bangunan": "SDI-A24-024", "fungsi_bangunan": "Rumah Tinggal", "jumlah_lantai": 1, "tinggi_lantai": 4.0, "tinggi_total": 4.0, "luas_m2": 95.83, "jarak_match_m": 0.0, "metode_match": "within", "status_match": "OK" }, "geometry": { "type": "Polygon", "coordinates": [ [ [ 105.225487273000084, -5.544165897999958 ], [ 105.225479234000062, -5.544273607999963 ], [ 105.225406966000065, -5.544268214999928 ], [ 105.225415003000109, -5.544160504999974 ], [ 105.225487273000084, -5.544165897999958 ] ] ] } },
{ "type": "Feature", "properties": { "point_id": 34, "footprint_id": 1114, "id_bangunan": "SDI-A25-025", "fungsi_bangunan": "Rumah Tinggal", "jumlah_lantai": 1, "tinggi_lantai": 4.0, "tinggi_total": 4.0, "luas_m2": 67.05, "jarak_match_m": 0.0, "metode_match": "within", "status_match": "OK" }, "geometry": { "type": "Polygon", "coordinates": [ [ [ 105.225818493000105, -5.544123336999966 ], [ 105.225891264000069, -5.544146166999943 ], [ 105.225869770000116, -5.544214677999949 ], [ 105.225796999000096, -5.544191847999977 ], [ 105.225818493000105, -5.544123336999966 ] ] ] } },
{ "type": "Feature", "properties": { "point_id": 35, "footprint_id": 731, "id_bangunan": "SDI-C16-016", "fungsi_bangunan": "Rumah Tinggal", "jumlah_lantai": 1, "tinggi_lantai": 4.0, "tinggi_total": 4.0, "luas_m2": 240.17, "jarak_match_m": 0.0, "metode_match": "within", "status_match": "OK" }, "geometry": { "type": "Polygon", "coordinates": [ [ [ 105.235127153043862, -5.552079278320116 ], [ 105.235198537097247, -5.552184212443913 ], [ 105.235067191380679, -5.552266303676962 ], [ 105.234997235176721, -5.552157800169223 ], [ 105.235127153043862, -5.552079278320116 ] ] ] } },
{ "type": "Feature", "properties": { "point_id": 36, "footprint_id": 732, "id_bangunan": "SDI-C17-017", "fungsi_bangunan": "Rumah Tinggal", "jumlah_lantai": 1, "tinggi_lantai": 4.0, "tinggi_total": 4.0, "luas_m2": 137.2, "jarak_match_m": 14.91, "metode_match": "optimal_nearest", "status_match": "OK" }, "geometry": { "type": "Polygon", "coordinates": [ [ [ 105.234835907739367, -5.55206214536227 ], [ 105.234908005419314, -5.552010749510301 ], [ 105.234938700372496, -5.552060717700131 ], [ 105.23494441082812, -5.552057863104035 ], [ 105.234969395314167, -5.552087843758005 ], [ 105.234964398695396, -5.55209212739991 ], [ 105.234980102697335, -5.552115683379221 ], [ 105.234913002142221, -5.552166366207824 ], [ 105.234835907739367, -5.55206214536227 ] ] ] } },
{ "type": "Feature", "properties": { "point_id": 37, "footprint_id": 718, "id_bangunan": "SDI-C18-018", "fungsi_bangunan": "Rumah Tinggal", "jumlah_lantai": 1, "tinggi_lantai": 4.0, "tinggi_total": 4.0, "luas_m2": 272.69, "jarak_match_m": 0.0, "metode_match": "within", "status_match": "OK" }, "geometry": { "type": "Polygon", "coordinates": [ [ [ 105.235233277439335, -5.551850492743667 ], [ 105.23532310175618, -5.551800523640671 ], [ 105.235392700894778, -5.551914738237338 ], [ 105.235180929287523, -5.552040849579582 ], [ 105.235152375778426, -5.55199504460356 ], [ 105.235247553773021, -5.551934964042493 ], [ 105.23524279483533, -5.551928419970208 ], [ 105.235268374126704, -5.551912358782805 ], [ 105.235233277439335, -5.551850492743667 ] ] ] } },
{ "type": "Feature", "properties": { "point_id": 38, "footprint_id": 722, "id_bangunan": "SDI-C19-019", "fungsi_bangunan": "Rumah Tinggal", "jumlah_lantai": 1, "tinggi_lantai": 4.0, "tinggi_total": 4.0, "luas_m2": 214.39, "jarak_match_m": 3.86, "metode_match": "optimal_nearest", "status_match": "OK" }, "geometry": { "type": "Polygon", "coordinates": [ [ [ 105.235459325843308, -5.551539377968742 ], [ 105.235531899381442, -5.551517963394148 ], [ 105.235525951027014, -5.551492383483777 ], [ 105.235609827439887, -5.551472752867088 ], [ 105.235628863000997, -5.551539378258759 ], [ 105.23562588873979, -5.551541162487416 ], [ 105.235633026892671, -5.551568526774571 ], [ 105.235606852464954, -5.551575070509426 ], [ 105.235613991435997, -5.551597674587169 ], [ 105.235506320633831, -5.551628608196586 ], [ 105.23550453556858, -5.551623848698478 ], [ 105.235480741543711, -5.551629202784089 ], [ 105.235459325843308, -5.551539377968742 ] ] ] } },
{ "type": "Feature", "properties": { "point_id": 39, "footprint_id": 721, "id_bangunan": "SDI-C20-020", "fungsi_bangunan": "Rumah Tinggal", "jumlah_lantai": 1, "tinggi_lantai": 4.0, "tinggi_total": 4.0, "luas_m2": 154.01, "jarak_match_m": 0.0, "metode_match": "within", "status_match": "OK" }, "geometry": { "type": "Polygon", "coordinates": [ [ [ 105.235450998166868, -5.551681550700951 ], [ 105.235557478716416, -5.551647644027768 ], [ 105.23555450506565, -5.551632772046433 ], [ 105.235603878206462, -5.551615520809118 ], [ 105.235630646947172, -5.551698207693314 ], [ 105.235486094671074, -5.551745201579372 ], [ 105.235483121104451, -5.551735088902329 ], [ 105.235465275210402, -5.551740442427046 ], [ 105.235450998166868, -5.551681550700951 ] ] ] } },
{ "type": "Feature", "properties": { "point_id": 40, "footprint_id": 1112, "id_bangunan": "SDI-A26-026", "fungsi_bangunan": "Rumah Tinggal", "jumlah_lantai": 1, "tinggi_lantai": 4.0, "tinggi_total": 4.0, "luas_m2": 91.74, "jarak_match_m": 0.0, "metode_match": "within", "status_match": "OK" }, "geometry": { "type": "Polygon", "coordinates": [ [ [ 105.225741411000087, -5.544014668999983 ], [ 105.225810946000109, -5.544031409999948 ], [ 105.225786425000109, -5.544133264999979 ], [ 105.225716890000086, -5.544116524999945 ], [ 105.225741411000087, -5.544014668999983 ] ] ] } },
{ "type": "Feature", "properties": { "point_id": 41, "footprint_id": 720, "id_bangunan": "SDI-C21-021", "fungsi_bangunan": "Rumah Tinggal", "jumlah_lantai": 1, "tinggi_lantai": 4.0, "tinggi_total": 4.0, "luas_m2": 154.45, "jarak_match_m": 4.21, "metode_match": "optimal_nearest", "status_match": "OK" }, "geometry": { "type": "Polygon", "coordinates": [ [ [ 105.235478361482308, -5.551754124398718 ], [ 105.2356592012882, -5.551700586365327 ], [ 105.235678831798396, -5.551751150560233 ], [ 105.235665149295301, -5.551757098587809 ], [ 105.235666338895385, -5.551760667818137 ], [ 105.23561161146381, -5.551777324133749 ], [ 105.235615776118422, -5.551785652387554 ], [ 105.235497397511338, -5.55182193939404 ], [ 105.235478361482308, -5.551754124398718 ] ] ] } },
{ "type": "Feature", "properties": { "point_id": 42, "footprint_id": 734, "id_bangunan": "SDI-C22-022", "fungsi_bangunan": "Rumah Tinggal", "jumlah_lantai": 1, "tinggi_lantai": 4.0, "tinggi_total": 4.0, "luas_m2": 89.63, "jarak_match_m": 7.71, "metode_match": "optimal_nearest", "status_match": "OK" }, "geometry": { "type": "Polygon", "coordinates": [ [ [ 105.234856608783673, -5.551936509943328 ], [ 105.234945838145379, -5.551875120067206 ], [ 105.234984385959919, -5.5519265162721 ], [ 105.2349444107561, -5.551955069899722 ], [ 105.234951549283451, -5.551962922040993 ], [ 105.234932275233831, -5.551977913235119 ], [ 105.234924423097624, -5.551971487992674 ], [ 105.234895869866193, -5.551987906775262 ], [ 105.234856608783673, -5.551936509943328 ] ] ] } },
{ "type": "Feature", "properties": { "point_id": 43, "footprint_id": 1111, "id_bangunan": "SDI-A27-027", "fungsi_bangunan": "Rumah Tinggal", "jumlah_lantai": 1, "tinggi_lantai": 4.0, "tinggi_total": 4.0, "luas_m2": 159.15, "jarak_match_m": 0.0, "metode_match": "within", "status_match": "OK" }, "geometry": { "type": "Polygon", "coordinates": [ [ [ 105.225677510000111, -5.543906035999948 ], [ 105.225771104000074, -5.543947263999931 ], [ 105.225719865000116, -5.544063581999976 ], [ 105.225626271000095, -5.544022351999955 ], [ 105.225677510000111, -5.543906035999948 ] ] ] } },
{ "type": "Feature", "properties": { "point_id": 44, "footprint_id": 717, "id_bangunan": "SDI-C23-023", "fungsi_bangunan": "Rumah Tinggal", "jumlah_lantai": 1, "tinggi_lantai": 4.0, "tinggi_total": 4.0, "luas_m2": 183.18, "jarak_match_m": 1.7, "metode_match": "optimal_nearest", "status_match": "OK" }, "geometry": { "type": "Polygon", "coordinates": [ [ [ 105.235045299961712, -5.551868933502409 ], [ 105.2350649302563, -5.551855252080122 ], [ 105.235057196937873, -5.551843354631965 ], [ 105.235132149985787, -5.551791005938634 ], [ 105.235137504151126, -5.551798145027487 ], [ 105.235142263161649, -5.551795764838821 ], [ 105.235148211378444, -5.551800524491177 ], [ 105.235174980574911, -5.5517797035297 ], [ 105.235195205989683, -5.551800523886063 ], [ 105.235169031787208, -5.551821344611722 ], [ 105.235201749972163, -5.551864174382516 ], [ 105.235140478415502, -5.551917117417469 ], [ 105.235157729097864, -5.551938532401381 ], [ 105.235126201864304, -5.551966491046006 ], [ 105.235045299961712, -5.551868933502409 ] ] ] } },
{ "type": "Feature", "properties": { "point_id": 45, "footprint_id": 716, "id_bangunan": "SDI-C24-024", "fungsi_bangunan": "Rumah Tinggal", "jumlah_lantai": 1, "tinggi_lantai": 4.0, "tinggi_total": 4.0, "luas_m2": 244.39, "jarak_match_m": 1.69, "metode_match": "optimal_nearest", "status_match": "OK" }, "geometry": { "type": "Polygon", "coordinates": [ [ [ 105.235032212719943, -5.551606597971575 ], [ 105.235113709576339, -5.551556034245672 ], [ 105.235221379693797, -5.551723786530097 ], [ 105.235135124601129, -5.551783272807381 ], [ 105.235100622813718, -5.551727950679749 ], [ 105.235120253298092, -5.551712484403364 ], [ 105.235088129922431, -5.551657756580904 ], [ 105.235057197339273, -5.551677982132481 ], [ 105.235031617729476, -5.551633961723341 ], [ 105.235026264313646, -5.55163098759023 ], [ 105.235017341167406, -5.551614925657223 ], [ 105.235032212719943, -5.551606597971575 ] ] ] } },
{ "type": "Feature", "properties": { "point_id": 46, "footprint_id": 1109, "id_bangunan": "SDI-A28-028", "fungsi_bangunan": "Rumah Tinggal", "jumlah_lantai": 1, "tinggi_lantai": 4.0, "tinggi_total": 4.0, "luas_m2": 36.15, "jarak_match_m": 3.43, "metode_match": "optimal_nearest", "status_match": "OK" }, "geometry": { "type": "Polygon", "coordinates": [ [ [ 105.22561695300007, -5.543829204999954 ], [ 105.225686513000113, -5.543861036999946 ], [ 105.225670452000116, -5.543896133999969 ], [ 105.225600892000074, -5.543864301999977 ], [ 105.22561695300007, -5.543829204999954 ] ] ] } },
{ "type": "Feature", "properties": { "point_id": 47, "footprint_id": 1108, "id_bangunan": "SDI-A29-029", "fungsi_bangunan": "Rumah Tinggal", "jumlah_lantai": 1, "tinggi_lantai": 4.0, "tinggi_total": 4.0, "luas_m2": 137.64, "jarak_match_m": 0.0, "metode_match": "within", "status_match": "OK" }, "geometry": { "type": "Polygon", "coordinates": [ [ [ 105.225462288000102, -5.543867275999958 ], [ 105.225505776000062, -5.543761660999967 ], [ 105.225596791000072, -5.543799137999935 ], [ 105.225553302000066, -5.543904751999941 ], [ 105.225462288000102, -5.543867275999958 ] ] ] } },
{ "type": "Feature", "properties": { "point_id": 48, "footprint_id": 1104, "id_bangunan": "SDI-A30-030", "fungsi_bangunan": "Rumah Tinggal", "jumlah_lantai": 1, "tinggi_lantai": 4.0, "tinggi_total": 4.0, "luas_m2": 25.58, "jarak_match_m": 5.8, "metode_match": "optimal_nearest", "status_match": "OK" }, "geometry": { "type": "Polygon", "coordinates": [ [ [ 105.225428381000114, -5.544121283999978 ], [ 105.225481323000082, -5.544124852999974 ], [ 105.225478675000062, -5.544164135999941 ], [ 105.225425732000105, -5.544160566999948 ], [ 105.225428381000114, -5.544121283999978 ] ] ] } },
{ "type": "Feature", "properties": { "point_id": 49, "footprint_id": 735, "id_bangunan": "SDI-C26-026", "fungsi_bangunan": "Rumah Tinggal", "jumlah_lantai": 1, "tinggi_lantai": 4.0, "tinggi_total": 4.0, "luas_m2": 158.99, "jarak_match_m": 0.5, "metode_match": "optimal_nearest", "status_match": "OK" }, "geometry": { "type": "Polygon", "coordinates": [ [ [ 105.234724548844596, -5.55185870194715 ], [ 105.234768093060509, -5.551832290005964 ], [ 105.234750247118072, -5.551810160581619 ], [ 105.234803071011612, -5.551774468785824 ], [ 105.234818061728092, -5.551798025958302 ], [ 105.234837335154694, -5.551783748528222 ], [ 105.23487873745006, -5.551838714216144 ], [ 105.234820203384103, -5.551877975278174 ], [ 105.234836621321421, -5.5518986768428 ], [ 105.234774517563153, -5.551938652174275 ], [ 105.234724548844596, -5.55185870194715 ] ] ] } },
{ "type": "Feature", "properties": { "point_id": 50, "footprint_id": 712, "id_bangunan": "SDI-C27-027", "fungsi_bangunan": "Rumah Tinggal", "jumlah_lantai": 1, "tinggi_lantai": 4.0, "tinggi_total": 4.0, "luas_m2": 140.52, "jarak_match_m": 3.59, "metode_match": "optimal_nearest", "status_match": "OK" }, "geometry": { "type": "Polygon", "coordinates": [ [ [ 105.234965096916838, -5.551500047344571 ], [ 105.235036956576408, -5.551451982454019 ], [ 105.23508026279336, -5.551520034781479 ], [ 105.23506075117109, -5.551532408048998 ], [ 105.235064557767075, -5.551537166744733 ], [ 105.234952247967897, -5.551611406255027 ], [ 105.234937495366836, -5.551589515335898 ], [ 105.234948916566623, -5.551579996709713 ], [ 105.234927501463531, -5.551546208819231 ], [ 105.234975090765914, -5.551518130720711 ], [ 105.234965096916838, -5.551500047344571 ] ] ] } },
{ "type": "Feature", "properties": { "point_id": 51, "footprint_id": 1132, "id_bangunan": "SDI-A31-031", "fungsi_bangunan": "Rumah Tinggal", "jumlah_lantai": 1, "tinggi_lantai": 4.0, "tinggi_total": 4.0, "luas_m2": 92.99, "jarak_match_m": 0.0, "metode_match": "within", "status_match": "OK" }, "geometry": { "type": "Polygon", "coordinates": [ [ [ 105.225274303000077, -5.54461886099994 ], [ 105.2253331470001, -5.544606638999937 ], [ 105.225358845000102, -5.544730370999959 ], [ 105.225300001000079, -5.544742592999974 ], [ 105.225274303000077, -5.54461886099994 ] ] ] } },
{ "type": "Feature", "properties": { "point_id": 52, "footprint_id": 709, "id_bangunan": "SDI-C29-029", "fungsi_bangunan": "Rumah Tinggal", "jumlah_lantai": 1, "tinggi_lantai": 4.0, "tinggi_total": 4.0, "luas_m2": 90.89, "jarak_match_m": 6.33, "metode_match": "optimal_nearest", "status_match": "OK" }, "geometry": { "type": "Polygon", "coordinates": [ [ [ 105.235235879283564, -5.551052708828201 ], [ 105.2352839448195, -5.551105532367304 ], [ 105.235207325715905, -5.551179772190147 ], [ 105.235161640382486, -5.551129802738192 ], [ 105.235235879283564, -5.551052708828201 ] ] ] } },
{ "type": "Feature", "properties": { "point_id": 53, "footprint_id": 1128, "id_bangunan": "SDI-A32-032", "fungsi_bangunan": "Rumah Tinggal", "jumlah_lantai": 1, "tinggi_lantai": 4.0, "tinggi_total": 4.0, "luas_m2": 200.93, "jarak_match_m": 0.0, "metode_match": "within", "status_match": "OK" }, "geometry": { "type": "Polygon", "coordinates": [ [ [ 105.225165323000084, -5.544560325999956 ], [ 105.225241790000069, -5.544428856999957 ], [ 105.225335064000063, -5.544483108999941 ], [ 105.225258598000067, -5.544614577999936 ], [ 105.225165323000084, -5.544560325999956 ] ] ] } },
{ "type": "Feature", "properties": { "point_id": 54, "footprint_id": 1129, "id_bangunan": "SDI-A33-033", "fungsi_bangunan": "Rumah Tinggal", "jumlah_lantai": 1, "tinggi_lantai": 4.0, "tinggi_total": 4.0, "luas_m2": 201.37, "jarak_match_m": 0.0, "metode_match": "within", "status_match": "OK" }, "geometry": { "type": "Polygon", "coordinates": [ [ [ 105.225054916000062, -5.544390907999966 ], [ 105.225119638000109, -5.544311909999985 ], [ 105.225244217000096, -5.544413975999928 ], [ 105.225179496000081, -5.544492973999975 ], [ 105.225054916000062, -5.544390907999966 ] ] ] } },
{ "type": "Feature", "properties": { "point_id": 55, "footprint_id": 572, "id_bangunan": "SDI-B05-005", "fungsi_bangunan": "Rumah Tinggal", "jumlah_lantai": 1, "tinggi_lantai": 4.0, "tinggi_total": 4.0, "luas_m2": 420.26, "jarak_match_m": 0.0, "metode_match": "within", "status_match": "OK" }, "geometry": { "type": "Polygon", "coordinates": [ [ [ 105.229465191276887, -5.549131562014457 ], [ 105.229405943466716, -5.549022701715915 ], [ 105.22947197310711, -5.548992363445405 ], [ 105.229473400470241, -5.548994505077297 ], [ 105.229493388591891, -5.548983797247684 ], [ 105.229575955116928, -5.54893924157019 ], [ 105.229620808709385, -5.548915625736514 ], [ 105.229625447922118, -5.548920979399529 ], [ 105.229631158875563, -5.548912413866868 ], [ 105.229702900179944, -5.549038763202964 ], [ 105.229697546423452, -5.549044117128255 ], [ 105.229528009316439, -5.549112645149524 ], [ 105.229525510734291, -5.5491094328407 ], [ 105.229495529912668, -5.549120854691401 ], [ 105.229493744949409, -5.549116214584752 ], [ 105.229465191276887, -5.549131562014457 ] ] ] } },
{ "type": "Feature", "properties": { "point_id": 56, "footprint_id": 1097, "id_bangunan": "SDI-A01-035", "fungsi_bangunan": "Rumah Tinggal", "jumlah_lantai": 1, "tinggi_lantai": 4.0, "tinggi_total": 4.0, "luas_m2": 106.07, "jarak_match_m": 0.0, "metode_match": "within", "status_match": "OK" }, "geometry": { "type": "Polygon", "coordinates": [ [ [ 105.225283828000059, -5.544207538999952 ], [ 105.225298398000092, -5.544097880999963 ], [ 105.225376032000071, -5.544108195999961 ], [ 105.225361463000098, -5.544217853999946 ], [ 105.225283828000059, -5.544207538999952 ] ] ] } },
{ "type": "Feature", "properties": { "point_id": 57, "footprint_id": 1100, "id_bangunan": "SDI-A37-037", "fungsi_bangunan": "Rumah Tinggal", "jumlah_lantai": 1, "tinggi_lantai": 4.0, "tinggi_total": 4.0, "luas_m2": 184.93, "jarak_match_m": 3.02, "metode_match": "optimal_nearest", "status_match": "OK" }, "geometry": { "type": "Polygon", "coordinates": [ [ [ 105.225374655000081, -5.543941671999963 ], [ 105.22537214400009, -5.54397612999997 ], [ 105.225305244000111, -5.543968402999946 ], [ 105.225302027000083, -5.543967950999956 ], [ 105.225298073000062, -5.544018367999969 ], [ 105.225207091000101, -5.544011233999925 ], [ 105.225215084000098, -5.543909297999965 ], [ 105.225208569000102, -5.543903124999926 ], [ 105.225207618000098, -5.543882661999938 ], [ 105.22521541800009, -5.543872629999948 ], [ 105.225231153000067, -5.543877295999941 ], [ 105.225308102000071, -5.543901091999943 ], [ 105.225306066000115, -5.543916432999931 ], [ 105.225342771000072, -5.543920256999963 ], [ 105.225344198000087, -5.543935009999934 ], [ 105.225374655000081, -5.543941671999963 ] ] ] } },
{ "type": "Feature", "properties": { "point_id": 58, "footprint_id": 1096, "id_bangunan": "SDI-A39-039", "fungsi_bangunan": "Rumah Tinggal", "jumlah_lantai": 1, "tinggi_lantai": 4.0, "tinggi_total": 4.0, "luas_m2": 282.79, "jarak_match_m": 2.27, "metode_match": "optimal_nearest", "status_match": "OK" }, "geometry": { "type": "MultiPolygon", "coordinates": [ [ [ [ 105.225601486000102, -5.544129016999922 ], [ 105.225594303000065, -5.544147954999964 ], [ 105.225565318000093, -5.544255480999926 ], [ 105.225495600000073, -5.544236687999963 ], [ 105.225524586000091, -5.544129159999962 ], [ 105.225525892000093, -5.544129511999926 ], [ 105.225522809000068, -5.544128342999958 ], [ 105.225532482000091, -5.544102842999957 ], [ 105.225601486000102, -5.544129016999922 ] ] ], [ [ [ 105.225188055000075, -5.544035622999965 ], [ 105.225164645000092, -5.544129261999955 ], [ 105.225100400000116, -5.544113200999966 ], [ 105.22512380900011, -5.544019561999954 ], [ 105.225188055000075, -5.544035622999965 ] ] ], [ [ [ 105.225188055000075, -5.544035622999965 ], [ 105.225124465000107, -5.544018080999925 ], [ 105.225085648000089, -5.544010485999928 ], [ 105.225101414000079, -5.543929903999975 ], [ 105.225140232000086, -5.543937497999935 ], [ 105.225134803000088, -5.543965239999969 ], [ 105.225202332000066, -5.543983869999979 ], [ 105.225188055000075, -5.544035622999965 ] ] ] ] } },
{ "type": "Feature", "properties": { "point_id": 59, "footprint_id": 1167, "id_bangunan": "SDI-A41-041", "fungsi_bangunan": "Rumah Tinggal", "jumlah_lantai": 1, "tinggi_lantai": 4.0, "tinggi_total": 4.0, "luas_m2": 114.34, "jarak_match_m": 0.0, "metode_match": "within", "status_match": "OK" }, "geometry": { "type": "Polygon", "coordinates": [ [ [ 105.224860136000103, -5.544137392999978 ], [ 105.224846701000075, -5.544232085999958 ], [ 105.224783043000087, -5.544223052999938 ], [ 105.224785383000068, -5.544206561999948 ], [ 105.224738785000085, -5.544202589999937 ], [ 105.224744357000105, -5.544137207999941 ], [ 105.224794615000093, -5.544141490999952 ], [ 105.224796478000115, -5.544128360999941 ], [ 105.224860136000103, -5.544137392999978 ] ] ] } },
{ "type": "Feature", "properties": { "point_id": 60, "footprint_id": 740, "id_bangunan": "SDI-C30-030", "fungsi_bangunan": "Rumah Tinggal", "jumlah_lantai": 1, "tinggi_lantai": 4.0, "tinggi_total": 4.0, "luas_m2": 62.68, "jarak_match_m": 11.0, "metode_match": "optimal_nearest", "status_match": "OK" }, "geometry": { "type": "Polygon", "coordinates": [ [ [ 105.234521104934075, -5.551543184965003 ], [ 105.234568932205477, -5.551614569132297 ], [ 105.234521104365569, -5.551644550653954 ], [ 105.234511824512651, -5.551625990241774 ], [ 105.234500403041565, -5.55163027371486 ], [ 105.23447327709718, -5.551573166482722 ], [ 105.234521104934075, -5.551543184965003 ] ] ] } },
{ "type": "Feature", "properties": { "point_id": 61, "footprint_id": 1090, "id_bangunan": "SDI-A42-042", "fungsi_bangunan": "Rumah Tinggal", "jumlah_lantai": 1, "tinggi_lantai": 4.0, "tinggi_total": 4.0, "luas_m2": 19.34, "jarak_match_m": 0.15, "metode_match": "optimal_nearest", "status_match": "OK" }, "geometry": { "type": "Polygon", "coordinates": [ [ [ 105.224900130000066, -5.54401580899998 ], [ 105.224926260000103, -5.544023966999924 ], [ 105.224909063000069, -5.544079047999958 ], [ 105.224882932000099, -5.544070888999949 ], [ 105.224900130000066, -5.54401580899998 ] ] ] } },
{ "type": "Feature", "properties": { "point_id": 62, "footprint_id": 736, "id_bangunan": "SDI-C32-032", "fungsi_bangunan": "Rumah Tinggal", "jumlah_lantai": 1, "tinggi_lantai": 4.0, "tinggi_total": 4.0, "luas_m2": 157.1, "jarak_match_m": 4.61, "metode_match": "optimal_nearest", "status_match": "OK" }, "geometry": { "type": "Polygon", "coordinates": [ [ [ 105.234442582899277, -5.551451814116579 ], [ 105.23450896941354, -5.551417549915897 ], [ 105.234519676874982, -5.551441106082446 ], [ 105.234577497650278, -5.551413266399259 ], [ 105.234587491956859, -5.551432540287118 ], [ 105.234604624100797, -5.551428257259955 ], [ 105.234629607979713, -5.55146823238108 ], [ 105.234482557461646, -5.551538188558314 ], [ 105.234442582899277, -5.551451814116579 ] ] ] } },
{ "type": "Feature", "properties": { "point_id": 63, "footprint_id": 1164, "id_bangunan": "SDI-A43-043", "fungsi_bangunan": "Rumah Tinggal", "jumlah_lantai": 1, "tinggi_lantai": 4.0, "tinggi_total": 4.0, "luas_m2": 306.65, "jarak_match_m": 0.0, "metode_match": "within", "status_match": "OK" }, "geometry": { "type": "Polygon", "coordinates": [ [ [ 105.224699285000071, -5.544265883999963 ], [ 105.224513770000073, -5.544283044999922 ], [ 105.22451253300008, -5.544269664999938 ], [ 105.224451085000084, -5.54427534999996 ], [ 105.224443870000101, -5.544197355999922 ], [ 105.224505316000062, -5.544191669999984 ], [ 105.224503776000091, -5.544175017999978 ], [ 105.224689292000079, -5.544157855999964 ], [ 105.224699285000071, -5.544265883999963 ] ] ] } },
{ "type": "Feature", "properties": { "point_id": 64, "footprint_id": 1091, "id_bangunan": "Blok A (SDI-A01-044)", "fungsi_bangunan": "Rumah Tinggal", "jumlah_lantai": 1, "tinggi_lantai": 4.0, "tinggi_total": 4.0, "luas_m2": 72.32, "jarak_match_m": 18.99, "metode_match": "optimal_nearest", "status_match": "PERLU_CEK" }, "geometry": { "type": "MultiPolygon", "coordinates": [ [ [ [ 105.22475471900006, -5.54403660399992 ], [ 105.224800394000084, -5.544050426999951 ], [ 105.224792056000098, -5.544077979999948 ], [ 105.224746380000084, -5.544064157999971 ], [ 105.22475471900006, -5.54403660399992 ] ] ], [ [ [ 105.22475471900006, -5.54403660399992 ], [ 105.22473592500009, -5.544031196999983 ], [ 105.224751424000061, -5.543977325999943 ], [ 105.224829142000061, -5.543999687999933 ], [ 105.2248136420001, -5.54405355799997 ], [ 105.22475471900006, -5.54403660399992 ] ] ] ] } },
{ "type": "Feature", "properties": { "point_id": 65, "footprint_id": 1147, "id_bangunan": "Blok A (SDI-A01-045)", "fungsi_bangunan": "Rumah Tinggal", "jumlah_lantai": 1, "tinggi_lantai": 4.0, "tinggi_total": 4.0, "luas_m2": 108.95, "jarak_match_m": 0.0, "metode_match": "within", "status_match": "OK" }, "geometry": { "type": "Polygon", "coordinates": [ [ [ 105.224635536000079, -5.543624221999954 ], [ 105.224709299000068, -5.543577227999942 ], [ 105.224763967000086, -5.543663036999934 ], [ 105.224690204000098, -5.543710030999936 ], [ 105.224635536000079, -5.543624221999954 ] ] ] } },
{ "type": "Feature", "properties": { "point_id": 66, "footprint_id": 1148, "id_bangunan": "Blok A (SDI-A01-046)", "fungsi_bangunan": "Rumah Tinggal", "jumlah_lantai": 1, "tinggi_lantai": 4.0, "tinggi_total": 4.0, "luas_m2": 59.51, "jarak_match_m": 3.74, "metode_match": "optimal_nearest", "status_match": "OK" }, "geometry": { "type": "Polygon", "coordinates": [ [ [ 105.224605792000062, -5.543581391999959 ], [ 105.224677573000093, -5.543531542999968 ], [ 105.224709299000068, -5.543577227999942 ], [ 105.224637518000094, -5.543627076999942 ], [ 105.224605792000062, -5.543581391999959 ] ] ] } },
{ "type": "Feature", "properties": { "point_id": 67, "footprint_id": 1165, "id_bangunan": "Blok A (SDI-A01-047)", "fungsi_bangunan": "Rumah Tinggal", "jumlah_lantai": 1, "tinggi_lantai": 4.0, "tinggi_total": 4.0, "luas_m2": 116.77, "jarak_match_m": 0.5, "metode_match": "optimal_nearest", "status_match": "OK" }, "geometry": { "type": "Polygon", "coordinates": [ [ [ 105.22446562200011, -5.544094085999971 ], [ 105.22447282300007, -5.543959964999943 ], [ 105.224543731000068, -5.543963771999926 ], [ 105.224536530000108, -5.54409789399995 ], [ 105.22446562200011, -5.544094085999971 ] ] ] } },
{ "type": "Feature", "properties": { "point_id": 68, "footprint_id": 1149, "id_bangunan": "Blok A (SDI-A01-048)", "fungsi_bangunan": "Rumah Tinggal", "jumlah_lantai": 1, "tinggi_lantai": 4.0, "tinggi_total": 4.0, "luas_m2": 159.97, "jarak_match_m": 0.0, "metode_match": "within", "status_match": "OK" }, "geometry": { "type": "Polygon", "coordinates": [ [ [ 105.224519824000112, -5.543693463999936 ], [ 105.224528122000066, -5.543729842999934 ], [ 105.224528697000068, -5.543727742999976 ], [ 105.224578551000064, -5.543741381999944 ], [ 105.224581998000104, -5.543724754999966 ], [ 105.224629344000078, -5.543734569999966 ], [ 105.224623591000096, -5.543762322999955 ], [ 105.224660392000061, -5.543769951999935 ], [ 105.224644379000068, -5.543847192999969 ], [ 105.224607577000114, -5.54383956399993 ], [ 105.224560231000083, -5.543829747999951 ], [ 105.224572407000068, -5.543771014999953 ], [ 105.224526365000116, -5.543758419999961 ], [ 105.224476706000104, -5.543763420999936 ], [ 105.224470165000099, -5.543698464999983 ], [ 105.224519824000112, -5.543693463999936 ] ], [ [ 105.224524358000082, -5.543738483999965 ], [ 105.224524735000074, -5.543742226999935 ], [ 105.22452499500011, -5.543741275999936 ], [ 105.224524358000082, -5.543738483999965 ] ] ] } },
{ "type": "Feature", "properties": { "point_id": 69, "footprint_id": 1158, "id_bangunan": "Blok A (SDI-A01-049)", "fungsi_bangunan": "Rumah Tinggal", "jumlah_lantai": 1, "tinggi_lantai": 4.0, "tinggi_total": 4.0, "luas_m2": 71.35, "jarak_match_m": 1.74, "metode_match": "optimal_nearest", "status_match": "OK" }, "geometry": { "type": "Polygon", "coordinates": [ [ [ 105.22435331200009, -5.543516828999944 ], [ 105.224421364000108, -5.543504931999958 ], [ 105.22443589100007, -5.543588026999945 ], [ 105.224367839000109, -5.543599922999923 ], [ 105.22435331200009, -5.543516828999944 ] ] ] } },
{ "type": "Feature", "properties": { "point_id": 70, "footprint_id": 1157, "id_bangunan": "Blok A (SDI-A01-050)", "fungsi_bangunan": "Rumah Tinggal", "jumlah_lantai": 1, "tinggi_lantai": 4.0, "tinggi_total": 4.0, "luas_m2": 126.12, "jarak_match_m": 2.49, "metode_match": "optimal_nearest", "status_match": "OK" }, "geometry": { "type": "Polygon", "coordinates": [ [ [ 105.224313616000103, -5.543655223999953 ], [ 105.224249650000075, -5.543659881999937 ], [ 105.224248749000111, -5.543647506999939 ], [ 105.224241001000081, -5.543541099999976 ], [ 105.224329859000107, -5.543534629999951 ], [ 105.224337607000081, -5.543641036999924 ], [ 105.224312715000082, -5.543642848999985 ], [ 105.224313616000103, -5.543655223999953 ] ] ] } },
{ "type": "Feature", "properties": { "point_id": 71, "footprint_id": 1152, "id_bangunan": "Blok A (SDI-A01-051)", "fungsi_bangunan": "Rumah Tinggal", "jumlah_lantai": 1, "tinggi_lantai": 4.0, "tinggi_total": 4.0, "luas_m2": 213.51, "jarak_match_m": 0.0, "metode_match": "within", "status_match": "OK" }, "geometry": { "type": "MultiPolygon", "coordinates": [ [ [ [ 105.224340435000073, -5.543687063999923 ], [ 105.224343203000075, -5.54375983499994 ], [ 105.22427708100011, -5.543762348999965 ], [ 105.224247663000114, -5.543760961999965 ], [ 105.224250043000055, -5.543710517999954 ], [ 105.224275155000072, -5.543711701999948 ], [ 105.224274313000109, -5.543689578999925 ], [ 105.224340435000073, -5.543687063999923 ] ] ], [ [ [ 105.224366906000085, -5.543672149999967 ], [ 105.224458665000071, -5.543660294999937 ], [ 105.224472285000076, -5.543765720999943 ], [ 105.224374546000064, -5.543778346999936 ], [ 105.224360926000116, -5.543672921999935 ], [ 105.224366906000085, -5.543672149999967 ] ] ], [ [ [ 105.224366906000085, -5.543672149999967 ], [ 105.224365209000069, -5.543660548999974 ], [ 105.224429790000073, -5.543651102999948 ], [ 105.224431487000089, -5.543662703999928 ], [ 105.224366906000085, -5.543672149999967 ] ] ] ] } },
{ "type": "Feature", "properties": { "point_id": 72, "footprint_id": 1156, "id_bangunan": "Blok A (SDI-A01-052)", "fungsi_bangunan": "Rumah Tinggal", "jumlah_lantai": 1, "tinggi_lantai": 4.0, "tinggi_total": 4.0, "luas_m2": 115.16, "jarak_match_m": 2.2, "metode_match": "optimal_nearest", "status_match": "OK" }, "geometry": { "type": "Polygon", "coordinates": [ [ [ 105.224162955000082, -5.543552997999933 ], [ 105.224234814000084, -5.543554424999959 ], [ 105.224232215000114, -5.543685271999951 ], [ 105.224160355000066, -5.543683843999926 ], [ 105.224162955000082, -5.543552997999933 ] ] ] } },
{ "type": "Feature", "properties": { "point_id": 73, "footprint_id": 1150, "id_bangunan": "Blok A (SDI-A01-053)", "fungsi_bangunan": "Rumah Tinggal", "jumlah_lantai": 1, "tinggi_lantai": 4.0, "tinggi_total": 4.0, "luas_m2": 59.98, "jarak_match_m": 0.0, "metode_match": "within", "status_match": "OK" }, "geometry": { "type": "Polygon", "coordinates": [ [ [ 105.224159742000069, -5.543853641999926 ], [ 105.224167290000111, -5.543778849999966 ], [ 105.224232131000093, -5.543785393999935 ], [ 105.224224583000108, -5.543860184999967 ], [ 105.224159742000069, -5.543853641999926 ] ] ] } },
{ "type": "Feature", "properties": { "point_id": 74, "footprint_id": 1155, "id_bangunan": "Blok A (SDI-A01-054)", "fungsi_bangunan": "Rumah Tinggal", "jumlah_lantai": 1, "tinggi_lantai": 4.0, "tinggi_total": 4.0, "luas_m2": 171.98, "jarak_match_m": 0.0, "metode_match": "within", "status_match": "OK" }, "geometry": { "type": "Polygon", "coordinates": [ [ [ 105.224155817000081, -5.543616290999984 ], [ 105.224146118000107, -5.543761774999954 ], [ 105.224114121000099, -5.543759641999937 ], [ 105.224113344000074, -5.543771296999979 ], [ 105.22407187200011, -5.543768531999941 ], [ 105.224072649000078, -5.543756876999971 ], [ 105.224053318000102, -5.543755587999959 ], [ 105.224063017000077, -5.543610104999977 ], [ 105.224155817000081, -5.543616290999984 ] ] ] } },
{ "type": "Feature", "properties": { "point_id": 75, "footprint_id": 1154, "id_bangunan": "Blok A (SDI-A01-055)", "fungsi_bangunan": "Rumah Tinggal", "jumlah_lantai": 1, "tinggi_lantai": 4.0, "tinggi_total": 4.0, "luas_m2": 90.19, "jarak_match_m": 0.08, "metode_match": "optimal_nearest", "status_match": "OK" }, "geometry": { "type": "Polygon", "coordinates": [ [ [ 105.223923105000068, -5.543705758999982 ], [ 105.223992585000104, -5.543747161999931 ], [ 105.22394596400008, -5.54382539999994 ], [ 105.223876483000112, -5.543783996999927 ], [ 105.223923105000068, -5.543705758999982 ] ] ] } },
{ "type": "Feature", "properties": { "point_id": 76, "footprint_id": 1159, "id_bangunan": "Blok A (SDI-A01-056)", "fungsi_bangunan": "Rumah Tinggal", "jumlah_lantai": 1, "tinggi_lantai": 4.0, "tinggi_total": 4.0, "luas_m2": 76.0, "jarak_match_m": 0.0, "metode_match": "within", "status_match": "OK" }, "geometry": { "type": "Polygon", "coordinates": [ [ [ 105.22378414500011, -5.543659120999969 ], [ 105.223892602000063, -5.543683676999941 ], [ 105.223880274000095, -5.543738119999952 ], [ 105.223771818000074, -5.543713562999928 ], [ 105.22378414500011, -5.543659120999969 ] ] ] } },
{ "type": "Feature", "properties": { "point_id": 77, "footprint_id": 1160, "id_bangunan": "Blok A (SDI-A01-057)", "fungsi_bangunan": "Rumah Tinggal", "jumlah_lantai": 1, "tinggi_lantai": 4.0, "tinggi_total": 4.0, "luas_m2": 95.79, "jarak_match_m": 0.0, "metode_match": "within", "status_match": "OK" }, "geometry": { "type": "Polygon", "coordinates": [ [ [ 105.223889317000072, -5.54359915899994 ], [ 105.223888932000108, -5.543634432999969 ], [ 105.22375273500009, -5.543632946999936 ], [ 105.223753120000111, -5.543597672999973 ], [ 105.223753404000064, -5.543571698999925 ], [ 105.223869610000094, -5.543572966999935 ], [ 105.223869326000084, -5.543598939999977 ], [ 105.223889317000072, -5.54359915899994 ] ] ] } },
{ "type": "Feature", "properties": { "point_id": 78, "footprint_id": 1161, "id_bangunan": "Blok A (SDI-A01-058)", "fungsi_bangunan": "Rumah Tinggal", "jumlah_lantai": 1, "tinggi_lantai": 4.0, "tinggi_total": 4.0, "luas_m2": 132.13, "jarak_match_m": 0.0, "metode_match": "within", "status_match": "OK" }, "geometry": { "type": "Polygon", "coordinates": [ [ [ 105.223857908000099, -5.543555851999941 ], [ 105.223777958000113, -5.543559182999956 ], [ 105.223774044000066, -5.543465238999935 ], [ 105.223853994000109, -5.543461907999933 ], [ 105.223900728000075, -5.543459959999957 ], [ 105.223903637000063, -5.543529775999953 ], [ 105.223856903000097, -5.543531722999941 ], [ 105.223857908000099, -5.543555851999941 ] ] ] } },
{ "type": "Feature", "properties": { "point_id": 79, "footprint_id": 1162, "id_bangunan": "Blok A (SDI-A01-059)", "fungsi_bangunan": "Rumah Tinggal", "jumlah_lantai": 1, "tinggi_lantai": 4.0, "tinggi_total": 4.0, "luas_m2": 48.24, "jarak_match_m": 0.0, "metode_match": "within", "status_match": "OK" }, "geometry": { "type": "Polygon", "coordinates": [ [ [ 105.223664219000085, -5.54351254599994 ], [ 105.223732782000098, -5.54352300499994 ], [ 105.223724216000079, -5.543579159999984 ], [ 105.223655653000066, -5.543568700999971 ], [ 105.223664219000085, -5.54351254599994 ] ] ] } },
{ "type": "Feature", "properties": { "point_id": 80, "footprint_id": 1151, "id_bangunan": "Blok A (SDI-A01-060)", "fungsi_bangunan": "Rumah Tinggal", "jumlah_lantai": 1, "tinggi_lantai": 4.0, "tinggi_total": 4.0, "luas_m2": 126.99, "jarak_match_m": 2.0, "metode_match": "optimal_nearest", "status_match": "OK" }, "geometry": { "type": "Polygon", "coordinates": [ [ [ 105.224345221000107, -5.543789514999957 ], [ 105.224331896000109, -5.543888025999925 ], [ 105.224221489000087, -5.543873272999968 ], [ 105.224220416000065, -5.543859763999931 ], [ 105.224224583000108, -5.543860184999967 ], [ 105.224229953000105, -5.543806968999954 ], [ 105.224244388000074, -5.543808744999974 ], [ 105.224248972000083, -5.543778688999971 ], [ 105.224319166000072, -5.543789396999961 ], [ 105.224345221000107, -5.543789514999957 ] ] ] } },
{ "type": "Feature", "properties": { "point_id": 81, "footprint_id": 1153, "id_bangunan": "Blok A (SDI-A01-061)", "fungsi_bangunan": "Rumah Tinggal", "jumlah_lantai": 1, "tinggi_lantai": 4.0, "tinggi_total": 4.0, "luas_m2": 178.07, "jarak_match_m": 4.6, "metode_match": "optimal_nearest", "status_match": "OK" }, "geometry": { "type": "Polygon", "coordinates": [ [ [ 105.224510509000112, -5.543792443999961 ], [ 105.224509404000088, -5.543873271999922 ], [ 105.224437117000065, -5.543872284999966 ], [ 105.224437541000071, -5.543882634999935 ], [ 105.224356163000067, -5.543885965999942 ], [ 105.224351884000072, -5.543781424999965 ], [ 105.224433261000087, -5.543778093999954 ], [ 105.224433806000064, -5.543791396999944 ], [ 105.224510509000112, -5.543792443999961 ] ] ] } },
{ "type": "Feature", "properties": { "point_id": 82, "footprint_id": 1166, "id_bangunan": "Blok A (SDI-A01-062)", "fungsi_bangunan": "Rumah Tinggal", "jumlah_lantai": 1, "tinggi_lantai": 4.0, "tinggi_total": 4.0, "luas_m2": 13.96, "jarak_match_m": 22.82, "metode_match": "optimal_nearest", "status_match": "PERLU_CEK" }, "geometry": { "type": "Polygon", "coordinates": [ [ [ 105.224653124000071, -5.543964643999971 ], [ 105.224685311000115, -5.543955607999973 ], [ 105.224694527000082, -5.543988438999976 ], [ 105.224662339000105, -5.543997473999989 ], [ 105.224653124000071, -5.543964643999971 ] ] ] } },
{ "type": "Feature", "properties": { "point_id": 83, "footprint_id": 990, "id_bangunan": "SDI-B01-001", "fungsi_bangunan": "Rumah Tinggal", "jumlah_lantai": 1, "tinggi_lantai": 4.0, "tinggi_total": 4.0, "luas_m2": 127.27, "jarak_match_m": 0.0, "metode_match": "within", "status_match": "OK" }, "geometry": { "type": "Polygon", "coordinates": [ [ [ 105.232969300301576, -5.550688263444211 ], [ 105.232992433631807, -5.550713365296534 ], [ 105.232979216742422, -5.55072554423208 ], [ 105.232993764675285, -5.550746095514966 ], [ 105.23291910067357, -5.55079895042529 ], [ 105.232929257158929, -5.550812924000568 ], [ 105.232910729169276, -5.550826390519298 ], [ 105.232916097389023, -5.550834921863838 ], [ 105.232892633900391, -5.550849685769579 ], [ 105.232878718268765, -5.550827571018998 ], [ 105.23286936295024, -5.550832815277865 ], [ 105.232851413912812, -5.550800799032353 ], [ 105.232869428586724, -5.550790699783953 ], [ 105.232854015225229, -5.550768926671524 ], [ 105.232957879053629, -5.550695401927908 ], [ 105.232959329872159, -5.550697452172778 ], [ 105.232969300301576, -5.550688263444211 ] ] ] } },
{ "type": "Feature", "properties": { "point_id": 84, "footprint_id": 662, "id_bangunan": "SDI-B02-002", "fungsi_bangunan": "Rumah Tinggal", "jumlah_lantai": 1, "tinggi_lantai": 4.0, "tinggi_total": 4.0, "luas_m2": 106.16, "jarak_match_m": 0.0, "metode_match": "within", "status_match": "OK" }, "geometry": { "type": "Polygon", "coordinates": [ [ [ 105.230624742443055, -5.550613705955063 ], [ 105.230712187924624, -5.550563737565611 ], [ 105.23073122347941, -5.55059467060433 ], [ 105.230718136866443, -5.550602998391589 ], [ 105.230746095506802, -5.550657131940947 ], [ 105.230683039653826, -5.550694013356074 ], [ 105.23066995252195, -5.550670813564214 ], [ 105.230658649708602, -5.550673787904493 ], [ 105.230624742443055, -5.550613705955063 ] ] ] } },
{ "type": "Feature", "properties": { "point_id": 85, "footprint_id": 989, "id_bangunan": "SDI-B03–003", "fungsi_bangunan": "Rumah Tinggal", "jumlah_lantai": 1, "tinggi_lantai": 4.0, "tinggi_total": 4.0, "luas_m2": 230.31, "jarak_match_m": 0.0, "metode_match": "within", "status_match": "OK" }, "geometry": { "type": "Polygon", "coordinates": [ [ [ 105.232811658798468, -5.550877236782251 ], [ 105.232824153183714, -5.550892133979699 ], [ 105.232814825059094, -5.550899958257437 ], [ 105.232862455352333, -5.550948593696147 ], [ 105.2328627604102, -5.550948304996149 ], [ 105.232879212170815, -5.550965704674125 ], [ 105.232890638999137, -5.55097737272934 ], [ 105.232890434125736, -5.550977573639917 ], [ 105.232895536574389, -5.550982969610551 ], [ 105.232824451740058, -5.551050182434598 ], [ 105.232825238562157, -5.551051251407991 ], [ 105.23279143571061, -5.551076125104221 ], [ 105.232779783335246, -5.55106029036876 ], [ 105.232767814913046, -5.551069670759941 ], [ 105.232749795377046, -5.551046679217971 ], [ 105.23276508715719, -5.551034693967587 ], [ 105.232773128560126, -5.551044953930558 ], [ 105.232792901197115, -5.55103040407283 ], [ 105.23278489209649, -5.551021933473334 ], [ 105.232785263040057, -5.551021583231964 ], [ 105.232778247612899, -5.551014419444416 ], [ 105.232800738576287, -5.550992393484115 ], [ 105.232787668764885, -5.550979047968752 ], [ 105.232761333359434, -5.551003356941812 ], [ 105.232766470071653, -5.551008638915598 ], [ 105.232747016959649, -5.551027558052954 ], [ 105.232730698274281, -5.551047890811109 ], [ 105.232703990096851, -5.551026454144059 ], [ 105.232706004326246, -5.551023944787246 ], [ 105.232690965860471, -5.551007297207683 ], [ 105.232714657893752, -5.550985896787961 ], [ 105.232757354003709, -5.550935593811182 ], [ 105.23275134180615, -5.550928777009612 ], [ 105.232786459550795, -5.550897803721987 ], [ 105.232779181571331, -5.550888802715943 ], [ 105.232792054265445, -5.550878394298648 ], [ 105.232799418060125, -5.550887502922781 ], [ 105.232811658798468, -5.550877236782251 ] ], [ [ 105.232725930646268, -5.550998376368301 ], [ 105.232726235046854, -5.550998713678809 ], [ 105.232726278368446, -5.550998672048363 ], [ 105.232725930646268, -5.550998376368301 ] ] ] } },
{ "type": "Feature", "properties": { "point_id": 86, "footprint_id": 987, "id_bangunan": "SDI-B04-004", "fungsi_bangunan": "Rumah Tinggal", "jumlah_lantai": 1, "tinggi_lantai": 4.0, "tinggi_total": 4.0, "luas_m2": 545.54, "jarak_match_m": 0.0, "metode_match": "within", "status_match": "OK" }, "geometry": { "type": "Polygon", "coordinates": [ [ [ 105.232881009518877, -5.55055313611839 ], [ 105.232902446564552, -5.550576503545321 ], [ 105.23290927237332, -5.550572135068494 ], [ 105.232912727076851, -5.550577533497609 ], [ 105.23293906589042, -5.550603379512055 ], [ 105.232933136387942, -5.550609421218215 ], [ 105.232934614394239, -5.550611731083856 ], [ 105.232922622741981, -5.550619405337853 ], [ 105.232729944978587, -5.550796166261538 ], [ 105.232736718536827, -5.550805898415173 ], [ 105.232670828590557, -5.550851757886194 ], [ 105.232582989168449, -5.550725550077772 ], [ 105.232648879108325, -5.550679690616649 ], [ 105.23265143838853, -5.550683367871698 ], [ 105.23286715615717, -5.550533230470914 ], [ 105.232881009518877, -5.55055313611839 ] ] ] } },
{ "type": "Feature", "properties": { "point_id": 87, "footprint_id": 1171, "id_bangunan": "Blok A (SDI-A01-065)", "fungsi_bangunan": "Rumah Tinggal", "jumlah_lantai": 1, "tinggi_lantai": 4.0, "tinggi_total": 4.0, "luas_m2": 88.37, "jarak_match_m": 0.59, "metode_match": "optimal_nearest", "status_match": "OK" }, "geometry": { "type": "Polygon", "coordinates": [ [ [ 105.222189461000113, -5.543921420999932 ], [ 105.222169644000104, -5.543966390999965 ], [ 105.222145870000105, -5.543955913999983 ], [ 105.222089714000077, -5.543931166999921 ], [ 105.222128753000078, -5.543842577999956 ], [ 105.222184909000106, -5.543867323999963 ], [ 105.222165687000114, -5.543910942999954 ], [ 105.222189461000113, -5.543921420999932 ] ] ] } },
{ "type": "Feature", "properties": { "point_id": 88, "footprint_id": 1043, "id_bangunan": "SDI-B06-006", "fungsi_bangunan": "Rumah Tinggal", "jumlah_lantai": 1, "tinggi_lantai": 4.0, "tinggi_total": 4.0, "luas_m2": 91.81, "jarak_match_m": 0.0, "metode_match": "within", "status_match": "OK" }, "geometry": { "type": "Polygon", "coordinates": [ [ [ 105.232127481725541, -5.550178605221737 ], [ 105.232249309642697, -5.550235711568648 ], [ 105.23221694871431, -5.550281397695893 ], [ 105.232140806344034, -5.550243326009732 ], [ 105.232133191630794, -5.550252843993031 ], [ 105.232097024630335, -5.55022809731642 ], [ 105.232127481725541, -5.550178605221737 ] ] ] } },
{ "type": "Feature", "properties": { "point_id": 89, "footprint_id": 884, "id_bangunan": "SDI-B07-007", "fungsi_bangunan": "Rumah Tinggal", "jumlah_lantai": 1, "tinggi_lantai": 4.0, "tinggi_total": 4.0, "luas_m2": 151.65, "jarak_match_m": 1.67, "metode_match": "optimal_nearest", "status_match": "OK" }, "geometry": { "type": "Polygon", "coordinates": [ [ [ 105.232149146860522, -5.550016539675144 ], [ 105.2321729409976, -5.54998846209627 ], [ 105.232219578618924, -5.550015588380545 ], [ 105.232223861972969, -5.550011305041587 ], [ 105.232311425745038, -5.550072695634761 ], [ 105.232268595408087, -5.550142175170997 ], [ 105.2322238617175, -5.55011219400722 ], [ 105.23221957860514, -5.550121712492284 ], [ 105.232211012071318, -5.550114573731519 ], [ 105.232202446208319, -5.550118381102865 ], [ 105.232167705993007, -5.550098869016111 ], [ 105.232191025212472, -5.55005461124887 ], [ 105.232149146860522, -5.550016539675144 ] ] ] } },
{ "type": "Feature", "properties": { "point_id": 90, "footprint_id": 1172, "id_bangunan": "Blok A (SDI-A01-066)", "fungsi_bangunan": "Rumah Tinggal", "jumlah_lantai": 1, "tinggi_lantai": 4.0, "tinggi_total": 4.0, "luas_m2": 88.21, "jarak_match_m": 0.0, "metode_match": "within", "status_match": "OK" }, "geometry": { "type": "Polygon", "coordinates": [ [ [ 105.222211558000112, -5.54363508799997 ], [ 105.222154101000072, -5.543662848999921 ], [ 105.222140784000061, -5.543635285999919 ], [ 105.222115111000079, -5.543647689999938 ], [ 105.222096775000097, -5.543609739999971 ], [ 105.222122448000064, -5.543597335999955 ], [ 105.2221131740001, -5.543578139999974 ], [ 105.2221706320001, -5.543550379999943 ], [ 105.222211558000112, -5.54363508799997 ] ] ] } },
{ "type": "Feature", "properties": { "point_id": 91, "footprint_id": 1042, "id_bangunan": "SDI-B08-008", "fungsi_bangunan": "Rumah Tinggal", "jumlah_lantai": 1, "tinggi_lantai": 4.0, "tinggi_total": 4.0, "luas_m2": 53.22, "jarak_match_m": 0.0, "metode_match": "within", "status_match": "OK" }, "geometry": { "type": "Polygon", "coordinates": [ [ [ 105.231906354308293, -5.550172719569882 ], [ 105.231929510075418, -5.550197640530324 ], [ 105.231940931459505, -5.550186219504882 ], [ 105.231967581752144, -5.550205254415725 ], [ 105.23190476416211, -5.550262361783341 ], [ 105.231867649862778, -5.550214005288838 ], [ 105.231906354308293, -5.550172719569882 ] ] ] } },
{ "type": "Feature", "properties": { "point_id": 92, "footprint_id": 1040, "id_bangunan": "SDI-B09-009", "fungsi_bangunan": "Rumah Tinggal", "jumlah_lantai": 1, "tinggi_lantai": 4.0, "tinggi_total": 4.0, "luas_m2": 88.84, "jarak_match_m": 3.66, "metode_match": "optimal_nearest", "status_match": "OK" }, "geometry": { "type": "Polygon", "coordinates": [ [ [ 105.231640167995451, -5.550106269619948 ], [ 105.231678238986348, -5.550068198346254 ], [ 105.231693467671306, -5.550079618875099 ], [ 105.231731539136391, -5.550035837516083 ], [ 105.231775321037361, -5.550070101652969 ], [ 105.231714406584416, -5.550150051296176 ], [ 105.231640167995451, -5.550106269619948 ] ] ] } },
{ "type": "Feature", "properties": { "point_id": 93, "footprint_id": 885, "id_bangunan": "SDI-B10-010", "fungsi_bangunan": "Rumah Tinggal", "jumlah_lantai": 1, "tinggi_lantai": 4.0, "tinggi_total": 4.0, "luas_m2": 116.31, "jarak_match_m": 7.94, "metode_match": "optimal_nearest", "status_match": "OK" }, "geometry": { "type": "Polygon", "coordinates": [ [ [ 105.231987025574881, -5.549776769919981 ], [ 105.232072686937457, -5.549838159488573 ], [ 105.23204627459404, -5.549868855211835 ], [ 105.232029142243732, -5.54986100243095 ], [ 105.232019862331782, -5.54986742720062 ], [ 105.231986312120696, -5.549903357250005 ], [ 105.231962993677428, -5.549889556178485 ], [ 105.231921590528273, -5.549859098748025 ], [ 105.231987025574881, -5.549776769919981 ] ] ] } },
{ "type": "Feature", "properties": { "point_id": 94, "footprint_id": 883, "id_bangunan": "SDI-B11-011", "fungsi_bangunan": "Rumah Tinggal", "jumlah_lantai": 1, "tinggi_lantai": 4.0, "tinggi_total": 4.0, "luas_m2": 172.64, "jarak_match_m": 0.0, "metode_match": "within", "status_match": "OK" }, "geometry": { "type": "Polygon", "coordinates": [ [ [ 105.232147313981187, -5.549940230471658 ], [ 105.232122211369841, -5.549928511681624 ], [ 105.232112693256809, -5.549944573666182 ], [ 105.232078191023959, -5.549914830012255 ], [ 105.232083544765615, -5.549909476066152 ], [ 105.232092467504003, -5.549899363222229 ], [ 105.232087113857702, -5.549893414607904 ], [ 105.232203469764187, -5.549759867719755 ], [ 105.232256769230233, -5.549804363169589 ], [ 105.232200138475051, -5.549878364984519 ], [ 105.232147313981187, -5.549940230471658 ] ] ] } },
{ "type": "Feature", "properties": { "point_id": 95, "footprint_id": 886, "id_bangunan": "SDI-B12-012", "fungsi_bangunan": "Rumah Tinggal", "jumlah_lantai": 1, "tinggi_lantai": 4.0, "tinggi_total": 4.0, "luas_m2": 233.16, "jarak_match_m": 0.0, "metode_match": "within", "status_match": "OK" }, "geometry": { "type": "Polygon", "coordinates": [ [ [ 105.232017582521195, -5.549578528892888 ], [ 105.232035427933553, -5.549592805236807 ], [ 105.232022579270563, -5.549609224050076 ], [ 105.232058984548715, -5.549638491121392 ], [ 105.232117519323864, -5.549693456632052 ], [ 105.232050418890083, -5.549769837220691 ], [ 105.232027575733483, -5.549756988549916 ], [ 105.231956905795585, -5.549691315054989 ], [ 105.231946197968469, -5.549703450465488 ], [ 105.231904796135112, -5.549676324818319 ], [ 105.231938346285261, -5.54963563546742 ], [ 105.231955477761659, -5.549622786490944 ], [ 105.231967613041519, -5.549619931212645 ], [ 105.232017582521195, -5.549578528892888 ] ] ] } },
{ "type": "Feature", "properties": { "point_id": 96, "footprint_id": 882, "id_bangunan": "SDI-B13-013", "fungsi_bangunan": "Rumah Tinggal", "jumlah_lantai": 1, "tinggi_lantai": 4.0, "tinggi_total": 4.0, "luas_m2": 181.36, "jarak_match_m": 3.95, "metode_match": "optimal_nearest", "status_match": "OK" }, "geometry": { "type": "Polygon", "coordinates": [ [ [ 105.232178652029901, -5.549643154600742 ], [ 105.232239451300714, -5.549691409501746 ], [ 105.232228810525243, -5.549706448782181 ], [ 105.232292580794578, -5.549760700267257 ], [ 105.232264503218218, -5.549799723856459 ], [ 105.232199305907145, -5.54974880290527 ], [ 105.232163613245234, -5.549796391889093 ], [ 105.232096512952253, -5.549736905646041 ], [ 105.232178652029901, -5.549643154600742 ] ] ] } },
{ "type": "Feature", "properties": { "point_id": 97, "footprint_id": 881, "id_bangunan": "SDI-B14-014", "fungsi_bangunan": "Rumah Tinggal", "jumlah_lantai": 1, "tinggi_lantai": 4.0, "tinggi_total": 4.0, "luas_m2": 65.42, "jarak_match_m": 5.67, "metode_match": "optimal_nearest", "status_match": "OK" }, "geometry": { "type": "Polygon", "coordinates": [ [ [ 105.23224575235281, -5.54962887837492 ], [ 105.232319277581041, -5.549681702124077 ], [ 105.232289297084364, -5.549733098305749 ], [ 105.232210774850003, -5.549667425212982 ], [ 105.23224575235281, -5.54962887837492 ] ] ] } },
{ "type": "Feature", "properties": { "point_id": 98, "footprint_id": 887, "id_bangunan": "SDI-B15-015", "fungsi_bangunan": "Rumah Tinggal", "jumlah_lantai": 1, "tinggi_lantai": 4.0, "tinggi_total": 4.0, "luas_m2": 195.97, "jarak_match_m": 4.05, "metode_match": "optimal_nearest", "status_match": "OK" }, "geometry": { "type": "Polygon", "coordinates": [ [ [ 105.231866248183181, -5.54951487814178 ], [ 105.231902535483741, -5.549535698654497 ], [ 105.231918001684932, -5.549517257853382 ], [ 105.231949529720993, -5.549537483167949 ], [ 105.23193584738793, -5.549557708123049 ], [ 105.23192335582452, -5.549607677143913 ], [ 105.231914432462105, -5.549602323371146 ], [ 105.231897776533273, -5.549623738187458 ], [ 105.231919191638696, -5.549635041395566 ], [ 105.231883499478158, -5.549688579269718 ], [ 105.231862679078489, -5.549671923077731 ], [ 105.231850187215159, -5.549695717270027 ], [ 105.231783562110195, -5.549657646324376 ], [ 105.231866248183181, -5.54951487814178 ] ] ] } },
{ "type": "Feature", "properties": { "point_id": 99, "footprint_id": 888, "id_bangunan": "SDI-B16-016", "fungsi_bangunan": "Rumah Tinggal", "jumlah_lantai": 1, "tinggi_lantai": 4.0, "tinggi_total": 4.0, "luas_m2": 308.64, "jarak_match_m": 4.07, "metode_match": "optimal_nearest", "status_match": "OK" }, "geometry": { "type": "Polygon", "coordinates": [ [ [ 105.231406294086355, -5.549547447114914 ], [ 105.231462805513274, -5.549486770753297 ], [ 105.231502066562285, -5.549458217638267 ], [ 105.231571071461261, -5.549526032219489 ], [ 105.231579994718174, -5.549521868289624 ], [ 105.231613901214828, -5.549549826450749 ], [ 105.2316293681221, -5.549533170509486 ], [ 105.231660896149819, -5.549553395839791 ], [ 105.231638886289062, -5.549584328645431 ], [ 105.231584752828482, -5.549646789849572 ], [ 105.231543113083006, -5.54960455408233 ], [ 105.231494333850662, -5.54964440986919 ], [ 105.231401534430631, -5.54955280082258 ], [ 105.231406294086355, -5.549547447114914 ] ] ] } },
{ "type": "Feature", "properties": { "point_id": 100, "footprint_id": 105, "id_bangunan": "SDI-17-017", "fungsi_bangunan": "Rumah Tinggal", "jumlah_lantai": 1, "tinggi_lantai": 4.0, "tinggi_total": 4.0, "luas_m2": 47.54, "jarak_match_m": 4338.26, "metode_match": "optimal_nearest", "status_match": "PERLU_CEK" }, "geometry": { "type": "Polygon", "coordinates": [ [ [ 105.247390158080321, -5.563610677372973 ], [ 105.247394440885898, -5.563507884314511 ], [ 105.247432149899197, -5.5635094552317 ], [ 105.247427867100185, -5.56361224829014 ], [ 105.247390158080321, -5.563610677372973 ] ] ] } },
{ "type": "Feature", "properties": { "point_id": 101, "footprint_id": 624, "id_bangunan": "SDI-B17-017", "fungsi_bangunan": "Rumah Tinggal", "jumlah_lantai": 1, "tinggi_lantai": 4.0, "tinggi_total": 4.0, "luas_m2": 198.41, "jarak_match_m": 0.0, "metode_match": "within", "status_match": "OK" }, "geometry": { "type": "Polygon", "coordinates": [ [ [ 105.231402469325559, -5.549549254271383 ], [ 105.231460290055267, -5.549488934730061 ], [ 105.231464216088582, -5.54949214737605 ], [ 105.231502050180069, -5.549457882928206 ], [ 105.231571649239953, -5.549528195889963 ], [ 105.231537385172572, -5.549564958462165 ], [ 105.23155523127015, -5.549581020578408 ], [ 105.231492769782918, -5.549641339231754 ], [ 105.231402469325559, -5.549549254271383 ] ] ] } },
{ "type": "Feature", "properties": { "point_id": 102, "footprint_id": 626, "id_bangunan": "SDI-B18-018", "fungsi_bangunan": "Rumah Tinggal", "jumlah_lantai": 1, "tinggi_lantai": 4.0, "tinggi_total": 4.0, "luas_m2": 93.65, "jarak_match_m": 0.0, "metode_match": "within", "status_match": "OK" }, "geometry": { "type": "Polygon", "coordinates": [ [ [ 105.231083741007552, -5.549413863068397 ], [ 105.231135137348218, -5.54936853412962 ], [ 105.231208305060775, -5.549449554859737 ], [ 105.231156195520839, -5.549497381792255 ], [ 105.231083741007552, -5.549413863068397 ] ] ] } },
{ "type": "Feature", "properties": { "point_id": 103, "footprint_id": 627, "id_bangunan": "SDI-B19-019", "fungsi_bangunan": "Rumah Tinggal", "jumlah_lantai": 1, "tinggi_lantai": 4.0, "tinggi_total": 4.0, "luas_m2": 96.6, "jarak_match_m": 0.0, "metode_match": "within", "status_match": "OK" }, "geometry": { "type": "Polygon", "coordinates": [ [ [ 105.230977021664458, -5.549302504784688 ], [ 105.23102627625552, -5.54927073813735 ], [ 105.231061611773583, -5.549326061107939 ], [ 105.231082313004407, -5.549314996519007 ], [ 105.231104084974973, -5.549347832743922 ], [ 105.231021279488459, -5.549399943366658 ], [ 105.231000934958814, -5.549371746475217 ], [ 105.231011643425205, -5.54936353721479 ], [ 105.230977021664458, -5.549302504784688 ] ] ] } },
{ "type": "Feature", "properties": { "point_id": 104, "footprint_id": 630, "id_bangunan": "SDI-B20-020", "fungsi_bangunan": "Rumah Tinggal", "jumlah_lantai": 1, "tinggi_lantai": 4.0, "tinggi_total": 4.0, "luas_m2": 102.92, "jarak_match_m": 0.0, "metode_match": "within", "status_match": "OK" }, "geometry": { "type": "Polygon", "coordinates": [ [ [ 105.230941924788368, -5.548860281115152 ], [ 105.230976189130104, -5.548847432713019 ], [ 105.230983803610286, -5.548869799656278 ], [ 105.231014736545589, -5.548857426584035 ], [ 105.231017591490058, -5.548864564881054 ], [ 105.231036150982277, -5.54885552299937 ], [ 105.231049951861877, -5.548889311308098 ], [ 105.231031868366571, -5.548898828844501 ], [ 105.231053759682652, -5.548950701347689 ], [ 105.231027109590016, -5.548962122877844 ], [ 105.23103044034778, -5.548969260988882 ], [ 105.230996176162733, -5.54898020603349 ], [ 105.230958580840579, -5.548887883293258 ], [ 105.230951442216011, -5.548888835047642 ], [ 105.230941924788368, -5.548860281115152 ] ] ] } },
{ "type": "Feature", "properties": { "point_id": 105, "footprint_id": 631, "id_bangunan": "SDI-B21-021", "fungsi_bangunan": "Rumah Tinggal", "jumlah_lantai": 1, "tinggi_lantai": 4.0, "tinggi_total": 4.0, "luas_m2": 204.76, "jarak_match_m": 0.0, "metode_match": "within", "status_match": "OK" }, "geometry": { "type": "Polygon", "coordinates": [ [ [ 105.230803915652828, -5.548723224260738 ], [ 105.23084627085953, -5.548717989770498 ], [ 105.230850077419859, -5.548743688179046 ], [ 105.23087244493604, -5.548743211749037 ], [ 105.230877203879771, -5.548791752829329 ], [ 105.230883865810355, -5.548793180463035 ], [ 105.230896714665334, -5.548900256680699 ], [ 105.230800584908636, -5.548911202344843 ], [ 105.230779169620945, -5.548743687809756 ], [ 105.230804392131049, -5.548736549409915 ], [ 105.230803915652828, -5.548723224260738 ] ] ] } },
{ "type": "Feature", "properties": { "point_id": 106, "footprint_id": 584, "id_bangunan": "SDI-B22-022", "fungsi_bangunan": "Rumah Tinggal", "jumlah_lantai": 1, "tinggi_lantai": 4.0, "tinggi_total": 4.0, "luas_m2": 209.18, "jarak_match_m": 0.0, "metode_match": "within", "status_match": "OK" }, "geometry": { "type": "Polygon", "coordinates": [ [ [ 105.230528463567495, -5.548169783870935 ], [ 105.230576529094705, -5.548152175329848 ], [ 105.230575101431668, -5.548146940739298 ], [ 105.230597468493116, -5.548138375036932 ], [ 105.230593660781977, -5.54812362185592 ], [ 105.23063506370616, -5.548109821724962 ], [ 105.230661237556617, -5.548174067136428 ], [ 105.230683128315519, -5.548171211699266 ], [ 105.230706447551185, -5.548243070760533 ], [ 105.230631732255958, -5.548265913996249 ], [ 105.230626973800582, -5.548248781985203 ], [ 105.230562728009659, -5.548273528109246 ], [ 105.230550830975801, -5.548241167469882 ], [ 105.230557016860473, -5.548237360146029 ], [ 105.2305427403561, -5.54819928944661 ], [ 105.230536077735636, -5.548200716850372 ], [ 105.230528463567495, -5.548169783870935 ] ] ] } },
{ "type": "Feature", "properties": { "point_id": 107, "footprint_id": 583, "id_bangunan": "SDI-B24-024", "fungsi_bangunan": "Rumah Tinggal", "jumlah_lantai": 1, "tinggi_lantai": 4.0, "tinggi_total": 4.0, "luas_m2": 213.98, "jarak_match_m": 13.66, "metode_match": "optimal_nearest", "status_match": "OK" }, "geometry": { "type": "Polygon", "coordinates": [ [ [ 105.230399972623701, -5.54823022222495 ], [ 105.230356190307759, -5.548143133377042 ], [ 105.230376178127869, -5.548134091864706 ], [ 105.230369991157346, -5.548116483662694 ], [ 105.23041377365972, -5.548099351738586 ], [ 105.230410918111119, -5.548083647409405 ], [ 105.230471832260889, -5.54805414238891 ], [ 105.230528463567495, -5.548169783870935 ], [ 105.230473260569525, -5.54819595759973 ], [ 105.230477067682514, -5.548204523954222 ], [ 105.230419484715583, -5.548230697700983 ], [ 105.230417580872384, -5.548224511615071 ], [ 105.230399972623701, -5.54823022222495 ] ] ] } },
{ "type": "Feature", "properties": { "point_id": 108, "footprint_id": 532, "id_bangunan": "SDI-B25-025", "fungsi_bangunan": "Rumah Tinggal", "jumlah_lantai": 1, "tinggi_lantai": 4.0, "tinggi_total": 4.0, "luas_m2": 162.58, "jarak_match_m": 0.0, "metode_match": "within", "status_match": "OK" }, "geometry": { "type": "Polygon", "coordinates": [ [ [ 105.230053255827158, -5.548021390044823 ], [ 105.230125829338746, -5.547977132190781 ], [ 105.230184363813706, -5.548081113978113 ], [ 105.230084426602019, -5.548138221125101 ], [ 105.230032315961111, -5.54804566061375 ], [ 105.230057062287372, -5.548028290057121 ], [ 105.230053255827158, -5.548021390044823 ] ] ] } },
{ "type": "Feature", "properties": { "point_id": 109, "footprint_id": 539, "id_bangunan": "SDI-B26-026", "fungsi_bangunan": "Rumah Tinggal", "jumlah_lantai": 1, "tinggi_lantai": 4.0, "tinggi_total": 4.0, "luas_m2": 58.63, "jarak_match_m": 0.31, "metode_match": "optimal_nearest", "status_match": "OK" }, "geometry": { "type": "Polygon", "coordinates": [ [ [ 105.230147224836486, -5.547821607332962 ], [ 105.230200761944971, -5.547862772010388 ], [ 105.230154124727392, -5.547919879228269 ], [ 105.230104393926609, -5.54787823813042 ], [ 105.230147224836486, -5.547821607332962 ] ] ] } },
{ "type": "Feature", "properties": { "point_id": 110, "footprint_id": 582, "id_bangunan": "SDI-B27-027", "fungsi_bangunan": "Rumah Tinggal", "jumlah_lantai": 1, "tinggi_lantai": 4.0, "tinggi_total": 4.0, "luas_m2": 212.87, "jarak_match_m": 0.0, "metode_match": "within", "status_match": "OK" }, "geometry": { "type": "Polygon", "coordinates": [ [ [ 105.230535007559638, -5.547558142980329 ], [ 105.230607818994201, -5.547506032709029 ], [ 105.23061352898084, -5.547513647545265 ], [ 105.230662070178965, -5.547486521104373 ], [ 105.230682533963432, -5.547517454499745 ], [ 105.230695620901798, -5.54751245759671 ], [ 105.230724888103992, -5.547563140354465 ], [ 105.230691338062726, -5.547583127873923 ], [ 105.230694906610722, -5.547588838374235 ], [ 105.230602108369922, -5.547650228095912 ], [ 105.230576409410432, -5.547641662134311 ], [ 105.230535007559638, -5.547558142980329 ] ] ] } },
{ "type": "Feature", "properties": { "point_id": 111, "footprint_id": 581, "id_bangunan": "SDI-B28-028", "fungsi_bangunan": "Rumah Tinggal", "jumlah_lantai": 1, "tinggi_lantai": 4.0, "tinggi_total": 4.0, "luas_m2": 287.44, "jarak_match_m": 15.5, "metode_match": "optimal_nearest", "status_match": "PERLU_CEK" }, "geometry": { "type": "Polygon", "coordinates": [ [ [ 105.230391525314985, -5.547520309877402 ], [ 105.230461482084493, -5.54748033466168 ], [ 105.230454343403977, -5.547462488910669 ], [ 105.23055999124071, -5.54741037851667 ], [ 105.230607818994201, -5.547506032709029 ], [ 105.230535007559638, -5.547558142980329 ], [ 105.230509308997384, -5.547573847581458 ], [ 105.230515019835352, -5.547585982900578 ], [ 105.23043578379739, -5.547622388412856 ], [ 105.230391525314985, -5.547520309877402 ] ] ] } },
{ "type": "Feature", "properties": { "point_id": 112, "footprint_id": 580, "id_bangunan": "SDI-B29-029", "fungsi_bangunan": "Rumah Tinggal", "jumlah_lantai": 1, "tinggi_lantai": 4.0, "tinggi_total": 4.0, "luas_m2": 369.84, "jarak_match_m": 0.0, "metode_match": "within", "status_match": "OK" }, "geometry": { "type": "Polygon", "coordinates": [ [ [ 105.230315858468785, -5.547133409755911 ], [ 105.230407230003621, -5.547120560864403 ], [ 105.23044791910894, -5.547375400888875 ], [ 105.230327993915111, -5.547391818852988 ], [ 105.230314430795616, -5.547309727217014 ], [ 105.230292301962237, -5.547180522588468 ], [ 105.230320855995245, -5.547173384723695 ], [ 105.230315858468785, -5.547133409755911 ] ] ] } },
{ "type": "Feature", "properties": { "point_id": 113, "footprint_id": 579, "id_bangunan": "SDI-B30-030", "fungsi_bangunan": "Rumah Tinggal", "jumlah_lantai": 1, "tinggi_lantai": 4.0, "tinggi_total": 4.0, "luas_m2": 122.38, "jarak_match_m": 0.0, "metode_match": "within", "status_match": "OK" }, "geometry": { "type": "Polygon", "coordinates": [ [ [ 105.230202358976499, -5.547408237205833 ], [ 105.230270172793098, -5.547390391227387 ], [ 105.230291588297561, -5.547468199959026 ], [ 105.230298726721998, -5.547466772373069 ], [ 105.23031585855729, -5.547531731465956 ], [ 105.230280166707928, -5.547539583156374 ], [ 105.230276598104609, -5.547526734145079 ], [ 105.230253755045098, -5.547532444978534 ], [ 105.230246616587593, -5.547508174476731 ], [ 105.230226628819693, -5.547510316300507 ], [ 105.230202358976499, -5.547408237205833 ] ] ] } },
{ "type": "Feature", "properties": { "point_id": 114, "footprint_id": 578, "id_bangunan": "SDI-B31-031", "fungsi_bangunan": "Rumah Tinggal", "jumlah_lantai": 1, "tinggi_lantai": 4.0, "tinggi_total": 4.0, "luas_m2": 135.4, "jarak_match_m": 0.0, "metode_match": "within", "status_match": "OK" }, "geometry": { "type": "Polygon", "coordinates": [ [ [ 105.230127657314085, -5.547314605350394 ], [ 105.230120367791983, -5.547275596522398 ], [ 105.2301326546187, -5.547272488829856 ], [ 105.230133011339973, -5.547261067620311 ], [ 105.230208321362326, -5.547251787476286 ], [ 105.230224025161377, -5.547382776748269 ], [ 105.230167989548605, -5.547392056632649 ], [ 105.230167989141222, -5.547386346549782 ], [ 105.230145146581194, -5.547386346391036 ], [ 105.230127657314085, -5.547314605350394 ] ] ] } },
{ "type": "Feature", "properties": { "point_id": 115, "footprint_id": 561, "id_bangunan": "SDI-B32-032", "fungsi_bangunan": "Rumah Tinggal", "jumlah_lantai": 1, "tinggi_lantai": 4.0, "tinggi_total": 4.0, "luas_m2": 164.25, "jarak_match_m": 0.0, "metode_match": "within", "status_match": "OK" }, "geometry": { "type": "Polygon", "coordinates": [ [ [ 105.22992211935491, -5.547619870762009 ], [ 105.229907128994327, -5.547638430740059 ], [ 105.229872865048961, -5.547614873680449 ], [ 105.22986786772735, -5.547622012321701 ], [ 105.22981076068352, -5.547587747778065 ], [ 105.229847166163779, -5.547543489535263 ], [ 105.229839314491173, -5.547535637603284 ], [ 105.229862870805718, -5.547504228420567 ], [ 105.229944962659445, -5.547563477525936 ], [ 105.22994853184494, -5.54755919448078 ], [ 105.230000641426486, -5.547604880215581 ], [ 105.229961380384239, -5.547651992809842 ], [ 105.22992211935491, -5.547619870762009 ] ] ] } },
{ "type": "Feature", "properties": { "point_id": 116, "footprint_id": 577, "id_bangunan": "SDI-B33-033", "fungsi_bangunan": "Rumah Tinggal", "jumlah_lantai": 1, "tinggi_lantai": 4.0, "tinggi_total": 4.0, "luas_m2": 47.2, "jarak_match_m": 1.77, "metode_match": "optimal_nearest", "status_match": "OK" }, "geometry": { "type": "Polygon", "coordinates": [ [ [ 105.230114451671326, -5.547243935544757 ], [ 105.230118377478618, -5.547244292254749 ], [ 105.230116235638974, -5.547220378948851 ], [ 105.230202253041583, -5.547211812924052 ], [ 105.230208321362326, -5.547251787476286 ], [ 105.230133011339973, -5.547261067620311 ], [ 105.2301326546187, -5.547272488829856 ], [ 105.230120367791983, -5.547275596522398 ], [ 105.230114451671326, -5.547243935544757 ] ] ] } },
{ "type": "Feature", "properties": { "point_id": 117, "footprint_id": 564, "id_bangunan": "SDI-B34-034", "fungsi_bangunan": "Rumah Tinggal", "jumlah_lantai": 1, "tinggi_lantai": 4.0, "tinggi_total": 4.0, "luas_m2": 115.76, "jarak_match_m": 0.0, "metode_match": "within", "status_match": "OK" }, "geometry": { "type": "Polygon", "coordinates": [ [ [ 105.229827297860396, -5.547219763945811 ], [ 105.229906534255605, -5.547172651204518 ], [ 105.22995793038703, -5.547257597662583 ], [ 105.229935801281428, -5.547269732954125 ], [ 105.229937229470863, -5.547274015865979 ], [ 105.229878694464034, -5.547308280117352 ], [ 105.229827297860396, -5.547219763945811 ] ] ] } },
{ "type": "Feature", "properties": { "point_id": 118, "footprint_id": 563, "id_bangunan": "SDI-B38-038", "fungsi_bangunan": "Rumah Tinggal", "jumlah_lantai": 1, "tinggi_lantai": 4.0, "tinggi_total": 4.0, "luas_m2": 348.15, "jarak_match_m": 0.35, "metode_match": "optimal_nearest", "status_match": "OK" }, "geometry": { "type": "Polygon", "coordinates": [ [ [ 105.229596728406179, -5.547010609504239 ], [ 105.229693810145903, -5.546975631029425 ], [ 105.229770191325727, -5.547163371014172 ], [ 105.229797316550076, -5.547152663118106 ], [ 105.229804455409337, -5.547173364824388 ], [ 105.229780898922854, -5.547192638268689 ], [ 105.22974877617456, -5.547207628858166 ], [ 105.229753058731006, -5.547217622554428 ], [ 105.229694524278145, -5.547279012396911 ], [ 105.229596728406179, -5.547010609504239 ] ] ] } },
{ "type": "Feature", "properties": { "point_id": 119, "footprint_id": 560, "id_bangunan": "SDI-B36-036", "fungsi_bangunan": "Rumah Tinggal", "jumlah_lantai": 1, "tinggi_lantai": 4.0, "tinggi_total": 4.0, "luas_m2": 120.96, "jarak_match_m": 0.0, "metode_match": "within", "status_match": "OK" }, "geometry": { "type": "Polygon", "coordinates": [ [ [ 105.229510711002106, -5.547315834713685 ], [ 105.229535694868559, -5.547322080600568 ], [ 105.229550269166282, -5.547271219742071 ], [ 105.229619273520811, -5.547282820289873 ], [ 105.229593099641775, -5.547397925897898 ], [ 105.229497921392067, -5.547375321519328 ], [ 105.229510711002106, -5.547315834713685 ] ] ] } },
{ "type": "Feature", "properties": { "point_id": 120, "footprint_id": 552, "id_bangunan": "SDI-B39-039", "fungsi_bangunan": "Rumah Tinggal", "jumlah_lantai": 1, "tinggi_lantai": 4.0, "tinggi_total": 4.0, "luas_m2": 124.49, "jarak_match_m": 0.0, "metode_match": "within", "status_match": "OK" }, "geometry": { "type": "Polygon", "coordinates": [ [ [ 105.229375140540114, -5.54728926828571 ], [ 105.22945318709651, -5.547307828355466 ], [ 105.2294527111505, -5.547314490303942 ], [ 105.229456518728483, -5.54731496647657 ], [ 105.229452711315389, -5.547338285031613 ], [ 105.229474602652701, -5.547343995669504 ], [ 105.229469367320689, -5.547375404967843 ], [ 105.229450331586207, -5.547371597487907 ], [ 105.22944081381506, -5.547409669306349 ], [ 105.229406549555279, -5.547401578836634 ], [ 105.2294036942003, -5.547409669228689 ], [ 105.229350531675522, -5.547396037931436 ], [ 105.229356105037155, -5.547372549524678 ], [ 105.229375140540114, -5.54728926828571 ] ] ] } },
{ "type": "Feature", "properties": { "point_id": 121, "footprint_id": 549, "id_bangunan": "SDIB40-040", "fungsi_bangunan": "Rumah Tinggal", "jumlah_lantai": 2, "tinggi_lantai": 4.0, "tinggi_total": 8.0, "luas_m2": 86.35, "jarak_match_m": 0.0, "metode_match": "within", "status_match": "OK" }, "geometry": { "type": "Polygon", "coordinates": [ [ [ 105.229172411166218, -5.547323532275701 ], [ 105.229242842824036, -5.547325436390246 ], [ 105.229240939750298, -5.547351610152585 ], [ 105.229244270829, -5.54735732075435 ], [ 105.229243794365061, -5.547395391780143 ], [ 105.229242367118616, -5.547423945464095 ], [ 105.229170983107039, -5.547422517559222 ], [ 105.229172411166218, -5.547323532275701 ] ] ] } },
{ "type": "Feature", "properties": { "point_id": 122, "footprint_id": 551, "id_bangunan": "SDI-B41-041", "fungsi_bangunan": "Rumah Tinggal", "jumlah_lantai": 1, "tinggi_lantai": 4.0, "tinggi_total": 4.0, "luas_m2": 173.41, "jarak_match_m": 0.0, "metode_match": "within", "status_match": "OK" }, "geometry": { "type": "Polygon", "coordinates": [ [ [ 105.229277773358859, -5.547499471838468 ], [ 105.229269016924036, -5.547428228553849 ], [ 105.229254740589951, -5.547427752818839 ], [ 105.229254264180284, -5.547419186973767 ], [ 105.229242609023984, -5.547419103740715 ], [ 105.229244270829, -5.54735732075435 ], [ 105.229240939750298, -5.547351610152585 ], [ 105.229242842824036, -5.547325436390246 ], [ 105.229239035824477, -5.547303068849052 ], [ 105.229308040428691, -5.547308303486264 ], [ 105.229291384071388, -5.547352086343996 ], [ 105.229356105037155, -5.547372549524678 ], [ 105.22932945511532, -5.547484859972046 ], [ 105.229277773358859, -5.547499471838468 ] ] ] } },
{ "type": "Feature", "properties": { "point_id": 123, "footprint_id": 542, "id_bangunan": "SDI-B43-043", "fungsi_bangunan": "Rumah Tinggal", "jumlah_lantai": 1, "tinggi_lantai": 4.0, "tinggi_total": 4.0, "luas_m2": 114.17, "jarak_match_m": 1.03, "metode_match": "optimal_nearest", "status_match": "OK" }, "geometry": { "type": "Polygon", "coordinates": [ [ [ 105.229168663219824, -5.54702601684918 ], [ 105.229245995418736, -5.547076937078322 ], [ 105.229232909028937, -5.547097400567865 ], [ 105.229226008564297, -5.547093117060617 ], [ 105.22920435493991, -5.547125478067149 ], [ 105.229206020761538, -5.547130236729218 ], [ 105.229181036746667, -5.547165691082576 ], [ 105.229159383714347, -5.547150462630681 ], [ 105.229154148841261, -5.547157362533448 ], [ 105.229131067549844, -5.547139992447793 ], [ 105.22914272696957, -5.547120719113797 ], [ 105.229121074031667, -5.547105728580481 ], [ 105.229138206069052, -5.547068609116052 ], [ 105.229168663219824, -5.54702601684918 ] ] ] } },
{ "type": "Feature", "properties": { "point_id": 124, "footprint_id": 501, "id_bangunan": "SDI-B46-046", "fungsi_bangunan": "Rumah Tinggal", "jumlah_lantai": 1, "tinggi_lantai": 4.0, "tinggi_total": 4.0, "luas_m2": 97.03, "jarak_match_m": 11.38, "metode_match": "optimal_nearest", "status_match": "OK" }, "geometry": { "type": "Polygon", "coordinates": [ [ [ 105.228968542796849, -5.547038138707705 ], [ 105.229067409803193, -5.547050630592516 ], [ 105.229054203252005, -5.547138789191354 ], [ 105.229001379481488, -5.547130223710433 ], [ 105.22900066611156, -5.547120586863675 ], [ 105.228995312414682, -5.547112020192256 ], [ 105.228963189579289, -5.547108094731066 ], [ 105.228962832789534, -5.547074900937616 ], [ 105.228968542796849, -5.547038138707705 ] ] ] } },
{ "type": "Feature", "properties": { "point_id": 125, "footprint_id": 550, "id_bangunan": "SDI-B47-047", "fungsi_bangunan": "Rumah Tinggal", "jumlah_lantai": 1, "tinggi_lantai": 4.0, "tinggi_total": 4.0, "luas_m2": 124.43, "jarak_match_m": 0.0, "metode_match": "within", "status_match": "OK" }, "geometry": { "type": "Polygon", "coordinates": [ [ [ 105.229170983107039, -5.547422517559222 ], [ 105.229242367118616, -5.547423945464095 ], [ 105.229242609023984, -5.547419103740715 ], [ 105.229254264180284, -5.547419186973767 ], [ 105.229254740589951, -5.547427752818839 ], [ 105.229269016924036, -5.547428228553849 ], [ 105.229279486968252, -5.547513413475376 ], [ 105.229176218384126, -5.547519599613644 ], [ 105.22917383828505, -5.547498185009139 ], [ 105.229158610325953, -5.547497708735942 ], [ 105.229155755012613, -5.547456782149863 ], [ 105.229167651738962, -5.54745583038363 ], [ 105.229170983107039, -5.547422517559222 ] ] ] } },
{ "type": "Feature", "properties": { "point_id": 126, "footprint_id": 556, "id_bangunan": "SDI-B48-048", "fungsi_bangunan": "Rumah Tinggal", "jumlah_lantai": 1, "tinggi_lantai": 4.0, "tinggi_total": 4.0, "luas_m2": 186.49, "jarak_match_m": 0.0, "metode_match": "within", "status_match": "OK" }, "geometry": { "type": "Polygon", "coordinates": [ [ [ 105.229197421754648, -5.54751832942651 ], [ 105.229279486968252, -5.547513413475376 ], [ 105.229283590843337, -5.547523645164567 ], [ 105.229300247369125, -5.547639286892792 ], [ 105.229256464969708, -5.547644997663329 ], [ 105.229255513299222, -5.547637859523381 ], [ 105.22917223262462, -5.547651660405529 ], [ 105.229166045786116, -5.547620251011493 ], [ 105.22916176276199, -5.547620726701829 ], [ 105.229156528205806, -5.547579324292783 ], [ 105.2291655695294, -5.547579324408614 ], [ 105.229160810892409, -5.547554578034323 ], [ 105.229201261870472, -5.547546963391544 ], [ 105.229197421754648, -5.54751832942651 ] ] ] } },
{ "type": "Feature", "properties": { "point_id": 127, "footprint_id": 504, "id_bangunan": "SDI-B49-049", "fungsi_bangunan": "Rumah Tinggal", "jumlah_lantai": 1, "tinggi_lantai": 4.0, "tinggi_total": 4.0, "luas_m2": 246.37, "jarak_match_m": 0.0, "metode_match": "within", "status_match": "OK" }, "geometry": { "type": "Polygon", "coordinates": [ [ [ 105.229003690027625, -5.547685400879976 ], [ 105.229001072185952, -5.547674931597912 ], [ 105.228929212785616, -5.547688732547631 ], [ 105.228918267355382, -5.547651375179324 ], [ 105.228882812994684, -5.54765470621178 ], [ 105.228880433398686, -5.547625201416023 ], [ 105.228908511491539, -5.547619966258626 ], [ 105.228905893849557, -5.5476123520177 ], [ 105.228883765292878, -5.547616635001532 ], [ 105.228882099380556, -5.547611638418474 ], [ 105.228864015032073, -5.547614255300296 ], [ 105.228857828407982, -5.547585701848622 ], [ 105.228855449589204, -5.547534781525241 ], [ 105.228992506312579, -5.547528832948583 ], [ 105.228999654560923, -5.547592671483415 ], [ 105.229007566143721, -5.547592016175508 ], [ 105.22901463561827, -5.547645901898566 ], [ 105.22903533683187, -5.547641857382653 ], [ 105.229043188490849, -5.547677786616364 ], [ 105.229003690027625, -5.547685400879976 ] ] ] } },
{ "type": "Feature", "properties": { "point_id": 128, "footprint_id": 557, "id_bangunan": "SDI-B50-050", "fungsi_bangunan": "Rumah Tinggal", "jumlah_lantai": 1, "tinggi_lantai": 4.0, "tinggi_total": 4.0, "luas_m2": 69.84, "jarak_match_m": 0.97, "metode_match": "optimal_nearest", "status_match": "OK" }, "geometry": { "type": "Polygon", "coordinates": [ [ [ 105.229283590843337, -5.547523645164567 ], [ 105.229336415259212, -5.547515079463713 ], [ 105.229354975312191, -5.547617396019667 ], [ 105.229298136221473, -5.547624632554382 ], [ 105.229283590843337, -5.547523645164567 ] ] ] } },
{ "type": "Feature", "properties": { "point_id": 129, "footprint_id": 506, "id_bangunan": "SDI-B51-051", "fungsi_bangunan": "Rumah Tinggal", "jumlah_lantai": 1, "tinggi_lantai": 4.0, "tinggi_total": 4.0, "luas_m2": 233.0, "jarak_match_m": 2.37, "metode_match": "optimal_nearest", "status_match": "OK" }, "geometry": { "type": "Polygon", "coordinates": [ [ [ 105.229004284906566, -5.547703841722312 ], [ 105.229028555421891, -5.547698131288315 ], [ 105.229057108840749, -5.547787599011676 ], [ 105.228964309311735, -5.547820435353738 ], [ 105.228872938265582, -5.54784898947095 ], [ 105.228844385195117, -5.547753334909344 ], [ 105.229004284906566, -5.547703841722312 ] ] ] } },
{ "type": "Feature", "properties": { "point_id": 130, "footprint_id": 508, "id_bangunan": "SDI-B52-052", "fungsi_bangunan": "Rumah Tinggal", "jumlah_lantai": 1, "tinggi_lantai": 4.0, "tinggi_total": 4.0, "luas_m2": 192.41, "jarak_match_m": 0.0, "metode_match": "within", "status_match": "OK" }, "geometry": { "type": "Polygon", "coordinates": [ [ [ 105.228901967549817, -5.547919897437493 ], [ 105.228944797924839, -5.547903716765267 ], [ 105.228931452093832, -5.547869564559273 ], [ 105.228942418265845, -5.54786469335521 ], [ 105.229038549175343, -5.547826622387855 ], [ 105.229065199051348, -5.547896578681842 ], [ 105.229038548427425, -5.547908951803191 ], [ 105.22904854246238, -5.547937505587049 ], [ 105.228989056189718, -5.547961299827303 ], [ 105.228992863463574, -5.547970342032578 ], [ 105.228932901006431, -5.547993184771193 ], [ 105.228928617907059, -5.547981763548259 ], [ 105.228918623895837, -5.547986046360315 ], [ 105.228895305492628, -5.547925132449523 ], [ 105.228901967549817, -5.547919897437493 ] ] ] } },
{ "type": "Feature", "properties": { "point_id": 131, "footprint_id": 509, "id_bangunan": "SDI-B53-053", "fungsi_bangunan": "Rumah Tinggal", "jumlah_lantai": 1, "tinggi_lantai": 4.0, "tinggi_total": 4.0, "luas_m2": 129.37, "jarak_match_m": 0.0, "metode_match": "within", "status_match": "OK" }, "geometry": { "type": "Polygon", "coordinates": [ [ [ 105.228911783254844, -5.54820019794133 ], [ 105.228905834437654, -5.548186635177138 ], [ 105.228896078857744, -5.548188776615405 ], [ 105.228889416392974, -5.5481718823406 ], [ 105.228874425822355, -5.548178306557639 ], [ 105.228834926405113, -5.548092170324788 ], [ 105.228912972736026, -5.548058381698308 ], [ 105.228940098821454, -5.548120009703704 ], [ 105.228945571463854, -5.548118581873782 ], [ 105.228970317746544, -5.548175927331463 ], [ 105.228911783254844, -5.54820019794133 ] ] ] } },
{ "type": "Feature", "properties": { "point_id": 132, "footprint_id": 510, "id_bangunan": "SDI-B54-054", "fungsi_bangunan": "Rumah Tinggal", "jumlah_lantai": 1, "tinggi_lantai": 4.0, "tinggi_total": 4.0, "luas_m2": 217.58, "jarak_match_m": 0.0, "metode_match": "within", "status_match": "OK" }, "geometry": { "type": "Polygon", "coordinates": [ [ [ 105.229017787850637, -5.548044700066607 ], [ 105.229066685572562, -5.548023998362702 ], [ 105.229071683196707, -5.548033992691572 ], [ 105.229109159607319, -5.548017930779343 ], [ 105.229119509531273, -5.548042201861357 ], [ 105.229149847766848, -5.548032921173992 ], [ 105.229165552778355, -5.548069327725915 ], [ 105.229149134563315, -5.548077536451567 ], [ 105.229161983692819, -5.548104305178152 ], [ 105.229019572464125, -5.548167837069447 ], [ 105.229016003377524, -5.548160699038011 ], [ 105.229002083963749, -5.548165695322625 ], [ 105.228988521038815, -5.548132858548219 ], [ 105.228991732621822, -5.548130717832837 ], [ 105.228977455880951, -5.548096452908966 ], [ 105.22898352345338, -5.548092527139252 ], [ 105.228976385083669, -5.548075395129533 ], [ 105.229015646273623, -5.548056478395064 ], [ 105.229016003044677, -5.548056835589451 ], [ 105.229017787850637, -5.548044700066607 ] ] ] } },
{ "type": "Feature", "properties": { "point_id": 133, "footprint_id": 522, "id_bangunan": "SDI-B55-055", "fungsi_bangunan": "Rumah Tinggal", "jumlah_lantai": 1, "tinggi_lantai": 4.0, "tinggi_total": 4.0, "luas_m2": 117.16, "jarak_match_m": 0.89, "metode_match": "optimal_nearest", "status_match": "OK" }, "geometry": { "type": "Polygon", "coordinates": [ [ [ 105.229339582189851, -5.547998139339907 ], [ 105.229452130643338, -5.547954833124594 ], [ 105.229458555298578, -5.547970774899698 ], [ 105.229452369041368, -5.547973630531902 ], [ 105.229458079786909, -5.54798790714301 ], [ 105.229479256159948, -5.547979816880014 ], [ 105.22949567520844, -5.548020505707814 ], [ 105.229446895519729, -5.548042872841703 ], [ 105.229443088957581, -5.548033354799133 ], [ 105.229365042387244, -5.548066429733933 ], [ 105.229339582189851, -5.547998139339907 ] ] ] } },
{ "type": "Feature", "properties": { "point_id": 134, "footprint_id": 512, "id_bangunan": "SDI-B56-056", "fungsi_bangunan": "Rumah Tinggal", "jumlah_lantai": 1, "tinggi_lantai": 4.0, "tinggi_total": 4.0, "luas_m2": 100.14, "jarak_match_m": 0.0, "metode_match": "within", "status_match": "OK" }, "geometry": { "type": "Polygon", "coordinates": [ [ [ 105.229183620100756, -5.548116135809269 ], [ 105.229210167318442, -5.548170335127296 ], [ 105.229161269713074, -5.548196034070702 ], [ 105.229104519006654, -5.548224230142807 ], [ 105.229082033875301, -5.548184255604249 ], [ 105.229060261702202, -5.548194963205749 ], [ 105.229051338433209, -5.548175689702512 ], [ 105.22913450066315, -5.54813785623266 ], [ 105.229184328720947, -5.548115793581021 ], [ 105.229183620100756, -5.548116135809269 ] ] ] } },
{ "type": "Feature", "properties": { "point_id": 135, "footprint_id": 524, "id_bangunan": "SDI-B57-057", "fungsi_bangunan": "Rumah Tinggal", "jumlah_lantai": 1, "tinggi_lantai": 4.0, "tinggi_total": 4.0, "luas_m2": 93.71, "jarak_match_m": 3.55, "metode_match": "optimal_nearest", "status_match": "OK" }, "geometry": { "type": "Polygon", "coordinates": [ [ [ 105.229379319177397, -5.548131151138516 ], [ 105.22942952626957, -5.548115684044652 ], [ 105.229432381300072, -5.548125440376492 ], [ 105.22948687121692, -5.54810664254391 ], [ 105.229508761624771, -5.548168270742763 ], [ 105.229398116669984, -5.548200631001043 ], [ 105.229379319177397, -5.548131151138516 ] ] ] } },
{ "type": "Feature", "properties": { "point_id": 136, "footprint_id": 514, "id_bangunan": "SDI-B58-058", "fungsi_bangunan": "Rumah Tinggal", "jumlah_lantai": 1, "tinggi_lantai": 4.0, "tinggi_total": 4.0, "luas_m2": 205.47, "jarak_match_m": 0.0, "metode_match": "within", "status_match": "OK" }, "geometry": { "type": "Polygon", "coordinates": [ [ [ 105.229110943564478, -5.548239934906344 ], [ 105.229202315114591, -5.548198532158615 ], [ 105.229243717733027, -5.54828205140965 ], [ 105.229262634405472, -5.548272057764088 ], [ 105.229276911641989, -5.548309890577181 ], [ 105.229256567118668, -5.548318813683777 ], [ 105.229257637356625, -5.548322026547687 ], [ 105.229176616578542, -5.54835950277768 ], [ 105.229170906403539, -5.548363071983046 ], [ 105.229153060744082, -5.548371281262167 ], [ 105.229142352420581, -5.548375207022391 ], [ 105.229134143377749, -5.548379490051315 ], [ 105.229104162784481, -5.548309534148387 ], [ 105.229166266458648, -5.548285620373671 ], [ 105.229158771034449, -5.548267417412011 ], [ 105.229125934608561, -5.548279195872508 ], [ 105.229110943564478, -5.548239934906344 ] ] ] } },
{ "type": "Feature", "properties": { "point_id": 137, "footprint_id": 519, "id_bangunan": "SDI-B59-059", "fungsi_bangunan": "Rumah Tinggal", "jumlah_lantai": 1, "tinggi_lantai": 4.0, "tinggi_total": 4.0, "luas_m2": 164.79, "jarak_match_m": 2.79, "metode_match": "optimal_nearest", "status_match": "OK" }, "geometry": { "type": "Polygon", "coordinates": [ [ [ 105.229145611318685, -5.548374012540541 ], [ 105.229257637356625, -5.548322026547687 ], [ 105.229256567118668, -5.548318813683777 ], [ 105.229264406309554, -5.548315375729679 ], [ 105.22930527040721, -5.54841415192566 ], [ 105.229183917668905, -5.548466023939093 ], [ 105.229145611318685, -5.548374012540541 ] ] ] } },
{ "type": "Feature", "properties": { "point_id": 138, "footprint_id": 530, "id_bangunan": "SDI-B60-060", "fungsi_bangunan": "Rumah Tinggal", "jumlah_lantai": 1, "tinggi_lantai": 4.0, "tinggi_total": 4.0, "luas_m2": 79.98, "jarak_match_m": 3.37, "metode_match": "optimal_nearest", "status_match": "OK" }, "geometry": { "type": "Polygon", "coordinates": [ [ [ 105.229566498662777, -5.548311646325431 ], [ 105.22957471299253, -5.548309372492422 ], [ 105.22956436225283, -5.548269040454217 ], [ 105.229546872905203, -5.54824369924985 ], [ 105.229486972877396, -5.54825988297072 ], [ 105.22948231793707, -5.548237179235614 ], [ 105.229537521625829, -5.548219666613555 ], [ 105.229536569967649, -5.548214907675651 ], [ 105.229582065447843, -5.548200631093263 ], [ 105.229583778372287, -5.548205770588724 ], [ 105.229589489187134, -5.548203866820171 ], [ 105.229617662074048, -5.548294286338717 ], [ 105.229611379889477, -5.548296571182513 ], [ 105.229612712706512, -5.548301710825406 ], [ 105.229568359643679, -5.548316748673212 ], [ 105.229566498662777, -5.548311646325431 ] ] ] } },
{ "type": "Feature", "properties": { "point_id": 139, "footprint_id": 515, "id_bangunan": "SDI-B61-061", "fungsi_bangunan": "Rumah Tinggal", "jumlah_lantai": 1, "tinggi_lantai": 4.0, "tinggi_total": 4.0, "luas_m2": 90.04, "jarak_match_m": 3.18, "metode_match": "optimal_nearest", "status_match": "OK" }, "geometry": { "type": "Polygon", "coordinates": [ [ [ 105.229208739799873, -5.548476512658649 ], [ 105.229262991690277, -5.548460807899257 ], [ 105.229300586887149, -5.54844367573993 ], [ 105.229328188248942, -5.548510776607724 ], [ 105.229239672438382, -5.548552179173813 ], [ 105.229208739799873, -5.548476512658649 ] ] ] } },
{ "type": "Feature", "properties": { "point_id": 140, "footprint_id": 529, "id_bangunan": "SDI-B62-062", "fungsi_bangunan": "Rumah Tinggal", "jumlah_lantai": 1, "tinggi_lantai": 4.0, "tinggi_total": 4.0, "luas_m2": 99.68, "jarak_match_m": 0.0, "metode_match": "within", "status_match": "OK" }, "geometry": { "type": "Polygon", "coordinates": [ [ [ 105.229445150917869, -5.548271181857717 ], [ 105.229546872905203, -5.54824369924985 ], [ 105.22956436225283, -5.548269040454217 ], [ 105.22957471299253, -5.548309372492422 ], [ 105.22946759718721, -5.548339020190672 ], [ 105.229462124544241, -5.548340448025426 ], [ 105.229460220543189, -5.548336165297147 ], [ 105.229445150917869, -5.548271181857717 ] ] ] } },
{ "type": "Feature", "properties": { "point_id": 141, "footprint_id": 516, "id_bangunan": "SDI-B63-063", "fungsi_bangunan": "Rumah Tinggal", "jumlah_lantai": 1, "tinggi_lantai": 4.0, "tinggi_total": 4.0, "luas_m2": 114.37, "jarak_match_m": 0.0, "metode_match": "within", "status_match": "OK" }, "geometry": { "type": "Polygon", "coordinates": [ [ [ 105.229240148815009, -5.54860976289812 ], [ 105.229363404777018, -5.548550751625766 ], [ 105.22938672330406, -5.548618804022314 ], [ 105.229264419458872, -5.548672103943018 ], [ 105.229240148815009, -5.54860976289812 ] ] ] } },
{ "type": "Feature", "properties": { "point_id": 142, "footprint_id": 566, "id_bangunan": "SDI-B64-064", "fungsi_bangunan": "Rumah Tinggal", "jumlah_lantai": 1, "tinggi_lantai": 4.0, "tinggi_total": 4.0, "luas_m2": 236.78, "jarak_match_m": 0.0, "metode_match": "within", "status_match": "OK" }, "geometry": { "type": "Polygon", "coordinates": [ [ [ 105.22968417342301, -5.548631855601141 ], [ 105.22980731089983, -5.548574748549554 ], [ 105.229829915070042, -5.54862352696029 ], [ 105.229865012681699, -5.548610440378061 ], [ 105.22988523777741, -5.5486568396052 ], [ 105.229851330818761, -5.548669331377965 ], [ 105.229853115156729, -5.54867468524415 ], [ 105.229716890598496, -5.548736551268588 ], [ 105.229710347392825, -5.548722274984217 ], [ 105.229685363048617, -5.548735956501129 ], [ 105.22966335316876, -5.548683013799467 ], [ 105.229697260769655, -5.54866516747732 ], [ 105.22968417342301, -5.548631855601141 ] ] ] } },
{ "type": "Feature", "properties": { "point_id": 143, "footprint_id": 569, "id_bangunan": "SDI-B65-065", "fungsi_bangunan": "Rumah Tinggal", "jumlah_lantai": 1, "tinggi_lantai": 4.0, "tinggi_total": 4.0, "luas_m2": 57.53, "jarak_match_m": 0.0, "metode_match": "within", "status_match": "OK" }, "geometry": { "type": "Polygon", "coordinates": [ [ [ 105.22940467374417, -5.548842041224512 ], [ 105.229470109438978, -5.548802779823571 ], [ 105.229501042569709, -5.548851558633947 ], [ 105.229434417381796, -5.548896768503019 ], [ 105.22940467374417, -5.548842041224512 ] ] ] } },
{ "type": "Feature", "properties": { "point_id": 144, "footprint_id": 567, "id_bangunan": "SDI-B66-066", "fungsi_bangunan": "Rumah Tinggal", "jumlah_lantai": 1, "tinggi_lantai": 4.0, "tinggi_total": 4.0, "luas_m2": 183.9, "jarak_match_m": 0.0, "metode_match": "within", "status_match": "OK" }, "geometry": { "type": "Polygon", "coordinates": [ [ [ 105.229722244992075, -5.548786520556167 ], [ 105.229738306289789, -5.54877521808675 ], [ 105.229730573064359, -5.548756182053223 ], [ 105.229831700009328, -5.548707403512703 ], [ 105.229832295249139, -5.54871037773521 ], [ 105.229859063465867, -5.548700859573359 ], [ 105.22988821200758, -5.548766889621799 ], [ 105.229864417170091, -5.548777002786609 ], [ 105.229874530457678, -5.548807935708291 ], [ 105.22984300211084, -5.548821617061535 ], [ 105.229808500629431, -5.548837678769689 ], [ 105.229774592968369, -5.548848386590169 ], [ 105.229764479792792, -5.548831729778488 ], [ 105.229748418882835, -5.548834704139599 ], [ 105.229722244992075, -5.548786520556167 ] ] ] } },
{ "type": "Feature", "properties": { "point_id": 145, "footprint_id": 521, "id_bangunan": "SDI-B67-067", "fungsi_bangunan": "Rumah Tinggal", "jumlah_lantai": 1, "tinggi_lantai": 4.0, "tinggi_total": 4.0, "luas_m2": 63.14, "jarak_match_m": 33.54, "metode_match": "optimal_nearest", "status_match": "PERLU_CEK" }, "geometry": { "type": "Polygon", "coordinates": [ [ [ 105.229108655195176, -5.549055214813548 ], [ 105.229176708142489, -5.549024757283646 ], [ 105.229204310040004, -5.549088527273386 ], [ 105.229136971165474, -5.549118745705189 ], [ 105.229108655195176, -5.549055214813548 ] ] ] } },
{ "type": "Feature", "properties": { "point_id": 146, "footprint_id": 568, "id_bangunan": "SDI-B68-068", "fungsi_bangunan": "Rumah Tinggal", "jumlah_lantai": 1, "tinggi_lantai": 4.0, "tinggi_total": 4.0, "luas_m2": 166.33, "jarak_match_m": 0.0, "metode_match": "within", "status_match": "OK" }, "geometry": { "type": "Polygon", "coordinates": [ [ [ 105.229764480577245, -5.548875750428366 ], [ 105.229909032139545, -5.548818047923294 ], [ 105.229954242152587, -5.548922149797799 ], [ 105.229912006930007, -5.54894118535449 ], [ 105.229895945721438, -5.548906087977723 ], [ 105.229809095305328, -5.548944159100188 ], [ 105.229798982285331, -5.548918580737035 ], [ 105.229782326169371, -5.548923339279017 ], [ 105.229764480577245, -5.548875750428366 ] ] ] } },
{ "type": "Feature", "properties": { "point_id": 147, "footprint_id": 571, "id_bangunan": "SDI-B69-069", "fungsi_bangunan": "Rumah Tinggal", "jumlah_lantai": 1, "tinggi_lantai": 4.0, "tinggi_total": 4.0, "luas_m2": 91.93, "jarak_match_m": 9.97, "metode_match": "optimal_nearest", "status_match": "OK" }, "geometry": { "type": "Polygon", "coordinates": [ [ [ 105.22944924917357, -5.548916340046853 ], [ 105.229482264593003, -5.548891057947789 ], [ 105.229491484592884, -5.548907118953888 ], [ 105.229495945773479, -5.548905037456993 ], [ 105.229497730994765, -5.54890801121808 ], [ 105.229539074061762, -5.548886299209232 ], [ 105.229559001686269, -5.548875591401043 ], [ 105.229575360309795, -5.548902360563424 ], [ 105.229559596492649, -5.54891247331254 ], [ 105.229575955116928, -5.54893924157019 ], [ 105.229493388591891, -5.548983797247684 ], [ 105.22944924917357, -5.548916340046853 ] ] ] } },
{ "type": "Feature", "properties": { "point_id": 148, "footprint_id": 637, "id_bangunan": "SDI-B70-070", "fungsi_bangunan": "Rumah Tinggal", "jumlah_lantai": 1, "tinggi_lantai": 4.0, "tinggi_total": 4.0, "luas_m2": 127.89, "jarak_match_m": 4.15, "metode_match": "optimal_nearest", "status_match": "OK" }, "geometry": { "type": "Polygon", "coordinates": [ [ [ 105.230093171034241, -5.549131063799988 ], [ 105.230128862867446, -5.549197451334039 ], [ 105.230011793272936, -5.549260982652212 ], [ 105.229998944493644, -5.549235285040427 ], [ 105.229983953909809, -5.549241709285975 ], [ 105.229963966222826, -5.549204589761042 ], [ 105.230055337796045, -5.549156048371153 ], [ 105.230052482235124, -5.549149623829705 ], [ 105.230093171034241, -5.549131063799988 ] ] ] } },
{ "type": "Feature", "properties": { "point_id": 149, "footprint_id": 638, "id_bangunan": "SDI-B71-071", "fungsi_bangunan": "Rumah Tinggal", "jumlah_lantai": 1, "tinggi_lantai": 4.0, "tinggi_total": 4.0, "luas_m2": 156.56, "jarak_match_m": 0.0, "metode_match": "within", "status_match": "OK" }, "geometry": { "type": "Polygon", "coordinates": [ [ [ 105.230010365745045, -5.549272404277566 ], [ 105.230143853288908, -5.549204589435989 ], [ 105.230187397577595, -5.549292391242914 ], [ 105.230108875465504, -5.549328797346226 ], [ 105.23009816814448, -5.549307382370208 ], [ 105.230042488951739, -5.549335221689022 ], [ 105.230010365745045, -5.549272404277566 ] ] ] } },
{ "type": "Feature", "properties": { "point_id": 150, "footprint_id": 596, "id_bangunan": "SDI-B72-072", "fungsi_bangunan": "Rumah Tinggal", "jumlah_lantai": 1, "tinggi_lantai": 4.0, "tinggi_total": 4.0, "luas_m2": 148.45, "jarak_match_m": 0.0, "metode_match": "within", "status_match": "OK" }, "geometry": { "type": "Polygon", "coordinates": [ [ [ 105.230179515481169, -5.549397090015162 ], [ 105.230268983772319, -5.549343790026129 ], [ 105.230299440188844, -5.549392331055529 ], [ 105.230285163579637, -5.549407559883912 ], [ 105.230315620944211, -5.549460859313942 ], [ 105.23023281558541, -5.549506545081977 ], [ 105.230226153139299, -5.549487509544182 ], [ 105.230179515481169, -5.549397090015162 ] ] ] } },
{ "type": "Feature", "properties": { "point_id": 151, "footprint_id": 593, "id_bangunan": "SDI-B73-073", "fungsi_bangunan": "Rumah Tinggal", "jumlah_lantai": 1, "tinggi_lantai": 4.0, "tinggi_total": 4.0, "luas_m2": 167.24, "jarak_match_m": 0.86, "metode_match": "optimal_nearest", "status_match": "OK" }, "geometry": { "type": "Polygon", "coordinates": [ [ [ 105.230113842513219, -5.549625517976128 ], [ 105.230243285720348, -5.549558893379929 ], [ 105.230288019534228, -5.549640746710869 ], [ 105.230199503196701, -5.549694998013839 ], [ 105.230193792251072, -5.549682625677693 ], [ 105.230151913947438, -5.549697853487626 ], [ 105.230113842513219, -5.549625517976128 ] ] ] } },
{ "type": "Feature", "properties": { "point_id": 152, "footprint_id": 644, "id_bangunan": "SDI-B74-074", "fungsi_bangunan": "Rumah Tinggal", "jumlah_lantai": 1, "tinggi_lantai": 4.0, "tinggi_total": 4.0, "luas_m2": 162.3, "jarak_match_m": 0.0, "metode_match": "within", "status_match": "OK" }, "geometry": { "type": "Polygon", "coordinates": [ [ [ 105.229990616413787, -5.550076543033008 ], [ 105.230137667246183, -5.549974226305082 ], [ 105.230152420001588, -5.549997069034549 ], [ 105.230166220155482, -5.549989454742432 ], [ 105.230190966921555, -5.550026574214413 ], [ 105.230027736286999, -5.550132698544488 ], [ 105.229990616413787, -5.550076543033008 ] ] ] } },
{ "type": "Feature", "properties": { "point_id": 153, "footprint_id": 604, "id_bangunan": "SDI-B75-075", "fungsi_bangunan": "Rumah Tinggal", "jumlah_lantai": 1, "tinggi_lantai": 4.0, "tinggi_total": 4.0, "luas_m2": 32.89, "jarak_match_m": 0.0, "metode_match": "within", "status_match": "OK" }, "geometry": { "type": "Polygon", "coordinates": [ [ [ 105.230337964192287, -5.549886401928386 ], [ 105.230335599907434, -5.549882615125187 ], [ 105.230389003362475, -5.549851067643883 ], [ 105.230394000331955, -5.549859276201931 ], [ 105.230399354017578, -5.549856064456042 ], [ 105.230410418553063, -5.549874266912442 ], [ 105.230406135673448, -5.54987747914582 ], [ 105.230409704926302, -5.549884974499766 ], [ 105.230358308566636, -5.549918882309267 ], [ 105.230337964192287, -5.549886401928386 ] ] ] } },
{ "type": "Feature", "properties": { "point_id": 154, "footprint_id": 645, "id_bangunan": "SDI-B76-076", "fungsi_bangunan": "Rumah Tinggal", "jumlah_lantai": 1, "tinggi_lantai": 4.0, "tinggi_total": 4.0, "luas_m2": 183.29, "jarak_match_m": 0.0, "metode_match": "within", "status_match": "OK" }, "geometry": { "type": "Polygon", "coordinates": [ [ [ 105.2301214862579, -5.550205509942465 ], [ 105.230143853897204, -5.550191233267031 ], [ 105.230103402497761, -5.550123656181187 ], [ 105.23016003360425, -5.550089391736454 ], [ 105.230172407460259, -5.550110331125753 ], [ 105.230205719116782, -5.550089867883443 ], [ 105.230217141142475, -5.550107951696459 ], [ 105.230237128106609, -5.550096530081276 ], [ 105.230239507748649, -5.550100337685552 ], [ 105.230249025765886, -5.55009319908988 ], [ 105.230285193462464, -5.550145547328651 ], [ 105.230269013540322, -5.550156016687023 ], [ 105.230270916815087, -5.550158396051422 ], [ 105.230190491368774, -5.55020884110101 ], [ 105.230141473951193, -5.550237870152317 ], [ 105.2301214862579, -5.550205509942465 ] ] ] } },
{ "type": "Feature", "properties": { "point_id": 155, "footprint_id": 666, "id_bangunan": "SDI-B77-077", "fungsi_bangunan": "Rumah Tinggal", "jumlah_lantai": 1, "tinggi_lantai": 4.0, "tinggi_total": 4.0, "luas_m2": 162.41, "jarak_match_m": 0.0, "metode_match": "within", "status_match": "OK" }, "geometry": { "type": "Polygon", "coordinates": [ [ [ 105.230185970059352, -5.550472623883207 ], [ 105.230197937246544, -5.550492569231234 ], [ 105.230099833740198, -5.550548290676273 ], [ 105.230079846474098, -5.55050308097071 ], [ 105.230102689240695, -5.550491660057451 ], [ 105.230056051350616, -5.550403143885142 ], [ 105.230128387215643, -5.550366976302986 ], [ 105.230185970059352, -5.550472623883207 ] ] ] } },
{ "type": "Feature", "properties": { "point_id": 156, "footprint_id": 609, "id_bangunan": "SDI-B78-078", "fungsi_bangunan": "Rumah Tinggal", "jumlah_lantai": 1, "tinggi_lantai": 4.0, "tinggi_total": 4.0, "luas_m2": 197.47, "jarak_match_m": 0.0, "metode_match": "within", "status_match": "OK" }, "geometry": { "type": "Polygon", "coordinates": [ [ [ 105.23052164639752, -5.550107691928184 ], [ 105.230538064508224, -5.550099125831035 ], [ 105.230525572808276, -5.55007235700111 ], [ 105.230659060399574, -5.549997404437153 ], [ 105.230707601251524, -5.550082707444569 ], [ 105.230572686136654, -5.550159802762026 ], [ 105.230556981943366, -5.550135174657313 ], [ 105.230540563206347, -5.550144454515545 ], [ 105.23052164639752, -5.550107691928184 ] ] ] } },
{ "type": "Feature", "properties": { "point_id": 157, "footprint_id": 610, "id_bangunan": "SDI-B79-079", "fungsi_bangunan": "Rumah Tinggal", "jumlah_lantai": 1, "tinggi_lantai": 4.0, "tinggi_total": 4.0, "luas_m2": 255.11, "jarak_match_m": 0.0, "metode_match": "within", "status_match": "OK" }, "geometry": { "type": "Polygon", "coordinates": [ [ [ 105.230573042741057, -5.550201561670829 ], [ 105.230593387377084, -5.550190497236755 ], [ 105.230582322971557, -5.550168011318012 ], [ 105.230762567132373, -5.550075569198135 ], [ 105.23080825263763, -5.550161943498723 ], [ 105.230763994390259, -5.550186571482245 ], [ 105.230761138954961, -5.550180503372735 ], [ 105.230629793228132, -5.550256170694505 ], [ 105.23061694356403, -5.550232970808032 ], [ 105.230595172179221, -5.550245819747797 ], [ 105.230573042741057, -5.550201561670829 ] ] ] } },
{ "type": "Feature", "properties": { "point_id": 158, "footprint_id": 647, "id_bangunan": "SDI-B80-080", "fungsi_bangunan": "Rumah Tinggal", "jumlah_lantai": 1, "tinggi_lantai": 4.0, "tinggi_total": 4.0, "luas_m2": 88.42, "jarak_match_m": 0.0, "metode_match": "within", "status_match": "OK" }, "geometry": { "type": "Polygon", "coordinates": [ [ [ 105.230346345413352, -5.550376950107376 ], [ 105.230266633539287, -5.55027463299722 ], [ 105.230270797546055, -5.550269873878068 ], [ 105.230323079364027, -5.550239861106429 ], [ 105.230335042901231, -5.550257382020309 ], [ 105.230327905295297, -5.550263330994175 ], [ 105.230389770623816, -5.550348396344653 ], [ 105.230346345413352, -5.550376950107376 ] ] ] } },
{ "type": "Feature", "properties": { "point_id": 159, "footprint_id": 654, "id_bangunan": "SDI-B81-081", "fungsi_bangunan": "Rumah Tinggal", "jumlah_lantai": 1, "tinggi_lantai": 4.0, "tinggi_total": 4.0, "luas_m2": 43.48, "jarak_match_m": 0.0, "metode_match": "within", "status_match": "OK" }, "geometry": { "type": "Polygon", "coordinates": [ [ [ 105.230483164268264, -5.550558978934743 ], [ 105.230561806694055, -5.550511201416534 ], [ 105.230582507209974, -5.550542322880753 ], [ 105.230504579805171, -5.550592291158992 ], [ 105.230483164268264, -5.550558978934743 ] ] ] } },
{ "type": "Feature", "properties": { "point_id": 160, "footprint_id": 659, "id_bangunan": "SDI-B82-082", "fungsi_bangunan": "Rumah Tinggal", "jumlah_lantai": 1, "tinggi_lantai": 4.0, "tinggi_total": 4.0, "luas_m2": 30.41, "jarak_match_m": 3.48, "metode_match": "optimal_nearest", "status_match": "OK" }, "geometry": { "type": "Polygon", "coordinates": [ [ [ 105.230582507209974, -5.550542322880753 ], [ 105.230631881404932, -5.550509010187548 ], [ 105.230653891038216, -5.550542322174417 ], [ 105.230603327108156, -5.550578608882401 ], [ 105.230582507209974, -5.550542322880753 ] ] ] } },
{ "type": "Feature", "properties": { "point_id": 161, "footprint_id": 612, "id_bangunan": "SDI-B83-083", "fungsi_bangunan": "Rumah Tinggal", "jumlah_lantai": 1, "tinggi_lantai": 4.0, "tinggi_total": 4.0, "luas_m2": 171.66, "jarak_match_m": 0.0, "metode_match": "within", "status_match": "OK" }, "geometry": { "type": "Polygon", "coordinates": [ [ [ 105.230872208635532, -5.550378188795849 ], [ 105.230908904150098, -5.550355155922584 ], [ 105.230921990754879, -5.550346828131389 ], [ 105.23097552840251, -5.550442006011242 ], [ 105.230923180125146, -5.550470559682822 ], [ 105.230919611672419, -5.550462826412134 ], [ 105.230822053587403, -5.550511605560393 ], [ 105.230794689709853, -5.550456878338915 ], [ 105.230868453045716, -5.550409289041641 ], [ 105.230852986658306, -5.550390253332 ], [ 105.230872208635532, -5.550378188795849 ] ] ] } },
{ "type": "Feature", "properties": { "point_id": 162, "footprint_id": 959, "id_bangunan": "SDI-B84-084", "fungsi_bangunan": "Rumah Tinggal", "jumlah_lantai": 1, "tinggi_lantai": 4.0, "tinggi_total": 4.0, "luas_m2": 189.55, "jarak_match_m": 0.0, "metode_match": "within", "status_match": "OK" }, "geometry": { "type": "Polygon", "coordinates": [ [ [ 105.230790855595998, -5.550815438075578 ], [ 105.23082441321769, -5.5508771711168 ], [ 105.230740564847522, -5.550922749715484 ], [ 105.230705599038671, -5.550945374816929 ], [ 105.23069758805272, -5.550950558811475 ], [ 105.230697484160046, -5.550950398730879 ], [ 105.230675892624348, -5.550963765057724 ], [ 105.230673267225939, -5.550959524229325 ], [ 105.230655305122411, -5.550970263876478 ], [ 105.23062334158962, -5.550916803128287 ], [ 105.230640476852301, -5.550906557737664 ], [ 105.230626197072922, -5.550883490487755 ], [ 105.230646184587115, -5.550871117177715 ], [ 105.230694725290391, -5.550839709069175 ], [ 105.230708121142086, -5.550860411935698 ], [ 105.230790855595998, -5.550815438075578 ] ] ] } },
{ "type": "Feature", "properties": { "point_id": 163, "footprint_id": 620, "id_bangunan": "SDI-B85-085", "fungsi_bangunan": "Rumah Tinggal", "jumlah_lantai": 1, "tinggi_lantai": 4.0, "tinggi_total": 4.0, "luas_m2": 247.77, "jarak_match_m": 0.0, "metode_match": "within", "status_match": "OK" }, "geometry": { "type": "Polygon", "coordinates": [ [ [ 105.231013004919845, -5.550681142669107 ], [ 105.231102235171079, -5.550635337579402 ], [ 105.231244705652955, -5.550565441017394 ], [ 105.231267310180556, -5.550607676107204 ], [ 105.231245002907158, -5.550619275973762 ], [ 105.23125749504247, -5.550640096783975 ], [ 105.231049291670161, -5.550756095026625 ], [ 105.23104572300592, -5.550750146609949 ], [ 105.231038584475201, -5.550753715487123 ], [ 105.231013005129313, -5.550702557285998 ], [ 105.231020143427912, -5.550698393156702 ], [ 105.231013004919845, -5.550681142669107 ] ] ] } },
{ "type": "Feature", "properties": { "point_id": 164, "footprint_id": 614, "id_bangunan": "SDI-B86-086", "fungsi_bangunan": "Rumah Tinggal", "jumlah_lantai": 1, "tinggi_lantai": 4.0, "tinggi_total": 4.0, "luas_m2": 87.09, "jarak_match_m": 0.0, "metode_match": "within", "status_match": "OK" }, "geometry": { "type": "Polygon", "coordinates": [ [ [ 105.230929150005821, -5.550547360307575 ], [ 105.230952923408239, -5.550535399833645 ], [ 105.231025497102237, -5.550500303143277 ], [ 105.231049886523962, -5.550558600316788 ], [ 105.230957683188407, -5.550611543257838 ], [ 105.230929150005821, -5.550547360307575 ] ] ] } },
{ "type": "Feature", "properties": { "point_id": 165, "footprint_id": 950, "id_bangunan": "SDI-B87-087", "fungsi_bangunan": "Rumah Tinggal", "jumlah_lantai": 1, "tinggi_lantai": 4.0, "tinggi_total": 4.0, "luas_m2": 227.61, "jarak_match_m": 0.0, "metode_match": "within", "status_match": "OK" }, "geometry": { "type": "Polygon", "coordinates": [ [ [ 105.23114521096818, -5.550818356407168 ], [ 105.231190576316763, -5.550891458836474 ], [ 105.231195735810175, -5.550888044520057 ], [ 105.231225399117321, -5.550932869545639 ], [ 105.231152269879203, -5.550981263768961 ], [ 105.231125240903921, -5.550940419931008 ], [ 105.231112809536882, -5.550948135030144 ], [ 105.231121071389296, -5.550961168554114 ], [ 105.231081096607028, -5.550986510457465 ], [ 105.231036231459512, -5.550915737269935 ], [ 105.231069717988404, -5.55089451039512 ], [ 105.231056588294365, -5.550873353304508 ], [ 105.231045880933024, -5.550854317550194 ], [ 105.231097791092196, -5.550825118125916 ], [ 105.231107241687724, -5.550841919007365 ], [ 105.23114521096818, -5.550818356407168 ] ] ] } },
{ "type": "Feature", "properties": { "point_id": 166, "footprint_id": 680, "id_bangunan": "SDI-B89-089", "fungsi_bangunan": "Rumah Tinggal", "jumlah_lantai": 1, "tinggi_lantai": 4.0, "tinggi_total": 4.0, "luas_m2": 196.79, "jarak_match_m": 0.0, "metode_match": "within", "status_match": "OK" }, "geometry": { "type": "Polygon", "coordinates": [ [ [ 105.231176349400002, -5.551099184009071 ], [ 105.231160287782572, -5.551081932490117 ], [ 105.231148985731295, -5.551093830199601 ], [ 105.231115673438993, -5.551061707729962 ], [ 105.23122096406874, -5.550951062667739 ], [ 105.231311383753251, -5.551068250426971 ], [ 105.231247138468802, -5.551115839675676 ], [ 105.231205979456917, -5.551079494711709 ], [ 105.231176349400002, -5.551099184009071 ] ] ] } },
{ "type": "Feature", "properties": { "point_id": 167, "footprint_id": 963, "id_bangunan": "SDI-B90-090", "fungsi_bangunan": "Rumah Tinggal", "jumlah_lantai": 1, "tinggi_lantai": 4.0, "tinggi_total": 4.0, "luas_m2": 120.78, "jarak_match_m": 0.55, "metode_match": "optimal_nearest", "status_match": "OK" }, "geometry": { "type": "Polygon", "coordinates": [ [ [ 105.231089450359619, -5.551186861230095 ], [ 105.231044053120229, -5.551212765222771 ], [ 105.231043794722268, -5.551212313004229 ], [ 105.231044485961206, -5.551213701355064 ], [ 105.230966216548552, -5.551252650419912 ], [ 105.230951081266554, -5.551260881312015 ], [ 105.23092975728359, -5.551221671728686 ], [ 105.23094631790066, -5.551212665004573 ], [ 105.230936791452621, -5.551193520230552 ], [ 105.231011779549391, -5.551156203516358 ], [ 105.231057176786422, -5.551130300430855 ], [ 105.231089450359619, -5.551186861230095 ] ] ] } },
{ "type": "Feature", "properties": { "point_id": 168, "footprint_id": 961, "id_bangunan": "SDI-B91-091", "fungsi_bangunan": "Rumah Tinggal", "jumlah_lantai": 1, "tinggi_lantai": 4.0, "tinggi_total": 4.0, "luas_m2": 177.95, "jarak_match_m": 0.0, "metode_match": "within", "status_match": "OK" }, "geometry": { "type": "Polygon", "coordinates": [ [ [ 105.230930768397414, -5.550994017094711 ], [ 105.230968128696631, -5.551069025124295 ], [ 105.230812869039099, -5.551146357324119 ], [ 105.230775508753837, -5.551071349284301 ], [ 105.230930768397414, -5.550994017094711 ] ] ] } },
{ "type": "Feature", "properties": { "point_id": 169, "footprint_id": 966, "id_bangunan": "SDI-B92-092", "fungsi_bangunan": "Rumah Tinggal", "jumlah_lantai": 1, "tinggi_lantai": 4.0, "tinggi_total": 4.0, "luas_m2": 308.95, "jarak_match_m": 0.0, "metode_match": "within", "status_match": "OK" }, "geometry": { "type": "Polygon", "coordinates": [ [ [ 105.231112192913415, -5.551198628026047 ], [ 105.231158062485903, -5.551279693796562 ], [ 105.231104903056249, -5.551309773024796 ], [ 105.231105359370346, -5.551310704624652 ], [ 105.231089759780431, -5.551318341353937 ], [ 105.231005028569413, -5.551359817798049 ], [ 105.231001875935007, -5.551353377095109 ], [ 105.230968325065248, -5.551371747141829 ], [ 105.230968600658315, -5.551372303387186 ], [ 105.230955119735953, -5.55137897855847 ], [ 105.230926734332073, -5.551393033265515 ], [ 105.230883474344509, -5.551305668359763 ], [ 105.230925341568877, -5.551284937579624 ], [ 105.230923687808598, -5.551281079939939 ], [ 105.230963863508336, -5.551263861626936 ], [ 105.230967639143586, -5.55127267043185 ], [ 105.230993877075434, -5.551259826969347 ], [ 105.230993526534732, -5.551259247232661 ], [ 105.231107350287871, -5.551190353376298 ], [ 105.231109821237723, -5.551194436855746 ], [ 105.231112313869943, -5.551198554702982 ], [ 105.231112192913415, -5.551198628026047 ] ] ] } },
{ "type": "Feature", "properties": { "point_id": 170, "footprint_id": 954, "id_bangunan": "SDI-B93-093", "fungsi_bangunan": "Rumah Tinggal", "jumlah_lantai": 1, "tinggi_lantai": 4.0, "tinggi_total": 4.0, "luas_m2": 694.88, "jarak_match_m": 2.01, "metode_match": "optimal_nearest", "status_match": "OK" }, "geometry": { "type": "Polygon", "coordinates": [ [ [ 105.231227088518935, -5.550947096143768 ], [ 105.231311436511987, -5.551069256364974 ], [ 105.231283097520674, -5.551088823036073 ], [ 105.23129714479019, -5.551105970401546 ], [ 105.231318455568299, -5.551083456451957 ], [ 105.231331205235321, -5.551095524775934 ], [ 105.231374376377886, -5.551056781186256 ], [ 105.231421105939603, -5.551108851107667 ], [ 105.231407948453054, -5.551120659084357 ], [ 105.231440302230993, -5.551148968858266 ], [ 105.231416143070831, -5.551176579759058 ], [ 105.231381154711428, -5.551145965090085 ], [ 105.231386290676724, -5.551140095590767 ], [ 105.231368254863497, -5.551156281215276 ], [ 105.231367995625931, -5.551155991832222 ], [ 105.231341147997313, -5.551184354632773 ], [ 105.231362238282486, -5.551207664355426 ], [ 105.231354725411705, -5.551214462039876 ], [ 105.231371553895471, -5.551234843304103 ], [ 105.231346522554674, -5.551255511438759 ], [ 105.231339928462702, -5.551247525151764 ], [ 105.23123515126251, -5.551318064670395 ], [ 105.231213035207929, -5.551285215020774 ], [ 105.231220970290394, -5.551279872737168 ], [ 105.231207311263034, -5.55126738230018 ], [ 105.231239503054695, -5.55123217834344 ], [ 105.231220717254828, -5.551214395964299 ], [ 105.231201649487858, -5.55123067878398 ], [ 105.231178639184506, -5.551203732252525 ], [ 105.231203708162099, -5.55118232501995 ], [ 105.231167339568387, -5.551138443440892 ], [ 105.231146524859668, -5.55115502909142 ], [ 105.231127599503267, -5.551131277050269 ], [ 105.231136964813516, -5.551123814639233 ], [ 105.231099046183175, -5.551082736233519 ], [ 105.23112806945403, -5.551055945760335 ], [ 105.23112524329153, -5.551053194953195 ], [ 105.231150941427799, -5.551026792059892 ], [ 105.231143181576542, -5.55103231701106 ], [ 105.231130832540657, -5.551014970861694 ], [ 105.23119662744628, -5.550968129156033 ], [ 105.231227088518935, -5.550947096143768 ] ] ] } },
{ "type": "Feature", "properties": { "point_id": 171, "footprint_id": 939, "id_bangunan": "SDI-B94-094", "fungsi_bangunan": "Rumah Tinggal", "jumlah_lantai": 2, "tinggi_lantai": 4.0, "tinggi_total": 8.0, "luas_m2": 213.59, "jarak_match_m": 0.0, "metode_match": "within", "status_match": "OK" }, "geometry": { "type": "MultiPolygon", "coordinates": [ [ [ [ 105.231293467945378, -5.551366860702709 ], [ 105.231293623368728, -5.551367191739788 ], [ 105.23129346831665, -5.551367813287505 ], [ 105.231293467945378, -5.551366860702709 ] ] ], [ [ [ 105.231293623368728, -5.551367191739788 ], [ 105.231294420267716, -5.551364006193813 ], [ 105.231298702945097, -5.551362577902245 ], [ 105.23142909736606, -5.551303567014968 ], [ 105.231418626859266, -5.551280725359215 ], [ 105.231408634158669, -5.551258358451691 ], [ 105.231453368088069, -5.551237894285967 ], [ 105.231460506038161, -5.551255977939895 ], [ 105.231463837431932, -5.551253123403848 ], [ 105.231503336288014, -5.551331645080856 ], [ 105.231504763909072, -5.551348300736072 ], [ 105.231388646423511, -5.55140445734318 ], [ 105.231322020701739, -5.551427775161764 ], [ 105.231293623368728, -5.551367191739788 ] ] ] ] } },
{ "type": "Feature", "properties": { "point_id": 172, "footprint_id": 856, "id_bangunan": "SDI-C34-034", "fungsi_bangunan": "Rumah Tinggal", "jumlah_lantai": 1, "tinggi_lantai": 4.0, "tinggi_total": 4.0, "luas_m2": 168.16, "jarak_match_m": 0.74, "metode_match": "optimal_nearest", "status_match": "OK" }, "geometry": { "type": "Polygon", "coordinates": [ [ [ 105.237072832169616, -5.553349871220186 ], [ 105.237100196171951, -5.553342138245704 ], [ 105.237095437199542, -5.553324291634837 ], [ 105.237169794969802, -5.553302877042416 ], [ 105.237186451263895, -5.553370691115402 ], [ 105.237195374583308, -5.553368907204752 ], [ 105.237214409724984, -5.553436126878747 ], [ 105.23714005217802, -5.553458136729454 ], [ 105.237131129321753, -5.553427203478294 ], [ 105.237095436991694, -5.553436721934206 ], [ 105.237072832169616, -5.553349871220186 ] ] ] } },
{ "type": "Feature", "properties": { "point_id": 173, "footprint_id": 850, "id_bangunan": "SDI-C35-035", "fungsi_bangunan": "Rumah Tinggal", "jumlah_lantai": 1, "tinggi_lantai": 4.0, "tinggi_total": 4.0, "luas_m2": 143.93, "jarak_match_m": 0.79, "metode_match": "optimal_nearest", "status_match": "OK" }, "geometry": { "type": "Polygon", "coordinates": [ [ [ 105.237230471505924, -5.553207103923856 ], [ 105.237228091891282, -5.553180929160233 ], [ 105.237275086458681, -5.553173790786328 ], [ 105.237289363022853, -5.553253502714526 ], [ 105.237264378436578, -5.553255287647787 ], [ 105.23727746562021, -5.553320723046746 ], [ 105.237253671070846, -5.553324886701418 ], [ 105.237258430096645, -5.553345112510384 ], [ 105.237217979089536, -5.553351061370771 ], [ 105.237199538028534, -5.553249933792802 ], [ 105.237173363974932, -5.55325528799909 ], [ 105.237169795274468, -5.55322911371243 ], [ 105.237191805071632, -5.553225544220595 ], [ 105.237190615027259, -5.553211862038885 ], [ 105.237230471505924, -5.553207103923856 ] ] ] } },
{ "type": "Feature", "properties": { "point_id": 174, "footprint_id": 857, "id_bangunan": "SDI-C36-036", "fungsi_bangunan": "Rumah Tinggal", "jumlah_lantai": 1, "tinggi_lantai": 4.0, "tinggi_total": 4.0, "luas_m2": 128.55, "jarak_match_m": 0.76, "metode_match": "optimal_nearest", "status_match": "OK" }, "geometry": { "type": "Polygon", "coordinates": [ [ [ 105.237485908873069, -5.553288536400305 ], [ 105.237503040252221, -5.55334992643315 ], [ 105.237483053463976, -5.553350403068873 ], [ 105.237491143462307, -5.553387046727718 ], [ 105.237396440412951, -5.553406558033166 ], [ 105.237371218155644, -5.553317566199582 ], [ 105.237485908873069, -5.553288536400305 ] ] ] } },
{ "type": "Feature", "properties": { "point_id": 175, "footprint_id": 849, "id_bangunan": "SDI-C37-037", "fungsi_bangunan": "Rumah Tinggal", "jumlah_lantai": 1, "tinggi_lantai": 4.0, "tinggi_total": 4.0, "luas_m2": 180.93, "jarak_match_m": 0.0, "metode_match": "within", "status_match": "OK" }, "geometry": { "type": "Polygon", "coordinates": [ [ [ 105.237282224446275, -5.553155350480202 ], [ 105.237376213508611, -5.553116089410694 ], [ 105.237389895621661, -5.553145237703521 ], [ 105.237408931339729, -5.553141668493884 ], [ 105.237428561999764, -5.553189852515642 ], [ 105.237410120422112, -5.553195800686847 ], [ 105.237421423033084, -5.553226139534492 ], [ 105.237400008142956, -5.553236252046974 ], [ 105.237408336005032, -5.553255882073272 ], [ 105.237365505556724, -5.553276702349126 ], [ 105.23735717745754, -5.553256477070086 ], [ 105.23732564978198, -5.553271943674772 ], [ 105.237282224446275, -5.553155350480202 ] ] ] } },
{ "type": "Feature", "properties": { "point_id": 176, "footprint_id": 848, "id_bangunan": "SDI-C39-039", "fungsi_bangunan": "Rumah Tinggal", "jumlah_lantai": 1, "tinggi_lantai": 4.0, "tinggi_total": 4.0, "luas_m2": 133.09, "jarak_match_m": 0.0, "metode_match": "within", "status_match": "OK" }, "geometry": { "type": "Polygon", "coordinates": [ [ [ 105.237121610754002, -5.553060171880729 ], [ 105.23711982676393, -5.553053628440596 ], [ 105.237192994838921, -5.553026264515546 ], [ 105.237200133316946, -5.553042920570872 ], [ 105.237245937877759, -5.553024480122202 ], [ 105.237270922667761, -5.553066120558559 ], [ 105.237278060721394, -5.553083966212769 ], [ 105.237151949463509, -5.553139883700569 ], [ 105.237121610754002, -5.553060171880729 ] ] ] } },
{ "type": "Feature", "properties": { "point_id": 177, "footprint_id": 843, "id_bangunan": "SDI-C40-040", "fungsi_bangunan": "Rumah Tinggal", "jumlah_lantai": 1, "tinggi_lantai": 4.0, "tinggi_total": 4.0, "luas_m2": 109.68, "jarak_match_m": 0.0, "metode_match": "within", "status_match": "OK" }, "geometry": { "type": "Polygon", "coordinates": [ [ [ 105.237408931346948, -5.552902532700039 ], [ 105.237472581509351, -5.552875763294218 ], [ 105.237469012480986, -5.552866840468305 ], [ 105.23749697135132, -5.552854348838254 ], [ 105.23750410964675, -5.552872788837163 ], [ 105.237508273184417, -5.552869220173744 ], [ 105.237542180565327, -5.552938819392101 ], [ 105.237482694701868, -5.552966183288894 ], [ 105.237474961271374, -5.552951906675911 ], [ 105.237433320599635, -5.552972132130181 ], [ 105.237417259361081, -5.552940603785062 ], [ 105.237427966468346, -5.552935844702695 ], [ 105.237408931346948, -5.552902532700039 ] ] ] } },
{ "type": "Feature", "properties": { "point_id": 178, "footprint_id": 847, "id_bangunan": "SDI-C41-041", "fungsi_bangunan": "Rumah Tinggal", "jumlah_lantai": 1, "tinggi_lantai": 4.0, "tinggi_total": 4.0, "luas_m2": 220.95, "jarak_match_m": 0.0, "metode_match": "within", "status_match": "OK" }, "geometry": { "type": "Polygon", "coordinates": [ [ [ 105.237461279553685, -5.552995926461569 ], [ 105.237638548790784, -5.552895394179518 ], [ 105.237640333400265, -5.55289896316587 ], [ 105.237653420197361, -5.552891230480088 ], [ 105.237655800466456, -5.552894203974636 ], [ 105.237671861235711, -5.55288171259797 ], [ 105.237717666446613, -5.552948337091563 ], [ 105.237619512869784, -5.55300663438921 ], [ 105.237609995352386, -5.552992357590916 ], [ 105.237510652807373, -5.55304648948835 ], [ 105.237494591950011, -5.553022694901119 ], [ 105.237480314492757, -5.553031023314261 ], [ 105.237461279553685, -5.552995926461569 ] ] ] } },
{ "type": "Feature", "properties": { "point_id": 179, "footprint_id": 836, "id_bangunan": "SDI-C42-042", "fungsi_bangunan": "Rumah Tinggal", "jumlah_lantai": 1, "tinggi_lantai": 4.0, "tinggi_total": 4.0, "luas_m2": 319.53, "jarak_match_m": 0.48, "metode_match": "optimal_nearest", "status_match": "OK" }, "geometry": { "type": "Polygon", "coordinates": [ [ [ 105.236891318639593, -5.552797875607538 ], [ 105.237136165742939, -5.552709359836205 ], [ 105.237154725173767, -5.552754331927272 ], [ 105.237104042725761, -5.552773605688287 ], [ 105.237120460581679, -5.552816435550627 ], [ 105.236989115058847, -5.55286925942911 ], [ 105.237005532719323, -5.552907092975502 ], [ 105.236937004529224, -5.552929936346768 ], [ 105.236891318639593, -5.552797875607538 ] ] ] } },
{ "type": "Feature", "properties": { "point_id": 180, "footprint_id": 842, "id_bangunan": "SDI-C44-044", "fungsi_bangunan": "Rumah Tinggal", "jumlah_lantai": 1, "tinggi_lantai": 4.0, "tinggi_total": 4.0, "luas_m2": 208.89, "jarak_match_m": 0.0, "metode_match": "within", "status_match": "OK" }, "geometry": { "type": "Polygon", "coordinates": [ [ [ 105.237320891002469, -5.552726452107159 ], [ 105.237382161835683, -5.552699088414795 ], [ 105.237464253443378, -5.552835313010439 ], [ 105.237361341603716, -5.55288885106452 ], [ 105.237348254451661, -5.552868624982396 ], [ 105.237335762359209, -5.55287338387554 ], [ 105.237310183719018, -5.552832338027562 ], [ 105.237318511082805, -5.55282817425041 ], [ 105.237307208632572, -5.552804974807952 ], [ 105.23733992655427, -5.552781179623686 ], [ 105.237321486010998, -5.552749056978648 ], [ 105.237331598358878, -5.552744893389196 ], [ 105.237320891002469, -5.552726452107159 ] ] ] } },
{ "type": "Feature", "properties": { "point_id": 181, "footprint_id": 838, "id_bangunan": "SDI-C45-045", "fungsi_bangunan": "Rumah Tinggal", "jumlah_lantai": 1, "tinggi_lantai": 4.0, "tinggi_total": 4.0, "luas_m2": 128.07, "jarak_match_m": 0.57, "metode_match": "optimal_nearest", "status_match": "OK" }, "geometry": { "type": "Polygon", "coordinates": [ [ [ 105.237312563060655, -5.55254858811448 ], [ 105.237363126052358, -5.552655068202621 ], [ 105.23734111642456, -5.552665776203428 ], [ 105.237318511849864, -5.552678863642017 ], [ 105.237304234427555, -5.552655663584614 ], [ 105.237268542860036, -5.552666965996259 ], [ 105.237248911902114, -5.552624730870951 ], [ 105.237231660897436, -5.552625324906545 ], [ 105.237212030375431, -5.552593202735144 ], [ 105.237312563060655, -5.55254858811448 ] ] ] } },
{ "type": "Feature", "properties": { "point_id": 182, "footprint_id": 840, "id_bangunan": "SDI-C46-046", "fungsi_bangunan": "Rumah Tinggal", "jumlah_lantai": 1, "tinggi_lantai": 4.0, "tinggi_total": 4.0, "luas_m2": 24.25, "jarak_match_m": 17.15, "metode_match": "optimal_nearest", "status_match": "PERLU_CEK" }, "geometry": { "type": "Polygon", "coordinates": [ [ [ 105.2371882363704, -5.552578330979213 ], [ 105.237208461506924, -5.552614022616966 ], [ 105.237159088002358, -5.552625920337866 ], [ 105.237141241896637, -5.552587848544043 ], [ 105.2371882363704, -5.552578330979213 ] ] ] } },
{ "type": "Feature", "properties": { "point_id": 183, "footprint_id": 831, "id_bangunan": "SDI-C47-047", "fungsi_bangunan": "Rumah Tinggal", "jumlah_lantai": 1, "tinggi_lantai": 4.0, "tinggi_total": 4.0, "luas_m2": 132.73, "jarak_match_m": 0.0, "metode_match": "within", "status_match": "OK" }, "geometry": { "type": "Polygon", "coordinates": [ [ [ 105.237186788420232, -5.552330550126451 ], [ 105.237221528376367, -5.552411927428587 ], [ 105.237185361102348, -5.552425728637675 ], [ 105.237188216470585, -5.552431438475616 ], [ 105.237157759309582, -5.55244381168088 ], [ 105.237128729402997, -5.552455709376666 ], [ 105.237114453229495, -5.552433342485673 ], [ 105.237096369353324, -5.552441908527168 ], [ 105.237075429769448, -5.552400982027463 ], [ 105.237093037687302, -5.552394319537334 ], [ 105.237081616265414, -5.552373855764554 ], [ 105.237186788420232, -5.552330550126451 ] ] ] } },
{ "type": "Feature", "properties": { "point_id": 184, "footprint_id": 832, "id_bangunan": "SDI-C48-048", "fungsi_bangunan": "Rumah Tinggal", "jumlah_lantai": 1, "tinggi_lantai": 4.0, "tinggi_total": 4.0, "luas_m2": 164.52, "jarak_match_m": 0.0, "metode_match": "within", "status_match": "OK" }, "geometry": { "type": "Polygon", "coordinates": [ [ [ 105.236773587309969, -5.552469985838663 ], [ 105.236836531837582, -5.552444287876609 ], [ 105.236848904644205, -5.552470938097044 ], [ 105.236929806312148, -5.552438101661777 ], [ 105.236950746266345, -5.552507105437381 ], [ 105.236933138343417, -5.552513767923455 ], [ 105.236935993710105, -5.552519478667319 ], [ 105.236899349371242, -5.552534707570506 ], [ 105.236897446015661, -5.552529949029374 ], [ 105.236808930051566, -5.552564212413079 ], [ 105.236773587309969, -5.552469985838663 ] ] ] } },
{ "type": "Feature", "properties": { "point_id": 185, "footprint_id": 830, "id_bangunan": "SDI-C49-049", "fungsi_bangunan": "Rumah Tinggal", "jumlah_lantai": 1, "tinggi_lantai": 4.0, "tinggi_total": 4.0, "luas_m2": 142.7, "jarak_match_m": 0.0, "metode_match": "within", "status_match": "OK" }, "geometry": { "type": "Polygon", "coordinates": [ [ [ 105.236953125542428, -5.552308658419951 ], [ 105.237093989152072, -5.552269635521561 ], [ 105.237095417215826, -5.552273442572856 ], [ 105.237121115031755, -5.552264877095412 ], [ 105.23713539235122, -5.552326266479691 ], [ 105.237111597745681, -5.552332452899208 ], [ 105.237113025429394, -5.552335308270711 ], [ 105.236977396153307, -5.552375283469195 ], [ 105.23696787780672, -5.552345302132053 ], [ 105.236962167311972, -5.552345778452323 ], [ 105.236953125542428, -5.552308658419951 ] ] ] } },
{ "type": "Feature", "properties": { "point_id": 186, "footprint_id": 826, "id_bangunan": "SDI-C50-050", "fungsi_bangunan": "Rumah Tinggal", "jumlah_lantai": 1, "tinggi_lantai": 4.0, "tinggi_total": 4.0, "luas_m2": 170.08, "jarak_match_m": 0.0, "metode_match": "within", "status_match": "OK" }, "geometry": { "type": "Polygon", "coordinates": [ [ [ 105.237079712342279, -5.552080706556438 ], [ 105.237094941662775, -5.552143048145083 ], [ 105.237071622498704, -5.552148282692136 ], [ 105.237075905881582, -5.552164463150657 ], [ 105.237045924403517, -5.552169698559819 ], [ 105.237044020904492, -5.552157800610697 ], [ 105.236911722512517, -5.552186830138061 ], [ 105.236895066622012, -5.552113067147699 ], [ 105.237041641633368, -5.552084989006825 ], [ 105.237044020423554, -5.55208879658164 ], [ 105.237079712342279, -5.552080706556438 ] ] ] } },
{ "type": "Feature", "properties": { "point_id": 187, "footprint_id": 827, "id_bangunan": "SDI-C52-052", "fungsi_bangunan": "Rumah Tinggal", "jumlah_lantai": 1, "tinggi_lantai": 4.0, "tinggi_total": 4.0, "luas_m2": 243.33, "jarak_match_m": 0.0, "metode_match": "within", "status_match": "OK" }, "geometry": { "type": "Polygon", "coordinates": [ [ [ 105.236518159692224, -5.552006467108798 ], [ 105.236576694341679, -5.551998377018946 ], [ 105.236575742809933, -5.551994093935495 ], [ 105.236604296702012, -5.551981720617761 ], [ 105.23663713287533, -5.551976010057624 ], [ 105.236645223374282, -5.552005039388546 ], [ 105.236663307336997, -5.552001232665231 ], [ 105.236667590086753, -5.552022647367128 ], [ 105.236670921694298, -5.552022647842352 ], [ 105.236679487246406, -5.552058815486454 ], [ 105.23669090911558, -5.552094031211237 ], [ 105.236670921367349, -5.552098790377752 ], [ 105.236671873089776, -5.552103549300882 ], [ 105.236608103845427, -5.552116873926379 ], [ 105.236616194201702, -5.552147807522075 ], [ 105.236558135156898, -5.55216446344998 ], [ 105.236549092938134, -5.55213067519459 ], [ 105.236518159692224, -5.552006467108798 ] ] ] } },
{ "type": "Feature", "properties": { "point_id": 188, "footprint_id": 824, "id_bangunan": "SDI-C53-053", "fungsi_bangunan": "Rumah Tinggal", "jumlah_lantai": 1, "tinggi_lantai": 4.0, "tinggi_total": 4.0, "luas_m2": 106.63, "jarak_match_m": 0.0, "metode_match": "within", "status_match": "OK" }, "geometry": { "type": "Polygon", "coordinates": [ [ [ 105.236933613500128, -5.551935558871461 ], [ 105.23695503029694, -5.552009446601957 ], [ 105.236838911159737, -5.552035496982596 ], [ 105.236822255137298, -5.551972679212913 ], [ 105.236835103897818, -5.551970299387985 ], [ 105.236832724303014, -5.551962209252956 ], [ 105.236933613500128, -5.551935558871461 ] ] ] } },
{ "type": "Feature", "properties": { "point_id": 189, "footprint_id": 821, "id_bangunan": "SDI-C56-056", "fungsi_bangunan": "Rumah Tinggal", "jumlah_lantai": 1, "tinggi_lantai": 4.0, "tinggi_total": 4.0, "luas_m2": 8.23, "jarak_match_m": 7.17, "metode_match": "optimal_nearest", "status_match": "OK" }, "geometry": { "type": "Polygon", "coordinates": [ [ [ 105.236866512650082, -5.551847043348618 ], [ 105.236897446027982, -5.551847043616415 ], [ 105.236897445738677, -5.551868934063744 ], [ 105.236870319828213, -5.551871314183854 ], [ 105.236866512650082, -5.551847043348618 ] ] ] } },
{ "type": "Feature", "properties": { "point_id": 190, "footprint_id": 800, "id_bangunan": "SDI-C57-057", "fungsi_bangunan": "Rumah Tinggal", "jumlah_lantai": 1, "tinggi_lantai": 4.0, "tinggi_total": 4.0, "luas_m2": 84.06, "jarak_match_m": 0.0, "metode_match": "within", "status_match": "OK" }, "geometry": { "type": "Polygon", "coordinates": [ [ [ 105.236436953116083, -5.551953779968392 ], [ 105.236479070036026, -5.551943786763267 ], [ 105.236486207667895, -5.551965201229223 ], [ 105.236573296492963, -5.551940931106639 ], [ 105.236586145791819, -5.551985189031184 ], [ 105.236453371357157, -5.552015884085876 ], [ 105.236436953116083, -5.551953779968392 ] ] ] } },
{ "type": "Feature", "properties": { "point_id": 191, "footprint_id": 799, "id_bangunan": "SDI-C58-058", "fungsi_bangunan": "Rumah Tinggal", "jumlah_lantai": 1, "tinggi_lantai": 4.0, "tinggi_total": 4.0, "luas_m2": 159.71, "jarak_match_m": 11.37, "metode_match": "optimal_nearest", "status_match": "OK" }, "geometry": { "type": "Polygon", "coordinates": [ [ [ 105.236369138697569, -5.551764612756797 ], [ 105.236439808817792, -5.551749622671908 ], [ 105.236479783417579, -5.551925940669772 ], [ 105.236411255131117, -5.551943786752604 ], [ 105.236369138697569, -5.551764612756797 ] ] ] } },
{ "type": "Feature", "properties": { "point_id": 192, "footprint_id": 819, "id_bangunan": "SDI-C59-059", "fungsi_bangunan": "Rumah Tinggal", "jumlah_lantai": 1, "tinggi_lantai": 4.0, "tinggi_total": 4.0, "luas_m2": 31.55, "jarak_match_m": 15.18, "metode_match": "optimal_nearest", "status_match": "PERLU_CEK" }, "geometry": { "type": "Polygon", "coordinates": [ [ [ 105.236632374167186, -5.551881782985212 ], [ 105.236651885543921, -5.551923185915215 ], [ 105.236597157841189, -5.551943649041281 ], [ 105.236580502259599, -5.551902246775578 ], [ 105.236632374167186, -5.551881782985212 ] ] ] } },
{ "type": "Feature", "properties": { "point_id": 193, "footprint_id": 708, "id_bangunan": "Blok C (SDI-C63-063)", "fungsi_bangunan": "Rumah Tinggal", "jumlah_lantai": 1, "tinggi_lantai": 4.0, "tinggi_total": 4.0, "luas_m2": 112.14, "jarak_match_m": 3.21, "metode_match": "optimal_nearest", "status_match": "OK" }, "geometry": { "type": "Polygon", "coordinates": [ [ [ 105.234398494456144, -5.5512958519573 ], [ 105.234453222303657, -5.551291687912187 ], [ 105.234455006834253, -5.551313400346594 ], [ 105.234512708828802, -5.551307154446912 ], [ 105.234521631995477, -5.551375860942615 ], [ 105.234425858156598, -5.551388055469594 ], [ 105.234424371525535, -5.551377645475044 ], [ 105.23440355070592, -5.551378538468581 ], [ 105.234398494456144, -5.5512958519573 ] ] ] } },
{ "type": "Feature", "properties": { "point_id": 194, "footprint_id": 737, "id_bangunan": "Blok C (SDI-C64-064)", "fungsi_bangunan": "Rumah Tinggal", "jumlah_lantai": 1, "tinggi_lantai": 4.0, "tinggi_total": 4.0, "luas_m2": 114.0, "jarak_match_m": 0.0, "metode_match": "within", "status_match": "OK" }, "geometry": { "type": "Polygon", "coordinates": [ [ [ 105.234270547566481, -5.551550323316609 ], [ 105.234335506993588, -5.551526053245872 ], [ 105.234337648100109, -5.551533905567087 ], [ 105.234366201719396, -5.551525339076731 ], [ 105.234394755596384, -5.551608858489149 ], [ 105.234301242256237, -5.55164098129546 ], [ 105.234270547566481, -5.551550323316609 ] ] ] } },
{ "type": "Feature", "properties": { "point_id": 195, "footprint_id": 739, "id_bangunan": "Blok C (SDI-C65-065)", "fungsi_bangunan": "Rumah Tinggal", "jumlah_lantai": 1, "tinggi_lantai": 4.0, "tinggi_total": 4.0, "luas_m2": 199.42, "jarak_match_m": 1.51, "metode_match": "optimal_nearest", "status_match": "OK" }, "geometry": { "type": "Polygon", "coordinates": [ [ [ 105.234162044148746, -5.551581019093746 ], [ 105.234229144919325, -5.551556034426028 ], [ 105.234245563045533, -5.551591012114579 ], [ 105.234273402438575, -5.55158458809643 ], [ 105.234314091204041, -5.551703085088358 ], [ 105.234212726391519, -5.551737349560078 ], [ 105.234162044148746, -5.551581019093746 ] ] ] } },
{ "type": "Feature", "properties": { "point_id": 196, "footprint_id": 742, "id_bangunan": "Blok C (SDI-C66-066)", "fungsi_bangunan": "Rumah Tinggal", "jumlah_lantai": 1, "tinggi_lantai": 4.0, "tinggi_total": 4.0, "luas_m2": 78.12, "jarak_match_m": 1.58, "metode_match": "optimal_nearest", "status_match": "OK" }, "geometry": { "type": "Polygon", "coordinates": [ [ [ 105.234053540747226, -5.55157744984423 ], [ 105.2341217124888, -5.551568883960222 ], [ 105.234133847068719, -5.551637411881681 ], [ 105.234127423118721, -5.551637411712295 ], [ 105.234130635073811, -5.551665965366333 ], [ 105.234077811537929, -5.551670605373628 ], [ 105.234074242270538, -5.551644906901009 ], [ 105.234059965601446, -5.55164383693884 ], [ 105.234053540747226, -5.55157744984423 ] ] ] } },
{ "type": "Feature", "properties": { "point_id": 197, "footprint_id": 1011, "id_bangunan": "Blok C (SDI-C67-067)", "fungsi_bangunan": "Rumah Tinggal", "jumlah_lantai": 1, "tinggi_lantai": 4.0, "tinggi_total": 4.0, "luas_m2": 63.7, "jarak_match_m": 0.0, "metode_match": "within", "status_match": "OK" }, "geometry": { "type": "Polygon", "coordinates": [ [ [ 105.233933639697611, -5.55158134564259 ], [ 105.234005472855955, -5.551573437804581 ], [ 105.234013351565821, -5.551644996144906 ], [ 105.233941517496476, -5.551652904889192 ], [ 105.233933639697611, -5.55158134564259 ] ] ] } },
{ "type": "Feature", "properties": { "point_id": 198, "footprint_id": 702, "id_bangunan": "Blok C (SDI-C68-068)", "fungsi_bangunan": "Rumah Tinggal", "jumlah_lantai": 1, "tinggi_lantai": 4.0, "tinggi_total": 4.0, "luas_m2": 103.98, "jarak_match_m": 8.4, "metode_match": "optimal_nearest", "status_match": "OK" }, "geometry": { "type": "Polygon", "coordinates": [ [ [ 105.233610892857314, -5.55142071442649 ], [ 105.233664192654999, -5.55140120200958 ], [ 105.233674186872662, -5.551422617194492 ], [ 105.233696553137179, -5.551416430573257 ], [ 105.233721775742112, -5.551473537692707 ], [ 105.233698932792478, -5.551482103703771 ], [ 105.233708926366006, -5.551508754033592 ], [ 105.233686559416768, -5.551517795696102 ], [ 105.233684655902763, -5.551512561303236 ], [ 105.233646584617148, -5.551526837985506 ], [ 105.233610892857314, -5.55142071442649 ] ] ] } },
{ "type": "Feature", "properties": { "point_id": 199, "footprint_id": 748, "id_bangunan": "Blok C (SDI-C69-069)", "fungsi_bangunan": "Rumah Tinggal", "jumlah_lantai": 1, "tinggi_lantai": 4.0, "tinggi_total": 4.0, "luas_m2": 157.4, "jarak_match_m": 7.76, "metode_match": "optimal_nearest", "status_match": "OK" }, "geometry": { "type": "Polygon", "coordinates": [ [ [ 105.233445588770564, -5.551596128610081 ], [ 105.2334006163114, -5.551457643435326 ], [ 105.233445588485395, -5.551446222702514 ], [ 105.23344915774517, -5.551460499209145 ], [ 105.233489132510698, -5.551449077732781 ], [ 105.233492701831878, -5.551461212958736 ], [ 105.233503409636427, -5.551460499492056 ], [ 105.233537673527863, -5.551563291837111 ], [ 105.233445588770564, -5.551596128610081 ] ] ] } },
{ "type": "Feature", "properties": { "point_id": 200, "footprint_id": 1012, "id_bangunan": "Blok C (SDI-C70-070)", "fungsi_bangunan": "Rumah Tinggal", "jumlah_lantai": 1, "tinggi_lantai": 4.0, "tinggi_total": 4.0, "luas_m2": 273.78, "jarak_match_m": 0.0, "metode_match": "within", "status_match": "OK" }, "geometry": { "type": "MultiPolygon", "coordinates": [ [ [ [ 105.233654889273112, -5.551880005733423 ], [ 105.233592067543029, -5.551910544034656 ], [ 105.233587191682474, -5.551900512611472 ], [ 105.233570952743349, -5.551907810418472 ], [ 105.233586241921373, -5.551932782361323 ], [ 105.233556125668031, -5.551951220852422 ], [ 105.233537812624562, -5.551921308061212 ], [ 105.233564070017593, -5.551905231298848 ], [ 105.233552984745089, -5.551880563462189 ], [ 105.233496294679554, -5.551767182134642 ], [ 105.233581193309945, -5.55172473188116 ], [ 105.233641916995211, -5.551846180080196 ], [ 105.23364047629083, -5.551846899837627 ], [ 105.233651567892053, -5.551871582144261 ], [ 105.233650933283513, -5.551871867356385 ], [ 105.233654889273112, -5.551880005733423 ] ] ], [ [ [ 105.234118642741024, -5.551571233618629 ], [ 105.234127742200513, -5.551626900586729 ], [ 105.234127949855107, -5.551626884220973 ], [ 105.23412814857322, -5.55162938999197 ], [ 105.234129195725899, -5.551635795325128 ], [ 105.23412866396734, -5.551635882381092 ], [ 105.234130924263184, -5.551664360422423 ], [ 105.234090088539929, -5.551667601633756 ], [ 105.234088097736787, -5.551642513167351 ], [ 105.234067330260586, -5.551645908359494 ], [ 105.234056776378935, -5.551581345747358 ], [ 105.234118642741024, -5.551571233618629 ] ] ] ] } },
{ "type": "Feature", "properties": { "point_id": 201, "footprint_id": 745, "id_bangunan": "Blok C (SDI-C71-071)", "fungsi_bangunan": "Rumah Tinggal", "jumlah_lantai": 1, "tinggi_lantai": 4.0, "tinggi_total": 4.0, "luas_m2": 145.26, "jarak_match_m": 4.91, "metode_match": "optimal_nearest", "status_match": "OK" }, "geometry": { "type": "Polygon", "coordinates": [ [ [ 105.2335198274085, -5.551870955728193 ], [ 105.233443446863475, -5.551905220150483 ], [ 105.233375632178564, -5.551758883589617 ], [ 105.233434167194659, -5.551742464799431 ], [ 105.233464148159285, -5.551802427804811 ], [ 105.233482708108781, -5.551796716725259 ], [ 105.233487704656397, -5.551805997251467 ], [ 105.233496984801505, -5.551802427498894 ], [ 105.233519113775841, -5.551851682678071 ], [ 105.233511975529126, -5.551855965344906 ], [ 105.2335198274085, -5.551870955728193 ] ] ] } },
{ "type": "Feature", "properties": { "point_id": 202, "footprint_id": 1014, "id_bangunan": "Blok C (SDI-C72-072)", "fungsi_bangunan": "Rumah Tinggal", "jumlah_lantai": 1, "tinggi_lantai": 4.0, "tinggi_total": 4.0, "luas_m2": 93.11, "jarak_match_m": 0.0, "metode_match": "within", "status_match": "OK" }, "geometry": { "type": "Polygon", "coordinates": [ [ [ 105.233421251360468, -5.551893399857819 ], [ 105.233347934948043, -5.551924821587136 ], [ 105.233335800011972, -5.551896505751674 ], [ 105.233359064975872, -5.551886534683008 ], [ 105.233321285155697, -5.551813224089503 ], [ 105.233374958293084, -5.551785564371535 ], [ 105.233417414967349, -5.551867952070762 ], [ 105.233411624200969, -5.55187093695209 ], [ 105.233421251360468, -5.551893399857819 ] ] ] } },
{ "type": "Feature", "properties": { "point_id": 203, "footprint_id": 1013, "id_bangunan": "Blok C (SDI-C73-073)", "fungsi_bangunan": "Rumah Tinggal", "jumlah_lantai": 1, "tinggi_lantai": 4.0, "tinggi_total": 4.0, "luas_m2": 145.88, "jarak_match_m": 0.0, "metode_match": "within", "status_match": "OK" }, "geometry": { "type": "Polygon", "coordinates": [ [ [ 105.233437402884263, -5.551744220330342 ], [ 105.233463501841129, -5.551802783583194 ], [ 105.233466457309675, -5.551801404650753 ], [ 105.233467526311259, -5.551803694774253 ], [ 105.233499754994881, -5.551793693020452 ], [ 105.233523538880434, -5.551870331870266 ], [ 105.233501775037766, -5.551877086360909 ], [ 105.233441498457793, -5.551905214587554 ], [ 105.233412629083773, -5.551843351400644 ], [ 105.233412387155781, -5.551843459148214 ], [ 105.233406184350486, -5.551829541918558 ], [ 105.233379633562237, -5.551769965645846 ], [ 105.233437402884263, -5.551744220330342 ] ] ] } },
{ "type": "Feature", "properties": { "point_id": 204, "footprint_id": 1006, "id_bangunan": "Blok C (SDI-C74-074)", "fungsi_bangunan": "Rumah Tinggal", "jumlah_lantai": 1, "tinggi_lantai": 4.0, "tinggi_total": 4.0, "luas_m2": 202.25, "jarak_match_m": 6.06, "metode_match": "optimal_nearest", "status_match": "OK" }, "geometry": { "type": "Polygon", "coordinates": [ [ [ 105.234128993295002, -5.551273750780712 ], [ 105.234221213936721, -5.551262883006146 ], [ 105.234242034418884, -5.55143955796723 ], [ 105.234149813750378, -5.551450425746121 ], [ 105.234128993295002, -5.551273750780712 ] ] ] } },
{ "type": "Feature", "properties": { "point_id": 205, "footprint_id": 707, "id_bangunan": "Blok C (SDI-C75-075)", "fungsi_bangunan": "Rumah Tinggal", "jumlah_lantai": 1, "tinggi_lantai": 4.0, "tinggi_total": 4.0, "luas_m2": 191.6, "jarak_match_m": 0.0, "metode_match": "within", "status_match": "OK" }, "geometry": { "type": "Polygon", "coordinates": [ [ [ 105.234248112125016, -5.551276042985292 ], [ 105.234342815031113, -5.551272711659322 ], [ 105.234345194205247, -5.55130269316249 ], [ 105.234396114662516, -5.551303168715529 ], [ 105.234399446584007, -5.551381690953212 ], [ 105.234348525405039, -5.55138169124108 ], [ 105.234348525740046, -5.551391684786615 ], [ 105.234338531829621, -5.551391684225425 ], [ 105.234339960098524, -5.551398347229175 ], [ 105.234321875723751, -5.551398823001152 ], [ 105.234321399647911, -5.5513935880447 ], [ 105.234251443742551, -5.551395016152451 ], [ 105.234248112125016, -5.551276042985292 ] ] ] } },
{ "type": "Feature", "properties": { "point_id": 206, "footprint_id": 816, "id_bangunan": "Blok C (SDI-C76-076)", "fungsi_bangunan": "Rumah Tinggal", "jumlah_lantai": 1, "tinggi_lantai": 4.0, "tinggi_total": 4.0, "luas_m2": 47.9, "jarak_match_m": 7.19, "metode_match": "optimal_nearest", "status_match": "OK" }, "geometry": { "type": "Polygon", "coordinates": [ [ [ 105.236215663230894, -5.553641293753838 ], [ 105.236272770707302, -5.553619878930281 ], [ 105.236298468137861, -5.553682696715311 ], [ 105.23627277043272, -5.553696259383689 ], [ 105.23623065365193, -5.55368198293222 ], [ 105.236215663230894, -5.553641293753838 ] ] ] } },
{ "type": "Feature", "properties": { "point_id": 207, "footprint_id": 785, "id_bangunan": "Blok C (SDI-C78-078)", "fungsi_bangunan": "Rumah Tinggal", "jumlah_lantai": 1, "tinggi_lantai": 4.0, "tinggi_total": 4.0, "luas_m2": 275.92, "jarak_match_m": 0.17, "metode_match": "optimal_nearest", "status_match": "OK" }, "geometry": { "type": "Polygon", "coordinates": [ [ [ 105.235756191837211, -5.553496073772035 ], [ 105.235825791092054, -5.553450863818342 ], [ 105.235838282501575, -5.553469304416367 ], [ 105.235871595410359, -5.553452053228897 ], [ 105.235861482414407, -5.553434207839154 ], [ 105.235917399720023, -5.553403274916603 ], [ 105.235964989514855, -5.553480607047415 ], [ 105.235923348837829, -5.553505591702907 ], [ 105.235962609358253, -5.553557344880882 ], [ 105.235882897965723, -5.553607313668559 ], [ 105.235849584935821, -5.553556155172893 ], [ 105.235823411692564, -5.553570431771761 ], [ 105.235806754707596, -5.55354366292261 ], [ 105.235782365656306, -5.553551395555809 ], [ 105.235756191837211, -5.553496073772035 ] ] ] } },
{ "type": "Feature", "properties": { "point_id": 208, "footprint_id": 784, "id_bangunan": "Blok C (SDI-C79-079)", "fungsi_bangunan": "Rumah Tinggal", "jumlah_lantai": 1, "tinggi_lantai": 4.0, "tinggi_total": 4.0, "luas_m2": 212.48, "jarak_match_m": 1.33, "metode_match": "optimal_nearest", "status_match": "OK" }, "geometry": { "type": "Polygon", "coordinates": [ [ [ 105.235743699691369, -5.553348546654298 ], [ 105.235781771143806, -5.553327726583074 ], [ 105.235788314032504, -5.553338433990199 ], [ 105.235851965245359, -5.553300363102299 ], [ 105.235900743918407, -5.553379479616922 ], [ 105.235873975108504, -5.55339911010741 ], [ 105.235869215722175, -5.55339375654601 ], [ 105.235733586983514, -5.553472279031804 ], [ 105.235706817595201, -5.553422310230288 ], [ 105.235723474168694, -5.55341398181422 ], [ 105.235704438178871, -5.553378290554289 ], [ 105.235743699691369, -5.553348546654298 ] ] ] } },
{ "type": "Feature", "properties": { "point_id": 209, "footprint_id": 783, "id_bangunan": "Blok C (SDI-C80-080)", "fungsi_bangunan": "Rumah Tinggal", "jumlah_lantai": 1, "tinggi_lantai": 4.0, "tinggi_total": 4.0, "luas_m2": 97.3, "jarak_match_m": 2.84, "metode_match": "optimal_nearest", "status_match": "OK" }, "geometry": { "type": "Polygon", "coordinates": [ [ [ 105.235710981603717, -5.553267645199723 ], [ 105.235791883044257, -5.553222435265469 ], [ 105.235829955133539, -5.553287275432003 ], [ 105.235796642469097, -5.553305121869065 ], [ 105.235791883320459, -5.553300362654511 ], [ 105.235723473900862, -5.553336054425095 ], [ 105.235702653592924, -5.55329976771977 ], [ 105.235706817853696, -5.553297983015784 ], [ 105.235696110536196, -5.553279542607578 ], [ 105.235710981603717, -5.553267645199723 ] ] ] } },
{ "type": "Feature", "properties": { "point_id": 210, "footprint_id": 810, "id_bangunan": "Blok C (SDI-C81-081)", "fungsi_bangunan": "Rumah Tinggal", "jumlah_lantai": 1, "tinggi_lantai": 4.0, "tinggi_total": 4.0, "luas_m2": 162.75, "jarak_match_m": 3.74, "metode_match": "optimal_nearest", "status_match": "OK" }, "geometry": { "type": "Polygon", "coordinates": [ [ [ 105.236130716949774, -5.553180868417729 ], [ 105.236308462561993, -5.553144462551805 ], [ 105.236313458816056, -5.553168732914675 ], [ 105.236298468878232, -5.553172302280808 ], [ 105.236311317554453, -5.553230837217343 ], [ 105.236251355370996, -5.553245827535943 ], [ 105.236250641211569, -5.55323226457348 ], [ 105.236160697338917, -5.553254393612594 ], [ 105.236154987400283, -5.553222270364906 ], [ 105.236137141043017, -5.553226553723867 ], [ 105.236130716949774, -5.553180868417729 ] ] ] } },
{ "type": "Feature", "properties": { "point_id": 211, "footprint_id": 786, "id_bangunan": "Blok C (SDI-C83-083)", "fungsi_bangunan": "Rumah Tinggal", "jumlah_lantai": 1, "tinggi_lantai": 4.0, "tinggi_total": 4.0, "luas_m2": 384.42, "jarak_match_m": 9.96, "metode_match": "optimal_nearest", "status_match": "OK" }, "geometry": { "type": "Polygon", "coordinates": [ [ [ 105.236019121925224, -5.553822059398005 ], [ 105.235995922236043, -5.553832766921892 ], [ 105.235922158992409, -5.553698922516138 ], [ 105.235950117893026, -5.553684050852155 ], [ 105.235934056604947, -5.553659066621377 ], [ 105.236018527389064, -5.553614451386826 ], [ 105.236031019088728, -5.553635866432225 ], [ 105.236066711511171, -5.553617425587926 ], [ 105.236154751190398, -5.553769711661404 ], [ 105.236028640129803, -5.55383812107445 ], [ 105.236019121925224, -5.553822059398005 ] ] ] } },
{ "type": "Feature", "properties": { "point_id": 212, "footprint_id": 782, "id_bangunan": "Blok C (SDI-C84-084)", "fungsi_bangunan": "Rumah Tinggal", "jumlah_lantai": 2, "tinggi_lantai": 4.0, "tinggi_total": 8.0, "luas_m2": 264.23, "jarak_match_m": 0.0, "metode_match": "within", "status_match": "OK" }, "geometry": { "type": "Polygon", "coordinates": [ [ [ 105.235655659088806, -5.553109410668645 ], [ 105.235743699598316, -5.553066580712918 ], [ 105.2357591655216, -5.553097514092223 ], [ 105.235765709526163, -5.553095134090821 ], [ 105.235774632522251, -5.553112979957565 ], [ 105.235781176054473, -5.553109411260881 ], [ 105.235790098663969, -5.553130825927306 ], [ 105.235801401687567, -5.553126067540618 ], [ 105.235790099095425, -5.55310465201473 ], [ 105.235831739557668, -5.55308145222154 ], [ 105.235845420993243, -5.553102272449553 ], [ 105.235872190157451, -5.553090375717005 ], [ 105.235890036113162, -5.553123688247037 ], [ 105.235869810716068, -5.55313261063031 ], [ 105.235872784877245, -5.553137369652144 ], [ 105.235791883690908, -5.5531831739444 ], [ 105.23578771945327, -5.553173656092666 ], [ 105.235713360994737, -5.553209348426077 ], [ 105.235720499349398, -5.553221246101149 ], [ 105.235648520668988, -5.55325872232968 ], [ 105.235627105912641, -5.553214702101768 ], [ 105.235653874377618, -5.553201020526826 ], [ 105.235649115382628, -5.553192097258848 ], [ 105.235689566144359, -5.553171871497207 ], [ 105.235655659088806, -5.553109410668645 ] ] ] } },
{ "type": "Feature", "properties": { "point_id": 213, "footprint_id": 781, "id_bangunan": "Blok C (SDI-C85-085)", "fungsi_bangunan": "Rumah Tinggal", "jumlah_lantai": 2, "tinggi_lantai": 4.0, "tinggi_total": 8.0, "luas_m2": 215.96, "jarak_match_m": 1.95, "metode_match": "optimal_nearest", "status_match": "OK" }, "geometry": { "type": "Polygon", "coordinates": [ [ [ 105.235596173187872, -5.5530005511637 ], [ 105.235688377108303, -5.552947013157192 ], [ 105.235697299584373, -5.552961289321136 ], [ 105.235743104105211, -5.552938089682804 ], [ 105.235748458331159, -5.552947607964943 ], [ 105.235774632258497, -5.552935115317513 ], [ 105.235806160236876, -5.5529975761842 ], [ 105.235734181352683, -5.553034458074526 ], [ 105.235738940153553, -5.553045165289517 ], [ 105.235644356781108, -5.553090970496429 ], [ 105.235596173187872, -5.5530005511637 ] ] ] } },
{ "type": "Feature", "properties": { "point_id": 214, "footprint_id": 780, "id_bangunan": "Blok C (SDI-C86-086)", "fungsi_bangunan": "Rumah Tinggal", "jumlah_lantai": 1, "tinggi_lantai": 4.0, "tinggi_total": 4.0, "luas_m2": 137.96, "jarak_match_m": 0.0, "metode_match": "within", "status_match": "OK" }, "geometry": { "type": "Polygon", "coordinates": [ [ [ 105.23549623564395, -5.552859567767022 ], [ 105.235607475205455, -5.552811383981423 ], [ 105.235646141676966, -5.552895259334214 ], [ 105.23553170511164, -5.552943675989199 ], [ 105.23549623564395, -5.552859567767022 ] ] ] } },
{ "type": "Feature", "properties": { "point_id": 215, "footprint_id": 813, "id_bangunan": "Blok C (SDI-C89-089)", "fungsi_bangunan": "Rumah Tinggal", "jumlah_lantai": 1, "tinggi_lantai": 4.0, "tinggi_total": 4.0, "luas_m2": 113.6, "jarak_match_m": 5.06, "metode_match": "optimal_nearest", "status_match": "OK" }, "geometry": { "type": "Polygon", "coordinates": [ [ [ 105.236337015779569, -5.553479252484129 ], [ 105.236429100733119, -5.553455695945302 ], [ 105.236451943575929, -5.55355777437502 ], [ 105.23643052899213, -5.553564199546104 ], [ 105.236434097670084, -5.553581331070036 ], [ 105.236390553519811, -5.553589897327489 ], [ 105.236375563066915, -5.553524224746992 ], [ 105.236346295308962, -5.553528507253521 ], [ 105.236337015779569, -5.553479252484129 ] ] ] } },
{ "type": "Feature", "properties": { "point_id": 216, "footprint_id": 815, "id_bangunan": "Blok C (SDI-C90-090)", "fungsi_bangunan": "Rumah Tinggal", "jumlah_lantai": 1, "tinggi_lantai": 4.0, "tinggi_total": 4.0, "luas_m2": 138.49, "jarak_match_m": 3.76, "metode_match": "optimal_nearest", "status_match": "OK" }, "geometry": { "type": "Polygon", "coordinates": [ [ [ 105.236435135476142, -5.553482664428226 ], [ 105.23652118593489, -5.553473541990489 ], [ 105.236541887721643, -5.553604174383261 ], [ 105.236535463133208, -5.553604888001111 ], [ 105.2365390318148, -5.553622020428883 ], [ 105.236480496910559, -5.553629872601498 ], [ 105.236476213868556, -5.553607743235157 ], [ 105.236470503171418, -5.553607743711326 ], [ 105.236464078674729, -5.553552063962756 ], [ 105.236450235903234, -5.553550145335784 ], [ 105.236435135476142, -5.553482664428226 ] ] ] } },
{ "type": "Feature", "properties": { "point_id": 217, "footprint_id": 855, "id_bangunan": "Blok C (SDI-C91-091)", "fungsi_bangunan": "Rumah Tinggal", "jumlah_lantai": 1, "tinggi_lantai": 4.0, "tinggi_total": 4.0, "luas_m2": 124.05, "jarak_match_m": 1.65, "metode_match": "optimal_nearest", "status_match": "OK" }, "geometry": { "type": "Polygon", "coordinates": [ [ [ 105.236954454400959, -5.553381993569374 ], [ 105.236951480087654, -5.55337009695458 ], [ 105.236985387381651, -5.553358199119031 ], [ 105.236987766414899, -5.55336712242514 ], [ 105.237049632279692, -5.553348681881332 ], [ 105.237066883173213, -5.55339746031332 ], [ 105.237049632242133, -5.553402814553028 ], [ 105.237055580871242, -5.55341530613089 ], [ 105.236934228204902, -5.553463490624519 ], [ 105.236913408676358, -5.55340221965479 ], [ 105.236921736763492, -5.553399839829997 ], [ 105.236920546629818, -5.553392701803589 ], [ 105.236954454400959, -5.553381993569374 ] ] ] } },
{ "type": "Feature", "properties": { "point_id": 218, "footprint_id": 854, "id_bangunan": "Blok C (SDI-C92-092)", "fungsi_bangunan": "Rumah Tinggal", "jumlah_lantai": 1, "tinggi_lantai": 4.0, "tinggi_total": 4.0, "luas_m2": 184.01, "jarak_match_m": 10.27, "metode_match": "optimal_nearest", "status_match": "OK" }, "geometry": { "type": "Polygon", "coordinates": [ [ [ 105.236878311354886, -5.553264805544312 ], [ 105.237005612136258, -5.553216621391647 ], [ 105.237013345798587, -5.553242795818381 ], [ 105.237037139823315, -5.553235062469567 ], [ 105.237059745533458, -5.553299308074907 ], [ 105.237048442280241, -5.553303472137866 ], [ 105.237051417402256, -5.553310610352554 ], [ 105.237034165808112, -5.553316558939581 ], [ 105.237040114721623, -5.553332024969419 ], [ 105.237006207382279, -5.553341542703752 ], [ 105.2370008530375, -5.553327266034898 ], [ 105.236963377101901, -5.553337973893247 ], [ 105.236952669127646, -5.553311205406358 ], [ 105.236900321198164, -5.55333143059489 ], [ 105.236897347170796, -5.553322507526889 ], [ 105.236886044153209, -5.55332726593429 ], [ 105.236868792991828, -5.553275513044394 ], [ 105.236880690338594, -5.5532713487467 ], [ 105.236878311354886, -5.553264805544312 ] ] ] } },
{ "type": "Feature", "properties": { "point_id": 219, "footprint_id": 490, "id_bangunan": "Blok C (SDI-C93-093)", "fungsi_bangunan": "Rumah Tinggal", "jumlah_lantai": 1, "tinggi_lantai": 4.0, "tinggi_total": 4.0, "luas_m2": 471.73, "jarak_match_m": 2302.31, "metode_match": "optimal_nearest", "status_match": "PERLU_CEK" }, "geometry": { "type": "Polygon", "coordinates": [ [ [ 105.244397767501781, -5.542707432120425 ], [ 105.244673784375991, -5.542672216330828 ], [ 105.244697579151662, -5.542803562715459 ], [ 105.244427272089069, -5.542850199935904 ], [ 105.244397767501781, -5.542707432120425 ] ] ] } },
{ "type": "Feature", "properties": { "point_id": 220, "footprint_id": 851, "id_bangunan": "Blok C (SDI-C94-094)", "fungsi_bangunan": "Rumah Tinggal", "jumlah_lantai": 1, "tinggi_lantai": 4.0, "tinggi_total": 4.0, "luas_m2": 115.84, "jarak_match_m": 8.13, "metode_match": "optimal_nearest", "status_match": "OK" }, "geometry": { "type": "Polygon", "coordinates": [ [ [ 105.236764096641636, -5.553050059340664 ], [ 105.23687771653114, -5.553023289876516 ], [ 105.236878310908338, -5.553026264090192 ], [ 105.236900321555922, -5.553020315409408 ], [ 105.236909244250413, -5.553055412717054 ], [ 105.236884260240274, -5.553063146537566 ], [ 105.236891397806275, -5.553091105152736 ], [ 105.236789081250038, -5.553118468961595 ], [ 105.236787296550972, -5.553110140668532 ], [ 105.236761123210954, -5.553117278803655 ], [ 105.236753389324292, -5.553090510025453 ], [ 105.236774209984659, -5.553084560921347 ], [ 105.236764096641636, -5.553050059340664 ] ] ] } },
{ "type": "Feature", "properties": { "point_id": 221, "footprint_id": 814, "id_bangunan": "Blok C (SDI-C95-095)", "fungsi_bangunan": "Rumah Tinggal", "jumlah_lantai": 1, "tinggi_lantai": 4.0, "tinggi_total": 4.0, "luas_m2": 120.34, "jarak_match_m": 30.71, "metode_match": "optimal_nearest", "status_match": "PERLU_CEK" }, "geometry": { "type": "Polygon", "coordinates": [ [ [ 105.236429100733119, -5.553455695945302 ], [ 105.236337015779569, -5.553479252484129 ], [ 105.236322025271718, -5.553429283524653 ], [ 105.236347009592308, -5.553420003699407 ], [ 105.236337015442189, -5.553390022542849 ], [ 105.236433383629077, -5.553366466100025 ], [ 105.236456940233822, -5.553447129637599 ], [ 105.236429100733119, -5.553455695945302 ] ] ] } },
{ "type": "Feature", "properties": { "point_id": 222, "footprint_id": 811, "id_bangunan": "Blok C (SDI-C96-096)", "fungsi_bangunan": "Rumah Tinggal", "jumlah_lantai": 1, "tinggi_lantai": 4.0, "tinggi_total": 4.0, "luas_m2": 204.3, "jarak_match_m": 7.3, "metode_match": "optimal_nearest", "status_match": "OK" }, "geometry": { "type": "Polygon", "coordinates": [ [ [ 105.236307748331939, -5.553327919041342 ], [ 105.236245644615465, -5.553338626751897 ], [ 105.236237792663772, -5.553310073161355 ], [ 105.236244930856301, -5.553307931741696 ], [ 105.236238506034681, -5.553267242757063 ], [ 105.236391267217101, -5.55323297818201 ], [ 105.236421249027828, -5.55335076190445 ], [ 105.23632059769551, -5.553370035689355 ], [ 105.236307748331939, -5.553327919041342 ] ] ] } },
{ "type": "Feature", "properties": { "point_id": 223, "footprint_id": 491, "id_bangunan": "Blok C (SDI-C97-097)", "fungsi_bangunan": "Rumah Tinggal", "jumlah_lantai": 1, "tinggi_lantai": 4.0, "tinggi_total": 4.0, "luas_m2": 174.11, "jarak_match_m": 35355.96, "metode_match": "optimal_nearest", "status_match": "PERLU_CEK" }, "geometry": { "type": "Polygon", "coordinates": [ [ [ 105.244739458081156, -5.542684589065171 ], [ 105.244791805981393, -5.542676023112578 ], [ 105.244867948204572, -5.542661746282906 ], [ 105.244868899937401, -5.542659842529951 ], [ 105.244887936418266, -5.542766442679101 ], [ 105.244757541511817, -5.542792141293071 ], [ 105.244739458081156, -5.542684589065171 ] ] ] } },
{ "type": "Feature", "properties": { "point_id": 224, "footprint_id": 834, "id_bangunan": "Blok C (SDI-C98-098)", "fungsi_bangunan": "Rumah Tinggal", "jumlah_lantai": 1, "tinggi_lantai": 4.0, "tinggi_total": 4.0, "luas_m2": 119.78, "jarak_match_m": 2.07, "metode_match": "optimal_nearest", "status_match": "OK" }, "geometry": { "type": "Polygon", "coordinates": [ [ [ 105.236693586115024, -5.552732202982761 ], [ 105.236807085630858, -5.552695797371348 ], [ 105.236835639243722, -5.552782171685487 ], [ 105.236809941164339, -5.552787882111935 ], [ 105.236789954010561, -5.55279644800261 ], [ 105.236784243373648, -5.552780743954029 ], [ 105.236712859058585, -5.552805014154071 ], [ 105.236693586115024, -5.552732202982761 ] ] ] } },
{ "type": "Feature", "properties": { "point_id": 225, "footprint_id": 808, "id_bangunan": "Blok C (SDI-C99-099)", "fungsi_bangunan": "Rumah Tinggal", "jumlah_lantai": 1, "tinggi_lantai": 4.0, "tinggi_total": 4.0, "luas_m2": 137.71, "jarak_match_m": 8.19, "metode_match": "optimal_nearest", "status_match": "OK" }, "geometry": { "type": "Polygon", "coordinates": [ [ [ 105.236400547392705, -5.553045953085115 ], [ 105.236454084980835, -5.55318800698073 ], [ 105.236414110733648, -5.553200855274514 ], [ 105.23641125456453, -5.553190861968951 ], [ 105.236382701753044, -5.553201569839235 ], [ 105.236363428152742, -5.553145176040228 ], [ 105.236351292826441, -5.553148031410566 ], [ 105.236322738630378, -5.553075934080032 ], [ 105.236400547392705, -5.553045953085115 ] ] ] } },
{ "type": "Feature", "properties": { "point_id": 226, "footprint_id": 833, "id_bangunan": "Blok C (SDI-C100-100)", "fungsi_bangunan": "Rumah Tinggal", "jumlah_lantai": 1, "tinggi_lantai": 4.0, "tinggi_total": 4.0, "luas_m2": 239.54, "jarak_match_m": 7.48, "metode_match": "optimal_nearest", "status_match": "OK" }, "geometry": { "type": "Polygon", "coordinates": [ [ [ 105.236494424882537, -5.552631551196947 ], [ 105.236729277293151, -5.552550173574193 ], [ 105.236762114563206, -5.552617274659302 ], [ 105.236639334011215, -5.552670812406968 ], [ 105.236645758630559, -5.552681519851831 ], [ 105.23660649740944, -5.552693655921062 ], [ 105.236595076431982, -5.552662960674834 ], [ 105.236519408968036, -5.552696510540517 ], [ 105.236494424882537, -5.552631551196947 ] ] ] } },
{ "type": "Feature", "properties": { "point_id": 227, "footprint_id": 803, "id_bangunan": "Blok C (SDI-C101-101)", "fungsi_bangunan": "Rumah Tinggal", "jumlah_lantai": 1, "tinggi_lantai": 4.0, "tinggi_total": 4.0, "luas_m2": 99.15, "jarak_match_m": 28.41, "metode_match": "optimal_nearest", "status_match": "PERLU_CEK" }, "geometry": { "type": "Polygon", "coordinates": [ [ [ 105.23624136162141, -5.552273580121351 ], [ 105.236317027896604, -5.552250736692161 ], [ 105.236330591393454, -5.552306416305252 ], [ 105.236347722929068, -5.552302846987351 ], [ 105.236362000085478, -5.552354957514316 ], [ 105.236299895802645, -5.552368520266635 ], [ 105.236292043544523, -5.552327830947085 ], [ 105.236254924676885, -5.55233496981621 ], [ 105.23624136162141, -5.552273580121351 ] ] ] } },
{ "type": "Feature", "properties": { "point_id": 228, "footprint_id": 727, "id_bangunan": "SDI-C104-104", "fungsi_bangunan": "Rumah Tinggal", "jumlah_lantai": 1, "tinggi_lantai": 4.0, "tinggi_total": 4.0, "luas_m2": 155.6, "jarak_match_m": 0.0, "metode_match": "within", "status_match": "OK" }, "geometry": { "type": "Polygon", "coordinates": [ [ [ 105.235193540592164, -5.552386942176751 ], [ 105.23530061645765, -5.552339828486182 ], [ 105.235324173046692, -5.552389083926016 ], [ 105.235333452569108, -5.55238622880966 ], [ 105.235347015256465, -5.552410498486053 ], [ 105.235334880505846, -5.552414782259584 ], [ 105.235340590764395, -5.552431913844277 ], [ 105.235204247680983, -5.55248687969526 ], [ 105.235197823816918, -5.552471175008484 ], [ 105.235205675558191, -5.552469747077638 ], [ 105.235202106087755, -5.55246189532887 ], [ 105.235219952821112, -5.552454043198553 ], [ 105.235193540592164, -5.552386942176751 ] ] ] } },
{ "type": "Feature", "properties": { "point_id": 229, "footprint_id": 725, "id_bangunan": "SDI-C105-105", "fungsi_bangunan": "Rumah Tinggal", "jumlah_lantai": 1, "tinggi_lantai": 4.0, "tinggi_total": 4.0, "luas_m2": 100.9, "jarak_match_m": 0.0, "metode_match": "within", "status_match": "OK" }, "geometry": { "type": "Polygon", "coordinates": [ [ [ 105.235489069429661, -5.55227701130068 ], [ 105.235588292788535, -5.552236322718962 ], [ 105.23559328988614, -5.552249171120776 ], [ 105.235621842952213, -5.552239177954164 ], [ 105.235641117330999, -5.552284149813915 ], [ 105.235507629025179, -5.552334118274413 ], [ 105.235489069429661, -5.55227701130068 ] ] ] } },
{ "type": "Feature", "properties": { "point_id": 230, "footprint_id": 726, "id_bangunan": "SDI-C106-106", "fungsi_bangunan": "Rumah Tinggal", "jumlah_lantai": 1, "tinggi_lantai": 4.0, "tinggi_total": 4.0, "luas_m2": 269.49, "jarak_match_m": 0.0, "metode_match": "within", "status_match": "OK" }, "geometry": { "type": "Polygon", "coordinates": [ [ [ 105.23551405338597, -5.552439766667158 ], [ 105.235558311391188, -5.552416923183434 ], [ 105.235530471806086, -5.552356961251584 ], [ 105.235702507367179, -5.55228629103965 ], [ 105.235743195673876, -5.552375521043539 ], [ 105.235671811821632, -5.552405502102216 ], [ 105.235676095420061, -5.552415495747709 ], [ 105.235532613978222, -5.552481169110083 ], [ 105.23551405338597, -5.552439766667158 ] ] ] } },
{ "type": "Feature", "properties": { "point_id": 231, "footprint_id": 724, "id_bangunan": "SDI-C107-107", "fungsi_bangunan": "Rumah Tinggal", "jumlah_lantai": 1, "tinggi_lantai": 4.0, "tinggi_total": 4.0, "luas_m2": 142.24, "jarak_match_m": 0.0, "metode_match": "within", "status_match": "OK" }, "geometry": { "type": "Polygon", "coordinates": [ [ [ 105.235400553095502, -5.552287718586509 ], [ 105.235375569539627, -5.552219190388617 ], [ 105.235506915204255, -5.552173504467488 ], [ 105.235532614027775, -5.552247029598922 ], [ 105.23547122369591, -5.552269158909222 ], [ 105.235479075576905, -5.552286291448588 ], [ 105.235431961996113, -5.552300568229829 ], [ 105.235426965626885, -5.552282721696998 ], [ 105.235400553095502, -5.552287718586509 ] ] ] } },
{ "type": "Feature", "properties": { "point_id": 232, "footprint_id": 759, "id_bangunan": "SDI-C108-108", "fungsi_bangunan": "Rumah Tinggal", "jumlah_lantai": 1, "tinggi_lantai": 4.0, "tinggi_total": 4.0, "luas_m2": 138.29, "jarak_match_m": 1.17, "metode_match": "optimal_nearest", "status_match": "OK" }, "geometry": { "type": "Polygon", "coordinates": [ [ [ 105.235171836390251, -5.552680824533186 ], [ 105.235225374076052, -5.552662264463697 ], [ 105.235228942645577, -5.552670117117204 ], [ 105.235255354683019, -5.552661550530224 ], [ 105.235296044183897, -5.552785758423213 ], [ 105.235216807824997, -5.552808601337481 ], [ 105.235171836390251, -5.552680824533186 ] ] ] } },
{ "type": "Feature", "properties": { "point_id": 233, "footprint_id": 761, "id_bangunan": "SDI-C109-109", "fungsi_bangunan": "Rumah Tinggal", "jumlah_lantai": 1, "tinggi_lantai": 4.0, "tinggi_total": 4.0, "luas_m2": 232.88, "jarak_match_m": 0.0, "metode_match": "within", "status_match": "OK" }, "geometry": { "type": "Polygon", "coordinates": [ [ [ 105.235071898164449, -5.552697242778969 ], [ 105.235117583916988, -5.552818595467469 ], [ 105.23511330146782, -5.552822877921952 ], [ 105.235129005683291, -5.552862853089473 ], [ 105.235109017880347, -5.552872132684677 ], [ 105.235117584392171, -5.552894975928901 ], [ 105.235100452102401, -5.552903542437035 ], [ 105.235079750514018, -5.552909252610641 ], [ 105.235075468161668, -5.552897831440205 ], [ 105.235049770002632, -5.552905683071049 ], [ 105.2349976590897, -5.552760774328925 ], [ 105.234959111944903, -5.552775051286395 ], [ 105.234946263374994, -5.552741500627762 ], [ 105.235071898164449, -5.552697242778969 ] ] ] } },
{ "type": "Feature", "properties": { "point_id": 234, "footprint_id": 773, "id_bangunan": "SDI-C110-110", "fungsi_bangunan": "Rumah Tinggal", "jumlah_lantai": 1, "tinggi_lantai": 4.0, "tinggi_total": 4.0, "luas_m2": 194.21, "jarak_match_m": 0.0, "metode_match": "within", "status_match": "OK" }, "geometry": { "type": "Polygon", "coordinates": [ [ [ 105.235121075662377, -5.55304267310389 ], [ 105.235187701125952, -5.553014119712489 ], [ 105.235204952174939, -5.553068252763068 ], [ 105.235234695466602, -5.553058734979763 ], [ 105.235261463586639, -5.553117031910606 ], [ 105.235268602589443, -5.553114652582375 ], [ 105.235284663730098, -5.553159861842363 ], [ 105.235182941371264, -5.55319912294917 ], [ 105.235121075662377, -5.55304267310389 ] ] ] } },
{ "type": "Feature", "properties": { "point_id": 235, "footprint_id": 772, "id_bangunan": "SDI-C111-111", "fungsi_bangunan": "Rumah Tinggal", "jumlah_lantai": 1, "tinggi_lantai": 4.0, "tinggi_total": 4.0, "luas_m2": 241.56, "jarak_match_m": 0.0, "metode_match": "within", "status_match": "OK" }, "geometry": { "type": "Polygon", "coordinates": [ [ [ 105.234983067380654, -5.553095021547364 ], [ 105.235097875669553, -5.553048026940031 ], [ 105.2351520085803, -5.553184846489954 ], [ 105.235097281474026, -5.553202692363125 ], [ 105.235115126999517, -5.553239573718243 ], [ 105.235065753006509, -5.553268721824907 ], [ 105.234983067380654, -5.553095021547364 ] ] ] } },
{ "type": "Feature", "properties": { "point_id": 236, "footprint_id": 771, "id_bangunan": "SDI-C112-112", "fungsi_bangunan": "Rumah Tinggal", "jumlah_lantai": 1, "tinggi_lantai": 4.0, "tinggi_total": 4.0, "luas_m2": 192.73, "jarak_match_m": 0.0, "metode_match": "within", "status_match": "OK" }, "geometry": { "type": "Polygon", "coordinates": [ [ [ 105.234925959788171, -5.553177707431472 ], [ 105.234947969717695, -5.553167594770345 ], [ 105.234938451749557, -5.553149749126668 ], [ 105.234972954660392, -5.553132498420871 ], [ 105.23507408115394, -5.553309768305456 ], [ 105.23499793823467, -5.553353787556373 ], [ 105.234991989884122, -5.553341890303486 ], [ 105.234983661868384, -5.553349029405946 ], [ 105.234950349555561, -5.553281214645781 ], [ 105.234968195656748, -5.553271696177747 ], [ 105.234925959788171, -5.553177707431472 ] ] ] } },
{ "type": "Feature", "properties": { "point_id": 237, "footprint_id": 762, "id_bangunan": "SDI-C113-113", "fungsi_bangunan": "Rumah Tinggal", "jumlah_lantai": 1, "tinggi_lantai": 4.0, "tinggi_total": 4.0, "luas_m2": 159.66, "jarak_match_m": 0.0, "metode_match": "within", "status_match": "OK" }, "geometry": { "type": "Polygon", "coordinates": [ [ [ 105.234848467082372, -5.552932095330014 ], [ 105.234802781115661, -5.552855714928113 ], [ 105.234914139878185, -5.552791469361513 ], [ 105.234969105613246, -5.552867849683511 ], [ 105.234909857052514, -5.552904256001118 ], [ 105.234916281644146, -5.552914963465935 ], [ 105.234877734267172, -5.552937806443356 ], [ 105.234866312704455, -5.552921388170125 ], [ 105.234848467082372, -5.552932095330014 ] ] ] } },
{ "type": "Feature", "properties": { "point_id": 238, "footprint_id": 769, "id_bangunan": "SDI-C114-114", "fungsi_bangunan": "Rumah Tinggal", "jumlah_lantai": 1, "tinggi_lantai": 4.0, "tinggi_total": 4.0, "luas_m2": 34.15, "jarak_match_m": 0.23, "metode_match": "optimal_nearest", "status_match": "OK" }, "geometry": { "type": "Polygon", "coordinates": [ [ [ 105.234835540856523, -5.553320475469661 ], [ 105.234864688661304, -5.553307388236292 ], [ 105.23487004271999, -5.553321070579115 ], [ 105.234878965575746, -5.553318096198725 ], [ 105.234892052460168, -5.55335378804307 ], [ 105.234830781827839, -5.553377582684247 ], [ 105.234819478676798, -5.553347839034274 ], [ 105.23484327387655, -5.553340701024284 ], [ 105.234835540856523, -5.553320475469661 ] ] ] } },
{ "type": "Feature", "properties": { "point_id": 239, "footprint_id": 794, "id_bangunan": "SDI-C116-116", "fungsi_bangunan": "Rumah Tinggal", "jumlah_lantai": 1, "tinggi_lantai": 4.0, "tinggi_total": 4.0, "luas_m2": 95.79, "jarak_match_m": 0.0, "metode_match": "within", "status_match": "OK" }, "geometry": { "type": "Polygon", "coordinates": [ [ [ 105.235014926700515, -5.553378697265731 ], [ 105.235085057807908, -5.553342629465176 ], [ 105.235128139169916, -5.553439812141045 ], [ 105.23506101326393, -5.553467864556659 ], [ 105.235014926700515, -5.553378697265731 ] ] ] } },
{ "type": "Feature", "properties": { "point_id": 240, "footprint_id": 763, "id_bangunan": "SDI-C117-117", "fungsi_bangunan": "Rumah Tinggal", "jumlah_lantai": 1, "tinggi_lantai": 4.0, "tinggi_total": 4.0, "luas_m2": 98.44, "jarak_match_m": 0.12, "metode_match": "optimal_nearest", "status_match": "OK" }, "geometry": { "type": "Polygon", "coordinates": [ [ [ 105.234740248960961, -5.552714577216745 ], [ 105.234755121211919, -5.552705654284445 ], [ 105.234822935472494, -5.552660444252767 ], [ 105.234830669268547, -5.552673531303271 ], [ 105.234836022340914, -5.552668772585316 ], [ 105.234840186952425, -5.55267472073985 ], [ 105.234847325010108, -5.552669962217142 ], [ 105.23486100726592, -5.552688403269688 ], [ 105.234846730247725, -5.552697921220369 ], [ 105.234861601943976, -5.552724094652696 ], [ 105.23480508925357, -5.552758597416956 ], [ 105.234810443385186, -5.552763356403652 ], [ 105.234779510774544, -5.552785961142813 ], [ 105.234740248960961, -5.552714577216745 ] ] ] } },
{ "type": "Feature", "properties": { "point_id": 241, "footprint_id": 395, "id_bangunan": "Blok D (SDI-D01-001)", "fungsi_bangunan": "Rumah Tinggal", "jumlah_lantai": 1, "tinggi_lantai": 4.0, "tinggi_total": 4.0, "luas_m2": 175.21, "jarak_match_m": 0.0, "metode_match": "within", "status_match": "OK" }, "geometry": { "type": "Polygon", "coordinates": [ [ [ 105.241858007267837, -5.553102528984406 ], [ 105.241832164627624, -5.553048083046622 ], [ 105.241846917514579, -5.553041182760283 ], [ 105.241813842349814, -5.552963374782167 ], [ 105.241881895381795, -5.552936010569939 ], [ 105.241896885904168, -5.552973844551077 ], [ 105.241915208147034, -5.552967657466355 ], [ 105.241923059608723, -5.55298550367118 ], [ 105.241929722764354, -5.552983124458472 ], [ 105.241933053257512, -5.552991452100126 ], [ 105.241961628855449, -5.553067903146374 ], [ 105.241939792166818, -5.553075199853469 ], [ 105.241858007267837, -5.553102528984406 ] ] ] } },
{ "type": "Feature", "properties": { "point_id": 242, "footprint_id": 393, "id_bangunan": "Blok D (SDI-D02-002)", "fungsi_bangunan": "Rumah Tinggal", "jumlah_lantai": 1, "tinggi_lantai": 4.0, "tinggi_total": 4.0, "luas_m2": 245.38, "jarak_match_m": 0.0, "metode_match": "within", "status_match": "OK" }, "geometry": { "type": "Polygon", "coordinates": [ [ [ 105.241883084629592, -5.553195491115677 ], [ 105.241844775739764, -5.5532069124755 ], [ 105.241814794288558, -5.55311696841343 ], [ 105.24200705537686, -5.553052723710884 ], [ 105.242045602407956, -5.553144808246697 ], [ 105.241983736440631, -5.553166937516648 ], [ 105.241981356323905, -5.553162178284419 ], [ 105.24197088702968, -5.553165509831189 ], [ 105.241883084629592, -5.553195491115677 ] ] ] } },
{ "type": "Feature", "properties": { "point_id": 243, "footprint_id": 392, "id_bangunan": "Blok D (SDI-D03-003)", "fungsi_bangunan": "Rumah Tinggal", "jumlah_lantai": 1, "tinggi_lantai": 4.0, "tinggi_total": 4.0, "luas_m2": 110.57, "jarak_match_m": 0.0, "metode_match": "within", "status_match": "OK" }, "geometry": { "type": "Polygon", "coordinates": [ [ [ 105.241913542493279, -5.55328686249767 ], [ 105.241883084629592, -5.553195491115677 ], [ 105.24197088702968, -5.553165509831189 ], [ 105.242003247876767, -5.553256167573891 ], [ 105.241913542493279, -5.55328686249767 ] ] ] } },
{ "type": "Feature", "properties": { "point_id": 244, "footprint_id": 388, "id_bangunan": "Blok D (SDI-D04-004)", "fungsi_bangunan": "Rumah Tinggal", "jumlah_lantai": 1, "tinggi_lantai": 4.0, "tinggi_total": 4.0, "luas_m2": 68.97, "jarak_match_m": 0.89, "metode_match": "optimal_nearest", "status_match": "OK" }, "geometry": { "type": "Polygon", "coordinates": [ [ [ 105.242226679004148, -5.553189780514582 ], [ 105.242239765839301, -5.553208815977121 ], [ 105.242265702222056, -5.553249505021757 ], [ 105.242199553334402, -5.553292335099396 ], [ 105.242166002920257, -5.553242604598338 ], [ 105.242161481945473, -5.553233086037462 ], [ 105.242226679004148, -5.553189780514582 ] ] ] } },
{ "type": "Feature", "properties": { "point_id": 245, "footprint_id": 372, "id_bangunan": "Blok D (SDI-D05-005)", "fungsi_bangunan": "Rumah Tinggal", "jumlah_lantai": 1, "tinggi_lantai": 4.0, "tinggi_total": 4.0, "luas_m2": 141.85, "jarak_match_m": 3.14, "metode_match": "optimal_nearest", "status_match": "OK" }, "geometry": { "type": "Polygon", "coordinates": [ [ [ 105.242187655772739, -5.553921702268592 ], [ 105.242266415790468, -5.553842704103835 ], [ 105.242316147057167, -5.553888865495048 ], [ 105.242311388422095, -5.553894338698944 ], [ 105.242337799881355, -5.55391765758349 ], [ 105.242263322822282, -5.553995942051141 ], [ 105.242187655772739, -5.553921702268592 ] ] ] } },
{ "type": "Feature", "properties": { "point_id": 246, "footprint_id": 373, "id_bangunan": "Blok D (SDI-D06-006)", "fungsi_bangunan": "Rumah Tinggal", "jumlah_lantai": 1, "tinggi_lantai": 4.0, "tinggi_total": 4.0, "luas_m2": 152.56, "jarak_match_m": 1.95, "metode_match": "optimal_nearest", "status_match": "OK" }, "geometry": { "type": "Polygon", "coordinates": [ [ [ 105.242340655286668, -5.553817244277015 ], [ 105.24242512629958, -5.553743480700953 ], [ 105.24244225848679, -5.553759185429223 ], [ 105.242458438914326, -5.553745860705183 ], [ 105.242484851095227, -5.55377536549956 ], [ 105.242478664013973, -5.553780600466417 ], [ 105.242501506526239, -5.553802015640102 ], [ 105.242433216474524, -5.553868164580008 ], [ 105.242438689243386, -5.553873637205299 ], [ 105.242414656310032, -5.553893149257927 ], [ 105.242340655286668, -5.553817244277015 ] ] ] } },
{ "type": "Feature", "properties": { "point_id": 247, "footprint_id": 379, "id_bangunan": "Blok D (SDI-D07-007)", "fungsi_bangunan": "Rumah Tinggal", "jumlah_lantai": 1, "tinggi_lantai": 4.0, "tinggi_total": 4.0, "luas_m2": 105.52, "jarak_match_m": 0.0, "metode_match": "within", "status_match": "OK" }, "geometry": { "type": "Polygon", "coordinates": [ [ [ 105.242717085709188, -5.553438315009607 ], [ 105.242813454113943, -5.553365265681859 ], [ 105.242858426337506, -5.55341808983515 ], [ 105.242761105953434, -5.553494708359287 ], [ 105.242717085709188, -5.553438315009607 ] ] ] } },
{ "type": "Feature", "properties": { "point_id": 248, "footprint_id": 378, "id_bangunan": "Blok D (SDI-D08-008)", "fungsi_bangunan": "Rumah Tinggal", "jumlah_lantai": 1, "tinggi_lantai": 4.0, "tinggi_total": 4.0, "luas_m2": 120.72, "jarak_match_m": 0.0, "metode_match": "within", "status_match": "OK" }, "geometry": { "type": "Polygon", "coordinates": [ [ [ 105.242742070123782, -5.553711953298176 ], [ 105.242792991311035, -5.553782146779356 ], [ 105.242710899935915, -5.553830688114037 ], [ 105.242701857641521, -5.553813080330709 ], [ 105.242690912373575, -5.55382045672366 ], [ 105.242687818754305, -5.553817363226842 ], [ 105.242674969805194, -5.553825929096094 ], [ 105.242639753371208, -5.553771439103563 ], [ 105.242742070123782, -5.553711953298176 ] ] ] } },
{ "type": "Feature", "properties": { "point_id": 249, "footprint_id": 370, "id_bangunan": "Blok D (SDI-D09-009)", "fungsi_bangunan": "Rumah Tinggal", "jumlah_lantai": 1, "tinggi_lantai": 4.0, "tinggi_total": 4.0, "luas_m2": 109.48, "jarak_match_m": 0.0, "metode_match": "within", "status_match": "OK" }, "geometry": { "type": "Polygon", "coordinates": [ [ [ 105.242490323092412, -5.554123480724798 ], [ 105.242539340074103, -5.554078747049656 ], [ 105.242614293778431, -5.554163693470662 ], [ 105.242588357395732, -5.554189392228431 ], [ 105.242574080187808, -5.554173925157685 ], [ 105.242532677806111, -5.55421580338559 ], [ 105.242487230536142, -5.554162741485395 ], [ 105.242509834611823, -5.55414418169556 ], [ 105.242490323092412, -5.554123480724798 ] ] ] } },
{ "type": "Feature", "properties": { "point_id": 250, "footprint_id": 369, "id_bangunan": "Blok D (SDI-D10-010)", "fungsi_bangunan": "Rumah Tinggal", "jumlah_lantai": 1, "tinggi_lantai": 4.0, "tinggi_total": 4.0, "luas_m2": 113.1, "jarak_match_m": 0.12, "metode_match": "optimal_nearest", "status_match": "OK" }, "geometry": { "type": "Polygon", "coordinates": [ [ [ 105.243110986803444, -5.554230415341504 ], [ 105.243101131126892, -5.554219730191643 ], [ 105.243061631852029, -5.554261132736939 ], [ 105.243022846883207, -5.554223537453022 ], [ 105.243014518766088, -5.554221395981362 ], [ 105.24312064287902, -5.554119792206499 ], [ 105.24316506476076, -5.554166806971245 ], [ 105.243110986803444, -5.554230415341504 ] ] ] } },
{ "type": "Feature", "properties": { "point_id": 251, "footprint_id": 233, "id_bangunan": "Blok D (SDI-D11-011)", "fungsi_bangunan": "Rumah Tinggal", "jumlah_lantai": 1, "tinggi_lantai": 4.0, "tinggi_total": 4.0, "luas_m2": 101.82, "jarak_match_m": 1.13, "metode_match": "optimal_nearest", "status_match": "OK" }, "geometry": { "type": "Polygon", "coordinates": [ [ [ 105.243401408980148, -5.554047494620087 ], [ 105.243492780364946, -5.55400180892799 ], [ 105.243529185375735, -5.554074620917395 ], [ 105.243437813983007, -5.554120306615379 ], [ 105.243401408980148, -5.554047494620087 ] ] ] } },
{ "type": "Feature", "properties": { "point_id": 252, "footprint_id": 232, "id_bangunan": "Blok D (SDI-D12-012)", "fungsi_bangunan": "Rumah Tinggal", "jumlah_lantai": 1, "tinggi_lantai": 4.0, "tinggi_total": 4.0, "luas_m2": 275.07, "jarak_match_m": 0.0, "metode_match": "within", "status_match": "OK" }, "geometry": { "type": "Polygon", "coordinates": [ [ [ 105.243736199168154, -5.554160995443935 ], [ 105.24369194108408, -5.554071051051425 ], [ 105.243648396593485, -5.554091752657471 ], [ 105.243668383759058, -5.554131727613342 ], [ 105.243599855602184, -5.554165278144423 ], [ 105.243544890528682, -5.554056061219097 ], [ 105.243718352651996, -5.553986818342198 ], [ 105.243788309348872, -5.554131727896697 ], [ 105.243736199168154, -5.554160995443935 ] ] ] } },
{ "type": "Feature", "properties": { "point_id": 253, "footprint_id": 230, "id_bangunan": "Blok D (SDI-D13-013)", "fungsi_bangunan": "Rumah Tinggal", "jumlah_lantai": 1, "tinggi_lantai": 4.0, "tinggi_total": 4.0, "luas_m2": 205.6, "jarak_match_m": 18.81, "metode_match": "optimal_nearest", "status_match": "PERLU_CEK" }, "geometry": { "type": "Polygon", "coordinates": [ [ [ 105.244025897759997, -5.554346414434211 ], [ 105.244103706869907, -5.554285024303589 ], [ 105.244208658860188, -5.554418045965319 ], [ 105.244130850647792, -5.554479436109406 ], [ 105.244025897759997, -5.554346414434211 ] ] ] } },
{ "type": "Feature", "properties": { "point_id": 254, "footprint_id": 228, "id_bangunan": "Blok D (SDI-D14-014)", "fungsi_bangunan": "Rumah Tinggal", "jumlah_lantai": 1, "tinggi_lantai": 4.0, "tinggi_total": 4.0, "luas_m2": 92.72, "jarak_match_m": 7.46, "metode_match": "optimal_nearest", "status_match": "OK" }, "geometry": { "type": "Polygon", "coordinates": [ [ [ 105.244178065109978, -5.554695005435055 ], [ 105.244108465857053, -5.554618268414603 ], [ 105.244163693837834, -5.554569609531601 ], [ 105.244232435210037, -5.554645988663572 ], [ 105.244178065109978, -5.554695005435055 ] ] ] } },
{ "type": "Feature", "properties": { "point_id": 255, "footprint_id": 226, "id_bangunan": "Blok D (SDI-D15-015)", "fungsi_bangunan": "Rumah Tinggal", "jumlah_lantai": 1, "tinggi_lantai": 4.0, "tinggi_total": 4.0, "luas_m2": 247.47, "jarak_match_m": 0.0, "metode_match": "within", "status_match": "OK" }, "geometry": { "type": "Polygon", "coordinates": [ [ [ 105.243984971339842, -5.55480541307257 ], [ 105.243918548413106, -5.554726456544924 ], [ 105.244068453758828, -5.554600345067191 ], [ 105.244134877592799, -5.554679301577671 ], [ 105.243984971339842, -5.55480541307257 ] ] ] } },
{ "type": "Feature", "properties": { "point_id": 256, "footprint_id": 229, "id_bangunan": "Blok D (SDI-D16-016)", "fungsi_bangunan": "Rumah Tinggal", "jumlah_lantai": 1, "tinggi_lantai": 4.0, "tinggi_total": 4.0, "luas_m2": 98.99, "jarak_match_m": 1.82, "metode_match": "optimal_nearest", "status_match": "OK" }, "geometry": { "type": "Polygon", "coordinates": [ [ [ 105.243951659253796, -5.554413753790609 ], [ 105.244004006738862, -5.554370922886222 ], [ 105.244079702353247, -5.554463439720005 ], [ 105.244027353962807, -5.554506269726819 ], [ 105.243951659253796, -5.554413753790609 ] ] ] } },
{ "type": "Feature", "properties": { "point_id": 257, "footprint_id": 227, "id_bangunan": "Blok D (SDI-D17-017)", "fungsi_bangunan": "Rumah Tinggal", "jumlah_lantai": 1, "tinggi_lantai": 4.0, "tinggi_total": 4.0, "luas_m2": 128.93, "jarak_match_m": 4.11, "metode_match": "optimal_nearest", "status_match": "OK" }, "geometry": { "type": "Polygon", "coordinates": [ [ [ 105.244134877592799, -5.554679301577671 ], [ 105.244189604688799, -5.554736408666652 ], [ 105.244093479748329, -5.554828528793753 ], [ 105.244038751749798, -5.554771422601023 ], [ 105.244134877592799, -5.554679301577671 ] ] ] } },
{ "type": "Feature", "properties": { "point_id": 258, "footprint_id": 224, "id_bangunan": "Blok D (SDI-D18-018)", "fungsi_bangunan": "Rumah Tinggal", "jumlah_lantai": 1, "tinggi_lantai": 4.0, "tinggi_total": 4.0, "luas_m2": 156.18, "jarak_match_m": 0.83, "metode_match": "optimal_nearest", "status_match": "OK" }, "geometry": { "type": "Polygon", "coordinates": [ [ [ 105.244068252472218, -5.555131398494295 ], [ 105.243988634498336, -5.555034088702699 ], [ 105.244067156701291, -5.55496984324174 ], [ 105.244146774678498, -5.555067153022792 ], [ 105.244068252472218, -5.555131398494295 ] ] ] } },
{ "type": "Feature", "properties": { "point_id": 259, "footprint_id": 223, "id_bangunan": "Blok D (SDI-D19-019)", "fungsi_bangunan": "Rumah Tinggal", "jumlah_lantai": 1, "tinggi_lantai": 4.0, "tinggi_total": 4.0, "luas_m2": 31.84, "jarak_match_m": 3.25, "metode_match": "optimal_nearest", "status_match": "OK" }, "geometry": { "type": "Polygon", "coordinates": [ [ [ 105.244174800622901, -5.555176028206613 ], [ 105.244127539191027, -5.555208357795554 ], [ 105.244101892830116, -5.555170866620537 ], [ 105.244149154260583, -5.555138537033677 ], [ 105.244174800622901, -5.555176028206613 ] ] ] } },
{ "type": "Feature", "properties": { "point_id": 260, "footprint_id": 225, "id_bangunan": "Blok D (SDI-D20-020)", "fungsi_bangunan": "Rumah Tinggal", "jumlah_lantai": 1, "tinggi_lantai": 4.0, "tinggi_total": 4.0, "luas_m2": 342.65, "jarak_match_m": 0.72, "metode_match": "optimal_nearest", "status_match": "OK" }, "geometry": { "type": "Polygon", "coordinates": [ [ [ 105.244211019822231, -5.555036220410167 ], [ 105.244396618052576, -5.554891073172463 ], [ 105.244469791585345, -5.554984638563408 ], [ 105.244284193345635, -5.55512978582416 ], [ 105.244211019822231, -5.555036220410167 ] ] ] } },
{ "type": "Feature", "properties": { "point_id": 261, "footprint_id": 221, "id_bangunan": "Blok D (SDI-D22-022)", "fungsi_bangunan": "Rumah Tinggal", "jumlah_lantai": 1, "tinggi_lantai": 4.0, "tinggi_total": 4.0, "luas_m2": 198.95, "jarak_match_m": 0.0, "metode_match": "within", "status_match": "OK" }, "geometry": { "type": "Polygon", "coordinates": [ [ [ 105.244215779615587, -5.555393139792649 ], [ 105.244175370145058, -5.555296158485485 ], [ 105.24431813867669, -5.555236671966491 ], [ 105.244358547262792, -5.555333653263606 ], [ 105.244215779615587, -5.555393139792649 ] ] ] } },
{ "type": "Feature", "properties": { "point_id": 262, "footprint_id": 220, "id_bangunan": "Blok D (SDI-D23-023)", "fungsi_bangunan": "Rumah Tinggal", "jumlah_lantai": 1, "tinggi_lantai": 4.0, "tinggi_total": 4.0, "luas_m2": 106.96, "jarak_match_m": 2.9, "metode_match": "optimal_nearest", "status_match": "OK" }, "geometry": { "type": "Polygon", "coordinates": [ [ [ 105.244065872860475, -5.555283684450415 ], [ 105.244134877336975, -5.555259889282688 ], [ 105.244173894895837, -5.555373038860887 ], [ 105.24410489040811, -5.555396834033592 ], [ 105.244065872860475, -5.555283684450415 ] ] ] } },
{ "type": "Feature", "properties": { "point_id": 263, "footprint_id": 219, "id_bangunan": "Blok D (SDI-D24-024)", "fungsi_bangunan": "Rumah Tinggal", "jumlah_lantai": 1, "tinggi_lantai": 4.0, "tinggi_total": 4.0, "luas_m2": 89.7, "jarak_match_m": 0.0, "metode_match": "within", "status_match": "OK" }, "geometry": { "type": "Polygon", "coordinates": [ [ [ 105.244408515430322, -5.555171849826589 ], [ 105.244510832028226, -5.555133778308043 ], [ 105.244534236205851, -5.555196675344124 ], [ 105.24443191869608, -5.555234746867427 ], [ 105.244408515430322, -5.555171849826589 ] ] ] } },
{ "type": "Feature", "properties": { "point_id": 264, "footprint_id": 217, "id_bangunan": "Blok D (SDI-D25-025)", "fungsi_bangunan": "Rumah Tinggal", "jumlah_lantai": 1, "tinggi_lantai": 4.0, "tinggi_total": 4.0, "luas_m2": 131.15, "jarak_match_m": 9.63, "metode_match": "optimal_nearest", "status_match": "OK" }, "geometry": { "type": "Polygon", "coordinates": [ [ [ 105.244237194510077, -5.5554752304654 ], [ 105.24437282370009, -5.555406226472474 ], [ 105.244404744671897, -5.555468967105905 ], [ 105.244269115472264, -5.555537972011118 ], [ 105.244237194510077, -5.5554752304654 ] ] ] } },
{ "type": "Feature", "properties": { "point_id": 265, "footprint_id": 218, "id_bangunan": "Blok D (SDI-D26-026)", "fungsi_bangunan": "Rumah Tinggal", "jumlah_lantai": 1, "tinggi_lantai": 4.0, "tinggi_total": 4.0, "luas_m2": 117.91, "jarak_match_m": 0.0, "metode_match": "within", "status_match": "OK" }, "geometry": { "type": "Polygon", "coordinates": [ [ [ 105.244434689637458, -5.555315806722401 ], [ 105.244560801478968, -5.555272976902091 ], [ 105.244584054476931, -5.555341446568631 ], [ 105.244457943525845, -5.555384276394016 ], [ 105.244434689637458, -5.555315806722401 ] ] ] } },
{ "type": "Feature", "properties": { "point_id": 266, "footprint_id": 215, "id_bangunan": "Blok D (SDI-D27-027)", "fungsi_bangunan": "Rumah Tinggal", "jumlah_lantai": 1, "tinggi_lantai": 4.0, "tinggi_total": 4.0, "luas_m2": 171.08, "jarak_match_m": 0.0, "metode_match": "within", "status_match": "OK" }, "geometry": { "type": "Polygon", "coordinates": [ [ [ 105.244296681157195, -5.555544235180848 ], [ 105.244420412600249, -5.555487128469725 ], [ 105.244463381993739, -5.55558022870497 ], [ 105.244339650536546, -5.555637336330223 ], [ 105.244296681157195, -5.555544235180848 ] ] ] } },
{ "type": "Feature", "properties": { "point_id": 267, "footprint_id": 214, "id_bangunan": "Blok D (SDI-D28-028)", "fungsi_bangunan": "Rumah Tinggal", "jumlah_lantai": 1, "tinggi_lantai": 4.0, "tinggi_total": 4.0, "luas_m2": 178.22, "jarak_match_m": 17.0, "metode_match": "optimal_nearest", "status_match": "PERLU_CEK" }, "geometry": { "type": "Polygon", "coordinates": [ [ [ 105.244510831998497, -5.555558512225037 ], [ 105.24448001350278, -5.555460918150199 ], [ 105.244615642621255, -5.555418087996575 ], [ 105.244646462039341, -5.555515682063203 ], [ 105.244510831998497, -5.555558512225037 ] ] ] } },
{ "type": "Feature", "properties": { "point_id": 268, "footprint_id": 213, "id_bangunan": "Blok D (SDI-D29-029)", "fungsi_bangunan": "Rumah Tinggal", "jumlah_lantai": 1, "tinggi_lantai": 4.0, "tinggi_total": 4.0, "luas_m2": 168.79, "jarak_match_m": 4.61, "metode_match": "optimal_nearest", "status_match": "OK" }, "geometry": { "type": "Polygon", "coordinates": [ [ [ 105.244567939322422, -5.555701279371204 ], [ 105.24454857661479, -5.555610422825399 ], [ 105.244693723409199, -5.555579490130756 ], [ 105.244713086137637, -5.555670346670943 ], [ 105.244567939322422, -5.555701279371204 ] ] ] } },
{ "type": "Feature", "properties": { "point_id": 269, "footprint_id": 216, "id_bangunan": "Blok D (SDI-D30-030)", "fungsi_bangunan": "Rumah Tinggal", "jumlah_lantai": 1, "tinggi_lantai": 4.0, "tinggi_total": 4.0, "luas_m2": 114.31, "jarak_match_m": 0.0, "metode_match": "within", "status_match": "OK" }, "geometry": { "type": "Polygon", "coordinates": [ [ [ 105.244465622182076, -5.555615619029095 ], [ 105.244503694128852, -5.555732212928945 ], [ 105.244431333541527, -5.555755840362676 ], [ 105.244393261607428, -5.555639247362332 ], [ 105.244465622182076, -5.555615619029095 ] ] ] } },
{ "type": "Feature", "properties": { "point_id": 270, "footprint_id": 211, "id_bangunan": "Blok D (SDI-D31-031)", "fungsi_bangunan": "Rumah Tinggal", "jumlah_lantai": 1, "tinggi_lantai": 4.0, "tinggi_total": 4.0, "luas_m2": 96.7, "jarak_match_m": 0.0, "metode_match": "within", "status_match": "OK" }, "geometry": { "type": "Polygon", "coordinates": [ [ [ 105.244684533337775, -5.555965399872688 ], [ 105.24468126071632, -5.555891781782826 ], [ 105.244788336706449, -5.555887023346608 ], [ 105.244791608437865, -5.555960640531025 ], [ 105.244684533337775, -5.555965399872688 ] ] ] } },
{ "type": "Feature", "properties": { "point_id": 271, "footprint_id": 212, "id_bangunan": "Blok D (SDI-D32-032)", "fungsi_bangunan": "Rumah Tinggal", "jumlah_lantai": 1, "tinggi_lantai": 4.0, "tinggi_total": 4.0, "luas_m2": 105.09, "jarak_match_m": 0.0, "metode_match": "within", "status_match": "OK" }, "geometry": { "type": "Polygon", "coordinates": [ [ [ 105.244636943458403, -5.555884497901674 ], [ 105.24463218448625, -5.555805976383692 ], [ 105.244741096158762, -5.555799375353287 ], [ 105.244745855145581, -5.555877897774413 ], [ 105.244636943458403, -5.555884497901674 ] ] ] } },
{ "type": "Feature", "properties": { "point_id": 272, "footprint_id": 210, "id_bangunan": "Blok D (SDI-D33-033)", "fungsi_bangunan": "Rumah Tinggal", "jumlah_lantai": 1, "tinggi_lantai": 4.0, "tinggi_total": 4.0, "luas_m2": 95.94, "jarak_match_m": 2.03, "metode_match": "optimal_nearest", "status_match": "OK" }, "geometry": { "type": "Polygon", "coordinates": [ [ [ 105.244613148988648, -5.55615813634606 ], [ 105.244598051606502, -5.556080760763415 ], [ 105.244695608993297, -5.556061724763404 ], [ 105.244710707290352, -5.556139100342691 ], [ 105.244613148988648, -5.55615813634606 ] ] ] } },
{ "type": "Feature", "properties": { "point_id": 273, "footprint_id": 204, "id_bangunan": "Blok D (SDI-D35-035)", "fungsi_bangunan": "Rumah Tinggal", "jumlah_lantai": 1, "tinggi_lantai": 4.0, "tinggi_total": 4.0, "luas_m2": 146.68, "jarak_match_m": 0.0, "metode_match": "within", "status_match": "OK" }, "geometry": { "type": "Polygon", "coordinates": [ [ [ 105.244581264477119, -5.556466276510551 ], [ 105.244702617146018, -5.556413928211485 ], [ 105.244738522055499, -5.556497163554257 ], [ 105.244617170276257, -5.556549511860772 ], [ 105.244581264477119, -5.556466276510551 ] ] ] } },
{ "type": "Feature", "properties": { "point_id": 274, "footprint_id": 205, "id_bangunan": "Blok D (SDI-D36-036)", "fungsi_bangunan": "Rumah Tinggal", "jumlah_lantai": 1, "tinggi_lantai": 4.0, "tinggi_total": 4.0, "luas_m2": 252.55, "jarak_match_m": 0.0, "metode_match": "within", "status_match": "OK" }, "geometry": { "type": "Polygon", "coordinates": [ [ [ 105.244652648011936, -5.556682807340889 ], [ 105.244596915226253, -5.556563084393052 ], [ 105.244738522055499, -5.556497163554257 ], [ 105.244794254862413, -5.556616886488007 ], [ 105.244652648011936, -5.556682807340889 ] ] ] } },
{ "type": "Feature", "properties": { "point_id": 275, "footprint_id": 352, "id_bangunan": "SDI-D50-050", "fungsi_bangunan": "Rumah Tinggal", "jumlah_lantai": 1, "tinggi_lantai": 4.0, "tinggi_total": 4.0, "luas_m2": 201.99, "jarak_match_m": 9.83, "metode_match": "optimal_nearest", "status_match": "OK" }, "geometry": { "type": "Polygon", "coordinates": [ [ [ 105.240672177646275, -5.553564307252123 ], [ 105.240722145842369, -5.553520525015138 ], [ 105.240786391272096, -5.553594764223085 ], [ 105.240808996222853, -5.553573825297279 ], [ 105.240871576374545, -5.55365377525128 ], [ 105.240802571427452, -5.553716354598505 ], [ 105.240787818720577, -5.55369708095727 ], [ 105.240784488070759, -5.553699460608868 ], [ 105.240743323366985, -5.553650920011964 ], [ 105.240672177646275, -5.553564307252123 ] ] ] } },
{ "type": "Feature", "properties": { "point_id": 276, "footprint_id": 354, "id_bangunan": "SDI-D52-052", "fungsi_bangunan": "Rumah Tinggal", "jumlah_lantai": 1, "tinggi_lantai": 4.0, "tinggi_total": 4.0, "luas_m2": 121.82, "jarak_match_m": 9.22, "metode_match": "optimal_nearest", "status_match": "OK" }, "geometry": { "type": "Polygon", "coordinates": [ [ [ 105.240813754906043, -5.553784169875827 ], [ 105.240851588952182, -5.553752760789105 ], [ 105.240875145000174, -5.553779410879724 ], [ 105.240919403142115, -5.553746098524664 ], [ 105.240966516952241, -5.553805822535598 ], [ 105.240886091246068, -5.553872209649914 ], [ 105.240813754906043, -5.553784169875827 ] ] ] } },
{ "type": "Feature", "properties": { "point_id": 277, "footprint_id": 368, "id_bangunan": "SDI-D53-053", "fungsi_bangunan": "Rumah Tinggal", "jumlah_lantai": 1, "tinggi_lantai": 4.0, "tinggi_total": 4.0, "luas_m2": 198.36, "jarak_match_m": 2.68, "metode_match": "optimal_nearest", "status_match": "OK" }, "geometry": { "type": "Polygon", "coordinates": [ [ [ 105.240919879587736, -5.553867688965355 ], [ 105.241032665989266, -5.553769655251975 ], [ 105.24109786269716, -5.553851746295547 ], [ 105.240986979557263, -5.553949780149669 ], [ 105.240979841247068, -5.553953824985348 ], [ 105.240941294110513, -5.553907901359948 ], [ 105.240947242847781, -5.553902666505767 ], [ 105.240919879587736, -5.553867688965355 ] ] ] } },
{ "type": "Feature", "properties": { "point_id": 278, "footprint_id": 203, "id_bangunan": "Blok D (SDI-D37-037)", "fungsi_bangunan": "Rumah Tinggal", "jumlah_lantai": 1, "tinggi_lantai": 4.0, "tinggi_total": 4.0, "luas_m2": 146.4, "jarak_match_m": 0.0, "metode_match": "within", "status_match": "OK" }, "geometry": { "type": "Polygon", "coordinates": [ [ [ 105.244381389567053, -5.556835092439838 ], [ 105.244346697737797, -5.556750840664552 ], [ 105.24446804966199, -5.556700871609139 ], [ 105.244502742408187, -5.556785124281089 ], [ 105.244381389567053, -5.556835092439838 ] ] ] } },
{ "type": "Feature", "properties": { "point_id": 279, "footprint_id": 346, "id_bangunan": "SDI-D54-054", "fungsi_bangunan": "Rumah Tinggal", "jumlah_lantai": 1, "tinggi_lantai": 4.0, "tinggi_total": 4.0, "luas_m2": 126.59, "jarak_match_m": 4.5, "metode_match": "optimal_nearest", "status_match": "OK" }, "geometry": { "type": "Polygon", "coordinates": [ [ [ 105.24111237786849, -5.55381081996074 ], [ 105.241129033854435, -5.553796780413428 ], [ 105.241114519269146, -5.553779173027636 ], [ 105.241164012277125, -5.55373919766637 ], [ 105.241171625819632, -5.553747050438381 ], [ 105.241192089266718, -5.553730869865572 ], [ 105.241258952347408, -5.553809868156582 ], [ 105.241208745487199, -5.553855077150005 ], [ 105.241179002133919, -5.553819861769228 ], [ 105.241141883019026, -5.553848652561069 ], [ 105.24111237786849, -5.55381081996074 ] ] ] } },
{ "type": "Feature", "properties": { "point_id": 280, "footprint_id": 202, "id_bangunan": "Blok D (SDI-D38-038)", "fungsi_bangunan": "Rumah Tinggal", "jumlah_lantai": 1, "tinggi_lantai": 4.0, "tinggi_total": 4.0, "luas_m2": 179.54, "jarak_match_m": 0.0, "metode_match": "within", "status_match": "OK" }, "geometry": { "type": "Polygon", "coordinates": [ [ [ 105.24461219735683, -5.556880302963132 ], [ 105.244566761486723, -5.556777038351687 ], [ 105.244685734224475, -5.556724690134783 ], [ 105.244731170110498, -5.556827954736523 ], [ 105.24461219735683, -5.556880302963132 ] ] ] } },
{ "type": "Feature", "properties": { "point_id": 281, "footprint_id": 200, "id_bangunan": "Blok D (SDI-D39-039)", "fungsi_bangunan": "Rumah Tinggal", "jumlah_lantai": 1, "tinggi_lantai": 4.0, "tinggi_total": 4.0, "luas_m2": 106.61, "jarak_match_m": 0.0, "metode_match": "within", "status_match": "OK" }, "geometry": { "type": "Polygon", "coordinates": [ [ [ 105.24485252301892, -5.557023070135599 ], [ 105.244949267310375, -5.556969694366022 ], [ 105.244987338743002, -5.55703869792993 ], [ 105.244890594444598, -5.557092074610601 ], [ 105.24485252301892, -5.557023070135599 ] ] ] } },
{ "type": "Feature", "properties": { "point_id": 282, "footprint_id": 429, "id_bangunan": "SDI-D55-055", "fungsi_bangunan": "Rumah Tinggal", "jumlah_lantai": 1, "tinggi_lantai": 4.0, "tinggi_total": 4.0, "luas_m2": 105.14, "jarak_match_m": 3.56, "metode_match": "optimal_nearest", "status_match": "OK" }, "geometry": { "type": "Polygon", "coordinates": [ [ [ 105.241350323419951, -5.553652109858562 ], [ 105.241345564612985, -5.55364830237022 ], [ 105.241371976973994, -5.553620701016322 ], [ 105.241375545982791, -5.553624983925628 ], [ 105.241395771510412, -5.553605471660275 ], [ 105.24146068279417, -5.553676117295139 ], [ 105.24139483630924, -5.553734593787921 ], [ 105.241390774846877, -5.553731583906133 ], [ 105.241332715522319, -5.553672096893115 ], [ 105.241350323419951, -5.553652109858562 ] ] ] } },
{ "type": "Feature", "properties": { "point_id": 283, "footprint_id": 194, "id_bangunan": "Blok D (SDI-D40-040)", "fungsi_bangunan": "Rumah Tinggal", "jumlah_lantai": 1, "tinggi_lantai": 4.0, "tinggi_total": 4.0, "luas_m2": 154.93, "jarak_match_m": 12.19, "metode_match": "optimal_nearest", "status_match": "OK" }, "geometry": { "type": "Polygon", "coordinates": [ [ [ 105.244878696660606, -5.557919175595816 ], [ 105.244916768472692, -5.557997697760468 ], [ 105.244786287349953, -5.558060960737603 ], [ 105.244748215550374, -5.557982438564138 ], [ 105.244878696660606, -5.557919175595816 ] ] ] } },
{ "type": "Feature", "properties": { "point_id": 284, "footprint_id": 195, "id_bangunan": "Blok D (SDI-D41-041)", "fungsi_bangunan": "Rumah Tinggal", "jumlah_lantai": 1, "tinggi_lantai": 4.0, "tinggi_total": 4.0, "luas_m2": 133.37, "jarak_match_m": 0.0, "metode_match": "within", "status_match": "OK" }, "geometry": { "type": "Polygon", "coordinates": [ [ [ 105.245119022193535, -5.557344297847158 ], [ 105.245210256171902, -5.557338823093585 ], [ 105.245217393915496, -5.55745779630772 ], [ 105.245126160821485, -5.557463270158167 ], [ 105.245119022193535, -5.557344297847158 ] ] ] } },
{ "type": "Feature", "properties": { "point_id": 285, "footprint_id": 198, "id_bangunan": "Blok D (SDI-D42-042)", "fungsi_bangunan": "Rumah Tinggal", "jumlah_lantai": 1, "tinggi_lantai": 4.0, "tinggi_total": 4.0, "luas_m2": 68.28, "jarak_match_m": 0.0, "metode_match": "within", "status_match": "OK" }, "geometry": { "type": "Polygon", "coordinates": [ [ [ 105.244831108058193, -5.557199150521254 ], [ 105.244909630420111, -5.557161078835966 ], [ 105.244937511698652, -5.5572185841563 ], [ 105.24485898933122, -5.557256655845461 ], [ 105.244831108058193, -5.557199150521254 ] ] ] } },
{ "type": "Feature", "properties": { "point_id": 286, "footprint_id": 206, "id_bangunan": "Blok D (SDI-D43-043)", "fungsi_bangunan": "Rumah Tinggal", "jumlah_lantai": 1, "tinggi_lantai": 4.0, "tinggi_total": 4.0, "luas_m2": 103.66, "jarak_match_m": 11.61, "metode_match": "optimal_nearest", "status_match": "OK" }, "geometry": { "type": "Polygon", "coordinates": [ [ [ 105.244795891336778, -5.556865074158153 ], [ 105.244771213542052, -5.556798892022635 ], [ 105.244883523713412, -5.556757013189916 ], [ 105.244908202421414, -5.556823195319984 ], [ 105.244795891336778, -5.556865074158153 ] ] ] } },
{ "type": "Feature", "properties": { "point_id": 287, "footprint_id": 381, "id_bangunan": "Blok D (SDI-D44-044)", "fungsi_bangunan": "Rumah Tinggal", "jumlah_lantai": 1, "tinggi_lantai": 4.0, "tinggi_total": 4.0, "luas_m2": 196.16, "jarak_match_m": 0.74, "metode_match": "optimal_nearest", "status_match": "OK" }, "geometry": { "type": "Polygon", "coordinates": [ [ [ 105.242280216921799, -5.553404407524383 ], [ 105.242295921835179, -5.553382992819563 ], [ 105.242277123467417, -5.553366336185232 ], [ 105.242367066997744, -5.55326663710894 ], [ 105.242445351641649, -5.553339210359712 ], [ 105.242338989722427, -5.553453186850394 ], [ 105.242280216921799, -5.553404407524383 ] ] ] } },
{ "type": "Feature", "properties": { "point_id": 288, "footprint_id": 391, "id_bangunan": "Blok D (SDI-D45-045)", "fungsi_bangunan": "Rumah Tinggal", "jumlah_lantai": 2, "tinggi_lantai": 4.0, "tinggi_total": 8.0, "luas_m2": 53.75, "jarak_match_m": 0.0, "metode_match": "within", "status_match": "OK" }, "geometry": { "type": "Polygon", "coordinates": [ [ [ 105.242152678087336, -5.55264048188697 ], [ 105.242220254810661, -5.552600983014393 ], [ 105.242249521659133, -5.552649999701778 ], [ 105.242179090166488, -5.552687594579363 ], [ 105.242152678087336, -5.55264048188697 ] ] ] } },
{ "type": "Feature", "properties": { "point_id": 289, "footprint_id": 398, "id_bangunan": "Blok D (SDI-D46-046)", "fungsi_bangunan": "Rumah Tinggal", "jumlah_lantai": 1, "tinggi_lantai": 4.0, "tinggi_total": 4.0, "luas_m2": 164.19, "jarak_match_m": 3.23, "metode_match": "optimal_nearest", "status_match": "OK" }, "geometry": { "type": "Polygon", "coordinates": [ [ [ 105.242271234578737, -5.552589502159506 ], [ 105.242330126176839, -5.552557973984899 ], [ 105.242342023253983, -5.552577604281281 ], [ 105.242346187973709, -5.552577009130736 ], [ 105.242391397215385, -5.552655532193426 ], [ 105.242387233710005, -5.552659100889957 ], [ 105.24241340764398, -5.552706690413053 ], [ 105.24233428996078, -5.552742977146289 ], [ 105.242271234578737, -5.552589502159506 ] ] ] } },
{ "type": "Feature", "properties": { "point_id": 290, "footprint_id": 409, "id_bangunan": "Blok D (SDI-D47-047)", "fungsi_bangunan": "Rumah Tinggal", "jumlah_lantai": 1, "tinggi_lantai": 4.0, "tinggi_total": 4.0, "luas_m2": 226.44, "jarak_match_m": 0.0, "metode_match": "within", "status_match": "OK" }, "geometry": { "type": "Polygon", "coordinates": [ [ [ 105.24267526666145, -5.552538700167659 ], [ 105.242539637717655, -5.55234001494888 ], [ 105.242574140375879, -5.552316220561408 ], [ 105.242578303740984, -5.552323359162813 ], [ 105.242606857911753, -5.552303133299227 ], [ 105.24273951261813, -5.552488137069589 ], [ 105.24267526666145, -5.552538700167659 ] ] ] } },
{ "type": "Feature", "properties": { "point_id": 291, "footprint_id": 399, "id_bangunan": "Blok D (SDI-D48-048)", "fungsi_bangunan": "Rumah Tinggal", "jumlah_lantai": 1, "tinggi_lantai": 4.0, "tinggi_total": 4.0, "luas_m2": 206.71, "jarak_match_m": 0.0, "metode_match": "within", "status_match": "OK" }, "geometry": { "type": "Polygon", "coordinates": [ [ [ 105.242642430096907, -5.552324786592963 ], [ 105.242712624901955, -5.552276007716674 ], [ 105.242729875756865, -5.552301586517234 ], [ 105.242755454776784, -5.55228314581533 ], [ 105.242764080240548, -5.55229712526669 ], [ 105.24276765003907, -5.552294508491033 ], [ 105.24283594055386, -5.552393256082255 ], [ 105.242773360380241, -5.55243489605839 ], [ 105.242747662166266, -5.552393732001966 ], [ 105.242703642226743, -5.552423950525859 ], [ 105.242642430096907, -5.552324786592963 ] ] ] } },
{ "type": "Feature", "properties": { "point_id": 292, "footprint_id": 273, "id_bangunan": "SDI-D01-056", "fungsi_bangunan": "Rumah Tinggal", "jumlah_lantai": 2, "tinggi_lantai": 4.0, "tinggi_total": 8.0, "luas_m2": 38.95, "jarak_match_m": 6.9, "metode_match": "optimal_nearest", "status_match": "OK" }, "geometry": { "type": "Polygon", "coordinates": [ [ [ 105.240349829458694, -5.554407717958099 ], [ 105.240389417639534, -5.554375762688315 ], [ 105.240400363237555, -5.554369101000642 ], [ 105.240428679372073, -5.554413834702102 ], [ 105.240383469615509, -5.554447384425433 ], [ 105.240349829458694, -5.554407717958099 ] ] ] } },
{ "type": "Feature", "properties": { "point_id": 293, "footprint_id": 267, "id_bangunan": "SDI-D57-057", "fungsi_bangunan": "Rumah Tinggal", "jumlah_lantai": 1, "tinggi_lantai": 4.0, "tinggi_total": 4.0, "luas_m2": 127.77, "jarak_match_m": 2.59, "metode_match": "optimal_nearest", "status_match": "OK" }, "geometry": { "type": "Polygon", "coordinates": [ [ [ 105.240059386595419, -5.554319369645254 ], [ 105.240116969928636, -5.554278205099142 ], [ 105.24019834691093, -5.554386708727355 ], [ 105.240136005744517, -5.554437629026674 ], [ 105.240059386595419, -5.554319369645254 ] ] ] } },
{ "type": "Feature", "properties": { "point_id": 294, "footprint_id": 341, "id_bangunan": "SDI-D59-059", "fungsi_bangunan": "Rumah Tinggal", "jumlah_lantai": 1, "tinggi_lantai": 4.0, "tinggi_total": 4.0, "luas_m2": 180.52, "jarak_match_m": 1.66, "metode_match": "optimal_nearest", "status_match": "OK" }, "geometry": { "type": "Polygon", "coordinates": [ [ [ 105.240482534572479, -5.553857933295624 ], [ 105.240577950288142, -5.553779172819604 ], [ 105.240655521316569, -5.553864595182439 ], [ 105.240578426557008, -5.553945020887749 ], [ 105.24056629131384, -5.55393693112443 ], [ 105.240561294570128, -5.553931934127075 ], [ 105.240557725138046, -5.553935503474167 ], [ 105.240482534572479, -5.553857933295624 ] ] ] } },
{ "type": "Feature", "properties": { "point_id": 295, "footprint_id": 364, "id_bangunan": "SDI-D60-060", "fungsi_bangunan": "Rumah Tinggal", "jumlah_lantai": 1, "tinggi_lantai": 4.0, "tinggi_total": 4.0, "luas_m2": 199.33, "jarak_match_m": 6.06, "metode_match": "optimal_nearest", "status_match": "OK" }, "geometry": { "type": "Polygon", "coordinates": [ [ [ 105.240966278746285, -5.553988446503901 ], [ 105.241038614321795, -5.553932291425095 ], [ 105.241066453667472, -5.55395679938548 ], [ 105.241110712036402, -5.553928484238395 ], [ 105.24113926507691, -5.553958464966058 ], [ 105.241129747815108, -5.553967269172166 ], [ 105.241153304464433, -5.553995346769681 ], [ 105.241047005338942, -5.55408923642529 ], [ 105.240966278746285, -5.553988446503901 ] ] ] } },
{ "type": "Feature", "properties": { "point_id": 296, "footprint_id": 347, "id_bangunan": "SDI-D61-061", "fungsi_bangunan": "Rumah Tinggal", "jumlah_lantai": 1, "tinggi_lantai": 4.0, "tinggi_total": 4.0, "luas_m2": 35.45, "jarak_match_m": 13.56, "metode_match": "optimal_nearest", "status_match": "OK" }, "geometry": { "type": "Polygon", "coordinates": [ [ [ 105.24125134207506, -5.553816720280935 ], [ 105.241258952347408, -5.553809868156582 ], [ 105.241214846378909, -5.553757757283423 ], [ 105.241240392183371, -5.553737293885447 ], [ 105.241293692731347, -5.553797494801287 ], [ 105.241261094104004, -5.553827951907396 ], [ 105.24125134207506, -5.553816720280935 ] ] ] } },
{ "type": "Feature", "properties": { "point_id": 297, "footprint_id": 361, "id_bangunan": "SDI-D62-062", "fungsi_bangunan": "Rumah Tinggal", "jumlah_lantai": 1, "tinggi_lantai": 4.0, "tinggi_total": 4.0, "luas_m2": 71.42, "jarak_match_m": 5.36, "metode_match": "optimal_nearest", "status_match": "OK" }, "geometry": { "type": "Polygon", "coordinates": [ [ [ 105.241345088635327, -5.554040675878404 ], [ 105.241388871398954, -5.553997369238578 ], [ 105.241454782156268, -5.554065659689427 ], [ 105.241409810109332, -5.554108490075583 ], [ 105.241345088635327, -5.554040675878404 ] ] ] } },
{ "type": "Feature", "properties": { "point_id": 298, "footprint_id": 348, "id_bangunan": "SDI-D63-063", "fungsi_bangunan": "Rumah Tinggal", "jumlah_lantai": 1, "tinggi_lantai": 4.0, "tinggi_total": 4.0, "luas_m2": 215.38, "jarak_match_m": 7.15, "metode_match": "optimal_nearest", "status_match": "OK" }, "geometry": { "type": "Polygon", "coordinates": [ [ [ 105.241271801194586, -5.553829855417653 ], [ 105.241353179418738, -5.553767989246243 ], [ 105.241391726482405, -5.553820337585551 ], [ 105.241419089774539, -5.553799874342157 ], [ 105.241463823906258, -5.553849128999157 ], [ 105.241430035486815, -5.55388006153564 ], [ 105.241346279048329, -5.553950731724891 ], [ 105.241332001618773, -5.553932409583807 ], [ 105.241315583734732, -5.553943593096243 ], [ 105.241290598888725, -5.553911470545956 ], [ 105.241369597072392, -5.553847225240507 ], [ 105.241364362091858, -5.553840324988426 ], [ 105.241315345615433, -5.553879824331723 ], [ 105.241299879324629, -5.553859836331417 ], [ 105.241297499889853, -5.553863406101445 ], [ 105.241271801194586, -5.553829855417653 ] ] ] } },
{ "type": "Feature", "properties": { "point_id": 299, "footprint_id": 362, "id_bangunan": "SDI-D64-064", "fungsi_bangunan": "Rumah Tinggal", "jumlah_lantai": 1, "tinggi_lantai": 4.0, "tinggi_total": 4.0, "luas_m2": 156.8, "jarak_match_m": 0.0, "metode_match": "within", "status_match": "OK" }, "geometry": { "type": "Polygon", "coordinates": [ [ [ 105.241410999973397, -5.553746574546905 ], [ 105.241471200551587, -5.553687563909132 ], [ 105.241582082810169, -5.553802729704553 ], [ 105.241554481296362, -5.553827951450292 ], [ 105.241537349354175, -5.553810581256108 ], [ 105.241494519146684, -5.553847225760095 ], [ 105.241410999973397, -5.553746574546905 ] ] ] } },
{ "type": "Feature", "properties": { "point_id": 300, "footprint_id": 351, "id_bangunan": "SDI-D65-065", "fungsi_bangunan": "Rumah Tinggal", "jumlah_lantai": 1, "tinggi_lantai": 4.0, "tinggi_total": 4.0, "luas_m2": 161.64, "jarak_match_m": 0.0, "metode_match": "within", "status_match": "OK" }, "geometry": { "type": "Polygon", "coordinates": [ [ [ 105.241219453008142, -5.5543020591101 ], [ 105.241181620071629, -5.554265177976023 ], [ 105.241174243592965, -5.554269698751093 ], [ 105.241165915577028, -5.554261132511531 ], [ 105.241171863831894, -5.554254708055852 ], [ 105.2411563974713, -5.554239003514864 ], [ 105.241174006068306, -5.554220681923861 ], [ 105.241158777487811, -5.554203549766518 ], [ 105.241194469140837, -5.554170237268662 ], [ 105.241208269497719, -5.55418546574448 ], [ 105.241226591493501, -5.554165240501682 ], [ 105.241243247686057, -5.554184990097726 ], [ 105.241277274104547, -5.554153104889706 ], [ 105.24132224606339, -5.554198790660827 ], [ 105.241219453008142, -5.5543020591101 ] ] ] } },
{ "type": "Feature", "properties": { "point_id": 301, "footprint_id": 363, "id_bangunan": "SDI-D66-066", "fungsi_bangunan": "Rumah Tinggal", "jumlah_lantai": 1, "tinggi_lantai": 4.0, "tinggi_total": 4.0, "luas_m2": 102.09, "jarak_match_m": 7.94, "metode_match": "optimal_nearest", "status_match": "OK" }, "geometry": { "type": "Polygon", "coordinates": [ [ [ 105.241076209822438, -5.554084814397751 ], [ 105.241165677399081, -5.554008433645786 ], [ 105.241209221245398, -5.554063637709567 ], [ 105.241120705686285, -5.554140969759128 ], [ 105.241076209822438, -5.554084814397751 ] ] ] } },
{ "type": "Feature", "properties": { "point_id": 302, "footprint_id": 270, "id_bangunan": "BLOK D (SDI-D67-067)", "fungsi_bangunan": "Rumah Tinggal", "jumlah_lantai": 1, "tinggi_lantai": 4.0, "tinggi_total": 4.0, "luas_m2": 86.45, "jarak_match_m": 1.16, "metode_match": "optimal_nearest", "status_match": "OK" }, "geometry": { "type": "Polygon", "coordinates": [ [ [ 105.240001566205734, -5.55424774848709 ], [ 105.240070570325173, -5.554189450882245 ], [ 105.240122442377171, -5.554253935044899 ], [ 105.240047251555666, -5.55430509304917 ], [ 105.240001566205734, -5.55424774848709 ] ] ] } },
{ "type": "Feature", "properties": { "point_id": 303, "footprint_id": 265, "id_bangunan": "BLOK D (SDI-D69-069)", "fungsi_bangunan": "Rumah Tinggal", "jumlah_lantai": 1, "tinggi_lantai": 4.0, "tinggi_total": 4.0, "luas_m2": 165.86, "jarak_match_m": 4.08, "metode_match": "optimal_nearest", "status_match": "OK" }, "geometry": { "type": "Polygon", "coordinates": [ [ [ 105.240323031158837, -5.554875687443375 ], [ 105.240253074909489, -5.554772418859017 ], [ 105.24030280608541, -5.554740534554078 ], [ 105.240315178720209, -5.554759570349967 ], [ 105.240388703885159, -5.554713170481926 ], [ 105.240427727458339, -5.554765042849798 ], [ 105.240413212188344, -5.554776940228555 ], [ 105.240360626491054, -5.554816439140689 ], [ 105.240375141170134, -5.554840948030416 ], [ 105.240323031158837, -5.554875687443375 ] ] ] } },
{ "type": "Feature", "properties": { "point_id": 304, "footprint_id": 288, "id_bangunan": "BLOK D (SDI-D70-070)", "fungsi_bangunan": "Rumah Tinggal", "jumlah_lantai": 1, "tinggi_lantai": 4.0, "tinggi_total": 4.0, "luas_m2": 88.51, "jarak_match_m": 8.3, "metode_match": "optimal_nearest", "status_match": "OK" }, "geometry": { "type": "Polygon", "coordinates": [ [ [ 105.240844093532601, -5.554927401481168 ], [ 105.240910004308958, -5.554886712921638 ], [ 105.240959735171344, -5.554965235149019 ], [ 105.240902390452391, -5.555009254717963 ], [ 105.240844093532601, -5.554927401481168 ] ] ] } },
{ "type": "Feature", "properties": { "point_id": 305, "footprint_id": 289, "id_bangunan": "BLOK D (SDI-D71-071)", "fungsi_bangunan": "Rumah Tinggal", "jumlah_lantai": 1, "tinggi_lantai": 4.0, "tinggi_total": 4.0, "luas_m2": 137.68, "jarak_match_m": 5.58, "metode_match": "optimal_nearest", "status_match": "OK" }, "geometry": { "type": "Polygon", "coordinates": [ [ [ 105.240827912803937, -5.554748941928433 ], [ 105.240783655014695, -5.554703255829625 ], [ 105.240815777830534, -5.554677082404195 ], [ 105.240801976504969, -5.554659473816392 ], [ 105.240841713746576, -5.554623306459941 ], [ 105.240858607720412, -5.554641628450259 ], [ 105.240862890751544, -5.554636631291049 ], [ 105.240936654175727, -5.554723481774996 ], [ 105.240879547418118, -5.554768691748168 ], [ 105.240847900703955, -5.554731096120867 ], [ 105.240827912803937, -5.554748941928433 ] ] ] } },
{ "type": "Feature", "properties": { "point_id": 306, "footprint_id": 262, "id_bangunan": "BLOK D (SDI-D72-072)", "fungsi_bangunan": "Rumah Tinggal", "jumlah_lantai": 1, "tinggi_lantai": 4.0, "tinggi_total": 4.0, "luas_m2": 38.97, "jarak_match_m": 1.46, "metode_match": "optimal_nearest", "status_match": "OK" }, "geometry": { "type": "Polygon", "coordinates": [ [ [ 105.240539323812655, -5.554948975536339 ], [ 105.240587389084325, -5.554910190399886 ], [ 105.240620225656102, -5.554949688915696 ], [ 105.240569543034312, -5.554988712135953 ], [ 105.240539323812655, -5.554948975536339 ] ] ] } },
{ "type": "Feature", "properties": { "point_id": 307, "footprint_id": 261, "id_bangunan": "BLOK D (SDI-D73-073)", "fungsi_bangunan": "Rumah Tinggal", "jumlah_lantai": 1, "tinggi_lantai": 4.0, "tinggi_total": 4.0, "luas_m2": 180.75, "jarak_match_m": 7.17, "metode_match": "optimal_nearest", "status_match": "OK" }, "geometry": { "type": "Polygon", "coordinates": [ [ [ 105.240442479850884, -5.555037371895943 ], [ 105.24047531678066, -5.555010960277365 ], [ 105.240489117657262, -5.555025237089726 ], [ 105.240517908942323, -5.555001442425365 ], [ 105.240537658496422, -5.555021429605804 ], [ 105.240595003017887, -5.554979075510362 ], [ 105.240644258659216, -5.555036896214904 ], [ 105.240513150418096, -5.555129694943794 ], [ 105.240442479850884, -5.555037371895943 ] ] ] } },
{ "type": "Feature", "properties": { "point_id": 308, "footprint_id": 338, "id_bangunan": "BLOK D (SDI-D74-074)", "fungsi_bangunan": "Rumah Tinggal", "jumlah_lantai": 1, "tinggi_lantai": 4.0, "tinggi_total": 4.0, "luas_m2": 108.88, "jarak_match_m": 4.9, "metode_match": "optimal_nearest", "status_match": "OK" }, "geometry": { "type": "Polygon", "coordinates": [ [ [ 105.240924400533302, -5.554806267513615 ], [ 105.240941532045241, -5.554793656200683 ], [ 105.240939628810125, -5.554791514793315 ], [ 105.240995545635315, -5.554748684498722 ], [ 105.240998163433957, -5.554751777293948 ], [ 105.241016723522648, -5.554737500861597 ], [ 105.241074067909267, -5.554812691809034 ], [ 105.241042897474685, -5.55483624864554 ], [ 105.241026241204906, -5.554814118941343 ], [ 105.240963185314655, -5.554856949437005 ], [ 105.240924400533302, -5.554806267513615 ] ] ] } },
{ "type": "Feature", "properties": { "point_id": 309, "footprint_id": 337, "id_bangunan": "BLOK D (SDI-D75-075)", "fungsi_bangunan": "Rumah Tinggal", "jumlah_lantai": 1, "tinggi_lantai": 4.0, "tinggi_total": 4.0, "luas_m2": 183.35, "jarak_match_m": 8.47, "metode_match": "optimal_nearest", "status_match": "OK" }, "geometry": { "type": "Polygon", "coordinates": [ [ [ 105.240913930980781, -5.554609009963262 ], [ 105.240988169597657, -5.554543217904588 ], [ 105.240993166253503, -5.554547976978004 ], [ 105.24100910881117, -5.554535722575879 ], [ 105.241024813213158, -5.5545528545426 ], [ 105.241059791362105, -5.554523349061297 ], [ 105.241104763237402, -5.554575459589437 ], [ 105.241060981185456, -5.55461400690748 ], [ 105.241069546855485, -5.554623048891062 ], [ 105.241041707664436, -5.554645653592987 ], [ 105.24102505133537, -5.554627807350972 ], [ 105.241013630148416, -5.554639466466294 ], [ 105.241022672022055, -5.554649460840464 ], [ 105.24098650393401, -5.554681345099459 ], [ 105.240941532447266, -5.554630187146426 ], [ 105.24093582148285, -5.554633994384448 ], [ 105.240913930980781, -5.554609009963262 ] ] ] } },
{ "type": "Feature", "properties": { "point_id": 310, "footprint_id": 295, "id_bangunan": "Blok D (SDI-D78-078)", "fungsi_bangunan": "Rumah Tinggal", "jumlah_lantai": 1, "tinggi_lantai": 4.0, "tinggi_total": 4.0, "luas_m2": 40.11, "jarak_match_m": 2.01, "metode_match": "optimal_nearest", "status_match": "OK" }, "geometry": { "type": "Polygon", "coordinates": [ [ [ 105.241293454889671, -5.554593305246552 ], [ 105.241277750028416, -5.554579504165897 ], [ 105.241285602518744, -5.554568797278135 ], [ 105.241258952773833, -5.554547857642635 ], [ 105.24129726149522, -5.554506930633376 ], [ 105.241337712992731, -5.554537625676868 ], [ 105.241293454889671, -5.554593305246552 ] ] ] } },
{ "type": "Feature", "properties": { "point_id": 311, "footprint_id": 296, "id_bangunan": "Blok D (SDI-D79-079)", "fungsi_bangunan": "Rumah Tinggal", "jumlah_lantai": 1, "tinggi_lantai": 4.0, "tinggi_total": 4.0, "luas_m2": 127.49, "jarak_match_m": 3.47, "metode_match": "optimal_nearest", "status_match": "OK" }, "geometry": { "type": "Polygon", "coordinates": [ [ [ 105.241358175869934, -5.554493367838253 ], [ 105.241392439912318, -5.554450775227124 ], [ 105.24141837622895, -5.554420318121782 ], [ 105.241504036914961, -5.554487181115582 ], [ 105.241442408788188, -5.554561658038595 ], [ 105.241358175869934, -5.554493367838253 ] ] ] } },
{ "type": "Feature", "properties": { "point_id": 312, "footprint_id": 349, "id_bangunan": "Blok D (SDI-D80-080)", "fungsi_bangunan": "Rumah Tinggal", "jumlah_lantai": 1, "tinggi_lantai": 4.0, "tinggi_total": 4.0, "luas_m2": 96.12, "jarak_match_m": 2.19, "metode_match": "optimal_nearest", "status_match": "OK" }, "geometry": { "type": "Polygon", "coordinates": [ [ [ 105.241338188888164, -5.554307055787936 ], [ 105.241390061, -5.554253755922012 ], [ 105.241466917285763, -5.554335133823321 ], [ 105.241440743421563, -5.554365353107813 ], [ 105.241432652729287, -5.554358690134318 ], [ 105.241411238184796, -5.55437843990259 ], [ 105.241338188888164, -5.554307055787936 ] ] ] } },
{ "type": "Feature", "properties": { "point_id": 313, "footprint_id": 297, "id_bangunan": "Blok D (SDI-D81-081)", "fungsi_bangunan": "Rumah Tinggal", "jumlah_lantai": 1, "tinggi_lantai": 4.0, "tinggi_total": 4.0, "luas_m2": 145.98, "jarak_match_m": 13.81, "metode_match": "optimal_nearest", "status_match": "OK" }, "geometry": { "type": "Polygon", "coordinates": [ [ [ 105.240673367080717, -5.554882410119699 ], [ 105.240603173194913, -5.554805553498073 ], [ 105.24069858948512, -5.554736786538983 ], [ 105.240766641846946, -5.554807219280471 ], [ 105.240673367080717, -5.554882410119699 ] ] ] } },
{ "type": "Feature", "properties": { "point_id": 314, "footprint_id": 287, "id_bangunan": "Blok D (SDI-D82-082)", "fungsi_bangunan": "Rumah Tinggal", "jumlah_lantai": 1, "tinggi_lantai": 4.0, "tinggi_total": 4.0, "luas_m2": 122.28, "jarak_match_m": 2.06, "metode_match": "optimal_nearest", "status_match": "OK" }, "geometry": { "type": "Polygon", "coordinates": [ [ [ 105.240799121646106, -5.555075404173904 ], [ 105.24076271578916, -5.555022104151815 ], [ 105.240815063565449, -5.554985936179917 ], [ 105.240797218018386, -5.554956668452791 ], [ 105.240844093532601, -5.554927401481168 ], [ 105.240902390452391, -5.555009254717963 ], [ 105.240799121646106, -5.555075404173904 ] ] ] } },
{ "type": "Feature", "properties": { "point_id": 315, "footprint_id": 258, "id_bangunan": "Blok D (SDI-D83-083)", "fungsi_bangunan": "Rumah Tinggal", "jumlah_lantai": 1, "tinggi_lantai": 4.0, "tinggi_total": 4.0, "luas_m2": 18.87, "jarak_match_m": 3.88, "metode_match": "optimal_nearest", "status_match": "OK" }, "geometry": { "type": "Polygon", "coordinates": [ [ [ 105.240723573354913, -5.555157971454009 ], [ 105.240756172560495, -5.555135366635201 ], [ 105.240776873784384, -5.555173200124412 ], [ 105.24074284722596, -5.555189379879923 ], [ 105.240723573354913, -5.555157971454009 ] ] ] } },
{ "type": "Feature", "properties": { "point_id": 316, "footprint_id": 260, "id_bangunan": "Blok D (SDI-D84-084)", "fungsi_bangunan": "Rumah Tinggal", "jumlah_lantai": 1, "tinggi_lantai": 4.0, "tinggi_total": 4.0, "luas_m2": 141.98, "jarak_match_m": 12.76, "metode_match": "optimal_nearest", "status_match": "OK" }, "geometry": { "type": "Polygon", "coordinates": [ [ [ 105.240501966235342, -5.555155869780564 ], [ 105.240631409029376, -5.555059501124734 ], [ 105.240648303101565, -5.555084723701867 ], [ 105.240658297460726, -5.555079013171579 ], [ 105.24068328138884, -5.55511327702606 ], [ 105.240671701393524, -5.55512299303679 ], [ 105.240577950920041, -5.55518747675703 ], [ 105.240554076765378, -5.555202507094961 ], [ 105.240540276247316, -5.555177998824442 ], [ 105.240524333841691, -5.555188468363258 ], [ 105.240501966235342, -5.555155869780564 ] ] ] } },
{ "type": "Feature", "properties": { "point_id": 317, "footprint_id": 286, "id_bangunan": "Blok D (SDI-D86-086)", "fungsi_bangunan": "Rumah Tinggal", "jumlah_lantai": 1, "tinggi_lantai": 4.0, "tinggi_total": 4.0, "luas_m2": 111.4, "jarak_match_m": 7.1, "metode_match": "optimal_nearest", "status_match": "OK" }, "geometry": { "type": "Polygon", "coordinates": [ [ [ 105.240903341970935, -5.555166775385339 ], [ 105.240860035976738, -5.555108240327966 ], [ 105.240965683869106, -5.555035429038984 ], [ 105.241006372453882, -5.555091822068192 ], [ 105.240903341970935, -5.555166775385339 ] ] ] } },
{ "type": "Feature", "properties": { "point_id": 318, "footprint_id": 256, "id_bangunan": "Blok D (SDI-D88-088)", "fungsi_bangunan": "Rumah Tinggal", "jumlah_lantai": 1, "tinggi_lantai": 4.0, "tinggi_total": 4.0, "luas_m2": 173.38, "jarak_match_m": 10.03, "metode_match": "optimal_nearest", "status_match": "OK" }, "geometry": { "type": "Polygon", "coordinates": [ [ [ 105.240741657535438, -5.555583775542015 ], [ 105.240709772484436, -5.555526311435165 ], [ 105.240866103361498, -5.555437319950688 ], [ 105.240869197107557, -5.555445171854476 ], [ 105.240887994644737, -5.555433036607558 ], [ 105.240916310187359, -5.555496092825168 ], [ 105.240900245279136, -5.555505054391975 ], [ 105.240814877483103, -5.555552673177846 ], [ 105.240812803380493, -5.555549987247592 ], [ 105.240811137600616, -5.55554784574314 ], [ 105.240741657535438, -5.555583775542015 ] ] ] } },
{ "type": "Feature", "properties": { "point_id": 319, "footprint_id": 285, "id_bangunan": "Blok D (SDI-D89-089)", "fungsi_bangunan": "Rumah Tinggal", "jumlah_lantai": 1, "tinggi_lantai": 4.0, "tinggi_total": 4.0, "luas_m2": 132.78, "jarak_match_m": 4.07, "metode_match": "optimal_nearest", "status_match": "OK" }, "geometry": { "type": "Polygon", "coordinates": [ [ [ 105.240974488201005, -5.555334051083874 ], [ 105.24093855771163, -5.555275278723272 ], [ 105.2409856710225, -5.555244583219034 ], [ 105.240956879567548, -5.555201277262211 ], [ 105.241003041753359, -5.555169630465265 ], [ 105.241072997212214, -5.555263857092088 ], [ 105.240974488201005, -5.555334051083874 ] ] ] } },
{ "type": "Feature", "properties": { "point_id": 320, "footprint_id": 255, "id_bangunan": "Blok D (SDI-D90-090)", "fungsi_bangunan": "Rumah Tinggal", "jumlah_lantai": 1, "tinggi_lantai": 4.0, "tinggi_total": 4.0, "luas_m2": 71.75, "jarak_match_m": 3.56, "metode_match": "optimal_nearest", "status_match": "OK" }, "geometry": { "type": "Polygon", "coordinates": [ [ [ 105.240993404359813, -5.555351659388899 ], [ 105.241072640541645, -5.555299310918115 ], [ 105.241105239291173, -5.555340000005198 ], [ 105.241071927168633, -5.555372360753604 ], [ 105.241031713495872, -5.555407100801336 ], [ 105.240993404359813, -5.555351659388899 ] ] ] } },
{ "type": "Feature", "properties": { "point_id": 321, "footprint_id": 253, "id_bangunan": "Blok D (SDI-D91-091)", "fungsi_bangunan": "Rumah Tinggal", "jumlah_lantai": 1, "tinggi_lantai": 4.0, "tinggi_total": 4.0, "luas_m2": 154.17, "jarak_match_m": 13.16, "metode_match": "optimal_nearest", "status_match": "OK" }, "geometry": { "type": "Polygon", "coordinates": [ [ [ 105.240800667876115, -5.555643619548222 ], [ 105.240764024368303, -5.555581039845595 ], [ 105.240916310187359, -5.555496092825168 ], [ 105.240951525736051, -5.555559623875423 ], [ 105.240800667876115, -5.555643619548222 ] ] ] } },
{ "type": "Feature", "properties": { "point_id": 322, "footprint_id": 252, "id_bangunan": "Blok D (SDI-D92-092)", "fungsi_bangunan": "Rumah Tinggal", "jumlah_lantai": 1, "tinggi_lantai": 4.0, "tinggi_total": 4.0, "luas_m2": 59.62, "jarak_match_m": 11.49, "metode_match": "optimal_nearest", "status_match": "OK" }, "geometry": { "type": "Polygon", "coordinates": [ [ [ 105.240927641031945, -5.555697586438819 ], [ 105.240938438916189, -5.555689542513591 ], [ 105.240994832543009, -5.555653374683429 ], [ 105.241022671936406, -5.555706674564617 ], [ 105.240947591387993, -5.555747259227925 ], [ 105.240922607193767, -5.555701335503972 ], [ 105.240927641031945, -5.555697586438819 ] ] ] } },
{ "type": "Feature", "properties": { "point_id": 323, "footprint_id": 251, "id_bangunan": "Blok D (SDI-D93-093)", "fungsi_bangunan": "Rumah Tinggal", "jumlah_lantai": 1, "tinggi_lantai": 4.0, "tinggi_total": 4.0, "luas_m2": 103.61, "jarak_match_m": 6.09, "metode_match": "optimal_nearest", "status_match": "OK" }, "geometry": { "type": "Polygon", "coordinates": [ [ [ 105.240887280411272, -5.555606261568819 ], [ 105.240944625893562, -5.555575090577461 ], [ 105.241002446671459, -5.555544871970987 ], [ 105.241016484964817, -5.555570093891814 ], [ 105.240967944016788, -5.555598171958333 ], [ 105.240994832543009, -5.555653374683429 ], [ 105.240938438916189, -5.555689542513591 ], [ 105.240887280411272, -5.555606261568819 ] ] ] } },
{ "type": "Feature", "properties": { "point_id": 324, "footprint_id": 247, "id_bangunan": "Blok D (SDI-D94-094)", "fungsi_bangunan": "Rumah Tinggal", "jumlah_lantai": 1, "tinggi_lantai": 4.0, "tinggi_total": 4.0, "luas_m2": 149.32, "jarak_match_m": 7.63, "metode_match": "optimal_nearest", "status_match": "OK" }, "geometry": { "type": "Polygon", "coordinates": [ [ [ 105.240948543248152, -5.555834466877789 ], [ 105.241096784103817, -5.555769268809513 ], [ 105.241129382401198, -5.555835418033987 ], [ 105.241113439876727, -5.555843389882478 ], [ 105.240996132939941, -5.555905017392025 ], [ 105.24097471796523, -5.555859450451424 ], [ 105.24096282042207, -5.555865399683663 ], [ 105.240948543248152, -5.555834466877789 ] ] ] } },
{ "type": "Feature", "properties": { "point_id": 325, "footprint_id": 278, "id_bangunan": "Blok D (SDI-D95-095)", "fungsi_bangunan": "Rumah Tinggal", "jumlah_lantai": 1, "tinggi_lantai": 4.0, "tinggi_total": 4.0, "luas_m2": 104.75, "jarak_match_m": 5.93, "metode_match": "optimal_nearest", "status_match": "OK" }, "geometry": { "type": "Polygon", "coordinates": [ [ [ 105.241143667657155, -5.555617564442756 ], [ 105.241214337628506, -5.555572592251737 ], [ 105.241204582010155, -5.55555926729479 ], [ 105.241231231692993, -5.555539993948337 ], [ 105.241279772722734, -5.555614233166441 ], [ 105.241185308032655, -5.555674194987383 ], [ 105.241143667657155, -5.555617564442756 ] ] ] } },
{ "type": "Feature", "properties": { "point_id": 326, "footprint_id": 280, "id_bangunan": "Blok D (SDI-D96-096)", "fungsi_bangunan": "Rumah Tinggal", "jumlah_lantai": 1, "tinggi_lantai": 4.0, "tinggi_total": 4.0, "luas_m2": 76.0, "jarak_match_m": 3.29, "metode_match": "optimal_nearest", "status_match": "OK" }, "geometry": { "type": "Polygon", "coordinates": [ [ [ 105.241081801364544, -5.555548559460965 ], [ 105.241042540708463, -5.555491215081906 ], [ 105.24111535159382, -5.55544005611243 ], [ 105.241154612834052, -5.555498828910244 ], [ 105.241081801364544, -5.555548559460965 ] ] ] } },
{ "type": "Feature", "properties": { "point_id": 327, "footprint_id": 276, "id_bangunan": "Blok D (SDI-D97-097)", "fungsi_bangunan": "Rumah Tinggal", "jumlah_lantai": 1, "tinggi_lantai": 4.0, "tinggi_total": 4.0, "luas_m2": 139.96, "jarak_match_m": 6.88, "metode_match": "optimal_nearest", "status_match": "OK" }, "geometry": { "type": "Polygon", "coordinates": [ [ [ 105.241240035613998, -5.555788409457573 ], [ 105.241324268720348, -5.55573249192255 ], [ 105.241309040223271, -5.555713456412791 ], [ 105.241358532667292, -5.55568061953244 ], [ 105.241409215290403, -5.555752479569201 ], [ 105.24127120698536, -5.555840281350082 ], [ 105.241240035613998, -5.555788409457573 ] ] ] } },
{ "type": "Feature", "properties": { "point_id": 328, "footprint_id": 245, "id_bangunan": "Blok D (SDI-D98-098)", "fungsi_bangunan": "Rumah Tinggal", "jumlah_lantai": 1, "tinggi_lantai": 4.0, "tinggi_total": 4.0, "luas_m2": 113.41, "jarak_match_m": 10.25, "metode_match": "optimal_nearest", "status_match": "OK" }, "geometry": { "type": "Polygon", "coordinates": [ [ [ 105.241149131640398, -5.555903351925937 ], [ 105.241029027740538, -5.555965392194622 ], [ 105.240996132939941, -5.555905017392025 ], [ 105.241113439876727, -5.555843389882478 ], [ 105.241149131640398, -5.555903351925937 ] ] ] } },
{ "type": "Feature", "properties": { "point_id": 329, "footprint_id": 277, "id_bangunan": "Blok D (SDI-D99-099)", "fungsi_bangunan": "Rumah Tinggal", "jumlah_lantai": 1, "tinggi_lantai": 4.0, "tinggi_total": 4.0, "luas_m2": 164.52, "jarak_match_m": 6.7, "metode_match": "optimal_nearest", "status_match": "OK" }, "geometry": { "type": "Polygon", "coordinates": [ [ [ 105.241195302108551, -5.55568109601059 ], [ 105.24132331683461, -5.555598765964961 ], [ 105.241374474973227, -5.555669912051515 ], [ 105.241358532667292, -5.55568061953244 ], [ 105.241309040223271, -5.555713456412791 ], [ 105.241244318511249, -5.555752003254006 ], [ 105.241195302108551, -5.55568109601059 ] ] ] } },
{ "type": "Feature", "properties": { "point_id": 330, "footprint_id": 190, "id_bangunan": "Blok D (SDI-D100-100)", "fungsi_bangunan": "Rumah Tinggal", "jumlah_lantai": 2, "tinggi_lantai": 4.0, "tinggi_total": 8.0, "luas_m2": 130.49, "jarak_match_m": 13.21, "metode_match": "optimal_nearest", "status_match": "OK" }, "geometry": { "type": "Polygon", "coordinates": [ [ [ 105.241376888034267, -5.556270136755508 ], [ 105.241421339948445, -5.556322081008653 ], [ 105.2413028979513, -5.556423440757743 ], [ 105.24125844513587, -5.556371495591489 ], [ 105.241376888034267, -5.556270136755508 ] ] ] } },
{ "type": "Feature", "properties": { "point_id": 331, "footprint_id": 242, "id_bangunan": "Blok D (SDI-D101-101)", "fungsi_bangunan": "Rumah Tinggal", "jumlah_lantai": 1, "tinggi_lantai": 4.0, "tinggi_total": 4.0, "luas_m2": 36.8, "jarak_match_m": 0.0, "metode_match": "within", "status_match": "OK" }, "geometry": { "type": "Polygon", "coordinates": [ [ [ 105.241378749608955, -5.556081216765268 ], [ 105.24141134848449, -5.556062180708048 ], [ 105.241414917927543, -5.556065274016608 ], [ 105.241453464873075, -5.556130233903347 ], [ 105.241420866122866, -5.556147365699353 ], [ 105.241378749608955, -5.556081216765268 ] ] ] } },
{ "type": "Feature", "properties": { "point_id": 332, "footprint_id": 241, "id_bangunan": "Blok D (SDI-D102-102)", "fungsi_bangunan": "Rumah Tinggal", "jumlah_lantai": 1, "tinggi_lantai": 4.0, "tinggi_total": 4.0, "luas_m2": 218.79, "jarak_match_m": 10.27, "metode_match": "optimal_nearest", "status_match": "OK" }, "geometry": { "type": "Polygon", "coordinates": [ [ [ 105.241200944752762, -5.556157424667653 ], [ 105.241148656428493, -5.556071341642117 ], [ 105.241145563223725, -5.556067058538107 ], [ 105.241261918176164, -5.555982349541448 ], [ 105.241331160766379, -5.556092756780709 ], [ 105.241219700664018, -5.556162777894109 ], [ 105.241211949887699, -5.556150577489169 ], [ 105.241200944752762, -5.556157424667653 ] ] ] } },
{ "type": "Feature", "properties": { "point_id": 333, "footprint_id": 188, "id_bangunan": "Blok D (SDI-D103-103)", "fungsi_bangunan": "Rumah Tinggal", "jumlah_lantai": 1, "tinggi_lantai": 4.0, "tinggi_total": 4.0, "luas_m2": 128.45, "jarak_match_m": 3.24, "metode_match": "optimal_nearest", "status_match": "OK" }, "geometry": { "type": "Polygon", "coordinates": [ [ [ 105.241809192070392, -5.556410120947038 ], [ 105.241856781415791, -5.556483884659319 ], [ 105.241756353287144, -5.556548677069725 ], [ 105.241708763948722, -5.556474914253849 ], [ 105.241809192070392, -5.556410120947038 ] ] ] } },
{ "type": "Feature", "properties": { "point_id": 334, "footprint_id": 189, "id_bangunan": "Blok D (SDI-D105-105)", "fungsi_bangunan": "Rumah Tinggal", "jumlah_lantai": 1, "tinggi_lantai": 4.0, "tinggi_total": 4.0, "luas_m2": 411.96, "jarak_match_m": 3.97, "metode_match": "optimal_nearest", "status_match": "OK" }, "geometry": { "type": "Polygon", "coordinates": [ [ [ 105.241533174433357, -5.556226902618753 ], [ 105.241756844034981, -5.55606271967748 ], [ 105.24182860511867, -5.556160481694082 ], [ 105.241604936405253, -5.556324664662363 ], [ 105.241533174433357, -5.556226902618753 ] ] ] } },
{ "type": "Feature", "properties": { "point_id": 335, "footprint_id": 1185, "id_bangunan": "SDI-A68-068", "fungsi_bangunan": "Rumah Tinggal", "jumlah_lantai": 1, "tinggi_lantai": 4.0, "tinggi_total": 4.0, "luas_m2": 133.74, "jarak_match_m": 0.0, "metode_match": "within", "status_match": "OK" }, "geometry": { "type": "Polygon", "coordinates": [ [ [ 105.227849585000087, -5.545874985999943 ], [ 105.227819420000088, -5.545890743999964 ], [ 105.227792835000088, -5.545839852999966 ], [ 105.227823001000075, -5.545824093999961 ], [ 105.227791863000078, -5.545764487999969 ], [ 105.227855633000075, -5.545731174999957 ], [ 105.227913355000084, -5.545841672999936 ], [ 105.227849585000087, -5.545874985999943 ] ] ] } },
{ "type": "Feature", "properties": { "point_id": 336, "footprint_id": 1226, "id_bangunan": "SDI-A69-069", "fungsi_bangunan": "Rumah Tinggal", "jumlah_lantai": 1, "tinggi_lantai": 4.0, "tinggi_total": 4.0, "luas_m2": 189.27, "jarak_match_m": 0.0, "metode_match": "within", "status_match": "OK" }, "geometry": { "type": "Polygon", "coordinates": [ [ [ 105.228163298000112, -5.545414421999959 ], [ 105.228154889000081, -5.545437641999976 ], [ 105.2281215510001, -5.545425568999967 ], [ 105.228096315000101, -5.545495251999959 ], [ 105.228036453000101, -5.545473571999943 ], [ 105.2280616890001, -5.545403888999947 ], [ 105.228070099000064, -5.545380668999938 ], [ 105.228031238000113, -5.545366594999966 ], [ 105.228051343000089, -5.545311080999973 ], [ 105.228183403000088, -5.545358908999958 ], [ 105.228163298000112, -5.545414421999959 ] ] ] } },
{ "type": "Feature", "properties": { "point_id": 337, "footprint_id": 1187, "id_bangunan": "SDI-A70-070", "fungsi_bangunan": "Rumah Tinggal", "jumlah_lantai": 1, "tinggi_lantai": 4.0, "tinggi_total": 4.0, "luas_m2": 90.26, "jarak_match_m": 0.0, "metode_match": "within", "status_match": "OK" }, "geometry": { "type": "Polygon", "coordinates": [ [ [ 105.227771637000075, -5.545740811999957 ], [ 105.227719430000064, -5.545664391999939 ], [ 105.227785201000103, -5.54561945999995 ], [ 105.227837408000113, -5.545695879999927 ], [ 105.227771637000075, -5.545740811999957 ] ] ] } },
{ "type": "Feature", "properties": { "point_id": 338, "footprint_id": 1236, "id_bangunan": "SDI-A71-071", "fungsi_bangunan": "Rumah Tinggal", "jumlah_lantai": 1, "tinggi_lantai": 4.0, "tinggi_total": 4.0, "luas_m2": 77.01, "jarak_match_m": 0.0, "metode_match": "within", "status_match": "OK" }, "geometry": { "type": "Polygon", "coordinates": [ [ [ 105.227019767000087, -5.546270222999971 ], [ 105.227088296000062, -5.546275932999946 ], [ 105.227080700000073, -5.546367087999963 ], [ 105.227012171000084, -5.546361376999927 ], [ 105.227019767000087, -5.546270222999971 ] ] ] } },
{ "type": "Feature", "properties": { "point_id": 339, "footprint_id": 1235, "id_bangunan": "SDI-A72-072", "fungsi_bangunan": "Rumah Tinggal", "jumlah_lantai": 1, "tinggi_lantai": 4.0, "tinggi_total": 4.0, "luas_m2": 136.15, "jarak_match_m": 0.0, "metode_match": "within", "status_match": "OK" }, "geometry": { "type": "Polygon", "coordinates": [ [ [ 105.227023336000087, -5.546422269999937 ], [ 105.227185850000097, -5.546445922999972 ], [ 105.227176098000115, -5.546512927999971 ], [ 105.227013585000094, -5.546489275999924 ], [ 105.227023336000087, -5.546422269999937 ] ] ] } },
{ "type": "Feature", "properties": { "point_id": 340, "footprint_id": 1239, "id_bangunan": "SDI-A75-075", "fungsi_bangunan": "Rumah Tinggal", "jumlah_lantai": 1, "tinggi_lantai": 4.0, "tinggi_total": 4.0, "luas_m2": 94.36, "jarak_match_m": 0.8, "metode_match": "optimal_nearest", "status_match": "OK" }, "geometry": { "type": "Polygon", "coordinates": [ [ [ 105.226878946000085, -5.546870423999954 ], [ 105.226872399000086, -5.546796995999959 ], [ 105.226970433000105, -5.546794139999978 ], [ 105.226979951000061, -5.546867427999929 ], [ 105.22695520500011, -5.546867426999941 ], [ 105.226954637000091, -5.546878474999973 ], [ 105.226878946000085, -5.546870423999954 ] ] ] } },
{ "type": "Feature", "properties": { "point_id": 341, "footprint_id": 1061, "id_bangunan": "SDI-A76-076", "fungsi_bangunan": "Rumah Tinggal", "jumlah_lantai": 1, "tinggi_lantai": 4.0, "tinggi_total": 4.0, "luas_m2": 210.02, "jarak_match_m": 0.0, "metode_match": "within", "status_match": "OK" }, "geometry": { "type": "Polygon", "coordinates": [ [ [ 105.22727896375018, -5.546590888775664 ], [ 105.227427442133276, -5.546569949019887 ], [ 105.227443417501746, -5.546683228163538 ], [ 105.227294939091209, -5.546704167924399 ], [ 105.22727896375018, -5.546590888775664 ] ] ] } },
{ "type": "Feature", "properties": { "point_id": 342, "footprint_id": 1234, "id_bangunan": "SDI-A77-077", "fungsi_bangunan": "Rumah Tinggal", "jumlah_lantai": 1, "tinggi_lantai": 4.0, "tinggi_total": 4.0, "luas_m2": 130.72, "jarak_match_m": 0.0, "metode_match": "within", "status_match": "OK" }, "geometry": { "type": "Polygon", "coordinates": [ [ [ 105.226667845000094, -5.546629996999966 ], [ 105.2267335760001, -5.546538983999938 ], [ 105.226810671000095, -5.546594663999945 ], [ 105.226744940000074, -5.546685675999924 ], [ 105.226667845000094, -5.546629996999966 ] ] ] } },
{ "type": "Feature", "properties": { "point_id": 343, "footprint_id": 1232, "id_bangunan": "SDI-A78-078", "fungsi_bangunan": "Rumah Tinggal", "jumlah_lantai": 1, "tinggi_lantai": 4.0, "tinggi_total": 4.0, "luas_m2": 66.61, "jarak_match_m": 0.0, "metode_match": "within", "status_match": "OK" }, "geometry": { "type": "Polygon", "coordinates": [ [ [ 105.226621446000109, -5.546700667999978 ], [ 105.226669273000113, -5.546649984999923 ], [ 105.226726055000114, -5.546703567999939 ], [ 105.226678228000111, -5.546754249999928 ], [ 105.226621446000109, -5.546700667999978 ] ] ] } },
{ "type": "Feature", "properties": { "point_id": 344, "footprint_id": 1067, "id_bangunan": "SDI-A79-079", "fungsi_bangunan": "Rumah Tinggal", "jumlah_lantai": 1, "tinggi_lantai": 4.0, "tinggi_total": 4.0, "luas_m2": 59.25, "jarak_match_m": 0.53, "metode_match": "optimal_nearest", "status_match": "OK" }, "geometry": { "type": "Polygon", "coordinates": [ [ [ 105.226534191909394, -5.546757688701364 ], [ 105.226584874632479, -5.54671343061093 ], [ 105.226632181166821, -5.546767604015415 ], [ 105.226581498442968, -5.546811862109863 ], [ 105.226534191909394, -5.546757688701364 ] ] ] } },
{ "type": "Feature", "properties": { "point_id": 345, "footprint_id": 1068, "id_bangunan": "SDI-A81-081", "fungsi_bangunan": "Rumah Tinggal", "jumlah_lantai": 1, "tinggi_lantai": 4.0, "tinggi_total": 4.0, "luas_m2": 27.53, "jarak_match_m": 6.36, "metode_match": "optimal_nearest", "status_match": "OK" }, "geometry": { "type": "Polygon", "coordinates": [ [ [ 105.226626277665787, -5.546789811558101 ], [ 105.226665708781042, -5.54681633766998 ], [ 105.226639295933481, -5.546855599192443 ], [ 105.22659986571918, -5.546829072173914 ], [ 105.226626277665787, -5.546789811558101 ] ] ] } },
{ "type": "Feature", "properties": { "point_id": 346, "footprint_id": 1177, "id_bangunan": "SDI-A86-086", "fungsi_bangunan": "Rumah Tinggal", "jumlah_lantai": 1, "tinggi_lantai": 4.0, "tinggi_total": 4.0, "luas_m2": 16.81, "jarak_match_m": 2.52, "metode_match": "optimal_nearest", "status_match": "OK" }, "geometry": { "type": "Polygon", "coordinates": [ [ [ 105.225813773000112, -5.545114098999937 ], [ 105.225834543000104, -5.545120559999933 ], [ 105.225815789000109, -5.545180842999962 ], [ 105.225795019000117, -5.54517438199997 ], [ 105.225813773000112, -5.545114098999937 ] ] ] } },
{ "type": "Feature", "properties": { "point_id": 347, "footprint_id": 1176, "id_bangunan": "SDI-A87-087", "fungsi_bangunan": "Rumah Tinggal", "jumlah_lantai": 1, "tinggi_lantai": 4.0, "tinggi_total": 4.0, "luas_m2": 132.89, "jarak_match_m": 12.95, "metode_match": "optimal_nearest", "status_match": "OK" }, "geometry": { "type": "Polygon", "coordinates": [ [ [ 105.225758851000109, -5.545021143999977 ], [ 105.225835294000063, -5.545044926999935 ], [ 105.225795019000117, -5.54517438199997 ], [ 105.225718576000105, -5.545150599999945 ], [ 105.225758851000109, -5.545021143999977 ] ] ] } },
{ "type": "Feature", "properties": { "point_id": 348, "footprint_id": 1135, "id_bangunan": "SDI-A88-088", "fungsi_bangunan": "Rumah Tinggal", "jumlah_lantai": 1, "tinggi_lantai": 4.0, "tinggi_total": 4.0, "luas_m2": 226.05, "jarak_match_m": 0.0, "metode_match": "within", "status_match": "OK" }, "geometry": { "type": "Polygon", "coordinates": [ [ [ 105.225453713000064, -5.544620288999957 ], [ 105.225451333000109, -5.544632661999974 ], [ 105.225456568000112, -5.544633612999966 ], [ 105.225451334000098, -5.544664545999986 ], [ 105.225446099000095, -5.54466882899994 ], [ 105.225478995000088, -5.544671084999947 ], [ 105.225473467000114, -5.544751705999944 ], [ 105.225464727000116, -5.544751105999986 ], [ 105.225461159000105, -5.544803149999946 ], [ 105.225374906000098, -5.544797235999958 ], [ 105.225378474000109, -5.544745191999936 ], [ 105.225357290000062, -5.544743738999961 ], [ 105.225362351000086, -5.544669911999955 ], [ 105.225347268000093, -5.544670440999938 ], [ 105.225352348000087, -5.544623143999956 ], [ 105.225405648000077, -5.544626950999936 ], [ 105.225405648000077, -5.544619811999947 ], [ 105.225453713000064, -5.544620288999957 ] ] ] } },
{ "type": "Feature", "properties": { "point_id": 349, "footprint_id": 1110, "id_bangunan": "SDI-A90-090", "fungsi_bangunan": "Rumah Tinggal", "jumlah_lantai": 1, "tinggi_lantai": 4.0, "tinggi_total": 4.0, "luas_m2": 98.83, "jarak_match_m": 3.77, "metode_match": "optimal_nearest", "status_match": "OK" }, "geometry": { "type": "Polygon", "coordinates": [ [ [ 105.225600892000074, -5.543864301999977 ], [ 105.225680008000069, -5.543900588999976 ], [ 105.225641346000117, -5.543984886999957 ], [ 105.225562229000076, -5.543948599999963 ], [ 105.225600892000074, -5.543864301999977 ] ] ] } },
{ "type": "Feature", "properties": { "point_id": 350, "footprint_id": 1107, "id_bangunan": "SDI-A91-091", "fungsi_bangunan": "Rumah Tinggal", "jumlah_lantai": 1, "tinggi_lantai": 4.0, "tinggi_total": 4.0, "luas_m2": 112.47, "jarak_match_m": 0.0, "metode_match": "within", "status_match": "OK" }, "geometry": { "type": "Polygon", "coordinates": [ [ [ 105.225299464000074, -5.543806143999967 ], [ 105.225327390000103, -5.543709687999984 ], [ 105.225415261000109, -5.543735128999971 ], [ 105.225387335000079, -5.543831583999974 ], [ 105.225299464000074, -5.543806143999967 ] ] ] } },
{ "type": "Feature", "properties": { "point_id": 351, "footprint_id": 1101, "id_bangunan": "SDI-A92-092", "fungsi_bangunan": "Rumah Tinggal", "jumlah_lantai": 1, "tinggi_lantai": 4.0, "tinggi_total": 4.0, "luas_m2": 59.48, "jarak_match_m": 0.0, "metode_match": "within", "status_match": "OK" }, "geometry": { "type": "Polygon", "coordinates": [ [ [ 105.225346884000061, -5.543914270999942 ], [ 105.225285613000068, -5.543893449999919 ], [ 105.225309767000084, -5.543822366999969 ], [ 105.225371038000077, -5.543843187999922 ], [ 105.225346884000061, -5.543914270999942 ] ] ] } },
{ "type": "Feature", "properties": { "point_id": 352, "footprint_id": 1092, "id_bangunan": "SDI-A93-093", "fungsi_bangunan": "Rumah Tinggal", "jumlah_lantai": 1, "tinggi_lantai": 4.0, "tinggi_total": 4.0, "luas_m2": 17.68, "jarak_match_m": 0.0, "metode_match": "within", "status_match": "OK" }, "geometry": { "type": "Polygon", "coordinates": [ [ [ 105.224805452000084, -5.54399287199994 ], [ 105.224821648000074, -5.543936581999965 ], [ 105.224845338000108, -5.543943396999969 ], [ 105.224829142000061, -5.543999687999933 ], [ 105.224805452000084, -5.54399287199994 ] ] ] } },
{ "type": "Feature", "properties": { "point_id": 353, "footprint_id": 1106, "id_bangunan": "SDI-A94-094", "fungsi_bangunan": "Rumah Tinggal", "jumlah_lantai": 1, "tinggi_lantai": 4.0, "tinggi_total": 4.0, "luas_m2": 76.32, "jarak_match_m": 0.47, "metode_match": "optimal_nearest", "status_match": "OK" }, "geometry": { "type": "Polygon", "coordinates": [ [ [ 105.225285613000068, -5.543893449999919 ], [ 105.22521541800009, -5.543872629999948 ], [ 105.225254085000103, -5.543786374999973 ], [ 105.225314166000061, -5.543812547999949 ], [ 105.225285613000068, -5.543893449999919 ] ] ] } },
{ "type": "Feature", "properties": { "point_id": 354, "footprint_id": 1229, "id_bangunan": "SDI-A96-096", "fungsi_bangunan": "Rumah Tinggal", "jumlah_lantai": 1, "tinggi_lantai": 4.0, "tinggi_total": 4.0, "luas_m2": 127.66, "jarak_match_m": 0.0, "metode_match": "within", "status_match": "OK" }, "geometry": { "type": "Polygon", "coordinates": [ [ [ 105.227221149000087, -5.544588200999947 ], [ 105.227309665000092, -5.544608902999922 ], [ 105.227283545000049, -5.544720588999955 ], [ 105.227195029000114, -5.544699887999968 ], [ 105.227221149000087, -5.544588200999947 ] ] ] } },
{ "type": "Feature", "properties": { "point_id": 355, "footprint_id": 184, "id_bangunan": "BLOK D (SDI-D106-106)", "fungsi_bangunan": "Rumah Tinggal", "jumlah_lantai": 1, "tinggi_lantai": 4.0, "tinggi_total": 4.0, "luas_m2": 170.14, "jarak_match_m": 12.21, "metode_match": "optimal_nearest", "status_match": "OK" }, "geometry": { "type": "Polygon", "coordinates": [ [ [ 105.241627877114695, -5.556865978138242 ], [ 105.241750851566806, -5.556793311593371 ], [ 105.24180034467706, -5.556877068971988 ], [ 105.24167737021456, -5.556949735527452 ], [ 105.241627877114695, -5.556865978138242 ] ] ] } },
{ "type": "Feature", "properties": { "point_id": 356, "footprint_id": 185, "id_bangunan": "Blok D (SDI-D107-107)", "fungsi_bangunan": "Rumah Tinggal", "jumlah_lantai": 1, "tinggi_lantai": 4.0, "tinggi_total": 4.0, "luas_m2": 139.12, "jarak_match_m": 1.47, "metode_match": "optimal_nearest", "status_match": "OK" }, "geometry": { "type": "Polygon", "coordinates": [ [ [ 105.24182584877434, -5.556676620550624 ], [ 105.24194829944291, -5.55659498650266 ], [ 105.241991129460075, -5.556659232644122 ], [ 105.241868678784542, -5.556740865796458 ], [ 105.24182584877434, -5.556676620550624 ] ] ] } },
{ "type": "Feature", "properties": { "point_id": 357, "footprint_id": 186, "id_bangunan": "Blok D (SDI-D108-108)", "fungsi_bangunan": "Rumah Tinggal", "jumlah_lantai": 1, "tinggi_lantai": 4.0, "tinggi_total": 4.0, "luas_m2": 190.14, "jarak_match_m": 5.69, "metode_match": "optimal_nearest", "status_match": "OK" }, "geometry": { "type": "Polygon", "coordinates": [ [ [ 105.241911508852979, -5.556491022456172 ], [ 105.241970855861524, -5.556578855703395 ], [ 105.241849459923799, -5.556660879222937 ], [ 105.241790113827221, -5.556573046867618 ], [ 105.241911508852979, -5.556491022456172 ] ] ] } },
{ "type": "Feature", "properties": { "point_id": 358, "footprint_id": 176, "id_bangunan": "Blok D (SDI-D109-109)", "fungsi_bangunan": "Rumah Tinggal", "jumlah_lantai": 1, "tinggi_lantai": 4.0, "tinggi_total": 4.0, "luas_m2": 98.15, "jarak_match_m": 2.72, "metode_match": "optimal_nearest", "status_match": "OK" }, "geometry": { "type": "Polygon", "coordinates": [ [ [ 105.242212936338788, -5.557663786750707 ], [ 105.242341427535877, -5.557637612600934 ], [ 105.242353631016073, -5.557697520873165 ], [ 105.242225140709664, -5.557723695025714 ], [ 105.242212936338788, -5.557663786750707 ] ] ] } },
{ "type": "Feature", "properties": { "point_id": 359, "footprint_id": 182, "id_bangunan": "Blok D (SDI-D111-111)", "fungsi_bangunan": "Rumah Tinggal", "jumlah_lantai": 1, "tinggi_lantai": 4.0, "tinggi_total": 4.0, "luas_m2": 125.93, "jarak_match_m": 12.7, "metode_match": "optimal_nearest", "status_match": "OK" }, "geometry": { "type": "Polygon", "coordinates": [ [ [ 105.241765886105043, -5.55710487641294 ], [ 105.241876660172125, -5.557052684989403 ], [ 105.241912460653694, -5.557128670789906 ], [ 105.241801687479025, -5.557180862220136 ], [ 105.241765886105043, -5.55710487641294 ] ] ] } },
{ "type": "Feature", "properties": { "point_id": 360, "footprint_id": 183, "id_bangunan": "Blok D (SDI-D112-112)", "fungsi_bangunan": "Rumah Tinggal", "jumlah_lantai": 1, "tinggi_lantai": 4.0, "tinggi_total": 4.0, "luas_m2": 153.27, "jarak_match_m": 12.92, "metode_match": "optimal_nearest", "status_match": "OK" }, "geometry": { "type": "Polygon", "coordinates": [ [ [ 105.241722103833709, -5.557019215145533 ], [ 105.241845836364149, -5.556961156368045 ], [ 105.241884743772587, -5.55704407495035 ], [ 105.24176101213223, -5.557102133736046 ], [ 105.241722103833709, -5.557019215145533 ] ] ] } },
{ "type": "Feature", "properties": { "point_id": 361, "footprint_id": 174, "id_bangunan": "Blok D (SDI-D113-113)", "fungsi_bangunan": "Rumah Tinggal", "jumlah_lantai": 1, "tinggi_lantai": 4.0, "tinggi_total": 4.0, "luas_m2": 260.05, "jarak_match_m": 7.7, "metode_match": "optimal_nearest", "status_match": "OK" }, "geometry": { "type": "Polygon", "coordinates": [ [ [ 105.242031961472918, -5.558253851506079 ], [ 105.242210592249265, -5.558248796407173 ], [ 105.242213954386955, -5.558367606584497 ], [ 105.242035324477811, -5.558372661685589 ], [ 105.242031961472918, -5.558253851506079 ] ] ] } },
{ "type": "Feature", "properties": { "point_id": 362, "footprint_id": 173, "id_bangunan": "Blok D (SDI-D114-114)", "fungsi_bangunan": "Rumah Tinggal", "jumlah_lantai": 1, "tinggi_lantai": 4.0, "tinggi_total": 4.0, "luas_m2": 263.69, "jarak_match_m": 4.22, "metode_match": "optimal_nearest", "status_match": "OK" }, "geometry": { "type": "Polygon", "coordinates": [ [ [ 105.241955955240613, -5.558170611620571 ], [ 105.242208178283107, -5.558163473735715 ], [ 105.242210592249265, -5.558248796407173 ], [ 105.241958370073462, -5.558255934294249 ], [ 105.241955955240613, -5.558170611620571 ] ] ] } },
{ "type": "Feature", "properties": { "point_id": 363, "footprint_id": 175, "id_bangunan": "Blok D (SDI-D115-115)", "fungsi_bangunan": "Rumah Tinggal", "jumlah_lantai": 1, "tinggi_lantai": 4.0, "tinggi_total": 4.0, "luas_m2": 44.92, "jarak_match_m": 44.9, "metode_match": "optimal_nearest", "status_match": "PERLU_CEK" }, "geometry": { "type": "Polygon", "coordinates": [ [ [ 105.24194643742986, -5.558403798674982 ], [ 105.24202733840653, -5.558399039685217 ], [ 105.242029996895042, -5.558444233413345 ], [ 105.241949095912247, -5.558448992403735 ], [ 105.24194643742986, -5.558403798674982 ] ] ] } },
{ "type": "Feature", "properties": { "point_id": 364, "footprint_id": 162, "id_bangunan": "Blok D (SDI-D117-117)", "fungsi_bangunan": "Rumah Tinggal", "jumlah_lantai": 1, "tinggi_lantai": 4.0, "tinggi_total": 4.0, "luas_m2": 105.85, "jarak_match_m": 45.62, "metode_match": "optimal_nearest", "status_match": "PERLU_CEK" }, "geometry": { "type": "Polygon", "coordinates": [ [ [ 105.242019357873104, -5.558752939213907 ], [ 105.241939737801573, -5.558741629496693 ], [ 105.241954857390169, -5.558635193525174 ], [ 105.242034477447888, -5.558646504145655 ], [ 105.242019357873104, -5.558752939213907 ] ] ] } },
{ "type": "Feature", "properties": { "point_id": 365, "footprint_id": 170, "id_bangunan": "Blok D (SDI-D118-118)", "fungsi_bangunan": "Rumah Tinggal", "jumlah_lantai": 1, "tinggi_lantai": 4.0, "tinggi_total": 4.0, "luas_m2": 124.46, "jarak_match_m": 0.42, "metode_match": "optimal_nearest", "status_match": "OK" }, "geometry": { "type": "Polygon", "coordinates": [ [ [ 105.242267664160451, -5.558296723335824 ], [ 105.242400786778504, -5.55830904957134 ], [ 105.242393776152895, -5.558384763425045 ], [ 105.242260653517846, -5.558372437188695 ], [ 105.242267664160451, -5.558296723335824 ] ] ] } },
{ "type": "Feature", "properties": { "point_id": 366, "footprint_id": 169, "id_bangunan": "Blok D (SDI-D119-119)", "fungsi_bangunan": "Rumah Tinggal", "jumlah_lantai": 1, "tinggi_lantai": 4.0, "tinggi_total": 4.0, "luas_m2": 180.02, "jarak_match_m": 0.0, "metode_match": "within", "status_match": "OK" }, "geometry": { "type": "Polygon", "coordinates": [ [ [ 105.242393776152895, -5.558384763425045 ], [ 105.242387197418921, -5.558500984083111 ], [ 105.242261085967669, -5.558493845783112 ], [ 105.242267664726413, -5.558377625125347 ], [ 105.242393776152895, -5.558384763425045 ] ] ] } },
{ "type": "Feature", "properties": { "point_id": 367, "footprint_id": 168, "id_bangunan": "Blok D (SDI-D120-120)", "fungsi_bangunan": "Rumah Tinggal", "jumlah_lantai": 1, "tinggi_lantai": 4.0, "tinggi_total": 4.0, "luas_m2": 116.46, "jarak_match_m": 16.11, "metode_match": "optimal_nearest", "status_match": "PERLU_CEK" }, "geometry": { "type": "Polygon", "coordinates": [ [ [ 105.242391396582818, -5.558429972788408 ], [ 105.242486575002673, -5.558429972602683 ], [ 105.242486574359148, -5.558529910691217 ], [ 105.242391395922851, -5.558529909973004 ], [ 105.242391396582818, -5.558429972788408 ] ] ] } },
{ "type": "Feature", "properties": { "point_id": 368, "footprint_id": 178, "id_bangunan": "Blok D (SDI-D121-121)", "fungsi_bangunan": "Rumah Tinggal", "jumlah_lantai": 1, "tinggi_lantai": 4.0, "tinggi_total": 4.0, "luas_m2": 162.7, "jarak_match_m": 13.87, "metode_match": "optimal_nearest", "status_match": "OK" }, "geometry": { "type": "Polygon", "coordinates": [ [ [ 105.242052323538047, -5.558378220050327 ], [ 105.242104671603329, -5.558377625045077 ], [ 105.242105861111824, -5.558422834753907 ], [ 105.242211142817212, -5.558425074876576 ], [ 105.24220817787463, -5.558489459190142 ], [ 105.24205589229858, -5.558498976925969 ], [ 105.242052323538047, -5.558378220050327 ] ] ] } },
{ "type": "Feature", "properties": { "point_id": 369, "footprint_id": 181, "id_bangunan": "Blok D (SDI-D122-122)", "fungsi_bangunan": "Rumah Tinggal", "jumlah_lantai": 1, "tinggi_lantai": 4.0, "tinggi_total": 4.0, "luas_m2": 57.5, "jarak_match_m": 5.13, "metode_match": "optimal_nearest", "status_match": "OK" }, "geometry": { "type": "Polygon", "coordinates": [ [ [ 105.242333099755584, -5.558557273879126 ], [ 105.242392517131549, -5.55856039219927 ], [ 105.242396443586998, -5.558634988856904 ], [ 105.242331008121809, -5.558633203730521 ], [ 105.242333099755584, -5.558557273879126 ] ] ] } },
{ "type": "Feature", "properties": { "point_id": 370, "footprint_id": 179, "id_bangunan": "Blok D (SDI-D123-123)", "fungsi_bangunan": "Rumah Tinggal", "jumlah_lantai": 1, "tinggi_lantai": 4.0, "tinggi_total": 4.0, "luas_m2": 47.82, "jarak_match_m": 2.61, "metode_match": "optimal_nearest", "status_match": "OK" }, "geometry": { "type": "Polygon", "coordinates": [ [ [ 105.24226124015982, -5.558502189197454 ], [ 105.242343569274851, -5.558507899859674 ], [ 105.24234166591026, -5.55855406161133 ], [ 105.242257909009766, -5.558549779054021 ], [ 105.24226124015982, -5.558502189197454 ] ] ] } },
{ "type": "Feature", "properties": { "point_id": 371, "footprint_id": 164, "id_bangunan": "Blok D (SDI-D124-124)", "fungsi_bangunan": "Rumah Tinggal", "jumlah_lantai": 1, "tinggi_lantai": 4.0, "tinggi_total": 4.0, "luas_m2": 180.84, "jarak_match_m": 13.33, "metode_match": "optimal_nearest", "status_match": "OK" }, "geometry": { "type": "Polygon", "coordinates": [ [ [ 105.242048753531208, -5.558541807232597 ], [ 105.242211381210183, -5.558546661764582 ], [ 105.242208672625893, -5.558637408032909 ], [ 105.242046044921963, -5.558632553501279 ], [ 105.242048753531208, -5.558541807232597 ] ] ] } },
{ "type": "Feature", "properties": { "point_id": 372, "footprint_id": 165, "id_bangunan": "Blok D (SDI-D125-125)", "fungsi_bangunan": "Rumah Tinggal", "jumlah_lantai": 1, "tinggi_lantai": 4.0, "tinggi_total": 4.0, "luas_m2": 69.21, "jarak_match_m": 15.57, "metode_match": "optimal_nearest", "status_match": "PERLU_CEK" }, "geometry": { "type": "Polygon", "coordinates": [ [ [ 105.24205589229858, -5.558498976925969 ], [ 105.242182345693436, -5.558501084436835 ], [ 105.242181601017563, -5.558545772962285 ], [ 105.242055147613158, -5.558543665451677 ], [ 105.24205589229858, -5.558498976925969 ] ] ] } },
{ "type": "Feature", "properties": { "point_id": 373, "footprint_id": 158, "id_bangunan": "Blok D (SDI-D126-126)", "fungsi_bangunan": "Rumah Tinggal", "jumlah_lantai": 1, "tinggi_lantai": 4.0, "tinggi_total": 4.0, "luas_m2": 156.94, "jarak_match_m": 10.22, "metode_match": "optimal_nearest", "status_match": "OK" }, "geometry": { "type": "Polygon", "coordinates": [ [ [ 105.242507990183341, -5.558722646807414 ], [ 105.242674552284356, -5.558715508615061 ], [ 105.242677844055564, -5.558792325511662 ], [ 105.242511281933091, -5.558799463705867 ], [ 105.242507990183341, -5.558722646807414 ] ] ] } },
{ "type": "Feature", "properties": { "point_id": 374, "footprint_id": 997, "id_bangunan": "Blok C (SDI-C118-118)", "fungsi_bangunan": "Rumah Tinggal", "jumlah_lantai": 1, "tinggi_lantai": 4.0, "tinggi_total": 4.0, "luas_m2": 118.68, "jarak_match_m": 0.0, "metode_match": "within", "status_match": "OK" }, "geometry": { "type": "Polygon", "coordinates": [ [ [ 105.23337220604293, -5.55109148394822 ], [ 105.233417602861692, -5.551163518707301 ], [ 105.233364223761001, -5.551197157974657 ], [ 105.233367753157282, -5.551204207337254 ], [ 105.233362401073578, -5.551206887181394 ], [ 105.233353969893912, -5.551211107936482 ], [ 105.233353320217077, -5.551209809131422 ], [ 105.233349986326914, -5.55121088244463 ], [ 105.233350767363618, -5.551213308377955 ], [ 105.233344850678634, -5.551215212264608 ], [ 105.233344069641973, -5.551212786331258 ], [ 105.233340484465373, -5.551201647117848 ], [ 105.23332789720601, -5.55120777649199 ], [ 105.233320376517582, -5.55119233365507 ], [ 105.233314512493834, -5.551194986561671 ], [ 105.233311177992988, -5.551187616879606 ], [ 105.233307181066706, -5.551190155064703 ], [ 105.233306785362743, -5.551189531020002 ], [ 105.233296775290171, -5.551194344935933 ], [ 105.233277630459256, -5.551154535712524 ], [ 105.233282943768444, -5.551151980724634 ], [ 105.233278523271608, -5.551145018558441 ], [ 105.233288375677063, -5.55113876361522 ], [ 105.233285275774961, -5.551131014796651 ], [ 105.23331112188113, -5.551120676333444 ], [ 105.233312285021796, -5.551123582479321 ], [ 105.233314838613467, -5.551121961263113 ], [ 105.233314543916833, -5.551121045884813 ], [ 105.233318064677874, -5.551119912791876 ], [ 105.233319146050519, -5.551119226648749 ], [ 105.233319324930051, -5.551119507920869 ], [ 105.233320461503865, -5.551119141998136 ], [ 105.233321786735146, -5.551123259391569 ], [ 105.23337220604293, -5.55109148394822 ] ] ] } },
{ "type": "Feature", "properties": { "point_id": 375, "footprint_id": 159, "id_bangunan": "Blok D (SDI-D127-127)", "fungsi_bangunan": "Rumah Tinggal", "jumlah_lantai": 1, "tinggi_lantai": 4.0, "tinggi_total": 4.0, "luas_m2": 237.07, "jarak_match_m": 23.21, "metode_match": "optimal_nearest", "status_match": "PERLU_CEK" }, "geometry": { "type": "Polygon", "coordinates": [ [ [ 105.242610307074656, -5.558548945911422 ], [ 105.242800663405845, -5.558560843253004 ], [ 105.242794330554375, -5.558662169848669 ], [ 105.242603974190587, -5.558650272506502 ], [ 105.242610307074656, -5.558548945911422 ] ] ] } },
{ "type": "Feature", "properties": { "point_id": 376, "footprint_id": 870, "id_bangunan": "Blok C (SDI-C119-119)", "fungsi_bangunan": "Rumah Tinggal", "jumlah_lantai": 1, "tinggi_lantai": 4.0, "tinggi_total": 4.0, "luas_m2": 347.39, "jarak_match_m": 0.0, "metode_match": "within", "status_match": "OK" }, "geometry": { "type": "Polygon", "coordinates": [ [ [ 105.23346270411767, -5.550594350016896 ], [ 105.233507437671292, -5.550607674869992 ], [ 105.233601664142299, -5.550580073296833 ], [ 105.233601664508157, -5.550631469453823 ], [ 105.233553123112827, -5.550818971435325 ], [ 105.233507437606249, -5.550809453683173 ], [ 105.233467462331504, -5.55079422449599 ], [ 105.233459848535162, -5.550764719989465 ], [ 105.233427488006271, -5.55075615317204 ], [ 105.23346270411767, -5.550594350016896 ] ] ] } },
{ "type": "Feature", "properties": { "point_id": 377, "footprint_id": 167, "id_bangunan": "Blok D (SDI-D128-128)", "fungsi_bangunan": "Rumah Tinggal", "jumlah_lantai": 1, "tinggi_lantai": 4.0, "tinggi_total": 4.0, "luas_m2": 134.76, "jarak_match_m": 2.62, "metode_match": "optimal_nearest", "status_match": "OK" }, "geometry": { "type": "Polygon", "coordinates": [ [ [ 105.242389016900034, -5.558746441514709 ], [ 105.242386637414995, -5.558641745102211 ], [ 105.242491712309842, -5.558639357129352 ], [ 105.242494091813384, -5.558744053540627 ], [ 105.242389016900034, -5.558746441514709 ] ] ] } },
{ "type": "Feature", "properties": { "point_id": 378, "footprint_id": 180, "id_bangunan": "Blok D (SDI-D129-129)", "fungsi_bangunan": "Rumah Tinggal", "jumlah_lantai": 1, "tinggi_lantai": 4.0, "tinggi_total": 4.0, "luas_m2": 45.17, "jarak_match_m": 0.0, "metode_match": "within", "status_match": "OK" }, "geometry": { "type": "Polygon", "coordinates": [ [ [ 105.242266474297679, -5.558555489233674 ], [ 105.242333099755584, -5.558557273879126 ], [ 105.242330719995977, -5.558613072031698 ], [ 105.242264571011674, -5.558610692843462 ], [ 105.242266474297679, -5.558555489233674 ] ] ] } },
{ "type": "Feature", "properties": { "point_id": 379, "footprint_id": 979, "id_bangunan": "Blok C (SDI-C120-120)", "fungsi_bangunan": "Rumah Tinggal", "jumlah_lantai": 1, "tinggi_lantai": 4.0, "tinggi_total": 4.0, "luas_m2": 139.16, "jarak_match_m": 0.0, "metode_match": "within", "status_match": "OK" }, "geometry": { "type": "Polygon", "coordinates": [ [ [ 105.231426441898947, -5.552064923136379 ], [ 105.231380399530792, -5.552092049576251 ], [ 105.231335168060781, -5.552015274282318 ], [ 105.231373902428928, -5.551992453170188 ], [ 105.231365862515773, -5.551976726453715 ], [ 105.231443499691906, -5.551937035777571 ], [ 105.231474009443687, -5.551996713723102 ], [ 105.231444559925052, -5.552011769402956 ], [ 105.231459018699454, -5.552035261740026 ], [ 105.231422286825662, -5.552057869483429 ], [ 105.231426441898947, -5.552064923136379 ] ] ] } },
{ "type": "Feature", "properties": { "point_id": 380, "footprint_id": 161, "id_bangunan": "Blok D (SDI-D130-130)", "fungsi_bangunan": "Rumah Tinggal", "jumlah_lantai": 1, "tinggi_lantai": 4.0, "tinggi_total": 4.0, "luas_m2": 114.13, "jarak_match_m": 15.57, "metode_match": "optimal_nearest", "status_match": "PERLU_CEK" }, "geometry": { "type": "Polygon", "coordinates": [ [ [ 105.241891709891803, -5.558808307440873 ], [ 105.241895604495241, -5.558745290560005 ], [ 105.242042966190752, -5.558754398667224 ], [ 105.242039071602647, -5.558817414643727 ], [ 105.241891709891803, -5.558808307440873 ] ] ] } },
{ "type": "Feature", "properties": { "point_id": 381, "footprint_id": 980, "id_bangunan": "Blok C (SDI-C121-121)", "fungsi_bangunan": "Rumah Tinggal", "jumlah_lantai": 1, "tinggi_lantai": 4.0, "tinggi_total": 4.0, "luas_m2": 61.28, "jarak_match_m": 5.71, "metode_match": "optimal_nearest", "status_match": "OK" }, "geometry": { "type": "Polygon", "coordinates": [ [ [ 105.231653927247066, -5.551814306000648 ], [ 105.231661011315566, -5.551828474394643 ], [ 105.231635669861703, -5.551841144749599 ], [ 105.231627858411485, -5.551825521076107 ], [ 105.231622856423215, -5.551827673363248 ], [ 105.231608306037771, -5.55179385280208 ], [ 105.231614566421641, -5.551791159047829 ], [ 105.231609793058951, -5.551782252937671 ], [ 105.231694288047365, -5.551736964350408 ], [ 105.231708838538111, -5.551764109577923 ], [ 105.231683794427951, -5.551777533382568 ], [ 105.231692479837307, -5.551797719711993 ], [ 105.231653927247066, -5.551814306000648 ] ] ] } },
{ "type": "Feature", "properties": { "point_id": 382, "footprint_id": 156, "id_bangunan": "Blok D (SDI-D131-131)", "fungsi_bangunan": "Rumah Tinggal", "jumlah_lantai": 1, "tinggi_lantai": 4.0, "tinggi_total": 4.0, "luas_m2": 90.39, "jarak_match_m": 3.24, "metode_match": "optimal_nearest", "status_match": "OK" }, "geometry": { "type": "Polygon", "coordinates": [ [ [ 105.242222454587875, -5.558901106205368 ], [ 105.242289079698523, -5.558882070607632 ], [ 105.24231835157974, -5.558984522430443 ], [ 105.242251726458804, -5.559003558031892 ], [ 105.242222454587875, -5.558901106205368 ] ] ] } },
{ "type": "Feature", "properties": { "point_id": 383, "footprint_id": 981, "id_bangunan": "Blok C (SDI-C122-122)", "fungsi_bangunan": "Rumah Tinggal", "jumlah_lantai": 1, "tinggi_lantai": 4.0, "tinggi_total": 4.0, "luas_m2": 427.28, "jarak_match_m": 0.0, "metode_match": "within", "status_match": "OK" }, "geometry": { "type": "Polygon", "coordinates": [ [ [ 105.231833329607056, -5.551909745640216 ], [ 105.231867643974212, -5.551976006938975 ], [ 105.231755460085836, -5.552034101623509 ], [ 105.231747385502615, -5.552038283317205 ], [ 105.231746766566275, -5.552037087627111 ], [ 105.231725970728689, -5.552044231573285 ], [ 105.231714467665796, -5.552010747251063 ], [ 105.23173030828697, -5.55200530596947 ], [ 105.231712883204736, -5.551971658419975 ], [ 105.231732866104267, -5.551961310561647 ], [ 105.231667374754934, -5.551994923672767 ], [ 105.231645663963079, -5.551952623119323 ], [ 105.23171119954047, -5.551918985568099 ], [ 105.231708497889699, -5.551913722532723 ], [ 105.231683139765138, -5.551927638584238 ], [ 105.231656371249827, -5.551878859179507 ], [ 105.231683080686622, -5.551864200795472 ], [ 105.231666484059517, -5.551831864646029 ], [ 105.231782194944955, -5.551772474962356 ], [ 105.231848622141385, -5.551901896421494 ], [ 105.231833329607056, -5.551909745640216 ] ] ] } },
{ "type": "Feature", "properties": { "point_id": 384, "footprint_id": 163, "id_bangunan": "Blok D (SDI-D132-132)", "fungsi_bangunan": "Rumah Tinggal", "jumlah_lantai": 1, "tinggi_lantai": 4.0, "tinggi_total": 4.0, "luas_m2": 307.06, "jarak_match_m": 7.18, "metode_match": "optimal_nearest", "status_match": "OK" }, "geometry": { "type": "Polygon", "coordinates": [ [ [ 105.242041005440129, -5.558786118798657 ], [ 105.242046259531676, -5.558631875839317 ], [ 105.242208672625893, -5.558637408032909 ], [ 105.242203418576679, -5.558791650991844 ], [ 105.242041005440129, -5.558786118798657 ] ] ] } },
{ "type": "Feature", "properties": { "point_id": 385, "footprint_id": 982, "id_bangunan": "Blok C (SDI-C123-123)", "fungsi_bangunan": "Rumah Tinggal", "jumlah_lantai": 1, "tinggi_lantai": 4.0, "tinggi_total": 4.0, "luas_m2": 217.59, "jarak_match_m": 0.0, "metode_match": "within", "status_match": "OK" }, "geometry": { "type": "Polygon", "coordinates": [ [ [ 105.231610359845618, -5.552218864983434 ], [ 105.231632945742845, -5.552252455330034 ], [ 105.231656558208627, -5.552235162042315 ], [ 105.231686867639326, -5.552276546443041 ], [ 105.231661592552129, -5.552295058027799 ], [ 105.231679958673396, -5.552322371831529 ], [ 105.23157205907097, -5.552394924554683 ], [ 105.231502459349926, -5.552291418598695 ], [ 105.231610359845618, -5.552218864983434 ] ] ] } },
{ "type": "Feature", "properties": { "point_id": 386, "footprint_id": 1038, "id_bangunan": "Blok C (SDI-C124-124)", "fungsi_bangunan": "Rumah Tinggal", "jumlah_lantai": 1, "tinggi_lantai": 4.0, "tinggi_total": 4.0, "luas_m2": 48.33, "jarak_match_m": 3.8, "metode_match": "optimal_nearest", "status_match": "OK" }, "geometry": { "type": "Polygon", "coordinates": [ [ [ 105.231681073993542, -5.552332309758556 ], [ 105.23171140922156, -5.552377311798916 ], [ 105.23165109315056, -5.552417970018588 ], [ 105.231620757924418, -5.552372967070453 ], [ 105.231681073993542, -5.552332309758556 ] ] ] } },
{ "type": "Feature", "properties": { "point_id": 387, "footprint_id": 154, "id_bangunan": "Blok D (SDI-D134-134)", "fungsi_bangunan": "Rumah Tinggal", "jumlah_lantai": 1, "tinggi_lantai": 4.0, "tinggi_total": 4.0, "luas_m2": 213.16, "jarak_match_m": 0.0, "metode_match": "within", "status_match": "OK" }, "geometry": { "type": "Polygon", "coordinates": [ [ [ 105.24225814651038, -5.559238989278978 ], [ 105.242165347410108, -5.559281820358857 ], [ 105.242093963506463, -5.559127154709439 ], [ 105.242186762589029, -5.559084324546008 ], [ 105.24225814651038, -5.559238989278978 ] ] ] } },
{ "type": "Feature", "properties": { "point_id": 388, "footprint_id": 992, "id_bangunan": "Blok C (SDI-C125-125)", "fungsi_bangunan": "Rumah Tinggal", "jumlah_lantai": 1, "tinggi_lantai": 4.0, "tinggi_total": 4.0, "luas_m2": 552.21, "jarak_match_m": 0.0, "metode_match": "within", "status_match": "OK" }, "geometry": { "type": "Polygon", "coordinates": [ [ [ 105.231869310000064, -5.552517206571254 ], [ 105.23182231042243, -5.552550884816954 ], [ 105.231816882082015, -5.552543308785331 ], [ 105.23169619946276, -5.552613346221356 ], [ 105.231664478149014, -5.552558685893647 ], [ 105.231662425429846, -5.552559762314067 ], [ 105.231607564670327, -5.552455111654393 ], [ 105.231647003233348, -5.552434436956376 ], [ 105.231643857406851, -5.552429279033083 ], [ 105.231809223894828, -5.552328405747183 ], [ 105.231834072496767, -5.552369141845995 ], [ 105.231902895704394, -5.552472375768239 ], [ 105.231858428025291, -5.552502021047105 ], [ 105.231869310000064, -5.552517206571254 ] ] ] } },
{ "type": "Feature", "properties": { "point_id": 389, "footprint_id": 157, "id_bangunan": "Blok D (SDI-D135-135)", "fungsi_bangunan": "Rumah Tinggal", "jumlah_lantai": 1, "tinggi_lantai": 4.0, "tinggi_total": 4.0, "luas_m2": 86.09, "jarak_match_m": 9.47, "metode_match": "optimal_nearest", "status_match": "OK" }, "geometry": { "type": "Polygon", "coordinates": [ [ [ 105.241894088838535, -5.558991525546036 ], [ 105.241951195701901, -5.558939177871932 ], [ 105.242012532517379, -5.559006089619533 ], [ 105.241955425653856, -5.559058438204135 ], [ 105.241894088838535, -5.558991525546036 ] ] ] } },
{ "type": "Feature", "properties": { "point_id": 390, "footprint_id": 160, "id_bangunan": "Blok D (SDI-D136-136)", "fungsi_bangunan": "Rumah Tinggal", "jumlah_lantai": 1, "tinggi_lantai": 4.0, "tinggi_total": 4.0, "luas_m2": 124.77, "jarak_match_m": 7.05, "metode_match": "optimal_nearest", "status_match": "OK" }, "geometry": { "type": "Polygon", "coordinates": [ [ [ 105.242043994904606, -5.558901106128127 ], [ 105.241922642885285, -5.558908244616598 ], [ 105.241917719600309, -5.558824553130478 ], [ 105.242039071602647, -5.558817414643727 ], [ 105.242043994904606, -5.558901106128127 ] ] ] } },
{ "type": "Feature", "properties": { "point_id": 391, "footprint_id": 983, "id_bangunan": "Blok C (SDI-C126-126)", "fungsi_bangunan": "Rumah Tinggal", "jumlah_lantai": 1, "tinggi_lantai": 4.0, "tinggi_total": 4.0, "luas_m2": 119.47, "jarak_match_m": 2.39, "metode_match": "optimal_nearest", "status_match": "OK" }, "geometry": { "type": "Polygon", "coordinates": [ [ [ 105.232152224647933, -5.55240506501447 ], [ 105.232160606646673, -5.552415842304677 ], [ 105.232173769901394, -5.552407207782466 ], [ 105.232212792890095, -5.552466694175504 ], [ 105.232102749761808, -5.552538882361659 ], [ 105.23206372677879, -5.552479395961236 ], [ 105.23213382249611, -5.552433412772785 ], [ 105.23212702042224, -5.552424668490097 ], [ 105.232152224647933, -5.55240506501447 ] ] ] } },
{ "type": "Feature", "properties": { "point_id": 392, "footprint_id": 155, "id_bangunan": "Blok D (SDI-D137-137)", "fungsi_bangunan": "Rumah Tinggal", "jumlah_lantai": 1, "tinggi_lantai": 4.0, "tinggi_total": 4.0, "luas_m2": 166.09, "jarak_match_m": 3.73, "metode_match": "optimal_nearest", "status_match": "OK" }, "geometry": { "type": "Polygon", "coordinates": [ [ [ 105.242032097853851, -5.558972489669733 ], [ 105.242139173470434, -5.558934418389976 ], [ 105.242179163960586, -5.559046892832872 ], [ 105.242072088326879, -5.559084964120498 ], [ 105.242032097853851, -5.558972489669733 ] ] ] } },
{ "type": "Feature", "properties": { "point_id": 393, "footprint_id": 300, "id_bangunan": "Blok D (SDI-D139-139)", "fungsi_bangunan": "Rumah Tinggal", "jumlah_lantai": 1, "tinggi_lantai": 4.0, "tinggi_total": 4.0, "luas_m2": 30.77, "jarak_match_m": 13.8, "metode_match": "optimal_nearest", "status_match": "OK" }, "geometry": { "type": "Polygon", "coordinates": [ [ [ 105.240584137078812, -5.554429835985586 ], [ 105.240542496493006, -5.554376774188497 ], [ 105.240571763658906, -5.554353218153214 ], [ 105.240613404983463, -5.554410324586134 ], [ 105.240609597802546, -5.554413180270754 ], [ 105.240584137078812, -5.554429835985586 ] ] ] } },
{ "type": "Feature", "properties": { "point_id": 394, "footprint_id": 1026, "id_bangunan": "Blok C (SDI-C128-128)", "fungsi_bangunan": "Rumah Tinggal", "jumlah_lantai": 1, "tinggi_lantai": 4.0, "tinggi_total": 4.0, "luas_m2": 263.97, "jarak_match_m": 0.0, "metode_match": "within", "status_match": "OK" }, "geometry": { "type": "Polygon", "coordinates": [ [ [ 105.232537015064111, -5.552999987956785 ], [ 105.232511294878535, -5.553016250820338 ], [ 105.232522274448854, -5.553033889673539 ], [ 105.232501807621702, -5.553046629614871 ], [ 105.232524668901533, -5.553084629929547 ], [ 105.232495401837184, -5.553102237577002 ], [ 105.232470389409301, -5.55306066387895 ], [ 105.232495751549934, -5.5530454062118 ], [ 105.232487118227453, -5.553031536970157 ], [ 105.232477305489112, -5.553037741225898 ], [ 105.232461287563197, -5.553012407685647 ], [ 105.232376730275618, -5.553069511899524 ], [ 105.232322387130651, -5.552989042110937 ], [ 105.232409371605129, -5.552930299553866 ], [ 105.23240709584968, -5.552926699985838 ], [ 105.232466805418568, -5.55288894672394 ], [ 105.232537015064111, -5.552999987956785 ] ] ] } },
{ "type": "Feature", "properties": { "point_id": 395, "footprint_id": 371, "id_bangunan": "Blok D (SDI-D140-140)", "fungsi_bangunan": "Rumah Tinggal", "jumlah_lantai": 1, "tinggi_lantai": 4.0, "tinggi_total": 4.0, "luas_m2": 116.22, "jarak_match_m": 49.8, "metode_match": "optimal_nearest", "status_match": "PERLU_CEK" }, "geometry": { "type": "Polygon", "coordinates": [ [ [ 105.242345176565379, -5.554077200183036 ], [ 105.242397524060451, -5.554025327557225 ], [ 105.242416084288024, -5.554042460123745 ], [ 105.242429409116951, -5.554029610602345 ], [ 105.242477474673322, -5.554078151860556 ], [ 105.242462245551138, -5.554092904618773 ], [ 105.24248032979898, -5.554107419355253 ], [ 105.242435595520007, -5.554155246940576 ], [ 105.242345176565379, -5.554077200183036 ] ] ] } },
{ "type": "Feature", "properties": { "point_id": 396, "footprint_id": 1027, "id_bangunan": "Blok C (SDI-C129-129)", "fungsi_bangunan": "Rumah Tinggal", "jumlah_lantai": 1, "tinggi_lantai": 4.0, "tinggi_total": 4.0, "luas_m2": 183.36, "jarak_match_m": 0.0, "metode_match": "within", "status_match": "OK" }, "geometry": { "type": "Polygon", "coordinates": [ [ [ 105.232223521104203, -5.553173153287213 ], [ 105.232242157687153, -5.553196997673773 ], [ 105.232250646987211, -5.553191237215001 ], [ 105.232274574385272, -5.55322649877848 ], [ 105.232268416596114, -5.553230677012299 ], [ 105.232228098496734, -5.553262613043868 ], [ 105.232246363324791, -5.553291650203784 ], [ 105.232163677453343, -5.553343662345583 ], [ 105.232103119946828, -5.553247391840889 ], [ 105.232185806713744, -5.55319537970738 ], [ 105.23218886485401, -5.553200240940164 ], [ 105.232223521104203, -5.553173153287213 ] ] ] } },
{ "type": "Feature", "properties": { "point_id": 397, "footprint_id": 153, "id_bangunan": "Blok D (SDI-D141-141)", "fungsi_bangunan": "Rumah Tinggal", "jumlah_lantai": 2, "tinggi_lantai": 4.0, "tinggi_total": 8.0, "luas_m2": 256.89, "jarak_match_m": 0.78, "metode_match": "optimal_nearest", "status_match": "OK" }, "geometry": { "type": "Polygon", "coordinates": [ [ [ 105.242151071126273, -5.559348444671905 ], [ 105.242287763888882, -5.55930752788597 ], [ 105.242329932974584, -5.559448402534203 ], [ 105.24219324018361, -5.559489320235651 ], [ 105.242151071126273, -5.559348444671905 ] ] ] } },
{ "type": "Feature", "properties": { "point_id": 398, "footprint_id": 1030, "id_bangunan": "Blok C (SDI-C130-130)", "fungsi_bangunan": "Rumah Tinggal", "jumlah_lantai": 1, "tinggi_lantai": 4.0, "tinggi_total": 4.0, "luas_m2": 244.73, "jarak_match_m": 0.0, "metode_match": "within", "status_match": "OK" }, "geometry": { "type": "Polygon", "coordinates": [ [ [ 105.232466276128079, -5.553416059236691 ], [ 105.232500378636544, -5.553485017300806 ], [ 105.232449465330888, -5.55351019624486 ], [ 105.232455119396818, -5.553522352367836 ], [ 105.232296173345162, -5.553596280454102 ], [ 105.232260481451917, -5.553519543107557 ], [ 105.23233769317973, -5.553483630249581 ], [ 105.232333280309049, -5.553473106510621 ], [ 105.232409792892852, -5.553441020541183 ], [ 105.23241082494269, -5.553443481657803 ], [ 105.232466276128079, -5.553416059236691 ] ] ] } },
{ "type": "Feature", "properties": { "point_id": 399, "footprint_id": 1031, "id_bangunan": "Blok C (SDI-C131-131)", "fungsi_bangunan": "Rumah Tinggal", "jumlah_lantai": 1, "tinggi_lantai": 4.0, "tinggi_total": 4.0, "luas_m2": 93.75, "jarak_match_m": 1.36, "metode_match": "optimal_nearest", "status_match": "OK" }, "geometry": { "type": "Polygon", "coordinates": [ [ [ 105.232779014075263, -5.553573318865454 ], [ 105.232683684465485, -5.553611887698023 ], [ 105.232655757581739, -5.553542862080431 ], [ 105.232751087182621, -5.553504293252652 ], [ 105.232779014075263, -5.553573318865454 ] ] ] } },
{ "type": "Feature", "properties": { "point_id": 400, "footprint_id": 1023, "id_bangunan": "Blok C (SDI-C133-133)", "fungsi_bangunan": "Rumah Tinggal", "jumlah_lantai": 1, "tinggi_lantai": 4.0, "tinggi_total": 4.0, "luas_m2": 87.42, "jarak_match_m": 1.59, "metode_match": "optimal_nearest", "status_match": "OK" }, "geometry": { "type": "Polygon", "coordinates": [ [ [ 105.23294538967339, -5.552034203765845 ], [ 105.232898314512951, -5.552059080890999 ], [ 105.232885193218351, -5.552034251912802 ], [ 105.232837064735378, -5.552055381529036 ], [ 105.232815649266371, -5.552006602786313 ], [ 105.232914448279814, -5.551963227132177 ], [ 105.232935863755429, -5.552012006775771 ], [ 105.232934074566003, -5.552012792707498 ], [ 105.23294538967339, -5.552034203765845 ] ] ] } },
{ "type": "Feature", "properties": { "point_id": 401, "footprint_id": 1039, "id_bangunan": "Blok B (SDI-B96-096)", "fungsi_bangunan": "Rumah Tinggal", "jumlah_lantai": 1, "tinggi_lantai": 4.0, "tinggi_total": 4.0, "luas_m2": 160.44, "jarak_match_m": 0.53, "metode_match": "optimal_nearest", "status_match": "OK" }, "geometry": { "type": "Polygon", "coordinates": [ [ [ 105.231565928668616, -5.550296625718548 ], [ 105.231594481801551, -5.550277590879242 ], [ 105.231623036052412, -5.550245229799821 ], [ 105.23168014255269, -5.550279494150741 ], [ 105.231668721002023, -5.550292819436718 ], [ 105.231735346007738, -5.550365154501421 ], [ 105.231682045876894, -5.550418455013444 ], [ 105.231565928668616, -5.550296625718548 ] ] ] } },
{ "type": "Feature", "properties": { "point_id": 402, "footprint_id": 681, "id_bangunan": "Blok B (SDI-B97-097)", "fungsi_bangunan": "Rumah Tinggal", "jumlah_lantai": 1, "tinggi_lantai": 4.0, "tinggi_total": 4.0, "luas_m2": 220.41, "jarak_match_m": 0.0, "metode_match": "within", "status_match": "OK" }, "geometry": { "type": "Polygon", "coordinates": [ [ [ 105.231242103216104, -5.551111393535001 ], [ 105.231247138468802, -5.551115839675676 ], [ 105.231311383753251, -5.551068250426971 ], [ 105.231382172308329, -5.551143798985851 ], [ 105.231341127372815, -5.55118008564905 ], [ 105.231368490416841, -5.551211613371846 ], [ 105.231320306966069, -5.551253849020344 ], [ 105.231293537391224, -5.551227674717177 ], [ 105.231257845534628, -5.55125920268816 ], [ 105.231211445878458, -5.55120804450116 ], [ 105.231265579381187, -5.551154506686834 ], [ 105.231236430644373, -5.551118814699056 ], [ 105.231242103216104, -5.551111393535001 ] ] ] } },
{ "type": "Feature", "properties": { "point_id": 403, "footprint_id": 955, "id_bangunan": "Blok B (SDI-B98-098)", "fungsi_bangunan": "Rumah Tinggal", "jumlah_lantai": 1, "tinggi_lantai": 4.0, "tinggi_total": 4.0, "luas_m2": 180.62, "jarak_match_m": 0.0, "metode_match": "within", "status_match": "OK" }, "geometry": { "type": "Polygon", "coordinates": [ [ [ 105.231539440137126, -5.550939856187972 ], [ 105.23155572955767, -5.550962434122 ], [ 105.231574604884443, -5.550948184090857 ], [ 105.23164241954683, -5.551038008987385 ], [ 105.231636864900381, -5.551042202356705 ], [ 105.231646583316163, -5.551053475779042 ], [ 105.231619318487731, -5.55107697993868 ], [ 105.23160807533128, -5.551063937639272 ], [ 105.231558471627821, -5.551101386512721 ], [ 105.231495618114451, -5.551018133675865 ], [ 105.231490656970465, -5.551011562511163 ], [ 105.231490799582446, -5.551011454803267 ], [ 105.231473477620213, -5.550987445228101 ], [ 105.231539440137126, -5.550939856187972 ] ] ] } },
{ "type": "Feature", "properties": { "point_id": 404, "footprint_id": 957, "id_bangunan": "Blok B (SDI-B99-099)", "fungsi_bangunan": "Rumah Tinggal", "jumlah_lantai": 2, "tinggi_lantai": 4.0, "tinggi_total": 8.0, "luas_m2": 228.02, "jarak_match_m": 0.0, "metode_match": "within", "status_match": "OK" }, "geometry": { "type": "Polygon", "coordinates": [ [ [ 105.231351033098363, -5.551329074017899 ], [ 105.231345817420092, -5.551318069315621 ], [ 105.231422307397523, -5.551281814008394 ], [ 105.231410657472267, -5.551260605687707 ], [ 105.231449883449599, -5.551239059016173 ], [ 105.231496459668818, -5.551323851594526 ], [ 105.231501910577862, -5.55133377425492 ], [ 105.231501181212195, -5.551334175295658 ], [ 105.231508488987274, -5.551350154691887 ], [ 105.231467679142327, -5.551368817998329 ], [ 105.231467183041175, -5.551367732625726 ], [ 105.231387303390207, -5.551405594095574 ], [ 105.231382178976659, -5.551394783855379 ], [ 105.231327340815582, -5.551424117433344 ], [ 105.231326852908211, -5.551423205748103 ], [ 105.23132352386456, -5.551425144787761 ], [ 105.231291089887932, -5.551369466089083 ], [ 105.231296439104639, -5.551366350228354 ], [ 105.231296324355739, -5.551366134969148 ], [ 105.23130224507176, -5.551362968224962 ], [ 105.231342327025928, -5.551341527972671 ], [ 105.231339155101111, -5.551334249583451 ], [ 105.231351033098363, -5.551329074017899 ] ], [ [ 105.231351033098363, -5.551329074017899 ], [ 105.231353788425693, -5.551335396366597 ], [ 105.231353981600463, -5.551335293162143 ], [ 105.231351033098363, -5.551329074017899 ] ] ] } },
{ "type": "Feature", "properties": { "point_id": 405, "footprint_id": 958, "id_bangunan": "Blok B (SDI-B100-100)", "fungsi_bangunan": "Rumah Tinggal", "jumlah_lantai": 1, "tinggi_lantai": 4.0, "tinggi_total": 4.0, "luas_m2": 153.93, "jarak_match_m": 0.0, "metode_match": "within", "status_match": "OK" }, "geometry": { "type": "Polygon", "coordinates": [ [ [ 105.231399215141067, -5.551505500484452 ], [ 105.231388422652344, -5.551513650079375 ], [ 105.231365495867664, -5.551483287606455 ], [ 105.231376028404995, -5.551475334420384 ], [ 105.231362818962083, -5.551451164921117 ], [ 105.231426798332635, -5.551416199096805 ], [ 105.23141765750097, -5.551397331000022 ], [ 105.231499340423611, -5.551357759052166 ], [ 105.231535218831297, -5.551431817750426 ], [ 105.231469344045493, -5.551463731171662 ], [ 105.231470792386688, -5.551466382101578 ], [ 105.231399215141067, -5.551505500484452 ] ] ] } },
{ "type": "Feature", "properties": { "point_id": 406, "footprint_id": 937, "id_bangunan": "Blok B (SDI-B101-101)", "fungsi_bangunan": "Rumah Tinggal", "jumlah_lantai": 1, "tinggi_lantai": 4.0, "tinggi_total": 4.0, "luas_m2": 250.58, "jarak_match_m": 0.0, "metode_match": "within", "status_match": "OK" }, "geometry": { "type": "Polygon", "coordinates": [ [ [ 105.231026762024584, -5.551669226628233 ], [ 105.231049239986206, -5.551657631224985 ], [ 105.231058996307084, -5.551652633803581 ], [ 105.23103996016745, -5.551622653363784 ], [ 105.231043528626884, -5.551616466951602 ], [ 105.23108183931592, -5.551590768367639 ], [ 105.231142039258771, -5.551553411280167 ], [ 105.231207236025966, -5.551521526203383 ], [ 105.231226747638743, -5.551552934876755 ], [ 105.231252445567875, -5.551593147790455 ], [ 105.231171544415773, -5.551646448202665 ], [ 105.231095400841099, -5.551698320128456 ], [ 105.231052503972535, -5.551720483367429 ], [ 105.231026762024584, -5.551669226628233 ] ] ] } },
{ "type": "Feature", "properties": { "point_id": 407, "footprint_id": 969, "id_bangunan": "Blok B (SDI-B102-102)", "fungsi_bangunan": "Rumah Tinggal", "jumlah_lantai": 1, "tinggi_lantai": 4.0, "tinggi_total": 4.0, "luas_m2": 158.71, "jarak_match_m": 0.0, "metode_match": "within", "status_match": "OK" }, "geometry": { "type": "Polygon", "coordinates": [ [ [ 105.230911798831499, -5.551459915449594 ], [ 105.23093103548743, -5.551497087696567 ], [ 105.230944477814447, -5.551490991509827 ], [ 105.230963037875867, -5.551531917367518 ], [ 105.23084111989705, -5.551587205873947 ], [ 105.230822560744528, -5.551546279107238 ], [ 105.230837457347874, -5.551539523777703 ], [ 105.230822717682329, -5.551511044257857 ], [ 105.230808805797835, -5.551486806267067 ], [ 105.230906712373979, -5.551430612557819 ], [ 105.230920623358088, -5.551454850546589 ], [ 105.230911798831499, -5.551459915449594 ] ] ] } },
{ "type": "Feature", "properties": { "point_id": 408, "footprint_id": 936, "id_bangunan": "Blok B (SDI-C103-103)", "fungsi_bangunan": "Rumah Tinggal", "jumlah_lantai": 1, "tinggi_lantai": 4.0, "tinggi_total": 4.0, "luas_m2": 157.2, "jarak_match_m": 0.0, "metode_match": "within", "status_match": "OK" }, "geometry": { "type": "Polygon", "coordinates": [ [ [ 105.231037319126543, -5.551367217790922 ], [ 105.231141896293039, -5.551311538890548 ], [ 105.231188295714617, -5.55140612156777 ], [ 105.231139041029152, -5.551435746952632 ], [ 105.231084074895548, -5.551465728280258 ], [ 105.231037319126543, -5.551367217790922 ] ] ] } },
{ "type": "Feature", "properties": { "point_id": 409, "footprint_id": 968, "id_bangunan": "Blok B (SDI-B104-104)", "fungsi_bangunan": "Rumah Tinggal", "jumlah_lantai": 1, "tinggi_lantai": 4.0, "tinggi_total": 4.0, "luas_m2": 145.84, "jarak_match_m": 0.0, "metode_match": "within", "status_match": "OK" }, "geometry": { "type": "Polygon", "coordinates": [ [ [ 105.230788168913548, -5.551312973447336 ], [ 105.230813317103753, -5.551362860807289 ], [ 105.230817649158993, -5.551360708788597 ], [ 105.23083772945175, -5.551401131982606 ], [ 105.230824193470852, -5.551407856022999 ], [ 105.230843878644791, -5.551449147824481 ], [ 105.230784132095835, -5.551477632004752 ], [ 105.23074837981666, -5.551402640525113 ], [ 105.230733823494575, -5.551409127041698 ], [ 105.230706792238237, -5.551348462542872 ], [ 105.230740138625293, -5.55133360349489 ], [ 105.230741441706883, -5.551336528589109 ], [ 105.230788168913548, -5.551312973447336 ] ] ] } },
{ "type": "Feature", "properties": { "point_id": 410, "footprint_id": 985, "id_bangunan": "Blok B (SDI-B105-105)", "fungsi_bangunan": "Rumah Tinggal", "jumlah_lantai": 1, "tinggi_lantai": 4.0, "tinggi_total": 4.0, "luas_m2": 320.45, "jarak_match_m": 0.0, "metode_match": "within", "status_match": "OK" }, "geometry": { "type": "Polygon", "coordinates": [ [ [ 105.230717142717126, -5.551392410394093 ], [ 105.230749947633768, -5.551464111044724 ], [ 105.230665070889614, -5.551502945047715 ], [ 105.230652240982252, -5.551474903527945 ], [ 105.230629165956643, -5.551485823383745 ], [ 105.230608249952112, -5.551441625449317 ], [ 105.23063189548806, -5.551430435789327 ], [ 105.230630084589748, -5.551426476890494 ], [ 105.230626587387263, -5.551427845164661 ], [ 105.230563536675589, -5.551266715539494 ], [ 105.230656677422857, -5.551230269288564 ], [ 105.230719728155123, -5.551391398903086 ], [ 105.230717142717126, -5.551392410394093 ] ] ] } },
{ "type": "Feature", "properties": { "point_id": 411, "footprint_id": 971, "id_bangunan": "Blok B (SDI-B106-106)", "fungsi_bangunan": "Rumah Tinggal", "jumlah_lantai": 1, "tinggi_lantai": 4.0, "tinggi_total": 4.0, "luas_m2": 170.02, "jarak_match_m": 4.56, "metode_match": "optimal_nearest", "status_match": "OK" }, "geometry": { "type": "Polygon", "coordinates": [ [ [ 105.231010220363942, -5.55138370276422 ], [ 105.231017194041542, -5.551399626209953 ], [ 105.231043804599977, -5.551388421805493 ], [ 105.231075179596061, -5.551462938232177 ], [ 105.231047650060006, -5.551474530182882 ], [ 105.231020527243118, -5.551489537890562 ], [ 105.231026162773105, -5.551498273596915 ], [ 105.230970603914983, -5.551534116302696 ], [ 105.230962543608044, -5.551521621863207 ], [ 105.230962170801334, -5.55152182826659 ], [ 105.230959122359948, -5.551516320205658 ], [ 105.230941603307016, -5.551484658350001 ], [ 105.230938479894817, -5.551486026479957 ], [ 105.230912425076696, -5.551426533117842 ], [ 105.231010220363942, -5.55138370276422 ] ] ] } },
{ "type": "Feature", "properties": { "point_id": 412, "footprint_id": 931, "id_bangunan": "Blok B (SDI-B107-107)", "fungsi_bangunan": "Rumah Tinggal", "jumlah_lantai": 1, "tinggi_lantai": 4.0, "tinggi_total": 4.0, "luas_m2": 104.72, "jarak_match_m": 1.72, "metode_match": "optimal_nearest", "status_match": "OK" }, "geometry": { "type": "Polygon", "coordinates": [ [ [ 105.230505341267573, -5.551327742574297 ], [ 105.230561734099894, -5.551298118980293 ], [ 105.23059421376712, -5.551367005435358 ], [ 105.230614558823532, -5.551417329809341 ], [ 105.230616343172059, -5.551431962555452 ], [ 105.230573511577177, -5.551450166128962 ], [ 105.230553525164041, -5.551411976442729 ], [ 105.230541746687749, -5.551408406807458 ], [ 105.230505341267573, -5.551327742574297 ] ] ] } },
{ "type": "Feature", "properties": { "point_id": 413, "footprint_id": 965, "id_bangunan": "Blok B (SDI-B109-109)", "fungsi_bangunan": "Rumah Tinggal", "jumlah_lantai": 1, "tinggi_lantai": 4.0, "tinggi_total": 4.0, "luas_m2": 154.56, "jarak_match_m": 4.61, "metode_match": "optimal_nearest", "status_match": "OK" }, "geometry": { "type": "Polygon", "coordinates": [ [ [ 105.230772786017994, -5.551202222677944 ], [ 105.230798440240008, -5.551271784837283 ], [ 105.230809195336519, -5.551267304483702 ], [ 105.230826764509928, -5.551309475516947 ], [ 105.230795792827223, -5.551322378717417 ], [ 105.230790628985062, -5.551309983559271 ], [ 105.230706838950155, -5.551340884362837 ], [ 105.230669719696337, -5.551240233322423 ], [ 105.230772786017994, -5.551202222677944 ] ] ] } },
{ "type": "Feature", "properties": { "point_id": 414, "footprint_id": 930, "id_bangunan": "Blok B (SDI-B110-110)", "fungsi_bangunan": "Rumah Tinggal", "jumlah_lantai": 1, "tinggi_lantai": 4.0, "tinggi_total": 4.0, "luas_m2": 173.35, "jarak_match_m": 0.0, "metode_match": "within", "status_match": "OK" }, "geometry": { "type": "Polygon", "coordinates": [ [ [ 105.230395409803023, -5.551362007929494 ], [ 105.230470006044357, -5.551329171207636 ], [ 105.230509266966067, -5.551418400357441 ], [ 105.230523900614116, -5.551413403756747 ], [ 105.23052925430936, -5.551414831903315 ], [ 105.230541746687749, -5.551408406807458 ], [ 105.230553525164041, -5.551411976442729 ], [ 105.230573511577177, -5.551450166128962 ], [ 105.230456800194617, -5.551495495163323 ], [ 105.230395409803023, -5.551362007929494 ] ] ] } },
{ "type": "Feature", "properties": { "point_id": 415, "footprint_id": 932, "id_bangunan": "Blok B (SDI-B111-111)", "fungsi_bangunan": "Rumah Tinggal", "jumlah_lantai": 1, "tinggi_lantai": 4.0, "tinggi_total": 4.0, "luas_m2": 169.13, "jarak_match_m": 0.0, "metode_match": "within", "status_match": "OK" }, "geometry": { "type": "Polygon", "coordinates": [ [ [ 105.230412779949063, -5.551175338825924 ], [ 105.230400882572695, -5.551151544216853 ], [ 105.230485948787816, -5.551119421696505 ], [ 105.230549598596767, -5.551260999133293 ], [ 105.230474645939466, -5.551296691044795 ], [ 105.230412779949063, -5.551175338825924 ] ] ] } },
{ "type": "Feature", "properties": { "point_id": 416, "footprint_id": 967, "id_bangunan": "Blok B (SDI-B112-112)", "fungsi_bangunan": "Rumah Tinggal", "jumlah_lantai": 1, "tinggi_lantai": 4.0, "tinggi_total": 4.0, "luas_m2": 121.23, "jarak_match_m": 3.56, "metode_match": "optimal_nearest", "status_match": "OK" }, "geometry": { "type": "Polygon", "coordinates": [ [ [ 105.230866810290053, -5.551290165735509 ], [ 105.230884750188338, -5.551319805561246 ], [ 105.230886523995665, -5.55131893189169 ], [ 105.230929755258913, -5.551406723797993 ], [ 105.230860676055428, -5.551440739881137 ], [ 105.230820664282291, -5.551359485443836 ], [ 105.230802329576306, -5.551329193525466 ], [ 105.230866810290053, -5.551290165735509 ] ] ] } },
{ "type": "Feature", "properties": { "point_id": 417, "footprint_id": 964, "id_bangunan": "Blok B (SDI-B113-113)", "fungsi_bangunan": "Rumah Tinggal", "jumlah_lantai": 1, "tinggi_lantai": 4.0, "tinggi_total": 4.0, "luas_m2": 73.77, "jarak_match_m": 0.0, "metode_match": "within", "status_match": "OK" }, "geometry": { "type": "Polygon", "coordinates": [ [ [ 105.230631886277266, -5.551148861440879 ], [ 105.23069327642321, -5.551116739081446 ], [ 105.230733592600515, -5.551193787743388 ], [ 105.230672202449142, -5.551225910107164 ], [ 105.230631886277266, -5.551148861440879 ] ] ] } },
{ "type": "Feature", "properties": { "point_id": 418, "footprint_id": 962, "id_bangunan": "Blok B (SDI-B114-114)", "fungsi_bangunan": "Rumah Tinggal", "jumlah_lantai": 1, "tinggi_lantai": 4.0, "tinggi_total": 4.0, "luas_m2": 345.3, "jarak_match_m": 0.0, "metode_match": "within", "status_match": "OK" }, "geometry": { "type": "Polygon", "coordinates": [ [ [ 105.230910039164215, -5.551200121881616 ], [ 105.230931077222692, -5.551237752982265 ], [ 105.230931411224006, -5.551237593635305 ], [ 105.230933881694895, -5.551242769015099 ], [ 105.23094575875264, -5.551267654615102 ], [ 105.230882773329014, -5.551297715951253 ], [ 105.230872837228262, -5.551276896849253 ], [ 105.230838770177513, -5.551295942855663 ], [ 105.23078188205497, -5.551194187740883 ], [ 105.230876993561893, -5.551141013909755 ], [ 105.230869950597594, -5.551127996189794 ], [ 105.23101666645978, -5.55104862554391 ], [ 105.231055928180311, -5.55112119934499 ], [ 105.230910039164215, -5.551200121881616 ] ] ] } },
{ "type": "Feature", "properties": { "point_id": 419, "footprint_id": 677, "id_bangunan": "Blok B (SDI-B115-115)", "fungsi_bangunan": "Rumah Tinggal", "jumlah_lantai": 1, "tinggi_lantai": 4.0, "tinggi_total": 4.0, "luas_m2": 185.94, "jarak_match_m": 6.22, "metode_match": "optimal_nearest", "status_match": "OK" }, "geometry": { "type": "Polygon", "coordinates": [ [ [ 105.23077367519025, -5.55106482755209 ], [ 105.230896762701448, -5.550996668305409 ], [ 105.230919605284484, -5.550984771520524 ], [ 105.230958152815759, -5.55104806491538 ], [ 105.230924364602544, -5.551069004226902 ], [ 105.230933882324081, -5.551086612022896 ], [ 105.230882486173343, -5.551116593745854 ], [ 105.230880106152696, -5.551111834464462 ], [ 105.230816812320569, -5.551145147186589 ], [ 105.23077367519025, -5.55106482755209 ] ] ] } },
{ "type": "Feature", "properties": { "point_id": 420, "footprint_id": 498, "id_bangunan": "Blok B (SDI-B116-116)", "fungsi_bangunan": "Rumah Tinggal", "jumlah_lantai": 1, "tinggi_lantai": 4.0, "tinggi_total": 4.0, "luas_m2": 77.81, "jarak_match_m": 0.0, "metode_match": "within", "status_match": "OK" }, "geometry": { "type": "Polygon", "coordinates": [ [ [ 105.228803243078517, -5.546792004156939 ], [ 105.228811787945446, -5.546689229296898 ], [ 105.228878465708718, -5.546698943756824 ], [ 105.228858314487013, -5.546726716743853 ], [ 105.22887544699573, -5.546737661680154 ], [ 105.228869260056797, -5.546745752454209 ], [ 105.22887877829298, -5.546750986633795 ], [ 105.228855458885121, -5.546785727474156 ], [ 105.228851176219464, -5.546784775640967 ], [ 105.228833092676723, -5.546812852690826 ], [ 105.228803243078517, -5.546792004156939 ] ] ] } },
{ "type": "Feature", "properties": { "point_id": 421, "footprint_id": 18, "id_bangunan": "Blok B (SDI-B117-117)", "fungsi_bangunan": "Rumah Tinggal", "jumlah_lantai": 1, "tinggi_lantai": 4.0, "tinggi_total": 4.0, "luas_m2": 58.03, "jarak_match_m": 0.0, "metode_match": "within", "status_match": "OK" }, "geometry": { "type": "Polygon", "coordinates": [ [ [ 105.228944985566429, -5.546533232414507 ], [ 105.229028969195923, -5.546577373448835 ], [ 105.228998988003084, -5.546627342858367 ], [ 105.228923321447013, -5.546568807598878 ], [ 105.228944985566429, -5.546533232414507 ] ] ] } },
{ "type": "Feature", "properties": { "point_id": 422, "footprint_id": 1203, "id_bangunan": "Blok B (SDI-B118-118)", "fungsi_bangunan": "Rumah Tinggal", "jumlah_lantai": 1, "tinggi_lantai": 4.0, "tinggi_total": 4.0, "luas_m2": 59.64, "jarak_match_m": 5.4, "metode_match": "optimal_nearest", "status_match": "OK" }, "geometry": { "type": "Polygon", "coordinates": [ [ [ 105.228848106000072, -5.54648962899995 ], [ 105.22889668600007, -5.546444882999939 ], [ 105.228946654000111, -5.546499134999981 ], [ 105.228898074000114, -5.546543879999938 ], [ 105.228848106000072, -5.54648962899995 ] ] ] } },
{ "type": "Feature", "properties": { "point_id": 423, "footprint_id": 1211, "id_bangunan": "Blok B (SDI-B119-119)", "fungsi_bangunan": "Rumah Tinggal", "jumlah_lantai": 1, "tinggi_lantai": 4.0, "tinggi_total": 4.0, "luas_m2": 133.58, "jarak_match_m": 0.0, "metode_match": "within", "status_match": "OK" }, "geometry": { "type": "Polygon", "coordinates": [ [ [ 105.22883454300009, -5.546344718999934 ], [ 105.228914492000087, -5.546234074999979 ], [ 105.228979275000114, -5.546280884999937 ], [ 105.228899324000082, -5.546391529999938 ], [ 105.22883454300009, -5.546344718999934 ] ] ] } },
{ "type": "Feature", "properties": { "point_id": 424, "footprint_id": 1210, "id_bangunan": "Blok B (SDI-B120-120)", "fungsi_bangunan": "Rumah Tinggal", "jumlah_lantai": 1, "tinggi_lantai": 4.0, "tinggi_total": 4.0, "luas_m2": 120.78, "jarak_match_m": 0.4, "metode_match": "optimal_nearest", "status_match": "OK" }, "geometry": { "type": "Polygon", "coordinates": [ [ [ 105.228902357000067, -5.54623478799993 ], [ 105.228832401000062, -5.54632615999998 ], [ 105.2287643330001, -5.546274044999957 ], [ 105.228834289000091, -5.546182673999961 ], [ 105.228902357000067, -5.54623478799993 ] ] ] } },
{ "type": "Feature", "properties": { "point_id": 425, "footprint_id": 1047, "id_bangunan": "Blok B (SDI-B121-121)", "fungsi_bangunan": "Rumah Tinggal", "jumlah_lantai": 1, "tinggi_lantai": 4.0, "tinggi_total": 4.0, "luas_m2": 187.07, "jarak_match_m": 0.0, "metode_match": "within", "status_match": "OK" }, "geometry": { "type": "Polygon", "coordinates": [ [ [ 105.228373423537391, -5.545938050417456 ], [ 105.228475344853891, -5.545845188734033 ], [ 105.228549979264557, -5.545927104861993 ], [ 105.228448057946721, -5.546019966558115 ], [ 105.228373423537391, -5.545938050417456 ] ] ] } },
{ "type": "Feature", "properties": { "point_id": 426, "footprint_id": 1217, "id_bangunan": "Blok B (SDI-B123-123)", "fungsi_bangunan": "Rumah Tinggal", "jumlah_lantai": 1, "tinggi_lantai": 4.0, "tinggi_total": 4.0, "luas_m2": 17.33, "jarak_match_m": 12.83, "metode_match": "optimal_nearest", "status_match": "OK" }, "geometry": { "type": "Polygon", "coordinates": [ [ [ 105.229026565000112, -5.546456078999945 ], [ 105.229052263000113, -5.546477492999935 ], [ 105.22902517300011, -5.546510002999984 ], [ 105.228999474000062, -5.546488586999948 ], [ 105.229026565000112, -5.546456078999945 ] ] ] } },
{ "type": "Feature", "properties": { "point_id": 427, "footprint_id": 1213, "id_bangunan": "Blok B (SDI-B124-124)", "fungsi_bangunan": "Rumah Tinggal", "jumlah_lantai": 1, "tinggi_lantai": 4.0, "tinggi_total": 4.0, "luas_m2": 195.63, "jarak_match_m": 0.0, "metode_match": "within", "status_match": "OK" }, "geometry": { "type": "Polygon", "coordinates": [ [ [ 105.22932276700007, -5.546297835999948 ], [ 105.229318484000061, -5.546397058999959 ], [ 105.229300918000064, -5.546396299999963 ], [ 105.22930018800011, -5.546413195999939 ], [ 105.229261497000067, -5.546411525999934 ], [ 105.229262227000078, -5.546394630999938 ], [ 105.229164336000082, -5.54639040499995 ], [ 105.229168619000092, -5.546291181999947 ], [ 105.22932276700007, -5.546297835999948 ] ] ] } },
{ "type": "Feature", "properties": { "point_id": 428, "footprint_id": 1214, "id_bangunan": "Blok B (SDI-B125-125)", "fungsi_bangunan": "Rumah Tinggal", "jumlah_lantai": 1, "tinggi_lantai": 4.0, "tinggi_total": 4.0, "luas_m2": 91.57, "jarak_match_m": 0.0, "metode_match": "within", "status_match": "OK" }, "geometry": { "type": "Polygon", "coordinates": [ [ [ 105.229314305000088, -5.54652878499996 ], [ 105.229315465000099, -5.546561019999951 ], [ 105.22927239200007, -5.546562569999939 ], [ 105.229271233000105, -5.546530333999947 ], [ 105.229215081000092, -5.546532353999972 ], [ 105.22921287700008, -5.546471068999955 ], [ 105.229312100000101, -5.546467498999956 ], [ 105.229314305000088, -5.54652878499996 ] ] ] } },
{ "type": "Feature", "properties": { "point_id": 429, "footprint_id": 1216, "id_bangunan": "Blok B (SDI-B126-126)", "fungsi_bangunan": "Rumah Tinggal", "jumlah_lantai": 1, "tinggi_lantai": 4.0, "tinggi_total": 4.0, "luas_m2": 95.59, "jarak_match_m": 0.45, "metode_match": "optimal_nearest", "status_match": "OK" }, "geometry": { "type": "Polygon", "coordinates": [ [ [ 105.229326972000109, -5.546647898999944 ], [ 105.22931857800009, -5.546749055999954 ], [ 105.22927800800008, -5.54674568899998 ], [ 105.229280495000097, -5.546715717999966 ], [ 105.229229215000061, -5.54671146299996 ], [ 105.229235122000063, -5.546640275999946 ], [ 105.229286402000099, -5.546644531999965 ], [ 105.229326972000109, -5.546647898999944 ] ] ] } },
{ "type": "Feature", "properties": { "point_id": 430, "footprint_id": 1, "id_bangunan": "Blok B (SDI-B127-127)", "fungsi_bangunan": "Rumah Tinggal", "jumlah_lantai": 1, "tinggi_lantai": 4.0, "tinggi_total": 4.0, "luas_m2": 110.57, "jarak_match_m": 0.0, "metode_match": "within", "status_match": "OK" }, "geometry": { "type": "Polygon", "coordinates": [ [ [ 105.229333268460621, -5.546572029468722 ], [ 105.22946068668324, -5.546579671306945 ], [ 105.229440698453359, -5.546655337664836 ], [ 105.229327267937563, -5.546644336903101 ], [ 105.229333268460621, -5.546572029468722 ] ] ] } },
{ "type": "Feature", "properties": { "point_id": 431, "footprint_id": 8, "id_bangunan": "Blok B (SDI-B128-128)", "fungsi_bangunan": "Rumah Tinggal", "jumlah_lantai": 1, "tinggi_lantai": 4.0, "tinggi_total": 4.0, "luas_m2": 195.22, "jarak_match_m": 0.53, "metode_match": "optimal_nearest", "status_match": "OK" }, "geometry": { "type": "Polygon", "coordinates": [ [ [ 105.230203139542127, -5.546452136318664 ], [ 105.230086070458782, -5.546569205092615 ], [ 105.230020397381551, -5.546500677063715 ], [ 105.230133183616303, -5.546382179733704 ], [ 105.230203139542127, -5.546452136318664 ] ] ] } },
{ "type": "Feature", "properties": { "point_id": 432, "footprint_id": 3, "id_bangunan": "Blok B (SDI-B129-129)", "fungsi_bangunan": "Rumah Tinggal", "jumlah_lantai": 1, "tinggi_lantai": 4.0, "tinggi_total": 4.0, "luas_m2": 142.81, "jarak_match_m": 0.0, "metode_match": "within", "status_match": "OK" }, "geometry": { "type": "Polygon", "coordinates": [ [ [ 105.229939612187508, -5.545898169834125 ], [ 105.229898923845923, -5.545770392674964 ], [ 105.229992436173106, -5.545748977898293 ], [ 105.230017421043854, -5.545848914547688 ], [ 105.230002429641686, -5.545855339695887 ], [ 105.230009568416421, -5.545878181777591 ], [ 105.229939612187508, -5.545898169834125 ] ] ] } },
{ "type": "Feature", "properties": { "point_id": 433, "footprint_id": 1206, "id_bangunan": "Blok B (SDI-B130-130)", "fungsi_bangunan": "Rumah Tinggal", "jumlah_lantai": 1, "tinggi_lantai": 4.0, "tinggi_total": 4.0, "luas_m2": 304.38, "jarak_match_m": 0.0, "metode_match": "within", "status_match": "OK" }, "geometry": { "type": "Polygon", "coordinates": [ [ [ 105.228436637000101, -5.546294703999937 ], [ 105.228400835000087, -5.546326673999936 ], [ 105.228379828000101, -5.546345432999935 ], [ 105.228373850000111, -5.546338738999959 ], [ 105.228371003000092, -5.54634001199998 ], [ 105.228367009000095, -5.546331078999969 ], [ 105.228331118000114, -5.546250808999965 ], [ 105.228312654000064, -5.546233898999965 ], [ 105.228412283000097, -5.546125115999932 ], [ 105.228389787000111, -5.546098609999939 ], [ 105.228421944000075, -5.546071318999963 ], [ 105.228514030000071, -5.546179822999927 ], [ 105.228492223000075, -5.54619832899994 ], [ 105.22849587400006, -5.546201671999939 ], [ 105.228423819000085, -5.546280348999965 ], [ 105.228436637000101, -5.546294703999937 ] ], [ [ 105.228391737000067, -5.546306325999978 ], [ 105.228392590000084, -5.546308234999969 ], [ 105.228393214000079, -5.546307677999951 ], [ 105.228391737000067, -5.546306325999978 ] ] ] } },
{ "type": "Feature", "properties": { "point_id": 434, "footprint_id": 1201, "id_bangunan": "Blok B (SDI-B131-131)", "fungsi_bangunan": "Rumah Tinggal", "jumlah_lantai": 1, "tinggi_lantai": 4.0, "tinggi_total": 4.0, "luas_m2": 114.94, "jarak_match_m": 0.0, "metode_match": "within", "status_match": "OK" }, "geometry": { "type": "Polygon", "coordinates": [ [ [ 105.228371975000101, -5.546452508999953 ], [ 105.228455495000077, -5.546444656999946 ], [ 105.228465970000087, -5.546556080999942 ], [ 105.228382451000101, -5.546563932999962 ], [ 105.228371975000101, -5.546452508999953 ] ] ] } },
{ "type": "Feature", "properties": { "point_id": 435, "footprint_id": 1200, "id_bangunan": "Blok B (SDI-B132-132)", "fungsi_bangunan": "Rumah Tinggal", "jumlah_lantai": 1, "tinggi_lantai": 4.0, "tinggi_total": 4.0, "luas_m2": 192.54, "jarak_match_m": 0.96, "metode_match": "optimal_nearest", "status_match": "OK" }, "geometry": { "type": "Polygon", "coordinates": [ [ [ 105.228297471000104, -5.546579866999932 ], [ 105.228283459000096, -5.546498908999972 ], [ 105.22836832100009, -5.546484220999959 ], [ 105.228384824000074, -5.546579571999926 ], [ 105.228390059000077, -5.546609814999948 ], [ 105.228354564000114, -5.546615957999966 ], [ 105.228363699000084, -5.546683559999962 ], [ 105.228309158000087, -5.546690931999939 ], [ 105.228304270000109, -5.546654760999953 ], [ 105.228291116000065, -5.546655954999951 ], [ 105.228284318000107, -5.546581058999949 ], [ 105.228297471000104, -5.546579866999932 ] ], [ [ 105.228297471000104, -5.546579866999932 ], [ 105.228298620000061, -5.546592524999931 ], [ 105.228299638000095, -5.54659238699998 ], [ 105.228297471000104, -5.546579866999932 ] ] ] } },
{ "type": "Feature", "properties": { "point_id": 436, "footprint_id": 1197, "id_bangunan": "Blok B (SDI-B133-133)", "fungsi_bangunan": "Rumah Tinggal", "jumlah_lantai": 1, "tinggi_lantai": 4.0, "tinggi_total": 4.0, "luas_m2": 268.32, "jarak_match_m": 0.0, "metode_match": "within", "status_match": "OK" }, "geometry": { "type": "Polygon", "coordinates": [ [ [ 105.228156701000074, -5.54622909299997 ], [ 105.22814196300007, -5.546220753999926 ], [ 105.22819137400009, -5.54613342299995 ], [ 105.228230601000092, -5.546155616999947 ], [ 105.228228489000088, -5.546159347999947 ], [ 105.228280263000059, -5.54619355599993 ], [ 105.228264504000066, -5.546217406999968 ], [ 105.228332714000061, -5.546274048999979 ], [ 105.228290437000084, -5.546324960999924 ], [ 105.228257259000102, -5.54629740999997 ], [ 105.228234706000109, -5.546335856999969 ], [ 105.228130073000074, -5.546274480999957 ], [ 105.228156701000074, -5.54622909299997 ] ], [ [ 105.228156701000074, -5.54622909299997 ], [ 105.2281880620001, -5.546247488999936 ], [ 105.228181190000072, -5.546242947999938 ], [ 105.228156701000074, -5.54622909299997 ] ] ] } },
{ "type": "Feature", "properties": { "point_id": 437, "footprint_id": 1195, "id_bangunan": "Blok B (SDI-B133-133)", "fungsi_bangunan": "Rumah Tinggal", "jumlah_lantai": 1, "tinggi_lantai": 4.0, "tinggi_total": 4.0, "luas_m2": 153.72, "jarak_match_m": 0.0, "metode_match": "within", "status_match": "OK" }, "geometry": { "type": "Polygon", "coordinates": [ [ [ 105.22823450000007, -5.54599993399995 ], [ 105.228282311000072, -5.546033682999969 ], [ 105.228266406000074, -5.546056216999947 ], [ 105.228323474000064, -5.546101204999952 ], [ 105.228272752000095, -5.546165545999949 ], [ 105.228215684000105, -5.54612055799993 ], [ 105.228220362000087, -5.546114624999969 ], [ 105.228167103000061, -5.546077029999934 ], [ 105.228209934000091, -5.546016353999953 ], [ 105.228218594000083, -5.546022466999941 ], [ 105.22823450000007, -5.54599993399995 ] ] ] } },
{ "type": "Feature", "properties": { "point_id": 438, "footprint_id": 1193, "id_bangunan": "Blok B (SDI-B134-134)", "fungsi_bangunan": "Rumah Tinggal", "jumlah_lantai": 1, "tinggi_lantai": 4.0, "tinggi_total": 4.0, "luas_m2": 201.16, "jarak_match_m": 0.0, "metode_match": "within", "status_match": "OK" }, "geometry": { "type": "Polygon", "coordinates": [ [ [ 105.228132828000099, -5.545918498999987 ], [ 105.228169149000081, -5.545942949999929 ], [ 105.22817986600009, -5.545927031999961 ], [ 105.228220922000077, -5.545954671999938 ], [ 105.228210206000114, -5.545970589999972 ], [ 105.228189639000078, -5.546001141999968 ], [ 105.228138550000068, -5.546077029999941 ], [ 105.22802933300008, -5.546003503999944 ], [ 105.228080421000101, -5.545927615999971 ], [ 105.228112260000074, -5.545949049999936 ], [ 105.228132828000099, -5.545918498999987 ] ] ] } },
{ "type": "Feature", "properties": { "point_id": 439, "footprint_id": 1189, "id_bangunan": "Blok B (SDI-B135-135)", "fungsi_bangunan": "Rumah Tinggal", "jumlah_lantai": 1, "tinggi_lantai": 4.0, "tinggi_total": 4.0, "luas_m2": 185.89, "jarak_match_m": 0.0, "metode_match": "within", "status_match": "OK" }, "geometry": { "type": "Polygon", "coordinates": [ [ [ 105.228035757000072, -5.545974237999935 ], [ 105.227965088000104, -5.545914274999979 ], [ 105.228071075000088, -5.545789359999964 ], [ 105.228141746000091, -5.545849322999969 ], [ 105.228035757000072, -5.545974237999935 ] ] ] } },
{ "type": "Feature", "properties": { "point_id": 440, "footprint_id": 1194, "id_bangunan": "Blok B (SDI-B136-136)", "fungsi_bangunan": "Rumah Tinggal", "jumlah_lantai": 1, "tinggi_lantai": 4.0, "tinggi_total": 4.0, "luas_m2": 16.2, "jarak_match_m": 0.64, "metode_match": "optimal_nearest", "status_match": "OK" }, "geometry": { "type": "Polygon", "coordinates": [ [ [ 105.227982220000086, -5.545973523999972 ], [ 105.228011624000061, -5.545985938999939 ], [ 105.227995493000066, -5.546024141999958 ], [ 105.227966090000081, -5.546011727999938 ], [ 105.227982220000086, -5.545973523999972 ] ] ] } },
{ "type": "Feature", "properties": { "point_id": 441, "footprint_id": 1191, "id_bangunan": "Blok B (SDI-B137-137)", "fungsi_bangunan": "Rumah Tinggal", "jumlah_lantai": 1, "tinggi_lantai": 4.0, "tinggi_total": 4.0, "luas_m2": 308.57, "jarak_match_m": 0.0, "metode_match": "within", "status_match": "OK" }, "geometry": { "type": "Polygon", "coordinates": [ [ [ 105.227974892000105, -5.546048385999937 ], [ 105.227965801000067, -5.546045621999959 ], [ 105.227974293000074, -5.546017695999983 ], [ 105.228080584000082, -5.546050017999963 ], [ 105.228072092000076, -5.546077941999945 ], [ 105.228086440000112, -5.546082740999969 ], [ 105.228065820000069, -5.546144402999965 ], [ 105.228030467000082, -5.546132581999931 ], [ 105.228019488000115, -5.546171269999948 ], [ 105.228073591000083, -5.546187675999929 ], [ 105.228044480000079, -5.546283680999971 ], [ 105.227933835000073, -5.546250130999969 ], [ 105.227962639000083, -5.546155136999971 ], [ 105.227951525000066, -5.546151982999956 ], [ 105.227963249000112, -5.546110665999947 ], [ 105.227974365000108, -5.546113820999943 ], [ 105.227955158000071, -5.546107397999942 ], [ 105.227974892000105, -5.546048385999937 ] ], [ [ 105.227974892000105, -5.546048385999937 ], [ 105.227994099000085, -5.546054808999935 ], [ 105.2279942750001, -5.546054279999972 ], [ 105.227974892000105, -5.546048385999937 ] ] ] } },
{ "type": "Feature", "properties": { "point_id": 442, "footprint_id": 1046, "id_bangunan": "Blok B (SDI-B138-138)", "fungsi_bangunan": "Rumah Tinggal", "jumlah_lantai": 1, "tinggi_lantai": 4.0, "tinggi_total": 4.0, "luas_m2": 2327.41, "jarak_match_m": 0.0, "metode_match": "within", "status_match": "OK" }, "geometry": { "type": "MultiPolygon", "coordinates": [ [ [ [ 105.228369806414449, -5.546679484320527 ], [ 105.228296885348811, -5.54668859956729 ], [ 105.228284145546851, -5.546586685094329 ], [ 105.228300166149893, -5.546584682373217 ], [ 105.228284622194451, -5.546499597084145 ], [ 105.228358860615529, -5.546486034124007 ], [ 105.228382200992002, -5.546613789146182 ], [ 105.228362054931836, -5.546617469758782 ], [ 105.228369806414449, -5.546679484320527 ] ] ], [ [ [ 105.228456731482098, -5.546552054917516 ], [ 105.228378685550538, -5.54656062122726 ], [ 105.228370354506467, -5.546484719769615 ], [ 105.228382441576159, -5.546483393425715 ], [ 105.228379396535857, -5.546449027350282 ], [ 105.228454587418085, -5.546442365504745 ], [ 105.228458832160968, -5.546490265426359 ], [ 105.228450035830292, -5.546491045003616 ], [ 105.228456731482098, -5.546552054917516 ] ] ], [ [ [ 105.228139885334741, -5.546330102680466 ], [ 105.228122299006088, -5.546404561285825 ], [ 105.228089478633464, -5.546396809419496 ], [ 105.228084953014601, -5.546421496964738 ], [ 105.228012586771442, -5.546408230277503 ], [ 105.228008972039447, -5.546427947382218 ], [ 105.227966142448608, -5.54642009533284 ], [ 105.227988097536837, -5.546300340656253 ], [ 105.228030927119207, -5.546308192704414 ], [ 105.228103293350756, -5.546321460294592 ], [ 105.228139885334741, -5.546330102680466 ] ] ], [ [ [ 105.228440906189661, -5.54629893116409 ], [ 105.228383084795396, -5.546348185772248 ], [ 105.228318839037414, -5.546231830517518 ], [ 105.22833427458113, -5.546213407007007 ], [ 105.22832441083753, -5.546204196156507 ], [ 105.228405927766161, -5.546116902271135 ], [ 105.228497438135392, -5.546202357170745 ], [ 105.228426488520455, -5.546278334472887 ], [ 105.228440906189661, -5.54629893116409 ] ] ], [ [ [ 105.228141625734082, -5.546110636485126 ], [ 105.22817809760015, -5.546126267255102 ], [ 105.228171974432726, -5.546140554777628 ], [ 105.228132374996221, -5.546232953634899 ], [ 105.228074078156581, -5.546207969162475 ], [ 105.228113677600803, -5.546115570308722 ], [ 105.22813550256592, -5.546124924007312 ], [ 105.228141625734082, -5.546110636485126 ] ] ], [ [ [ 105.228748812027931, -5.546044416747863 ], [ 105.228789156964169, -5.54608522119185 ], [ 105.228719932586429, -5.546153664928065 ], [ 105.228679587649907, -5.546112860479431 ], [ 105.228748812027931, -5.546044416747863 ] ] ], [ [ [ 105.228748812027931, -5.546044416747863 ], [ 105.228652712529509, -5.546137603707063 ], [ 105.228607027426079, -5.54609049055247 ], [ 105.228703126924302, -5.545997302695942 ], [ 105.228748812027931, -5.546044416747863 ] ] ], [ [ [ 105.228326718406208, -5.546095740760504 ], [ 105.228285672929474, -5.546177237470865 ], [ 105.228206067156492, -5.546137144708031 ], [ 105.228203292512944, -5.546141491665987 ], [ 105.228290119973408, -5.546199492598563 ], [ 105.228272970865447, -5.546225164740083 ], [ 105.228298942395554, -5.546243117239428 ], [ 105.228260176807893, -5.546299198128771 ], [ 105.228235096642123, -5.546281861343403 ], [ 105.228207571435846, -5.54632306652598 ], [ 105.228120743964382, -5.546265065581942 ], [ 105.228160803683636, -5.546205097871222 ], [ 105.228150826370509, -5.546198729438566 ], [ 105.22818836752883, -5.546139915207942 ], [ 105.228177218009009, -5.546132799090953 ], [ 105.228183598335946, -5.546122803078618 ], [ 105.228188392378826, -5.546115292722525 ], [ 105.228210096283604, -5.546129145236859 ], [ 105.228218965595417, -5.546111535723417 ], [ 105.228169079020773, -5.546077300791656 ], [ 105.228227121582236, -5.545992724472635 ], [ 105.22828779753938, -5.5460343651385 ], [ 105.228266493704524, -5.546065408822409 ], [ 105.228326718406208, -5.546095740760504 ] ] ], [ [ [ 105.228130639128679, -5.5459211857039 ], [ 105.228168709928411, -5.54594379062855 ], [ 105.228182391880352, -5.545927134558966 ], [ 105.228224627636578, -5.545956877288081 ], [ 105.228143725548122, -5.546079419282731 ], [ 105.228096135371004, -5.546048583094017 ], [ 105.228063394789203, -5.54614512888405 ], [ 105.228034841612953, -5.546137990523981 ], [ 105.22802409923041, -5.546173060297809 ], [ 105.227969719821473, -5.546154831056816 ], [ 105.227953464455396, -5.546154408520707 ], [ 105.227976306735414, -5.546017351368034 ], [ 105.227969168838683, -5.546013068841209 ], [ 105.227984158774362, -5.545974520902187 ], [ 105.228033739637425, -5.545995631459313 ], [ 105.228086706186801, -5.545929573269617 ], [ 105.228113387744088, -5.545948549556171 ], [ 105.228130639128679, -5.5459211857039 ] ] ], [ [ [ 105.22787741713779, -5.546037266200091 ], [ 105.22781079241318, -5.546064392139958 ], [ 105.227780231406541, -5.545989331496373 ], [ 105.22780752349324, -5.545978220158419 ], [ 105.227798895078536, -5.545957749680325 ], [ 105.227903487825841, -5.545913665222254 ], [ 105.227927758189722, -5.545971247934513 ], [ 105.227861848795598, -5.545999027658556 ], [ 105.22787741713779, -5.546037266200091 ] ] ], [ [ [ 105.227837680257053, -5.545879711403359 ], [ 105.227820362473622, -5.545886998609797 ], [ 105.227799742992417, -5.545837997706023 ], [ 105.227816858565774, -5.545830796518834 ], [ 105.227788322164088, -5.54576375834248 ], [ 105.227865074881635, -5.545731086684734 ], [ 105.227914432986353, -5.545847039738833 ], [ 105.227837680257053, -5.545879711403359 ] ] ], [ [ [ 105.228435289680803, -5.545719615822723 ], [ 105.22849596591773, -5.545783147837258 ], [ 105.228505245200708, -5.54577279698823 ], [ 105.228534869845447, -5.545798138066582 ], [ 105.228489898308197, -5.545845608294778 ], [ 105.22846455701611, -5.545815983902024 ], [ 105.228449566309735, -5.545803134763834 ], [ 105.228403166373781, -5.545848106923138 ], [ 105.228288232752277, -5.545710239901577 ], [ 105.228445275207136, -5.545709791202084 ], [ 105.228435289680803, -5.545719615822723 ] ] ] ] } },
{ "type": "Feature", "properties": { "point_id": 443, "footprint_id": 1057, "id_bangunan": "Blok B (SDI-B139-139)", "fungsi_bangunan": "Rumah Tinggal", "jumlah_lantai": 1, "tinggi_lantai": 4.0, "tinggi_total": 4.0, "luas_m2": 137.32, "jarak_match_m": 5.41, "metode_match": "optimal_nearest", "status_match": "OK" }, "geometry": { "type": "Polygon", "coordinates": [ [ [ 105.227968768200597, -5.546154831423474 ], [ 105.228073464503225, -5.546189928174892 ], [ 105.22804117976699, -5.546286235867813 ], [ 105.22793648344846, -5.546251138206777 ], [ 105.227968768200597, -5.546154831423474 ] ] ] } },
{ "type": "Feature", "properties": { "point_id": 444, "footprint_id": 1190, "id_bangunan": "Blok B (SDI-B139-139)", "fungsi_bangunan": "Rumah Tinggal", "jumlah_lantai": 1, "tinggi_lantai": 4.0, "tinggi_total": 4.0, "luas_m2": 191.41, "jarak_match_m": 0.0, "metode_match": "within", "status_match": "OK" }, "geometry": { "type": "Polygon", "coordinates": [ [ [ 105.228130034000088, -5.546330405999988 ], [ 105.228119286000066, -5.546399195999924 ], [ 105.228089062000066, -5.546394472999959 ], [ 105.228085676000063, -5.546416139999962 ], [ 105.228019369000066, -5.546405779999931 ], [ 105.228016106000055, -5.546426662999978 ], [ 105.227962232000067, -5.546418244999924 ], [ 105.227981170000106, -5.546297039999961 ], [ 105.228035044000109, -5.546305457999958 ], [ 105.228101351000106, -5.546315818999967 ], [ 105.228099810000089, -5.54632568399996 ], [ 105.228130034000088, -5.546330405999988 ] ] ] } },
{ "type": "Feature", "properties": { "point_id": 445, "footprint_id": 1199, "id_bangunan": "Blok B (SDI-B140-140)", "fungsi_bangunan": "Rumah Tinggal", "jumlah_lantai": 1, "tinggi_lantai": 4.0, "tinggi_total": 4.0, "luas_m2": 115.68, "jarak_match_m": 1.57, "metode_match": "optimal_nearest", "status_match": "OK" }, "geometry": { "type": "Polygon", "coordinates": [ [ [ 105.22814555800008, -5.546632731999982 ], [ 105.228128252000062, -5.546634676999934 ], [ 105.228116985000071, -5.546534400999971 ], [ 105.228134291000089, -5.546532455999972 ], [ 105.228132126000077, -5.546513185999963 ], [ 105.2281956570001, -5.546506046999974 ], [ 105.228209090000092, -5.54662559399998 ], [ 105.22814555800008, -5.546632731999982 ] ] ] } },
{ "type": "Feature", "properties": { "point_id": 446, "footprint_id": 1058, "id_bangunan": "Blok B (SDI-B141-141)", "fungsi_bangunan": "Rumah Tinggal", "jumlah_lantai": 1, "tinggi_lantai": 4.0, "tinggi_total": 4.0, "luas_m2": 116.32, "jarak_match_m": 0.0, "metode_match": "within", "status_match": "OK" }, "geometry": { "type": "Polygon", "coordinates": [ [ [ 105.228134141001505, -5.546512683746057 ], [ 105.228195531028788, -5.546504594305683 ], [ 105.228213139043177, -5.546606434532501 ], [ 105.228170308155995, -5.546614049119082 ], [ 105.228171735917755, -5.54664545855338 ], [ 105.228122243823975, -5.546646410322453 ], [ 105.228120339877577, -5.546611670189233 ], [ 105.228132236966076, -5.546614049326601 ], [ 105.228121291694649, -5.546536954748337 ], [ 105.228135092551312, -5.546536003173978 ], [ 105.228134141001505, -5.546512683746057 ] ] ] } },
{ "type": "Feature", "properties": { "point_id": 447, "footprint_id": 643, "id_bangunan": "Blok B (SDI-B142-142)", "fungsi_bangunan": "Rumah Tinggal", "jumlah_lantai": 1, "tinggi_lantai": 4.0, "tinggi_total": 4.0, "luas_m2": 121.19, "jarak_match_m": 0.0, "metode_match": "within", "status_match": "OK" }, "geometry": { "type": "Polygon", "coordinates": [ [ [ 105.229845832605037, -5.550113478760668 ], [ 105.229900197054718, -5.550080350543566 ], [ 105.229931129486147, -5.550061790697724 ], [ 105.229981098354912, -5.550146498865394 ], [ 105.229895438049198, -5.550199323303852 ], [ 105.229845832605037, -5.550113478760668 ] ] ] } },
{ "type": "Feature", "properties": { "point_id": 448, "footprint_id": 920, "id_bangunan": "Blok B (SDI-B143-143)", "fungsi_bangunan": "Rumah Tinggal", "jumlah_lantai": 1, "tinggi_lantai": 4.0, "tinggi_total": 4.0, "luas_m2": 139.12, "jarak_match_m": 0.0, "metode_match": "within", "status_match": "OK" }, "geometry": { "type": "Polygon", "coordinates": [ [ [ 105.229365766880889, -5.550670664222212 ], [ 105.229473912732558, -5.550725986174086 ], [ 105.229429654791431, -5.550807720315572 ], [ 105.229329360852219, -5.550758466344115 ], [ 105.229323650205117, -5.550749186056399 ], [ 105.229365766880889, -5.550670664222212 ] ] ] } },
{ "type": "Feature", "properties": { "point_id": 449, "footprint_id": 926, "id_bangunan": "Blok B (SDI-B144-144)", "fungsi_bangunan": "Rumah Tinggal", "jumlah_lantai": 1, "tinggi_lantai": 4.0, "tinggi_total": 4.0, "luas_m2": 119.83, "jarak_match_m": 0.0, "metode_match": "within", "status_match": "OK" }, "geometry": { "type": "Polygon", "coordinates": [ [ [ 105.229605386099863, -5.550900231055558 ], [ 105.229624770377995, -5.550861827020758 ], [ 105.229648267377854, -5.550809775810231 ], [ 105.229658677345171, -5.550788360765935 ], [ 105.2297410662934, -5.550827919383365 ], [ 105.229717271892255, -5.550876698632896 ], [ 105.229703589580467, -5.55086926238749 ], [ 105.229700318409655, -5.550876103635387 ], [ 105.229695261283126, -5.550873426963695 ], [ 105.229672747596439, -5.550928023448562 ], [ 105.229633225754512, -5.550913080592863 ], [ 105.229605386099863, -5.550900231055558 ] ] ] } },
{ "type": "Feature", "properties": { "point_id": 450, "footprint_id": 921, "id_bangunan": "Blok B (SDI-B145-145)", "fungsi_bangunan": "Rumah Tinggal", "jumlah_lantai": 1, "tinggi_lantai": 4.0, "tinggi_total": 4.0, "luas_m2": 173.87, "jarak_match_m": 0.0, "metode_match": "within", "status_match": "OK" }, "geometry": { "type": "Polygon", "coordinates": [ [ [ 105.229712721694611, -5.550917087112698 ], [ 105.229813253753633, -5.55095158897285 ], [ 105.229766854448727, -5.55107353608618 ], [ 105.229736219183138, -5.551062233670458 ], [ 105.229734730587296, -5.551079187187136 ], [ 105.229689819296553, -5.551066100035897 ], [ 105.22969606590425, -5.551046469652474 ], [ 105.229671973571456, -5.551039330554416 ], [ 105.229712721694611, -5.550917087112698 ] ] ] } },
{ "type": "Feature", "properties": { "point_id": 451, "footprint_id": 918, "id_bangunan": "Blok B (SDI-B146-146)", "fungsi_bangunan": "Rumah Tinggal", "jumlah_lantai": 1, "tinggi_lantai": 4.0, "tinggi_total": 4.0, "luas_m2": 150.48, "jarak_match_m": 0.0, "metode_match": "within", "status_match": "OK" }, "geometry": { "type": "Polygon", "coordinates": [ [ [ 105.229518002852288, -5.551120840448476 ], [ 105.22957368194696, -5.551127264382056 ], [ 105.22958938610725, -5.551130833417104 ], [ 105.229587243556026, -5.551144753932364 ], [ 105.229638641100522, -5.55117651937061 ], [ 105.229614014009528, -5.551250401772381 ], [ 105.229536205093922, -5.551224346719867 ], [ 105.229488735080025, -5.551208998949238 ], [ 105.229518002852288, -5.551120840448476 ] ] ] } },
{ "type": "Feature", "properties": { "point_id": 452, "footprint_id": 916, "id_bangunan": "Blok B (SDI-147-147)", "fungsi_bangunan": "Rumah Tinggal", "jumlah_lantai": 1, "tinggi_lantai": 4.0, "tinggi_total": 4.0, "luas_m2": 112.16, "jarak_match_m": 0.0, "metode_match": "within", "status_match": "OK" }, "geometry": { "type": "Polygon", "coordinates": [ [ [ 105.229576656034951, -5.5512673556509 ], [ 105.229656367819544, -5.551294718971379 ], [ 105.22964060442294, -5.551338739409781 ], [ 105.229620676364064, -5.551332195754253 ], [ 105.229595989611624, -5.551403579565014 ], [ 105.229545723334624, -5.551388112568806 ], [ 105.229545426226593, -5.551394953565641 ], [ 105.229528175436371, -5.551391385130287 ], [ 105.229576954098434, -5.551267653161431 ], [ 105.229576656034951, -5.5512673556509 ] ] ] } },
{ "type": "Feature", "properties": { "point_id": 453, "footprint_id": 917, "id_bangunan": "Blok B(SDI-B148-148)", "fungsi_bangunan": "Rumah Tinggal", "jumlah_lantai": 1, "tinggi_lantai": 4.0, "tinggi_total": 4.0, "luas_m2": 89.04, "jarak_match_m": 0.0, "metode_match": "within", "status_match": "OK" }, "geometry": { "type": "Polygon", "coordinates": [ [ [ 105.229675702423123, -5.551295909201694 ], [ 105.229699496205725, -5.551296800977011 ], [ 105.229712583339435, -5.55130840060276 ], [ 105.229730428947107, -5.551318513866026 ], [ 105.229704848581207, -5.551418451154194 ], [ 105.229678675586854, -5.551414881667172 ], [ 105.229675403758478, -5.551424697368788 ], [ 105.229640009080939, -5.551412502109982 ], [ 105.229675702423123, -5.551295909201694 ] ] ] } },
{ "type": "Feature", "properties": { "point_id": 454, "footprint_id": 915, "id_bangunan": "Blok B (SDI-B149-149)", "fungsi_bangunan": "Rumah Tinggal", "jumlah_lantai": 1, "tinggi_lantai": 4.0, "tinggi_total": 4.0, "luas_m2": 143.77, "jarak_match_m": 0.0, "metode_match": "within", "status_match": "OK" }, "geometry": { "type": "Polygon", "coordinates": [ [ [ 105.229267823111385, -5.551348164804983 ], [ 105.229291320160641, -5.551296113607387 ], [ 105.22928983294652, -5.551286298848973 ], [ 105.229293699922181, -5.551265181260847 ], [ 105.229347237230328, -5.551287488796385 ], [ 105.229421893309947, -5.551322882783098 ], [ 105.229391852442689, -5.551403486937658 ], [ 105.229267823111385, -5.551348164804983 ] ] ] } },
{ "type": "Feature", "properties": { "point_id": 455, "footprint_id": 904, "id_bangunan": "Blok B (SDI-B150-150)", "fungsi_bangunan": "Rumah Tinggal", "jumlah_lantai": 1, "tinggi_lantai": 4.0, "tinggi_total": 4.0, "luas_m2": 160.58, "jarak_match_m": 0.0, "metode_match": "within", "status_match": "OK" }, "geometry": { "type": "Polygon", "coordinates": [ [ [ 105.229326051444829, -5.551570582139361 ], [ 105.22933461774997, -5.551572485795257 ], [ 105.229361743020007, -5.551500626112455 ], [ 105.229391009573277, -5.551509666575345 ], [ 105.229395293334562, -5.551494676850904 ], [ 105.22943479295084, -5.551512762446025 ], [ 105.229465488054103, -5.551524658296539 ], [ 105.229419326122155, -5.551644346408835 ], [ 105.229324624158721, -5.551606036407462 ], [ 105.229330096606063, -5.551585334330447 ], [ 105.229322244199182, -5.551582718446484 ], [ 105.229326051444829, -5.551570582139361 ] ] ] } },
{ "type": "Feature", "properties": { "point_id": 456, "footprint_id": 903, "id_bangunan": "Blok B (SDI-B151-151)", "fungsi_bangunan": "Rumah Tinggal", "jumlah_lantai": 1, "tinggi_lantai": 4.0, "tinggi_total": 4.0, "luas_m2": 111.76, "jarak_match_m": 0.0, "metode_match": "within", "status_match": "OK" }, "geometry": { "type": "MultiPolygon", "coordinates": [ [ [ [ 105.229322194151479, -5.551481246897394 ], [ 105.229322260880949, -5.551481031567391 ], [ 105.229322260972538, -5.551481268582808 ], [ 105.229322194151479, -5.551481246897394 ] ] ], [ [ [ 105.229269437555757, -5.551462948418508 ], [ 105.229322194151479, -5.551481246897394 ], [ 105.229318929801281, -5.551491739264499 ], [ 105.229345578553904, -5.551499829969465 ], [ 105.229322974918801, -5.551564789118934 ], [ 105.229316075411987, -5.551563123640975 ], [ 105.22930988791272, -5.55157454439721 ], [ 105.229262060826755, -5.55155812655984 ], [ 105.229265868366326, -5.551549085023611 ], [ 105.229228510587461, -5.551536236447449 ], [ 105.22923017643339, -5.55152933521367 ], [ 105.229216850878586, -5.551524576551179 ], [ 105.229242073135083, -5.551460331054676 ], [ 105.22926753390287, -5.551471276360653 ], [ 105.229269437555757, -5.551462948418508 ] ] ] ] } },
{ "type": "Feature", "properties": { "point_id": 457, "footprint_id": 902, "id_bangunan": "Blok B (SDI-B152-152)", "fungsi_bangunan": "Rumah Tinggal", "jumlah_lantai": 1, "tinggi_lantai": 4.0, "tinggi_total": 4.0, "luas_m2": 203.66, "jarak_match_m": 0.0, "metode_match": "within", "status_match": "OK" }, "geometry": { "type": "Polygon", "coordinates": [ [ [ 105.229111202999519, -5.551384668015626 ], [ 105.229144991189031, -5.551384489369697 ], [ 105.229142611448083, -5.551406142831542 ], [ 105.229171403202386, -5.551406143430161 ], [ 105.229169499409167, -5.551460870316716 ], [ 105.229179256403143, -5.551459917567377 ], [ 105.229176162085153, -5.551555334681896 ], [ 105.229165217074211, -5.551554382721666 ], [ 105.22916367037395, -5.551579902288434 ], [ 105.229136901340041, -5.551575976580835 ], [ 105.229073012242409, -5.551543496752601 ], [ 105.229076939143098, -5.551403941063711 ], [ 105.229109061248295, -5.551405368800045 ], [ 105.229111202999519, -5.551384668015626 ] ] ] } },
{ "type": "Feature", "properties": { "point_id": 458, "footprint_id": 890, "id_bangunan": "Blok B (SDI-B153-153)", "fungsi_bangunan": "Rumah Tinggal", "jumlah_lantai": 1, "tinggi_lantai": 4.0, "tinggi_total": 4.0, "luas_m2": 153.0, "jarak_match_m": 0.0, "metode_match": "within", "status_match": "OK" }, "geometry": { "type": "Polygon", "coordinates": [ [ [ 105.228936982037553, -5.551324699134648 ], [ 105.229026925921772, -5.551328268375904 ], [ 105.229027877017174, -5.551357297879748 ], [ 105.22903239861067, -5.551357297937125 ], [ 105.229042868338112, -5.551357296594393 ], [ 105.229043581431739, -5.551427015957385 ], [ 105.229042153895662, -5.551426777685773 ], [ 105.229042154569669, -5.551433202433181 ], [ 105.229038108882079, -5.551433440111615 ], [ 105.229031684656519, -5.551432726126508 ], [ 105.229030494378392, -5.5514436718175 ], [ 105.228976719005914, -5.55144319600383 ], [ 105.228926750411588, -5.551441055079458 ], [ 105.228934602153345, -5.55132493707183 ], [ 105.228934364697508, -5.551324937163794 ], [ 105.228936982037553, -5.551324699134648 ] ] ] } },
{ "type": "Feature", "properties": { "point_id": 459, "footprint_id": 910, "id_bangunan": "Blok B (SDI-B155-155)", "fungsi_bangunan": "Rumah Tinggal", "jumlah_lantai": 1, "tinggi_lantai": 4.0, "tinggi_total": 4.0, "luas_m2": 133.18, "jarak_match_m": 3.26, "metode_match": "optimal_nearest", "status_match": "OK" }, "geometry": { "type": "Polygon", "coordinates": [ [ [ 105.229270125949256, -5.551721047140242 ], [ 105.229328624970478, -5.551739654585921 ], [ 105.229329195697645, -5.551739940230457 ], [ 105.229397867313793, -5.551767637155208 ], [ 105.229398295642952, -5.551770920829183 ], [ 105.229381449429496, -5.55181432200369 ], [ 105.229377023303428, -5.551834737809003 ], [ 105.229372023122352, -5.551834581437552 ], [ 105.229368599832497, -5.551833309938678 ], [ 105.229319059307926, -5.551815177576004 ], [ 105.229317631868255, -5.551808182555033 ], [ 105.229308494450166, -5.551800331117985 ], [ 105.229298073082433, -5.551825030001261 ], [ 105.229239681424119, -5.551803900377249 ], [ 105.229247104436837, -5.551781770928446 ], [ 105.229250197782335, -5.551782021218394 ], [ 105.229270125949256, -5.551721047140242 ] ] ] } },
{ "type": "Feature", "properties": { "point_id": 460, "footprint_id": 905, "id_bangunan": "Blok B (SDI-B156-156)", "fungsi_bangunan": "Rumah Tinggal", "jumlah_lantai": 1, "tinggi_lantai": 4.0, "tinggi_total": 4.0, "luas_m2": 125.51, "jarak_match_m": 0.0, "metode_match": "within", "status_match": "OK" }, "geometry": { "type": "Polygon", "coordinates": [ [ [ 105.229316667004539, -5.551610394427565 ], [ 105.229369253273319, -5.551631809449623 ], [ 105.229359973312015, -5.55165227056106 ], [ 105.229393524047666, -5.551666073190982 ], [ 105.229385672032862, -5.551680824570758 ], [ 105.229407325022876, -5.551690818762761 ], [ 105.229385195806685, -5.551749829727513 ], [ 105.229278358165729, -5.551706523583479 ], [ 105.229294300350901, -5.551660123883363 ], [ 105.229316429824067, -5.551611107375259 ], [ 105.229316667004539, -5.551610394427565 ] ] ] } },
{ "type": "Feature", "properties": { "point_id": 461, "footprint_id": 900, "id_bangunan": "Blok B (SDI-B157-157)", "fungsi_bangunan": "Rumah Tinggal", "jumlah_lantai": 1, "tinggi_lantai": 4.0, "tinggi_total": 4.0, "luas_m2": 137.4, "jarak_match_m": 0.0, "metode_match": "within", "status_match": "OK" }, "geometry": { "type": "Polygon", "coordinates": [ [ [ 105.229121003358728, -5.55158957042421 ], [ 105.229212374305362, -5.551610746074983 ], [ 105.229212612756086, -5.551610983902624 ], [ 105.229208567624653, -5.551626689102973 ], [ 105.229210471251392, -5.551627640045228 ], [ 105.229190959688253, -5.551708304336791 ], [ 105.229186914809887, -5.551708304095879 ], [ 105.229182393158908, -5.55172686361747 ], [ 105.229095780696085, -5.551704260407149 ], [ 105.229098160809528, -5.551697596816966 ], [ 105.22909435256048, -5.551695455202719 ], [ 105.229097922203849, -5.551687603360222 ], [ 105.229121003358728, -5.55158957042421 ] ] ] } },
{ "type": "Feature", "properties": { "point_id": 462, "footprint_id": 899, "id_bangunan": "Blok B (SDI-B158-158)", "fungsi_bangunan": "Rumah Tinggal", "jumlah_lantai": 1, "tinggi_lantai": 4.0, "tinggi_total": 4.0, "luas_m2": 111.8, "jarak_match_m": 0.0, "metode_match": "within", "status_match": "OK" }, "geometry": { "type": "Polygon", "coordinates": [ [ [ 105.22902072874362, -5.551564941582408 ], [ 105.229081405409943, -5.551576362660677 ], [ 105.229077836105546, -5.551594446876974 ], [ 105.229089257039391, -5.551598015775537 ], [ 105.229086164101346, -5.55161752823254 ], [ 105.229102582002355, -5.551622286603979 ], [ 105.229090684851457, -5.551680821371308 ], [ 105.229086878148394, -5.551680345197189 ], [ 105.2290871159272, -5.551688197373268 ], [ 105.229004548580463, -5.55167320692958 ], [ 105.229006214246056, -5.551665830760809 ], [ 105.228999076104486, -5.55166345161129 ], [ 105.229015493817613, -5.55158350137934 ], [ 105.22901501809433, -5.55158373857913 ], [ 105.22902072874362, -5.551564941582408 ] ] ] } },
{ "type": "Feature", "properties": { "point_id": 463, "footprint_id": 912, "id_bangunan": "Blok B (SDI-B159-159)", "fungsi_bangunan": "Rumah Tinggal", "jumlah_lantai": 1, "tinggi_lantai": 4.0, "tinggi_total": 4.0, "luas_m2": 143.06, "jarak_match_m": 0.76, "metode_match": "optimal_nearest", "status_match": "OK" }, "geometry": { "type": "Polygon", "coordinates": [ [ [ 105.228938537726748, -5.551495639158432 ], [ 105.229019201956447, -5.551508726084347 ], [ 105.229018488427172, -5.551538469088663 ], [ 105.229020867072734, -5.551542037873379 ], [ 105.229014443245973, -5.55157511306701 ], [ 105.229015493817613, -5.55158350137934 ], [ 105.229006620791068, -5.551626710385545 ], [ 105.229001831790683, -5.55162865088274 ], [ 105.228998262437401, -5.55163959659068 ], [ 105.228928544028278, -5.551629602908146 ], [ 105.22893044808464, -5.551612945953568 ], [ 105.228924974936405, -5.551610804983007 ], [ 105.228930210355884, -5.551584154998104 ], [ 105.228914506003179, -5.551580110105776 ], [ 105.228919978573245, -5.55154798696186 ], [ 105.22893021023755, -5.551537041387994 ], [ 105.228938539440691, -5.551495401237655 ], [ 105.228938537726748, -5.551495639158432 ] ] ] } },
{ "type": "Feature", "properties": { "point_id": 464, "footprint_id": 914, "id_bangunan": "Blok B (SDI-B160-160)", "fungsi_bangunan": "Rumah Tinggal", "jumlah_lantai": 1, "tinggi_lantai": 4.0, "tinggi_total": 4.0, "luas_m2": 409.6, "jarak_match_m": 0.0, "metode_match": "within", "status_match": "OK" }, "geometry": { "type": "Polygon", "coordinates": [ [ [ 105.228812541318263, -5.551527647943221 ], [ 105.228873645888598, -5.551536594689261 ], [ 105.228867150663575, -5.551592916423186 ], [ 105.228864056951295, -5.551619804403153 ], [ 105.228859536029063, -5.551619209091705 ], [ 105.228854063392831, -5.551655852717326 ], [ 105.228864294996768, -5.551656447626978 ], [ 105.22885501644528, -5.551732114338598 ], [ 105.228850969807311, -5.551732234413105 ], [ 105.228844426783311, -5.551793386033836 ], [ 105.228841690077857, -5.551793147364005 ], [ 105.228841689710848, -5.551792195683697 ], [ 105.228835384385732, -5.55179076789026 ], [ 105.228837525988297, -5.551795407860284 ], [ 105.228832196249996, -5.551839713724385 ], [ 105.228797075674052, -5.551838286230008 ], [ 105.228787290687222, -5.551836905919616 ], [ 105.22878672041152, -5.551842474194703 ], [ 105.228750885055732, -5.551839475615931 ], [ 105.228749599549403, -5.551837619793768 ], [ 105.228716620670255, -5.551834051089346 ], [ 105.228720047020559, -5.551794075565753 ], [ 105.228727471112492, -5.551755956624075 ], [ 105.228730327032807, -5.55171412590606 ], [ 105.228740748914433, -5.551714124586955 ], [ 105.228745888028925, -5.551667156443795 ], [ 105.228750171616952, -5.551644645552986 ], [ 105.228758737705562, -5.551610857581528 ], [ 105.228771586342887, -5.551612759588311 ], [ 105.228784911432598, -5.551541376587135 ], [ 105.228806326710469, -5.55154137734437 ], [ 105.228812541318263, -5.551527647943221 ] ] ] } },
{ "type": "Feature", "properties": { "point_id": 465, "footprint_id": 891, "id_bangunan": "Blok B (SDI-B161-161)", "fungsi_bangunan": "Rumah Tinggal", "jumlah_lantai": 1, "tinggi_lantai": 4.0, "tinggi_total": 4.0, "luas_m2": 211.13, "jarak_match_m": 0.0, "metode_match": "within", "status_match": "OK" }, "geometry": { "type": "Polygon", "coordinates": [ [ [ 105.228680223963266, -5.55143806296972 ], [ 105.22877397515488, -5.551464713550352 ], [ 105.228755415156414, -5.551528958259981 ], [ 105.228748990248249, -5.551549897716582 ], [ 105.228748277295836, -5.551557750260937 ], [ 105.228752083997932, -5.5515582264373 ], [ 105.228744470413517, -5.551587255637788 ], [ 105.228737569359836, -5.551628420297606 ], [ 105.228647625896485, -5.551612002423029 ], [ 105.228656191659269, -5.551567982078604 ], [ 105.228640963017469, -5.551561318968957 ], [ 105.228641915021981, -5.551548232089615 ], [ 105.228650005095204, -5.551525626549079 ], [ 105.228646674208804, -5.551525151997287 ], [ 105.228680223963266, -5.55143806296972 ] ] ] } },
{ "type": "Feature", "properties": { "point_id": 466, "footprint_id": 892, "id_bangunan": "Blok B (SDI-B162-162)", "fungsi_bangunan": "Rumah Tinggal", "jumlah_lantai": 1, "tinggi_lantai": 4.0, "tinggi_total": 4.0, "luas_m2": 165.32, "jarak_match_m": 8.09, "metode_match": "optimal_nearest", "status_match": "OK" }, "geometry": { "type": "Polygon", "coordinates": [ [ [ 105.228647625896485, -5.551612002423029 ], [ 105.228737569359836, -5.551628420297606 ], [ 105.228739247155758, -5.551640793303621 ], [ 105.228744957393118, -5.551641983408341 ], [ 105.228737581123056, -5.551677675184743 ], [ 105.228730205139158, -5.551686003433788 ], [ 105.228728539131637, -5.551697186323895 ], [ 105.22872473180125, -5.551697424812664 ], [ 105.228723779881889, -5.551694331314879 ], [ 105.228719735659922, -5.55169837661711 ], [ 105.228719496836192, -5.551711225300388 ], [ 105.228711882579844, -5.551764287146228 ], [ 105.228707599604761, -5.551793078946622 ], [ 105.228704268716101, -5.551792602585946 ], [ 105.228684043235091, -5.551792127334101 ], [ 105.228665721811041, -5.551789034223701 ], [ 105.22865882114651, -5.551774995083271 ], [ 105.228640736967691, -5.551766666733094 ], [ 105.228640082868708, -5.551760896292499 ], [ 105.228651385439804, -5.551672856954183 ], [ 105.228640081550282, -5.551670774324098 ], [ 105.228639785695421, -5.5516621487035 ], [ 105.228641272402996, -5.551644897563 ], [ 105.228647625896485, -5.551612002423029 ] ] ] } },
{ "type": "Feature", "properties": { "point_id": 467, "footprint_id": 894, "id_bangunan": "Blok B (SDI-B163-163)", "fungsi_bangunan": "Rumah Tinggal", "jumlah_lantai": 1, "tinggi_lantai": 4.0, "tinggi_total": 4.0, "luas_m2": 167.93, "jarak_match_m": 0.0, "metode_match": "within", "status_match": "OK" }, "geometry": { "type": "Polygon", "coordinates": [ [ [ 105.228910408222916, -5.551653617247212 ], [ 105.228995830837093, -5.551657901097773 ], [ 105.228995592998899, -5.551682646690709 ], [ 105.228996782360355, -5.551683360894901 ], [ 105.228995117017504, -5.551740705714549 ], [ 105.228993689405229, -5.551770686915443 ], [ 105.228994640577767, -5.551811614233674 ], [ 105.228975368072525, -5.551809948117442 ], [ 105.228975367567656, -5.551815659104919 ], [ 105.228955855831146, -5.551818752387577 ], [ 105.228923019606128, -5.551815182734781 ], [ 105.228922780579836, -5.551752604410292 ], [ 105.228923018555889, -5.551749271627287 ], [ 105.228896131222939, -5.551749985849373 ], [ 105.228899225001427, -5.551676460099554 ], [ 105.228904459332426, -5.551677411562251 ], [ 105.228904221739953, -5.551670036130772 ], [ 105.228904458568394, -5.551670749799395 ], [ 105.228910408222916, -5.551653617247212 ] ] ] } },
{ "type": "Feature", "properties": { "point_id": 468, "footprint_id": 895, "id_bangunan": "Blok B (SDI-B164-164)", "fungsi_bangunan": "Rumah Tinggal", "jumlah_lantai": 1, "tinggi_lantai": 4.0, "tinggi_total": 4.0, "luas_m2": 111.32, "jarak_match_m": 0.04, "metode_match": "optimal_nearest", "status_match": "OK" }, "geometry": { "type": "Polygon", "coordinates": [ [ [ 105.229125635159349, -5.55185627616556 ], [ 105.229150904985829, -5.551856704214599 ], [ 105.229152475430254, -5.551843570053999 ], [ 105.229173177040394, -5.551844854757182 ], [ 105.229175176046297, -5.551840285554202 ], [ 105.229196590817622, -5.551841285923357 ], [ 105.229195448371414, -5.551856847065017 ], [ 105.229218148671279, -5.551857418135893 ], [ 105.229217054245268, -5.551892110568417 ], [ 105.229216578301703, -5.551912813420713 ], [ 105.229212294906787, -5.551942793919711 ], [ 105.22921229493916, -5.551947552321805 ], [ 105.229160661032807, -5.55194445857512 ], [ 105.229119020423241, -5.551942080138329 ], [ 105.229117830753552, -5.551935892867437 ], [ 105.229110217436315, -5.55193517934438 ], [ 105.229112119590908, -5.551918285374807 ], [ 105.229120543747399, -5.551916810261345 ], [ 105.229125468954607, -5.551856079923279 ], [ 105.229125635159349, -5.55185627616556 ] ] ] } },
{ "type": "Feature", "properties": { "point_id": 469, "footprint_id": 898, "id_bangunan": "Blok B (SDI-B165-165)", "fungsi_bangunan": "Rumah Tinggal", "jumlah_lantai": 1, "tinggi_lantai": 4.0, "tinggi_total": 4.0, "luas_m2": 146.79, "jarak_match_m": 4.18, "metode_match": "optimal_nearest", "status_match": "OK" }, "geometry": { "type": "Polygon", "coordinates": [ [ [ 105.229248978875304, -5.551877769607017 ], [ 105.229348042190452, -5.55189615867627 ], [ 105.229370628876865, -5.551834046432212 ], [ 105.229418813405928, -5.551852487798701 ], [ 105.229389367147519, -5.551929821451401 ], [ 105.229376280136805, -5.551920896837036 ], [ 105.229356947187298, -5.551917030674436 ], [ 105.229344156757932, -5.551969973312743 ], [ 105.229234107408416, -5.551944989161462 ], [ 105.229241245291732, -5.55190929656809 ], [ 105.229248978875304, -5.551877769607017 ] ], [ [ 105.229348042190452, -5.55189615867627 ], [ 105.229348024152884, -5.551896210247699 ], [ 105.229348321198685, -5.551896210132438 ], [ 105.229348042190452, -5.55189615867627 ] ] ] } },
{ "type": "Feature", "properties": { "point_id": 470, "footprint_id": 897, "id_bangunan": "Blok B (SDI-B166-166)", "fungsi_bangunan": "Rumah Tinggal", "jumlah_lantai": 1, "tinggi_lantai": 4.0, "tinggi_total": 4.0, "luas_m2": 132.41, "jarak_match_m": 0.0, "metode_match": "within", "status_match": "OK" }, "geometry": { "type": "Polygon", "coordinates": [ [ [ 105.228799415019594, -5.551868718292175 ], [ 105.228834345668858, -5.55187164484705 ], [ 105.228834536175768, -5.551871645677932 ], [ 105.228833775419773, -5.551896010620254 ], [ 105.228854642083505, -5.551896843855687 ], [ 105.228851667851217, -5.55194324304751 ], [ 105.228859282071255, -5.551943956573573 ], [ 105.228856070227025, -5.552008678419766 ], [ 105.228766126821469, -5.552004276888508 ], [ 105.228768505665002, -5.551966205131291 ], [ 105.228770766212762, -5.551939793314594 ], [ 105.228772764952268, -5.551936866033127 ], [ 105.228772765286635, -5.551879188046173 ], [ 105.228798272552382, -5.551879568977117 ], [ 105.228799415019594, -5.551868718292175 ] ] ] } },
{ "type": "Feature", "properties": { "point_id": 471, "footprint_id": 913, "id_bangunan": "Blok B (SDI-B167-167)", "fungsi_bangunan": "Rumah Tinggal", "jumlah_lantai": 1, "tinggi_lantai": 4.0, "tinggi_total": 4.0, "luas_m2": 202.65, "jarak_match_m": 0.0, "metode_match": "within", "status_match": "OK" }, "geometry": { "type": "MultiPolygon", "coordinates": [ [ [ [ 105.228694960261805, -5.551921926173048 ], [ 105.228694961062871, -5.551921662018097 ], [ 105.228695555269567, -5.551921960319124 ], [ 105.228694960261805, -5.551921926173048 ] ] ], [ [ [ 105.228602197737132, -5.551916598451825 ], [ 105.228694960261805, -5.551921926173048 ], [ 105.228694960403175, -5.55192463556744 ], [ 105.228718755114755, -5.551925529190163 ], [ 105.22871518642161, -5.551987395228362 ], [ 105.228691391364478, -5.551985611440743 ], [ 105.228688416904802, -5.552015055884123 ], [ 105.228700314549016, -5.552016246308972 ], [ 105.228698827584068, -5.552046881586628 ], [ 105.228690499234347, -5.552046286842597 ], [ 105.228685145557023, -5.552051938385929 ], [ 105.228650346024935, -5.552049558174035 ], [ 105.228646776896355, -5.552096255221713 ], [ 105.228592346044906, -5.552095957842988 ], [ 105.228595915928608, -5.552023086868658 ], [ 105.228599186930751, -5.552022789786521 ], [ 105.22859948458148, -5.55201029841307 ], [ 105.228595618126135, -5.552009405220277 ], [ 105.228598771341396, -5.551965851954781 ], [ 105.228602197737132, -5.551916598451825 ] ] ] ] } },
{ "type": "Feature", "properties": { "point_id": 472, "footprint_id": 909, "id_bangunan": "Blok B (SDI-B168-168)", "fungsi_bangunan": "Rumah Tinggal", "jumlah_lantai": 1, "tinggi_lantai": 4.0, "tinggi_total": 4.0, "luas_m2": 152.4, "jarak_match_m": 0.0, "metode_match": "within", "status_match": "OK" }, "geometry": { "type": "Polygon", "coordinates": [ [ [ 105.228513541069162, -5.55207663536961 ], [ 105.228530017569753, -5.551907668626623 ], [ 105.228580653606699, -5.551912617324985 ], [ 105.22860064084341, -5.551913379442979 ], [ 105.228598737326749, -5.55193146301259 ], [ 105.228588018135767, -5.552040942978171 ], [ 105.228583378201392, -5.55208532004022 ], [ 105.228578024366684, -5.552083535448315 ], [ 105.228577667249766, -5.552094004976105 ], [ 105.228572908011074, -5.552093529167136 ], [ 105.228573503262353, -5.552098882591832 ], [ 105.228548637573979, -5.552097574148274 ], [ 105.22854911371509, -5.552091388041184 ], [ 105.228552802418818, -5.552092578024642 ], [ 105.228553515988892, -5.552081633423419 ], [ 105.228513541069162, -5.55207663536961 ] ] ] } },
{ "type": "Feature", "properties": { "point_id": 473, "footprint_id": 908, "id_bangunan": "Blok B (SDI-B169-169)", "fungsi_bangunan": "Rumah Tinggal", "jumlah_lantai": 1, "tinggi_lantai": 4.0, "tinggi_total": 4.0, "luas_m2": 111.9, "jarak_match_m": 0.0, "metode_match": "within", "status_match": "OK" }, "geometry": { "type": "Polygon", "coordinates": [ [ [ 105.228416719951966, -5.551984151722765 ], [ 105.228376031312862, -5.551985007855607 ], [ 105.228370177558176, -5.55198158243935 ], [ 105.228372314054667, -5.551926044906581 ], [ 105.228409153584607, -5.551917764982783 ], [ 105.228455981163975, -5.551915337830626 ], [ 105.228514230432509, -5.551909056114515 ], [ 105.22851608664206, -5.551913481796608 ], [ 105.228518799564341, -5.551929329122349 ], [ 105.228518799069278, -5.551972587161041 ], [ 105.228421003426789, -5.551977727128822 ], [ 105.228416719951966, -5.551984151722765 ] ] ] } },
{ "type": "Feature", "properties": { "point_id": 474, "footprint_id": 1079, "id_bangunan": "Blok B (SDI-B170-170)", "fungsi_bangunan": "Rumah Tinggal", "jumlah_lantai": 1, "tinggi_lantai": 4.0, "tinggi_total": 4.0, "luas_m2": 141.4, "jarak_match_m": 0.0, "metode_match": "within", "status_match": "OK" }, "geometry": { "type": "Polygon", "coordinates": [ [ [ 105.228266047735929, -5.552820864617066 ], [ 105.22825748158526, -5.552885109974937 ], [ 105.228191868896261, -5.552876362123028 ], [ 105.228188238648002, -5.55290509758027 ], [ 105.228111711632948, -5.552895430297133 ], [ 105.228115408494588, -5.552866166505189 ], [ 105.228115337163885, -5.55286615748633 ], [ 105.228116708291651, -5.552855876636937 ], [ 105.228116714591607, -5.55285582416542 ], [ 105.228123903329831, -5.552801912129857 ], [ 105.228266047735929, -5.552820864617066 ] ] ] } },
{ "type": "Feature", "properties": { "point_id": 475, "footprint_id": 1077, "id_bangunan": "Blok B (SDI-B171-171)", "fungsi_bangunan": "Rumah Tinggal", "jumlah_lantai": 1, "tinggi_lantai": 4.0, "tinggi_total": 4.0, "luas_m2": 89.89, "jarak_match_m": 4.12, "metode_match": "optimal_nearest", "status_match": "OK" }, "geometry": { "type": "Polygon", "coordinates": [ [ [ 105.227774926700121, -5.552925322832397 ], [ 105.227882365389931, -5.552915898493784 ], [ 105.227888314309595, -5.552983713384594 ], [ 105.227780875607678, -5.552993137724767 ], [ 105.227774926700121, -5.552925322832397 ] ] ] } },
{ "type": "Feature", "properties": { "point_id": 476, "footprint_id": 1045, "id_bangunan": "Blok B (SDI-B172-172)", "fungsi_bangunan": "Rumah Tinggal", "jumlah_lantai": 1, "tinggi_lantai": 4.0, "tinggi_total": 4.0, "luas_m2": 113.82, "jarak_match_m": 0.0, "metode_match": "within", "status_match": "OK" }, "geometry": { "type": "Polygon", "coordinates": [ [ [ 105.228272368726678, -5.550220149159601 ], [ 105.228328286203592, -5.550154118752522 ], [ 105.228407998409807, -5.550213605087065 ], [ 105.228383014277185, -5.550242158821844 ], [ 105.228397290814328, -5.55025941020592 ], [ 105.228362788826018, -5.550288558346084 ], [ 105.22836397789645, -5.550286178685498 ], [ 105.228272368726678, -5.550220149159601 ] ] ] } },
{ "type": "Feature", "properties": { "point_id": 477, "footprint_id": 853, "id_bangunan": "Blok C (SDI-C134-134)", "fungsi_bangunan": "Rumah Tinggal", "jumlah_lantai": 1, "tinggi_lantai": 4.0, "tinggi_total": 4.0, "luas_m2": 213.54, "jarak_match_m": 3.25, "metode_match": "optimal_nearest", "status_match": "OK" }, "geometry": { "type": "Polygon", "coordinates": [ [ [ 105.236928530250651, -5.553079434901653 ], [ 105.236936013482463, -5.553104787113604 ], [ 105.236944936085578, -5.553101217450436 ], [ 105.236938298036847, -5.553076093773311 ], [ 105.23698241248114, -5.553069094987359 ], [ 105.237012750320062, -5.553173791125704 ], [ 105.236975273919086, -5.5531833093848 ], [ 105.23697765404377, -5.553190446933905 ], [ 105.236824773494078, -5.553230898530352 ], [ 105.236808116863969, -5.553166652339967 ], [ 105.236896157242143, -5.553144048126978 ], [ 105.236887829066035, -5.553119063536496 ], [ 105.23690567498636, -5.553113709967854 ], [ 105.236897347000493, -5.553086940525343 ], [ 105.236928530250651, -5.553079434901653 ] ] ] } },
{ "type": "Feature", "properties": { "point_id": 478, "footprint_id": 852, "id_bangunan": "Blok C (SDI-C135-135)", "fungsi_bangunan": "Rumah Tinggal", "jumlah_lantai": 1, "tinggi_lantai": 4.0, "tinggi_total": 4.0, "luas_m2": 30.36, "jarak_match_m": 25.94, "metode_match": "optimal_nearest", "status_match": "PERLU_CEK" }, "geometry": { "type": "Polygon", "coordinates": [ [ [ 105.236902950346547, -5.553030657089373 ], [ 105.236949100104127, -5.553019721407294 ], [ 105.236963971424871, -5.553067310293242 ], [ 105.236918762464683, -5.553082776934476 ], [ 105.236902950346547, -5.553030657089373 ] ] ] } },
{ "type": "Feature", "properties": { "point_id": 479, "footprint_id": 807, "id_bangunan": "Blok C(SDI-C136-136)", "fungsi_bangunan": "Rumah Tinggal", "jumlah_lantai": 1, "tinggi_lantai": 4.0, "tinggi_total": 4.0, "luas_m2": 210.5, "jarak_match_m": 3.56, "metode_match": "optimal_nearest", "status_match": "OK" }, "geometry": { "type": "Polygon", "coordinates": [ [ [ 105.236413396730683, -5.553063084515482 ], [ 105.236419107138502, -5.553062371184912 ], [ 105.236413396223597, -5.553045952468127 ], [ 105.236490490703446, -5.553020254307007 ], [ 105.236494060096064, -5.553032389511208 ], [ 105.236509764488844, -5.553029534518899 ], [ 105.236513334215687, -5.553040242202979 ], [ 105.236540459471712, -5.553033817457707 ], [ 105.236559733653763, -5.553091638770202 ], [ 105.236579007117314, -5.553088783251904 ], [ 105.236589000606614, -5.55312161944433 ], [ 105.236516903156513, -5.553150887132096 ], [ 105.236523327916757, -5.55316873308178 ], [ 105.236481925273011, -5.553183723231536 ], [ 105.236479783759378, -5.553165877376554 ], [ 105.236456940505434, -5.55317372973501 ], [ 105.236413396730683, -5.553063084515482 ] ] ] } },
{ "type": "Feature", "properties": { "point_id": 480, "footprint_id": 812, "id_bangunan": "Blok C (SDI-B137-137)", "fungsi_bangunan": "Rumah Tinggal", "jumlah_lantai": 1, "tinggi_lantai": 4.0, "tinggi_total": 4.0, "luas_m2": 128.86, "jarak_match_m": 27.48, "metode_match": "optimal_nearest", "status_match": "PERLU_CEK" }, "geometry": { "type": "Polygon", "coordinates": [ [ [ 105.236201386787528, -5.553454981885405 ], [ 105.2362649177809, -5.553439277288807 ], [ 105.236313459061378, -5.553429997996529 ], [ 105.236333446494768, -5.553501381373928 ], [ 105.23628847485044, -5.553512089474407 ], [ 105.236294899174197, -5.553535645506047 ], [ 105.236259920902924, -5.553544925706771 ], [ 105.236224229457761, -5.553549922726382 ], [ 105.236201386787528, -5.553454981885405 ] ] ] } },
{ "type": "Feature", "properties": { "point_id": 481, "footprint_id": 835, "id_bangunan": "Blok C (SDI-C138-138)", "fungsi_bangunan": "Rumah Tinggal", "jumlah_lantai": 1, "tinggi_lantai": 4.0, "tinggi_total": 4.0, "luas_m2": 205.67, "jarak_match_m": 4.89, "metode_match": "optimal_nearest", "status_match": "OK" }, "geometry": { "type": "Polygon", "coordinates": [ [ [ 105.236835639243722, -5.552782171685487 ], [ 105.236843491887086, -5.55278074373251 ], [ 105.236856340510471, -5.552843561215563 ], [ 105.23687704249545, -5.552899954424953 ], [ 105.236743554599201, -5.552944213085537 ], [ 105.236735702296599, -5.552917087021981 ], [ 105.236724994375635, -5.552922084012327 ], [ 105.236715714342395, -5.552894243855799 ], [ 105.236710004221806, -5.552895671853578 ], [ 105.236695013305877, -5.552876398198521 ], [ 105.236696440952713, -5.552854269259952 ], [ 105.236784956773548, -5.552828571010373 ], [ 105.236777105088834, -5.552800731187111 ], [ 105.236835639243722, -5.552782171685487 ] ] ] } },
{ "type": "Feature", "properties": { "point_id": 482, "footprint_id": 837, "id_bangunan": "Blok C (SDI-C139-139)", "fungsi_bangunan": "Rumah Tinggal", "jumlah_lantai": 1, "tinggi_lantai": 4.0, "tinggi_total": 4.0, "luas_m2": 129.17, "jarak_match_m": 23.93, "metode_match": "optimal_nearest", "status_match": "PERLU_CEK" }, "geometry": { "type": "Polygon", "coordinates": [ [ [ 105.237031231058467, -5.55264440093116 ], [ 105.237036941654608, -5.552675809504426 ], [ 105.237046935588197, -5.552702935609366 ], [ 105.236991970231045, -5.552720781749584 ], [ 105.237000535861071, -5.552745765339103 ], [ 105.236976979929324, -5.55275504552242 ], [ 105.236954136983442, -5.552763611659044 ], [ 105.236929866115602, -5.552766467383373 ], [ 105.236903454539245, -5.552674382136319 ], [ 105.237031231058467, -5.55264440093116 ] ] ] } },
{ "type": "Feature", "properties": { "point_id": 483, "footprint_id": 809, "id_bangunan": "Blok C (SDI-C140-140)", "fungsi_bangunan": "Rumah Tinggal", "jumlah_lantai": 1, "tinggi_lantai": 4.0, "tinggi_total": 4.0, "luas_m2": 126.33, "jarak_match_m": 30.83, "metode_match": "optimal_nearest", "status_match": "PERLU_CEK" }, "geometry": { "type": "Polygon", "coordinates": [ [ [ 105.236019357558547, -5.553084500129954 ], [ 105.236105732544303, -5.553053804705778 ], [ 105.236102162560286, -5.553028820915508 ], [ 105.236143565437317, -5.553016684927377 ], [ 105.236174974770364, -5.553103059944025 ], [ 105.236055763436369, -5.553143748470528 ], [ 105.236045770158015, -5.553115908587421 ], [ 105.236030779265803, -5.553121619227004 ], [ 105.236019357558547, -5.553084500129954 ] ] ] } },
{ "type": "Feature", "properties": { "point_id": 484, "footprint_id": 806, "id_bangunan": "Blok C (SDI-C141-141)", "fungsi_bangunan": "Rumah Tinggal", "jumlah_lantai": 1, "tinggi_lantai": 4.0, "tinggi_total": 4.0, "luas_m2": 257.56, "jarak_match_m": 13.57, "metode_match": "optimal_nearest", "status_match": "OK" }, "geometry": { "type": "Polygon", "coordinates": [ [ [ 105.236302751709133, -5.5528153826056 ], [ 105.236300610102987, -5.552801820213785 ], [ 105.236368424984605, -5.552781118480925 ], [ 105.236376990490982, -5.552810386449449 ], [ 105.236408399265727, -5.552804675566431 ], [ 105.236427673228548, -5.55287106200382 ], [ 105.236398406022644, -5.552878914215738 ], [ 105.236419820793159, -5.552954581389774 ], [ 105.236352720452487, -5.552971713139098 ], [ 105.236333446913605, -5.552913178963045 ], [ 105.236307034648021, -5.552918889653657 ], [ 105.236296327052898, -5.552883911556521 ], [ 105.236238506291542, -5.552896046881138 ], [ 105.236229226398422, -5.55285036090807 ], [ 105.236244216897489, -5.552848219968278 ], [ 105.236239933436565, -5.552831801583384 ], [ 105.236302751709133, -5.5528153826056 ] ] ] } },
{ "type": "Feature", "properties": { "point_id": 485, "footprint_id": 805, "id_bangunan": "Blok C (SDI-C142-142)", "fungsi_bangunan": "Rumah Tinggal", "jumlah_lantai": 1, "tinggi_lantai": 4.0, "tinggi_total": 4.0, "luas_m2": 232.39, "jarak_match_m": 0.48, "metode_match": "optimal_nearest", "status_match": "OK" }, "geometry": { "type": "Polygon", "coordinates": [ [ [ 105.236164266841826, -5.552647631099991 ], [ 105.236252783042943, -5.552618363225744 ], [ 105.236264204536724, -5.552639064935338 ], [ 105.236349151081058, -5.552621932392986 ], [ 105.236373421765791, -5.552704737836519 ], [ 105.236191393028804, -5.552754706867617 ], [ 105.236164266841826, -5.552647631099991 ] ] ] } },
{ "type": "Feature", "properties": { "point_id": 486, "footprint_id": 804, "id_bangunan": "Blok C (SDI-C143-143)", "fungsi_bangunan": "Rumah Tinggal", "jumlah_lantai": 1, "tinggi_lantai": 4.0, "tinggi_total": 4.0, "luas_m2": 42.11, "jarak_match_m": 26.77, "metode_match": "optimal_nearest", "status_match": "PERLU_CEK" }, "geometry": { "type": "Polygon", "coordinates": [ [ [ 105.236067898779766, -5.552162934314909 ], [ 105.236117867608058, -5.552145088448157 ], [ 105.23614499345193, -5.552201481836061 ], [ 105.236093596505071, -5.552222183315579 ], [ 105.236067898779766, -5.552162934314909 ] ] ] } },
{ "type": "Feature", "properties": { "point_id": 487, "footprint_id": 801, "id_bangunan": "Blok C (SDI-C144-144)", "fungsi_bangunan": "Rumah Tinggal", "jumlah_lantai": 1, "tinggi_lantai": 4.0, "tinggi_total": 4.0, "luas_m2": 139.4, "jarak_match_m": 10.07, "metode_match": "optimal_nearest", "status_match": "OK" }, "geometry": { "type": "Polygon", "coordinates": [ [ [ 105.236279908994007, -5.552053717599042 ], [ 105.236380560056602, -5.552036585109554 ], [ 105.236385556451779, -5.552054431633358 ], [ 105.236411968578878, -5.552053003500502 ], [ 105.236424817941838, -5.552120104461105 ], [ 105.236294185236588, -5.552144374785176 ], [ 105.236279908994007, -5.552053717599042 ] ] ] } },
{ "type": "Feature", "properties": { "point_id": 488, "footprint_id": 828, "id_bangunan": "Blok C (SDI-C145-145)", "fungsi_bangunan": "Rumah Tinggal", "jumlah_lantai": 1, "tinggi_lantai": 4.0, "tinggi_total": 4.0, "luas_m2": 91.95, "jarak_match_m": 2.96, "metode_match": "optimal_nearest", "status_match": "OK" }, "geometry": { "type": "Polygon", "coordinates": [ [ [ 105.236549093217661, -5.552201582585911 ], [ 105.236590971414387, -5.552190637787858 ], [ 105.236592399141074, -5.552195872360539 ], [ 105.236646651143985, -5.552180167824154 ], [ 105.236673777068262, -5.552270587360927 ], [ 105.236613338840215, -5.552291526806988 ], [ 105.236595254910426, -5.552232040482112 ], [ 105.236600965025033, -5.55223061248567 ], [ 105.236598585667778, -5.552225377389342 ], [ 105.23655861077529, -5.552238702435304 ], [ 105.236549093217661, -5.552201582585911 ] ] ] } },
{ "type": "Feature", "properties": { "point_id": 489, "footprint_id": 802, "id_bangunan": "Blok C(SDI-C146-146)", "fungsi_bangunan": "Rumah Tinggal", "jumlah_lantai": 1, "tinggi_lantai": 4.0, "tinggi_total": 4.0, "luas_m2": 159.9, "jarak_match_m": 4.71, "metode_match": "optimal_nearest", "status_match": "OK" }, "geometry": { "type": "Polygon", "coordinates": [ [ [ 105.23635057844082, -5.552211475525327 ], [ 105.236470503433353, -5.552197199397879 ], [ 105.236479783791097, -5.552262158695401 ], [ 105.236444091237388, -5.552266441061032 ], [ 105.236451229578336, -5.552348532359168 ], [ 105.236418393147559, -5.55235138787017 ], [ 105.236388411941647, -5.552352815622122 ], [ 105.236375563024282, -5.552266441333212 ], [ 105.236358430686451, -5.55226572718785 ], [ 105.23635057844082, -5.552211475525327 ] ] ] } },
{ "type": "Feature", "properties": { "point_id": 490, "footprint_id": 728, "id_bangunan": "Blok C (SDI-C147-147)", "fungsi_bangunan": "Rumah Tinggal", "jumlah_lantai": 1, "tinggi_lantai": 4.0, "tinggi_total": 4.0, "luas_m2": 128.04, "jarak_match_m": 5.97, "metode_match": "optimal_nearest", "status_match": "OK" }, "geometry": { "type": "Polygon", "coordinates": [ [ [ 105.235233515681145, -5.552483310102214 ], [ 105.235339877279245, -5.55244048015301 ], [ 105.235375569350822, -5.552516860874666 ], [ 105.235263496502967, -5.552569684839576 ], [ 105.235233515681145, -5.552483310102214 ] ] ] } },
{ "type": "Feature", "properties": { "point_id": 491, "footprint_id": 705, "id_bangunan": "Blok C (SDI-C148-148)", "fungsi_bangunan": "Rumah Tinggal", "jumlah_lantai": 1, "tinggi_lantai": 4.0, "tinggi_total": 4.0, "luas_m2": 196.39, "jarak_match_m": 6.81, "metode_match": "optimal_nearest", "status_match": "OK" }, "geometry": { "type": "Polygon", "coordinates": [ [ [ 105.233947348941868, -5.551258434789176 ], [ 105.234039671372074, -5.551269856400459 ], [ 105.23403776805857, -5.551290319181255 ], [ 105.234042050763776, -5.551291270975053 ], [ 105.234031581182805, -5.551385497784482 ], [ 105.234005407926077, -5.551383594835024 ], [ 105.234000648860189, -5.551443081249642 ], [ 105.233915940221564, -5.55143594279966 ], [ 105.233919270877664, -5.551408340948742 ], [ 105.233931168234051, -5.551408816603776 ], [ 105.233947348941868, -5.551258434789176 ] ] ] } },
{ "type": "Feature", "properties": { "point_id": 492, "footprint_id": 1004, "id_bangunan": "Blok B(SDI-B174-174)", "fungsi_bangunan": "Rumah Tinggal", "jumlah_lantai": 1, "tinggi_lantai": 4.0, "tinggi_total": 4.0, "luas_m2": 119.29, "jarak_match_m": 3.16, "metode_match": "optimal_nearest", "status_match": "OK" }, "geometry": { "type": "Polygon", "coordinates": [ [ [ 105.233936288255379, -5.551252625052239 ], [ 105.233927364939817, -5.551375762603417 ], [ 105.233871654228693, -5.551371725532846 ], [ 105.233870273389613, -5.55139146891865 ], [ 105.233844194706521, -5.551391278406069 ], [ 105.233842481110472, -5.551405174337586 ], [ 105.233834836641918, -5.551405591686265 ], [ 105.233835772569705, -5.551416153879915 ], [ 105.233806813901026, -5.551418720035124 ], [ 105.233802650291892, -5.551371725690578 ], [ 105.233831608958326, -5.551369159535665 ], [ 105.233873619032067, -5.551344614536721 ], [ 105.233880577555837, -5.551248587982008 ], [ 105.233936288255379, -5.551252625052239 ] ] ] } },
{ "type": "Feature", "properties": { "point_id": 493, "footprint_id": 1003, "id_bangunan": "Blok B (SDI-B175-175)", "fungsi_bangunan": "Rumah Tinggal", "jumlah_lantai": 2, "tinggi_lantai": 4.0, "tinggi_total": 8.0, "luas_m2": 150.46, "jarak_match_m": 1.56, "metode_match": "optimal_nearest", "status_match": "OK" }, "geometry": { "type": "Polygon", "coordinates": [ [ [ 105.233883530276572, -5.55116693681959 ], [ 105.233871452465252, -5.551249230267339 ], [ 105.233817432052604, -5.551247756269079 ], [ 105.233817319657149, -5.551248933248751 ], [ 105.233798913885778, -5.551247175578205 ], [ 105.233798879014785, -5.551248041331451 ], [ 105.23376687886342, -5.551246761257983 ], [ 105.23377211006013, -5.551115980968599 ], [ 105.233804110204417, -5.551117261042072 ], [ 105.233803539790586, -5.551131524709504 ], [ 105.23382262003004, -5.551133346342652 ], [ 105.233822665175481, -5.551133350847983 ], [ 105.233857623876929, -5.55113651592042 ], [ 105.233855245225598, -5.551162785766208 ], [ 105.233883530276572, -5.55116693681959 ] ] ] } },
{ "type": "Feature", "properties": { "point_id": 494, "footprint_id": 1002, "id_bangunan": "Blok B (SDI-B176-176)", "fungsi_bangunan": "Rumah Tinggal", "jumlah_lantai": 1, "tinggi_lantai": 4.0, "tinggi_total": 4.0, "luas_m2": 52.56, "jarak_match_m": 3.28, "metode_match": "optimal_nearest", "status_match": "OK" }, "geometry": { "type": "Polygon", "coordinates": [ [ [ 105.233700844742231, -5.551293250527566 ], [ 105.233726957060213, -5.551374265997389 ], [ 105.233678953739982, -5.551389738017889 ], [ 105.233652841427684, -5.551308722545724 ], [ 105.233700844742231, -5.551293250527566 ] ] ] } },
{ "type": "Feature", "properties": { "point_id": 495, "footprint_id": 796, "id_bangunan": "Blol B (SDI-B177-177)", "fungsi_bangunan": "Rumah Tinggal", "jumlah_lantai": 1, "tinggi_lantai": 4.0, "tinggi_total": 4.0, "luas_m2": 15.46, "jarak_match_m": 4.74, "metode_match": "optimal_nearest", "status_match": "OK" }, "geometry": { "type": "Polygon", "coordinates": [ [ [ 105.233699667222282, -5.551146078000746 ], [ 105.233710969519038, -5.551123472938199 ], [ 105.23375142036403, -5.551144887840479 ], [ 105.233738333824647, -5.551171656757554 ], [ 105.233699667222282, -5.551146078000746 ] ] ] } },
{ "type": "Feature", "properties": { "point_id": 496, "footprint_id": 698, "id_bangunan": "Blok B (SDI-B178-178)", "fungsi_bangunan": "Rumah Tinggal", "jumlah_lantai": 1, "tinggi_lantai": 4.0, "tinggi_total": 4.0, "luas_m2": 122.6, "jarak_match_m": 4.07, "metode_match": "optimal_nearest", "status_match": "OK" }, "geometry": { "type": "Polygon", "coordinates": [ [ [ 105.233581387657736, -5.551076168115797 ], [ 105.233620411169355, -5.551118522364061 ], [ 105.23351190744215, -5.551207990602903 ], [ 105.233492871483975, -5.551185623687427 ], [ 105.23347859444408, -5.551192761499911 ], [ 105.233454323956408, -5.551155166149359 ], [ 105.23346622136215, -5.551146599947775 ], [ 105.23345955873873, -5.551136606318795 ], [ 105.233491444131374, -5.551114715032726 ], [ 105.233506672074583, -5.551133274922688 ], [ 105.233581387657736, -5.551076168115797 ] ] ] } },
{ "type": "Feature", "properties": { "point_id": 497, "footprint_id": 874, "id_bangunan": "Blok B (SDI-B179-179)", "fungsi_bangunan": "Rumah Tinggal", "jumlah_lantai": 1, "tinggi_lantai": 4.0, "tinggi_total": 4.0, "luas_m2": 121.81, "jarak_match_m": 2.82, "metode_match": "optimal_nearest", "status_match": "OK" }, "geometry": { "type": "Polygon", "coordinates": [ [ [ 105.233600290007587, -5.550800384180532 ], [ 105.233606952456725, -5.550800764210132 ], [ 105.233606572283804, -5.550793721746203 ], [ 105.233637410062727, -5.550791817959717 ], [ 105.23363760063306, -5.550798861403181 ], [ 105.233664631146681, -5.550797338163605 ], [ 105.233678565145723, -5.550932530040097 ], [ 105.233650487731666, -5.550942047083938 ], [ 105.233602422053366, -5.550932053535655 ], [ 105.233600290007587, -5.550800384180532 ] ] ] } },
{ "type": "Feature", "properties": { "point_id": 498, "footprint_id": 995, "id_bangunan": "Blok B (SDI-B180-180)", "fungsi_bangunan": "Rumah Tinggal", "jumlah_lantai": 1, "tinggi_lantai": 4.0, "tinggi_total": 4.0, "luas_m2": 108.32, "jarak_match_m": 0.76, "metode_match": "optimal_nearest", "status_match": "OK" }, "geometry": { "type": "Polygon", "coordinates": [ [ [ 105.233318143114047, -5.551096658112081 ], [ 105.233275596585543, -5.551125439707902 ], [ 105.233266403603892, -5.551111851135278 ], [ 105.233253906435451, -5.551119775275935 ], [ 105.233229435134447, -5.551081181273164 ], [ 105.233247595518804, -5.551069666195807 ], [ 105.233286162334494, -5.551043576568827 ], [ 105.233282805283011, -5.551036257555193 ], [ 105.233349836054273, -5.551005514083932 ], [ 105.233378864845932, -5.551068808353501 ], [ 105.233318143114047, -5.551096658112081 ] ] ] } },
{ "type": "Feature", "properties": { "point_id": 499, "footprint_id": 999, "id_bangunan": "Blok B (SDI-B181-181)", "fungsi_bangunan": "Rumah Tinggal", "jumlah_lantai": 1, "tinggi_lantai": 4.0, "tinggi_total": 4.0, "luas_m2": 13.32, "jarak_match_m": 9.32, "metode_match": "optimal_nearest", "status_match": "OK" }, "geometry": { "type": "Polygon", "coordinates": [ [ [ 105.233507736528935, -5.551011572521136 ], [ 105.233543693396541, -5.551029772317378 ], [ 105.233531498738543, -5.55105386495593 ], [ 105.233495541869431, -5.551035664254367 ], [ 105.233507736528935, -5.551011572521136 ] ] ] } },
{ "type": "Feature", "properties": { "point_id": 500, "footprint_id": 996, "id_bangunan": "Blok B (SDI-B182-182)", "fungsi_bangunan": "Rumah Tinggal", "jumlah_lantai": 1, "tinggi_lantai": 4.0, "tinggi_total": 4.0, "luas_m2": 232.88, "jarak_match_m": 3.91, "metode_match": "optimal_nearest", "status_match": "OK" }, "geometry": { "type": "Polygon", "coordinates": [ [ [ 105.233219798306763, -5.551165017967188 ], [ 105.233141993546397, -5.551221109134299 ], [ 105.233138319557298, -5.55121601294279 ], [ 105.233113150796925, -5.551231452390681 ], [ 105.233110988836188, -5.551227928769867 ], [ 105.233052598040615, -5.551268926510337 ], [ 105.233065608920867, -5.551295411923323 ], [ 105.233029060418843, -5.551313366227589 ], [ 105.232984707411831, -5.551223076316396 ], [ 105.233021255910216, -5.551205122919651 ], [ 105.233024320907319, -5.551211361911025 ], [ 105.233196714078773, -5.551090320179711 ], [ 105.2332331229657, -5.551142175099715 ], [ 105.233213342853631, -5.551156063683703 ], [ 105.233219798306763, -5.551165017967188 ] ] ] } },
{ "type": "Feature", "properties": { "point_id": 501, "footprint_id": 994, "id_bangunan": "Blok B (SDI-B183-183)", "fungsi_bangunan": "Rumah Tinggal", "jumlah_lantai": 1, "tinggi_lantai": 4.0, "tinggi_total": 4.0, "luas_m2": 165.25, "jarak_match_m": 9.34, "metode_match": "optimal_nearest", "status_match": "OK" }, "geometry": { "type": "Polygon", "coordinates": [ [ [ 105.233260221603089, -5.550886665417702 ], [ 105.233268168085573, -5.550901201639513 ], [ 105.233274950623695, -5.550897002343029 ], [ 105.233321350751936, -5.550971955985107 ], [ 105.23320564048116, -5.551043585723679 ], [ 105.233159240361559, -5.550968632976976 ], [ 105.233199959971301, -5.550943425434188 ], [ 105.233189935388253, -5.550925088738225 ], [ 105.233260221603089, -5.550886665417702 ] ] ] } },
{ "type": "Feature", "properties": { "point_id": 502, "footprint_id": 878, "id_bangunan": "Blok B-(SDI-B184-184)", "fungsi_bangunan": "Rumah Tinggal", "jumlah_lantai": 1, "tinggi_lantai": 4.0, "tinggi_total": 4.0, "luas_m2": 19.93, "jarak_match_m": 3.27, "metode_match": "optimal_nearest", "status_match": "OK" }, "geometry": { "type": "Polygon", "coordinates": [ [ [ 105.23355867621531, -5.550813190407884 ], [ 105.233583660617356, -5.550820328993582 ], [ 105.233569859055251, -5.550854117283314 ], [ 105.233557010698135, -5.550878150474444 ], [ 105.233533929764235, -5.55086696649508 ], [ 105.23355867621531, -5.550813190407884 ] ] ] } },
{ "type": "Feature", "properties": { "point_id": 503, "footprint_id": 877, "id_bangunan": "Blok B (SDI-B186-186)", "fungsi_bangunan": "Rumah Tinggal", "jumlah_lantai": 1, "tinggi_lantai": 4.0, "tinggi_total": 4.0, "luas_m2": 62.0, "jarak_match_m": 0.0, "metode_match": "within", "status_match": "OK" }, "geometry": { "type": "Polygon", "coordinates": [ [ [ 105.233455288290585, -5.550811049255613 ], [ 105.233508825982312, -5.550829489982807 ], [ 105.233484437135004, -5.550910986778069 ], [ 105.233452908504873, -5.550905632911403 ], [ 105.233428519562082, -5.550899684590035 ], [ 105.233455288290585, -5.550811049255613 ] ] ] } },
{ "type": "Feature", "properties": { "point_id": 504, "footprint_id": 757, "id_bangunan": "SDI-C06-006", "fungsi_bangunan": "Rumah Tinggal dan Warung", "jumlah_lantai": 2, "tinggi_lantai": 4.0, "tinggi_total": 8.0, "luas_m2": 120.09, "jarak_match_m": 2.6, "metode_match": "optimal_nearest", "status_match": "OK" }, "geometry": { "type": "Polygon", "coordinates": [ [ [ 105.234513439186017, -5.552410398325952 ], [ 105.234562813016638, -5.552387793519188 ], [ 105.234577684965785, -5.552416942316776 ], [ 105.234630627154715, -5.552392553044973 ], [ 105.23466215521907, -5.552455608327793 ], [ 105.234555674225504, -5.552502603161724 ], [ 105.234513439186017, -5.552410398325952 ] ] ] } },
{ "type": "Feature", "properties": { "point_id": 505, "footprint_id": 793, "id_bangunan": "SDI-C33-033", "fungsi_bangunan": "Rumah Tinggal dan Warung", "jumlah_lantai": 1, "tinggi_lantai": 4.0, "tinggi_total": 4.0, "luas_m2": 157.83, "jarak_match_m": 0.0, "metode_match": "within", "status_match": "OK" }, "geometry": { "type": "Polygon", "coordinates": [ [ [ 105.236394482069883, -5.553995760086418 ], [ 105.236505722143221, -5.553944007327956 ], [ 105.236535465127815, -5.553999329454331 ], [ 105.236542602995044, -5.553996354858747 ], [ 105.236549146854216, -5.554009442360229 ], [ 105.236580080259372, -5.553993380780566 ], [ 105.23659435654821, -5.554015985602478 ], [ 105.236489065577771, -5.55407011881479 ], [ 105.236473004210453, -5.55404275449609 ], [ 105.236423630233375, -5.554060601064644 ], [ 105.236394482069883, -5.553995760086418 ] ] ] } },
{ "type": "Feature", "properties": { "point_id": 506, "footprint_id": 1220, "id_bangunan": "SDI-B42-042", "fungsi_bangunan": "Rumah Tinggal dan Warung", "jumlah_lantai": 2, "tinggi_lantai": 4.0, "tinggi_total": 8.0, "luas_m2": 127.59, "jarak_match_m": 0.0, "metode_match": "within", "status_match": "OK" }, "geometry": { "type": "Polygon", "coordinates": [ [ [ 105.229117632000083, -5.547108535999939 ], [ 105.229169333000101, -5.547025007999939 ], [ 105.229242858000106, -5.547074975999974 ], [ 105.229268556000108, -5.547047850999951 ], [ 105.229292627000092, -5.547061751999927 ], [ 105.229287248000077, -5.547126576999976 ], [ 105.229117632000083, -5.547108535999939 ] ] ] } },
{ "type": "Feature", "properties": { "point_id": 507, "footprint_id": 791, "id_bangunan": "SDI-C102-102", "fungsi_bangunan": "Rumah Tinggal dan Warung", "jumlah_lantai": 1, "tinggi_lantai": 4.0, "tinggi_total": 4.0, "luas_m2": 76.24, "jarak_match_m": 17.34, "metode_match": "optimal_nearest", "status_match": "PERLU_CEK" }, "geometry": { "type": "Polygon", "coordinates": [ [ [ 105.236278483589047, -5.554167081725122 ], [ 105.236332904463737, -5.554135128928039 ], [ 105.23635938467396, -5.554123061311177 ], [ 105.236387938519542, -5.554176004720876 ], [ 105.23632845204736, -5.554204558107928 ], [ 105.236323692650302, -5.554199204550781 ], [ 105.236285026595851, -5.554218834391182 ], [ 105.236260042295129, -5.554178383513538 ], [ 105.236278483589047, -5.554167081725122 ] ] ] } },
{ "type": "Feature", "properties": { "point_id": 508, "footprint_id": 777, "id_bangunan": "SDI-C103-103", "fungsi_bangunan": "Rumah Tinggal dan Warung", "jumlah_lantai": 1, "tinggi_lantai": 4.0, "tinggi_total": 4.0, "luas_m2": 120.12, "jarak_match_m": 23.92, "metode_match": "optimal_nearest", "status_match": "PERLU_CEK" }, "geometry": { "type": "Polygon", "coordinates": [ [ [ 105.235436153992609, -5.552678133835179 ], [ 105.235558101005864, -5.552632923864896 ], [ 105.235576542522651, -5.55267456427326 ], [ 105.2355634547569, -5.552679918619132 ], [ 105.235561670354585, -5.552674564773571 ], [ 105.235552747984514, -5.552678728763577 ], [ 105.235567024494799, -5.552717989822989 ], [ 105.235465897379385, -5.552753086685638 ], [ 105.235436153992609, -5.552678133835179 ] ] ] } },
{ "type": "Feature", "properties": { "point_id": 509, "footprint_id": 766, "id_bangunan": "SDI-C115-115", "fungsi_bangunan": "Rumah Tinggal dan Warung", "jumlah_lantai": 1, "tinggi_lantai": 4.0, "tinggi_total": 4.0, "luas_m2": 203.57, "jarak_match_m": 0.0, "metode_match": "within", "status_match": "OK" }, "geometry": { "type": "Polygon", "coordinates": [ [ [ 105.234660055549895, -5.55308669333962 ], [ 105.234756423755655, -5.553040294135011 ], [ 105.234812935511641, -5.553167595069603 ], [ 105.234704669807897, -5.553224701791117 ], [ 105.234664813725843, -5.553143800393137 ], [ 105.234682065106242, -5.553137256622213 ], [ 105.234660055549895, -5.55308669333962 ] ] ] } },
{ "type": "Feature", "properties": { "point_id": 510, "footprint_id": 1094, "id_bangunan": "SDI-A40-040", "fungsi_bangunan": "Rumah tinggal dan Warung", "jumlah_lantai": 1, "tinggi_lantai": 4.0, "tinggi_total": 4.0, "luas_m2": 221.14, "jarak_match_m": 0.0, "metode_match": "within", "status_match": "OK" }, "geometry": { "type": "MultiPolygon", "coordinates": [ [ [ [ 105.2250701560001, -5.543933378999952 ], [ 105.225041718000085, -5.544064771999955 ], [ 105.224932771000084, -5.544041190999956 ], [ 105.224961209000099, -5.543909798999942 ], [ 105.2250701560001, -5.543933378999952 ] ] ], [ [ [ 105.2250701560001, -5.543933378999952 ], [ 105.224918581000082, -5.543899993999949 ], [ 105.224922845000066, -5.543880633999951 ], [ 105.22507442000007, -5.543914018999932 ], [ 105.2250701560001, -5.543933378999952 ] ] ] ] } },
{ "type": "Feature", "properties": { "point_id": 511, "footprint_id": 257, "id_bangunan": "Blok D (SDI-D85-085)", "fungsi_bangunan": "rumah tinggal dan warung", "jumlah_lantai": 1, "tinggi_lantai": 4.0, "tinggi_total": 4.0, "luas_m2": 121.02, "jarak_match_m": 10.52, "metode_match": "optimal_nearest", "status_match": "OK" }, "geometry": { "type": "Polygon", "coordinates": [ [ [ 105.240656234947679, -5.555340714126578 ], [ 105.240776397594203, -5.555267902383456 ], [ 105.24081542097592, -5.55533024410129 ], [ 105.240692878819075, -5.555397582855512 ], [ 105.240656234947679, -5.555340714126578 ] ] ] } },
{ "type": "Feature", "properties": { "point_id": 512, "footprint_id": 269, "id_bangunan": "SDI-D10-010", "fungsi_bangunan": "Komersial", "jumlah_lantai": 1, "tinggi_lantai": 4.0, "tinggi_total": 4.0, "luas_m2": 77.07, "jarak_match_m": 3.89, "metode_match": "optimal_nearest", "status_match": "OK" }, "geometry": { "type": "Polygon", "coordinates": [ [ [ 105.240101112082215, -5.55438377199116 ], [ 105.240053199955227, -5.554421686763903 ], [ 105.240045824103575, -5.554412168441495 ], [ 105.240041354376544, -5.554415442334714 ], [ 105.239995140943293, -5.554347209759212 ], [ 105.240050107129818, -5.554306759137539 ], [ 105.240059386595419, -5.554319369645254 ], [ 105.240101112082215, -5.55438377199116 ] ] ] } },
{ "type": "Feature", "properties": { "point_id": 513, "footprint_id": 191, "id_bangunan": "Blok D (SDI-D104-104)", "fungsi_bangunan": "Komersial", "jumlah_lantai": 1, "tinggi_lantai": 4.0, "tinggi_total": 4.0, "luas_m2": 82.21, "jarak_match_m": 12.01, "metode_match": "optimal_nearest", "status_match": "OK" }, "geometry": { "type": "Polygon", "coordinates": [ [ [ 105.241364232788314, -5.556422018028152 ], [ 105.241445134955981, -5.556372049831588 ], [ 105.241482243455209, -5.556432130684088 ], [ 105.241401342186151, -5.55648209979012 ], [ 105.241364232788314, -5.556422018028152 ] ] ] } },
{ "type": "Feature", "properties": { "point_id": 514, "footprint_id": 562, "id_bangunan": "SDI-B38-038", "fungsi_bangunan": "Penginapan", "jumlah_lantai": 1, "tinggi_lantai": 4.0, "tinggi_total": 4.0, "luas_m2": 144.87, "jarak_match_m": 0.27, "metode_match": "optimal_nearest", "status_match": "OK" }, "geometry": { "type": "Polygon", "coordinates": [ [ [ 105.229355212547446, -5.547032381966362 ], [ 105.229404586582774, -5.546973489799442 ], [ 105.229514042094678, -5.547069263121966 ], [ 105.22946228838309, -5.547135888172995 ], [ 105.229355212547446, -5.547032381966362 ] ] ] } },
{ "type": "Feature", "properties": { "point_id": 515, "footprint_id": 1252, "id_bangunan": "SDI-A07-007", "fungsi_bangunan": "Toko/Warung", "jumlah_lantai": 1, "tinggi_lantai": 4.0, "tinggi_total": 4.0, "luas_m2": 19.8, "jarak_match_m": 3.53, "metode_match": "optimal_nearest", "status_match": "OK" }, "geometry": { "type": "Polygon", "coordinates": [ [ [ 105.227286561000113, -5.545055428999937 ], [ 105.227304645000089, -5.545014500999963 ], [ 105.227337005000052, -5.545030681999944 ], [ 105.227318921000091, -5.545071607999951 ], [ 105.227286561000113, -5.545055428999937 ] ] ] } },
{ "type": "Feature", "properties": { "point_id": 516, "footprint_id": 715, "id_bangunan": "SDI-C25-025", "fungsi_bangunan": "Toko/Warung", "jumlah_lantai": 1, "tinggi_lantai": 4.0, "tinggi_total": 4.0, "luas_m2": 71.06, "jarak_match_m": 6.63, "metode_match": "optimal_nearest", "status_match": "OK" }, "geometry": { "type": "Polygon", "coordinates": [ [ [ 105.235014961541225, -5.551581613278567 ], [ 105.235032212719943, -5.551606597971575 ], [ 105.235017341167406, -5.551614925657223 ], [ 105.235026264313646, -5.55163098759023 ], [ 105.235018530804524, -5.551634556751394 ], [ 105.235028048905292, -5.55164823834303 ], [ 105.234962613337117, -5.551689879553202 ], [ 105.234926921896644, -5.551639910635219 ], [ 105.235014961541225, -5.551581613278567 ] ] ] } },
{ "type": "Feature", "properties": { "point_id": 517, "footprint_id": 1223, "id_bangunan": "SDI-B01-001", "fungsi_bangunan": "Toko/Warung", "jumlah_lantai": 1, "tinggi_lantai": 4.0, "tinggi_total": 4.0, "luas_m2": 167.39, "jarak_match_m": 0.0, "metode_match": "within", "status_match": "OK" }, "geometry": { "type": "Polygon", "coordinates": [ [ [ 105.22846858200009, -5.545852646999948 ], [ 105.228542821000104, -5.545924982999967 ], [ 105.228450773000105, -5.546019452999922 ], [ 105.228376534000091, -5.545947116999964 ], [ 105.22846858200009, -5.545852646999948 ] ] ] } },
{ "type": "Feature", "properties": { "point_id": 518, "footprint_id": 545, "id_bangunan": "SD1-B03-003", "fungsi_bangunan": "Toko/Warung", "jumlah_lantai": 1, "tinggi_lantai": 4.0, "tinggi_total": 4.0, "luas_m2": 51.05, "jarak_match_m": 4.44, "metode_match": "optimal_nearest", "status_match": "OK" }, "geometry": { "type": "Polygon", "coordinates": [ [ [ 105.229232909028937, -5.547097400567865 ], [ 105.229245995418736, -5.547076937078322 ], [ 105.229269790197279, -5.547045765745914 ], [ 105.22930000922392, -5.547066943400408 ], [ 105.229295488154278, -5.547072892251749 ], [ 105.229319996529341, -5.547091689298588 ], [ 105.229288350065872, -5.547138326676234 ], [ 105.229232909028937, -5.547097400567865 ] ] ] } },
{ "type": "Feature", "properties": { "point_id": 519, "footprint_id": 384, "id_bangunan": "SDI-D04-004", "fungsi_bangunan": "Toko/Warung", "jumlah_lantai": 2, "tinggi_lantai": 4.0, "tinggi_total": 8.0, "luas_m2": 198.66, "jarak_match_m": 14.63, "metode_match": "optimal_nearest", "status_match": "OK" }, "geometry": { "type": "Polygon", "coordinates": [ [ [ 105.242050837030021, -5.553004777136266 ], [ 105.242187894162043, -5.552915547164224 ], [ 105.24224095576119, -5.552998590210704 ], [ 105.242102709114306, -5.553089010282021 ], [ 105.242050837030021, -5.553004777136266 ] ] ] } },
{ "type": "Feature", "properties": { "point_id": 520, "footprint_id": 374, "id_bangunan": "SDI-D05-005", "fungsi_bangunan": "Toko/Warung", "jumlah_lantai": 1, "tinggi_lantai": 4.0, "tinggi_total": 4.0, "luas_m2": 260.63, "jarak_match_m": 0.42, "metode_match": "optimal_nearest", "status_match": "OK" }, "geometry": { "type": "Polygon", "coordinates": [ [ [ 105.243660780092867, -5.551428621970693 ], [ 105.243758338613219, -5.551321784678044 ], [ 105.243783798379127, -5.551345102990298 ], [ 105.243778801274786, -5.551354620941033 ], [ 105.243861844533129, -5.551439567501133 ], [ 105.243758100032252, -5.551536649933241 ], [ 105.243660780092867, -5.551428621970693 ] ] ] } },
{ "type": "Feature", "properties": { "point_id": 521, "footprint_id": 523, "id_bangunan": "SDI-B04–004", "fungsi_bangunan": "Toko/Warung", "jumlah_lantai": 1, "tinggi_lantai": 4.0, "tinggi_total": 4.0, "luas_m2": 31.34, "jarak_match_m": 5.28, "metode_match": "optimal_nearest", "status_match": "OK" }, "geometry": { "type": "Polygon", "coordinates": [ [ [ 105.229403827982736, -5.548354249200989 ], [ 105.229411679687104, -5.548352821348591 ], [ 105.22941144192356, -5.548347348373171 ], [ 105.229460220543189, -5.548336165297147 ], [ 105.229462124544241, -5.548340448025426 ], [ 105.22946759718721, -5.548339020190672 ], [ 105.229475925397907, -5.548372095094512 ], [ 105.229411203587063, -5.548389464851911 ], [ 105.229403827982736, -5.548354249200989 ] ] ] } },
{ "type": "Feature", "properties": { "point_id": 522, "footprint_id": 404, "id_bangunan": "SDI-D06-006", "fungsi_bangunan": "Toko/Warung", "jumlah_lantai": 1, "tinggi_lantai": 4.0, "tinggi_total": 4.0, "luas_m2": 71.06, "jarak_match_m": 38.69, "metode_match": "optimal_nearest", "status_match": "PERLU_CEK" }, "geometry": { "type": "Polygon", "coordinates": [ [ [ 105.243394935502991, -5.552100284290466 ], [ 105.243368344562995, -5.552075121871128 ], [ 105.243376197055824, -5.552066793251756 ], [ 105.243335508178092, -5.552027294500608 ], [ 105.243378575815569, -5.551988985239362 ], [ 105.243445439237505, -5.55205323044256 ], [ 105.243394935502991, -5.552100284290466 ] ] ] } },
{ "type": "Feature", "properties": { "point_id": 523, "footprint_id": 689, "id_bangunan": "SDI-B07-007", "fungsi_bangunan": "Toko/Warung", "jumlah_lantai": 1, "tinggi_lantai": 4.0, "tinggi_total": 4.0, "luas_m2": 204.32, "jarak_match_m": 0.0, "metode_match": "within", "status_match": "OK" }, "geometry": { "type": "Polygon", "coordinates": [ [ [ 105.229929987679455, -5.549160542520407 ], [ 105.229918565994254, -5.549136271872369 ], [ 105.229935697909013, -5.549129133940218 ], [ 105.229918566635106, -5.549091300446963 ], [ 105.230039204962154, -5.549036334693049 ], [ 105.23005062609694, -5.549059177818243 ], [ 105.230073469159038, -5.549046328482378 ], [ 105.230108447585735, -5.549107719068691 ], [ 105.229949975159769, -5.549194807005389 ], [ 105.229929987679455, -5.549160542520407 ] ] ] } },
{ "type": "Feature", "properties": { "point_id": 524, "footprint_id": 309, "id_bangunan": "SDI-D11-011", "fungsi_bangunan": "Toko/Warung", "jumlah_lantai": 1, "tinggi_lantai": 4.0, "tinggi_total": 4.0, "luas_m2": 180.99, "jarak_match_m": 0.0, "metode_match": "within", "status_match": "OK" }, "geometry": { "type": "Polygon", "coordinates": [ [ [ 105.24010681778455, -5.554027945529501 ], [ 105.240063987300331, -5.554068634572507 ], [ 105.239947631190148, -5.553938001388437 ], [ 105.240025677910538, -5.553867093980675 ], [ 105.24008778174273, -5.553937049768254 ], [ 105.240082784593895, -5.553944426411249 ], [ 105.240057324692472, -5.553972028228071 ], [ 105.24010681778455, -5.554027945529501 ] ] ] } },
{ "type": "Feature", "properties": { "point_id": 525, "footprint_id": 345, "id_bangunan": "SDI-D12-012", "fungsi_bangunan": "Toko/Warung", "jumlah_lantai": 1, "tinggi_lantai": 4.0, "tinggi_total": 4.0, "luas_m2": 2.91, "jarak_match_m": 1.98, "metode_match": "optimal_nearest", "status_match": "OK" }, "geometry": { "type": "Polygon", "coordinates": [ [ [ 105.241117850436822, -5.553729203968148 ], [ 105.241136885759161, -5.553718020297694 ], [ 105.241143072948816, -5.553726348587348 ], [ 105.241124751189147, -5.553738245726484 ], [ 105.241117850436822, -5.553729203968148 ] ] ] } },
{ "type": "Feature", "properties": { "point_id": 526, "footprint_id": 554, "id_bangunan": "SDI-B37-037", "fungsi_bangunan": "Toko/Warung", "jumlah_lantai": 1, "tinggi_lantai": 4.0, "tinggi_total": 4.0, "luas_m2": 50.16, "jarak_match_m": 0.33, "metode_match": "optimal_nearest", "status_match": "OK" }, "geometry": { "type": "Polygon", "coordinates": [ [ [ 105.229456518728483, -5.54731496647657 ], [ 105.2294527111505, -5.547314490303942 ], [ 105.22945318709651, -5.547307828355466 ], [ 105.229468713193086, -5.547229365679494 ], [ 105.229515707757812, -5.547239477598994 ], [ 105.229498754289537, -5.547322758938652 ], [ 105.229456518728483, -5.54731496647657 ] ] ] } },
{ "type": "Feature", "properties": { "point_id": 527, "footprint_id": 2, "id_bangunan": "SDI-B44-044", "fungsi_bangunan": "Toko/Warung", "jumlah_lantai": 1, "tinggi_lantai": 4.0, "tinggi_total": 4.0, "luas_m2": 117.04, "jarak_match_m": 0.0, "metode_match": "within", "status_match": "OK" }, "geometry": { "type": "Polygon", "coordinates": [ [ [ 105.22939998485333, -5.546651389323501 ], [ 105.229398344576609, -5.546677705013057 ], [ 105.229417856066576, -5.546676753003651 ], [ 105.229415000958198, -5.54672053503583 ], [ 105.229393585136378, -5.546721011038658 ], [ 105.229384916636874, -5.546772251362182 ], [ 105.229317399468016, -5.546763249236553 ], [ 105.229327267937563, -5.546644336903101 ], [ 105.22939998485333, -5.546651389323501 ] ] ] } },
{ "type": "Feature", "properties": { "point_id": 528, "footprint_id": 846, "id_bangunan": "SDI-C38-038", "fungsi_bangunan": "Toko/Warung", "jumlah_lantai": 1, "tinggi_lantai": 4.0, "tinggi_total": 4.0, "luas_m2": 56.1, "jarak_match_m": 0.19, "metode_match": "optimal_nearest", "status_match": "OK" }, "geometry": { "type": "Polygon", "coordinates": [ [ [ 105.237378593123097, -5.552934655035564 ], [ 105.23738394642227, -5.552941793197923 ], [ 105.237392275116747, -5.552936439819382 ], [ 105.237430941063039, -5.552993546787228 ], [ 105.237380972741846, -5.553026264120096 ], [ 105.237336952645066, -5.552964398186146 ], [ 105.237378593123097, -5.552934655035564 ] ] ] } },
{ "type": "Feature", "properties": { "point_id": 529, "footprint_id": 820, "id_bangunan": "SDI-C54-054", "fungsi_bangunan": "Toko/Warung", "jumlah_lantai": 1, "tinggi_lantai": 4.0, "tinggi_total": 4.0, "luas_m2": 45.22, "jarak_match_m": 0.0, "metode_match": "within", "status_match": "OK" }, "geometry": { "type": "Polygon", "coordinates": [ [ [ 105.236731835360871, -5.551928420705591 ], [ 105.236769906686121, -5.551909861267177 ], [ 105.236807026971732, -5.551967443837678 ], [ 105.236772286158697, -5.551985527913695 ], [ 105.236775141664481, -5.551989335298726 ], [ 105.236759437204, -5.55199647376124 ], [ 105.236728028074211, -5.551944600789102 ], [ 105.236739925871674, -5.55193936630737 ], [ 105.236731835360871, -5.551928420705591 ] ] ] } },
{ "type": "Feature", "properties": { "point_id": 530, "footprint_id": 818, "id_bangunan": "SDI-C55-055", "fungsi_bangunan": "Toko/Warung", "jumlah_lantai": 1, "tinggi_lantai": 4.0, "tinggi_total": 4.0, "luas_m2": 23.43, "jarak_match_m": 0.0, "metode_match": "within", "status_match": "OK" }, "geometry": { "type": "Polygon", "coordinates": [ [ [ 105.23675325100055, -5.551863699702581 ], [ 105.236770382740801, -5.551903674252388 ], [ 105.236727552651743, -5.551918427067812 ], [ 105.236711847834826, -5.551879403625163 ], [ 105.23675325100055, -5.551863699702581 ] ] ] } },
{ "type": "Feature", "properties": { "point_id": 531, "footprint_id": 787, "id_bangunan": "Blok C (SDI-C82-082)", "fungsi_bangunan": "Toko/Warung", "jumlah_lantai": 1, "tinggi_lantai": 4.0, "tinggi_total": 4.0, "luas_m2": 113.94, "jarak_match_m": 41.3, "metode_match": "optimal_nearest", "status_match": "PERLU_CEK" }, "geometry": { "type": "Polygon", "coordinates": [ [ [ 105.235837093145932, -5.553691189246903 ], [ 105.23588289823229, -5.553671558395644 ], [ 105.235951902415763, -5.553794101246858 ], [ 105.235962014554943, -5.553789342427634 ], [ 105.23598045581484, -5.553825629167354 ], [ 105.235926917618286, -5.55384763869552 ], [ 105.235891226194212, -5.553773280788812 ], [ 105.235878733833317, -5.553777444400146 ], [ 105.235837093145932, -5.553691189246903 ] ] ] } },
{ "type": "Feature", "properties": { "point_id": 532, "footprint_id": 790, "id_bangunan": "Blok C (SDI-C88-088)", "fungsi_bangunan": "Toko/Warung", "jumlah_lantai": 1, "tinggi_lantai": 4.0, "tinggi_total": 4.0, "luas_m2": 188.89, "jarak_match_m": 27.18, "metode_match": "optimal_nearest", "status_match": "PERLU_CEK" }, "geometry": { "type": "Polygon", "coordinates": [ [ [ 105.23620709909315, -5.553985052639802 ], [ 105.23627074966646, -5.553958878609281 ], [ 105.23630406234868, -5.554036210988809 ], [ 105.236321313260547, -5.554028477570228 ], [ 105.23635938467396, -5.554123061311177 ], [ 105.236312390288646, -5.554144476623016 ], [ 105.236281457251664, -5.55415696848489 ], [ 105.236271939272044, -5.55414150206535 ], [ 105.2362630168858, -5.5541456660666 ], [ 105.236257663114358, -5.554137338294601 ], [ 105.236263016661297, -5.55413376916354 ], [ 105.23620709909315, -5.553985052639802 ] ] ] } },
{ "type": "Feature", "properties": { "point_id": 533, "footprint_id": 303, "id_bangunan": "SDI-D49-049", "fungsi_bangunan": "Toko/Warung", "jumlah_lantai": 1, "tinggi_lantai": 4.0, "tinggi_total": 4.0, "luas_m2": 47.2, "jarak_match_m": 0.0, "metode_match": "within", "status_match": "OK" }, "geometry": { "type": "Polygon", "coordinates": [ [ [ 105.240468019889832, -5.553701959639556 ], [ 105.240512039705308, -5.553655322087435 ], [ 105.240555583540868, -5.553699580079105 ], [ 105.240512753462781, -5.553743362111301 ], [ 105.240468019889832, -5.553701959639556 ] ] ] } },
{ "type": "Feature", "properties": { "point_id": 534, "footprint_id": 209, "id_bangunan": "Blok D (SDI-D34-034)", "fungsi_bangunan": "Toko/Warung", "jumlah_lantai": 1, "tinggi_lantai": 4.0, "tinggi_total": 4.0, "luas_m2": 155.27, "jarak_match_m": 30.01, "metode_match": "optimal_nearest", "status_match": "PERLU_CEK" }, "geometry": { "type": "Polygon", "coordinates": [ [ [ 105.244893925645215, -5.556179551280919 ], [ 105.244880411035751, -5.556095763881054 ], [ 105.245027938160192, -5.556071968612179 ], [ 105.245041451887161, -5.556155756912831 ], [ 105.244893925645215, -5.556179551280919 ] ] ] } },
{ "type": "Feature", "properties": { "point_id": 535, "footprint_id": 353, "id_bangunan": "SDI-D51-051", "fungsi_bangunan": "Toko/Warung", "jumlah_lantai": 1, "tinggi_lantai": 4.0, "tinggi_total": 4.0, "luas_m2": 97.62, "jarak_match_m": 2.44, "metode_match": "optimal_nearest", "status_match": "OK" }, "geometry": { "type": "Polygon", "coordinates": [ [ [ 105.240650286572873, -5.553477695231717 ], [ 105.240744275144891, -5.553399886992207 ], [ 105.240776160103678, -5.553439623812109 ], [ 105.240760217357135, -5.553455804338053 ], [ 105.240770925014729, -5.553465798038713 ], [ 105.240693116383198, -5.553531233285131 ], [ 105.240650286572873, -5.553477695231717 ] ] ] } },
{ "type": "Feature", "properties": { "point_id": 536, "footprint_id": 294, "id_bangunan": "Blok D (SDI-D76-076)", "fungsi_bangunan": "Toko/Warung", "jumlah_lantai": 1, "tinggi_lantai": 4.0, "tinggi_total": 4.0, "luas_m2": 124.31, "jarak_match_m": 4.85, "metode_match": "optimal_nearest", "status_match": "OK" }, "geometry": { "type": "Polygon", "coordinates": [ [ [ 105.241367333572597, -5.554683696381682 ], [ 105.241320580498368, -5.554740831631262 ], [ 105.24121826352372, -5.554658502479288 ], [ 105.241249196288265, -5.554621144568783 ], [ 105.241241106819885, -5.554613054977629 ], [ 105.241258952107074, -5.554592829023639 ], [ 105.241367333572597, -5.554683696381682 ] ] ] } },
{ "type": "Feature", "properties": { "point_id": 537, "footprint_id": 340, "id_bangunan": "SDI-D77-077", "fungsi_bangunan": "Toko/Warung", "jumlah_lantai": 1, "tinggi_lantai": 4.0, "tinggi_total": 4.0, "luas_m2": 199.63, "jarak_match_m": 5.04, "metode_match": "optimal_nearest", "status_match": "OK" }, "geometry": { "type": "Polygon", "coordinates": [ [ [ 105.241062646812495, -5.554506930519476 ], [ 105.241102384188636, -5.554473380265089 ], [ 105.241077637076785, -5.554448634030885 ], [ 105.241136172335217, -5.554403900201415 ], [ 105.241148069397326, -5.55441460807274 ], [ 105.241152114161366, -5.554409848928707 ], [ 105.241147593257637, -5.554402710463584 ], [ 105.24117567111557, -5.554378678140433 ], [ 105.24118185744193, -5.554384864245931 ], [ 105.241188996174841, -5.554379629808113 ], [ 105.241259428473938, -5.554461007645179 ], [ 105.241257286815369, -5.554463148894058 ], [ 105.24127917777605, -5.554484801519102 ], [ 105.24122611551131, -5.554533342559853 ], [ 105.241167105453997, -5.554462910703756 ], [ 105.241086441132012, -5.55453548476577 ], [ 105.241062646812495, -5.554506930519476 ] ] ] } },
{ "type": "Feature", "properties": { "point_id": 538, "footprint_id": 166, "id_bangunan": "Blok D (SDI-D133-133)", "fungsi_bangunan": "Toko/Warung", "jumlah_lantai": 1, "tinggi_lantai": 4.0, "tinggi_total": 4.0, "luas_m2": 54.21, "jarak_match_m": 0.0, "metode_match": "within", "status_match": "OK" }, "geometry": { "type": "Polygon", "coordinates": [ [ [ 105.242251008567948, -5.558694093380623 ], [ 105.242322391652721, -5.558698852333744 ], [ 105.242318275369996, -5.558760601908515 ], [ 105.24224689137489, -5.558755842955601 ], [ 105.242251008567948, -5.558694093380623 ] ] ] } },
{ "type": "Feature", "properties": { "point_id": 539, "footprint_id": 301, "id_bangunan": "Blok D (SDI-D138-138)", "fungsi_bangunan": "Toko/Warung", "jumlah_lantai": 1, "tinggi_lantai": 4.0, "tinggi_total": 4.0, "luas_m2": 145.04, "jarak_match_m": 2.04, "metode_match": "optimal_nearest", "status_match": "OK" }, "geometry": { "type": "Polygon", "coordinates": [ [ [ 105.240622446636678, -5.554326329753374 ], [ 105.240593892637236, -5.554293968897547 ], [ 105.240583185562031, -5.554303249419645 ], [ 105.240539403518099, -5.55425280470796 ], [ 105.240543210215932, -5.554248759424521 ], [ 105.240534168811408, -5.554235434163523 ], [ 105.240560342518705, -5.554211401739329 ], [ 105.240572715542015, -5.554224726547985 ], [ 105.240641720594127, -5.554173330364749 ], [ 105.240684074220027, -5.55422805820886 ], [ 105.240641244189021, -5.554260895031037 ], [ 105.240667894019538, -5.554293254850948 ], [ 105.240622446636678, -5.554326329753374 ] ] ] } },
{ "type": "Feature", "properties": { "point_id": 540, "footprint_id": 266, "id_bangunan": "SDI-D58-058", "fungsi_bangunan": "TPQ", "jumlah_lantai": 1, "tinggi_lantai": 4.0, "tinggi_total": 4.0, "luas_m2": 87.33, "jarak_match_m": 7.05, "metode_match": "optimal_nearest", "status_match": "OK" }, "geometry": { "type": "Polygon", "coordinates": [ [ [ 105.240191446843227, -5.554602287768848 ], [ 105.240269731212365, -5.554547322673786 ], [ 105.240314940987659, -5.554605143245697 ], [ 105.240233801582249, -5.554662011962329 ], [ 105.240191446843227, -5.554602287768848 ] ] ] } },
{ "type": "Feature", "properties": { "point_id": 541, "footprint_id": 1138, "id_bangunan": "SDI-A17-017", "fungsi_bangunan": "Tempat Ibadah", "jumlah_lantai": 1, "tinggi_lantai": 4.0, "tinggi_total": 4.0, "luas_m2": 70.65, "jarak_match_m": 7.43, "metode_match": "optimal_nearest", "status_match": "OK" }, "geometry": { "type": "Polygon", "coordinates": [ [ [ 105.225563884000081, -5.544638874999983 ], [ 105.225589866000092, -5.54463883599993 ], [ 105.225589819000078, -5.544644082999985 ], [ 105.225608385000072, -5.544644246999944 ], [ 105.225610282000076, -5.54473592999995 ], [ 105.225547941000087, -5.544737832999946 ], [ 105.225549509000103, -5.544642343999945 ], [ 105.225563169000083, -5.544644558999951 ], [ 105.225563884000081, -5.544638874999983 ] ] ] } },
{ "type": "Feature", "properties": { "point_id": 542, "footprint_id": 41, "id_bangunan": "SDI-D01-001", "fungsi_bangunan": "Tempat Ibadah", "jumlah_lantai": 1, "tinggi_lantai": 4.0, "tinggi_total": 4.0, "luas_m2": 67.41, "jarak_match_m": 14.46, "metode_match": "optimal_nearest", "status_match": "OK" }, "geometry": { "type": "Polygon", "coordinates": [ [ [ 105.251551124971357, -5.557581940501912 ], [ 105.251616083831181, -5.557618346196884 ], [ 105.251581105763862, -5.557685447212271 ], [ 105.251519001514694, -5.557650468720478 ], [ 105.251551124971357, -5.557581940501912 ] ] ] } },
{ "type": "Feature", "properties": { "point_id": 543, "footprint_id": 171, "id_bangunan": "SDI-D02-002", "fungsi_bangunan": "Tempat Ibadah", "jumlah_lantai": 1, "tinggi_lantai": 4.0, "tinggi_total": 4.0, "luas_m2": 121.76, "jarak_match_m": 3.1, "metode_match": "optimal_nearest", "status_match": "OK" }, "geometry": { "type": "Polygon", "coordinates": [ [ [ 105.242324771198014, -5.558222960129686 ], [ 105.242450779398013, -5.558231658057156 ], [ 105.242445357208908, -5.558310207299592 ], [ 105.242319348992183, -5.55830150937171 ], [ 105.242324771198014, -5.558222960129686 ] ] ] } },
{ "type": "Feature", "properties": { "point_id": 544, "footprint_id": 222, "id_bangunan": "SDI-D03-003", "fungsi_bangunan": "Tempat Ibadah", "jumlah_lantai": 1, "tinggi_lantai": 4.0, "tinggi_total": 4.0, "luas_m2": 103.84, "jarak_match_m": 4.66, "metode_match": "optimal_nearest", "status_match": "OK" }, "geometry": { "type": "Polygon", "coordinates": [ [ [ 105.244218158892465, -5.555148055155652 ], [ 105.244265747518057, -5.555221818668652 ], [ 105.24418455963486, -5.555274198215097 ], [ 105.244136970111711, -5.555200434695801 ], [ 105.244218158892465, -5.555148055155652 ] ] ] } },
{ "type": "Feature", "properties": { "point_id": 545, "footprint_id": 641, "id_bangunan": "SDI-B06-006", "fungsi_bangunan": "Tempat Ibadah", "jumlah_lantai": 1, "tinggi_lantai": 4.0, "tinggi_total": 4.0, "luas_m2": 34.11, "jarak_match_m": 20.63, "metode_match": "optimal_nearest", "status_match": "PERLU_CEK" }, "geometry": { "type": "Polygon", "coordinates": [ [ [ 105.229784079300629, -5.549365917058797 ], [ 105.229839758490613, -5.549347357552886 ], [ 105.229853321049958, -5.549393042894366 ], [ 105.229798356027501, -5.549411603028767 ], [ 105.229784079300629, -5.549365917058797 ] ] ] } },
{ "type": "Feature", "properties": { "point_id": 546, "footprint_id": 1098, "id_bangunan": "SDI-A36-036", "fungsi_bangunan": "Tempat Ibadah", "jumlah_lantai": 1, "tinggi_lantai": 4.0, "tinggi_total": 4.0, "luas_m2": 86.04, "jarak_match_m": 14.39, "metode_match": "optimal_nearest", "status_match": "OK" }, "geometry": { "type": "Polygon", "coordinates": [ [ [ 105.225376032000071, -5.544108195999961 ], [ 105.22528799300008, -5.544096893999954 ], [ 105.225298073000062, -5.544018367999969 ], [ 105.225386114000074, -5.544029669999938 ], [ 105.225376032000071, -5.544108195999961 ] ] ] } },
{ "type": "Feature", "properties": { "point_id": 547, "footprint_id": 798, "id_bangunan": "SDI-C61-061", "fungsi_bangunan": "Tempat Ibadah", "jumlah_lantai": 1, "tinggi_lantai": 4.0, "tinggi_total": 4.0, "luas_m2": 168.78, "jarak_match_m": 10.14, "metode_match": "optimal_nearest", "status_match": "OK" }, "geometry": { "type": "Polygon", "coordinates": [ [ [ 105.236357003674044, -5.551561882640267 ], [ 105.236448374678304, -5.551541895194791 ], [ 105.236455512773901, -5.551569021550447 ], [ 105.236466934129282, -5.551569021504675 ], [ 105.236491204867775, -5.551661106731498 ], [ 105.236462651375874, -5.551665389859022 ], [ 105.236465506386949, -5.551686090469603 ], [ 105.236429814721106, -5.551692515017161 ], [ 105.236425532018842, -5.551682521376846 ], [ 105.236388412339849, -5.551687518068534 ], [ 105.236357003674044, -5.551561882640267 ] ] ] } },
{ "type": "Feature", "properties": { "point_id": 548, "footprint_id": 231, "id_bangunan": "Blok D (SDI-D21-021)", "fungsi_bangunan": "Tempat Ibadah", "jumlah_lantai": 1, "tinggi_lantai": 4.0, "tinggi_total": 4.0, "luas_m2": 127.08, "jarak_match_m": 39.24, "metode_match": "optimal_nearest", "status_match": "PERLU_CEK" }, "geometry": { "type": "Polygon", "coordinates": [ [ [ 105.244231484010925, -5.554519877073025 ], [ 105.244321427253027, -5.554608393100793 ], [ 105.244263733112575, -5.554667018511373 ], [ 105.244173788966549, -5.5545785024754 ], [ 105.244231484010925, -5.554519877073025 ] ] ] } },
{ "type": "Feature", "properties": { "point_id": 549, "footprint_id": 172, "id_bangunan": "Blok D (SDI-D116-116)", "fungsi_bangunan": "Tempat Ibadah", "jumlah_lantai": 1, "tinggi_lantai": 4.0, "tinggi_total": 4.0, "luas_m2": 94.48, "jarak_match_m": 7.52, "metode_match": "optimal_nearest", "status_match": "OK" }, "geometry": { "type": "Polygon", "coordinates": [ [ [ 105.242072548732295, -5.558032602887874 ], [ 105.242162967645925, -5.558020706002655 ], [ 105.242174007169709, -5.558104600331938 ], [ 105.242083587341142, -5.558116498124369 ], [ 105.242072548732295, -5.558032602887874 ] ] ] } },
{ "type": "Feature", "properties": { "point_id": 550, "footprint_id": 1212, "id_bangunan": "Blok B (SDI-B122-122)", "fungsi_bangunan": "Tempat Ibadah", "jumlah_lantai": 1, "tinggi_lantai": 4.0, "tinggi_total": 4.0, "luas_m2": 213.04, "jarak_match_m": 0.0, "metode_match": "within", "status_match": "OK" }, "geometry": { "type": "Polygon", "coordinates": [ [ [ 105.229115081000117, -5.546339722999956 ], [ 105.229074392000115, -5.546406108999976 ], [ 105.229030383000094, -5.546379136999973 ], [ 105.229016405000067, -5.546398019999973 ], [ 105.22893707100009, -5.546339292999967 ], [ 105.229019328000078, -5.546228170999944 ], [ 105.229098663000087, -5.546286897999946 ], [ 105.229076888000094, -5.546316313999965 ], [ 105.229115081000117, -5.546339722999956 ] ] ] } },
{ "type": "Feature", "properties": { "point_id": 551, "footprint_id": 922, "id_bangunan": "Blok B (SDI-B154-154)", "fungsi_bangunan": "Tempat Ibadah", "jumlah_lantai": 1, "tinggi_lantai": 4.0, "tinggi_total": 4.0, "luas_m2": 62.46, "jarak_match_m": 22.56, "metode_match": "optimal_nearest", "status_match": "PERLU_CEK" }, "geometry": { "type": "Polygon", "coordinates": [ [ [ 105.228862042173688, -5.551098869591589 ], [ 105.228934913321424, -5.551132182758382 ], [ 105.228909631753112, -5.551190181732397 ], [ 105.228835570267989, -5.551155977049312 ], [ 105.228862042173688, -5.551098869591589 ] ] ] } },
{ "type": "Feature", "properties": { "point_id": 552, "footprint_id": 406, "id_bangunan": "SDI-D07-007", "fungsi_bangunan": "Sekolah", "jumlah_lantai": 1, "tinggi_lantai": 4.0, "tinggi_total": 4.0, "luas_m2": 215.7, "jarak_match_m": 9.37, "metode_match": "optimal_nearest", "status_match": "OK" }, "geometry": { "type": "Polygon", "coordinates": [ [ [ 105.241845429880414, -5.552561305293167 ], [ 105.241773451454065, -5.552445306732254 ], [ 105.241766312797836, -5.552450660588462 ], [ 105.241762149156699, -5.552449470882978 ], [ 105.241747277721728, -5.552426865530346 ], [ 105.241751440987045, -5.552422701586255 ], [ 105.241743113438829, -5.552410804474881 ], [ 105.241751440938657, -5.552404855785254 ], [ 105.241828773607622, -5.552359645602995 ], [ 105.241855542896033, -5.552406045310756 ], [ 105.241843050260073, -5.552413778748419 ], [ 105.241903726694915, -5.552512525950202 ], [ 105.241904321447123, -5.552511931359361 ], [ 105.241937633803673, -5.552571417596623 ], [ 105.241898372951937, -5.552595212086803 ], [ 105.241870414430338, -5.552544053566123 ], [ 105.241845429880414, -5.552561305293167 ] ] ] } },
{ "type": "Feature", "properties": { "point_id": 553, "footprint_id": 268, "id_bangunan": "SDI-D09-009", "fungsi_bangunan": "Sekolah", "jumlah_lantai": 1, "tinggi_lantai": 4.0, "tinggi_total": 4.0, "luas_m2": 63.73, "jarak_match_m": 10.69, "metode_match": "optimal_nearest", "status_match": "OK" }, "geometry": { "type": "Polygon", "coordinates": [ [ [ 105.240136005744517, -5.554437629026674 ], [ 105.240075567328589, -5.554482838468923 ], [ 105.240028929942753, -5.554424541712623 ], [ 105.240045824103575, -5.554412168441495 ], [ 105.240053199955227, -5.554421686763903 ], [ 105.240101112082215, -5.55438377199116 ], [ 105.240136005744517, -5.554437629026674 ] ] ] } },
{ "type": "Feature", "properties": { "point_id": 554, "footprint_id": 817, "id_bangunan": "SDI-C60-060", "fungsi_bangunan": "Sekolah", "jumlah_lantai": 1, "tinggi_lantai": 4.0, "tinggi_total": 4.0, "luas_m2": 123.24, "jarak_match_m": 36.42, "metode_match": "optimal_nearest", "status_match": "PERLU_CEK" }, "geometry": { "type": "Polygon", "coordinates": [ [ [ 105.236762768713106, -5.551769949085502 ], [ 105.236758485152109, -5.551753292784125 ], [ 105.236817972401184, -5.551740919730292 ], [ 105.236822255393633, -5.551756147606892 ], [ 105.236834628525159, -5.551754244717319 ], [ 105.236844621763595, -5.551793267731431 ], [ 105.236827013813141, -5.551797550109236 ], [ 105.236835580466618, -5.551825152631416 ], [ 105.236718986352599, -5.551853229568391 ], [ 105.236702330446079, -5.551786129234491 ], [ 105.236762768713106, -5.551769949085502 ] ] ] } },
{ "type": "Feature", "properties": { "point_id": 555, "footprint_id": 272, "id_bangunan": "BLOK D (SDI-D68-068)", "fungsi_bangunan": "Sekolah", "jumlah_lantai": 1, "tinggi_lantai": 4.0, "tinggi_total": 4.0, "luas_m2": 103.98, "jarak_match_m": 0.88, "metode_match": "optimal_nearest", "status_match": "OK" }, "geometry": { "type": "Polygon", "coordinates": [ [ [ 105.24026354453072, -5.554368624729605 ], [ 105.240351584835039, -5.554296765153808 ], [ 105.240366574965705, -5.554318179987993 ], [ 105.240353250443022, -5.554327459761701 ], [ 105.240389417639534, -5.554375762688315 ], [ 105.240316606288104, -5.554434535908815 ], [ 105.24026354453072, -5.554368624729605 ] ] ] } },
{ "type": "Feature", "properties": { "point_id": 556, "footprint_id": 1221, "id_bangunan": "SD1-B02-002", "fungsi_bangunan": "Fasilitas Kesehatan", "jumlah_lantai": 1, "tinggi_lantai": 4.0, "tinggi_total": 4.0, "luas_m2": 61.48, "jarak_match_m": 3.81, "metode_match": "optimal_nearest", "status_match": "OK" }, "geometry": { "type": "Polygon", "coordinates": [ [ [ 105.229055472000113, -5.547101924999935 ], [ 105.228961098000099, -5.54709188599998 ], [ 105.228968744000071, -5.547036428999943 ], [ 105.229063685000114, -5.547053560999929 ], [ 105.229055472000113, -5.547101924999935 ] ] ] } },
{ "type": "Feature", "properties": { "point_id": 557, "footprint_id": 502, "id_bangunan": "SDI-B45-045", "fungsi_bangunan": "Fasilitas Kesehatan", "jumlah_lantai": 1, "tinggi_lantai": 4.0, "tinggi_total": 4.0, "luas_m2": 273.8, "jarak_match_m": 2.48, "metode_match": "optimal_nearest", "status_match": "OK" }, "geometry": { "type": "Polygon", "coordinates": [ [ [ 105.228783491373306, -5.547029558332053 ], [ 105.228834341667138, -5.547040994112376 ], [ 105.228823990678819, -5.547084181075929 ], [ 105.228915004849156, -5.547109165474351 ], [ 105.228912506777405, -5.54712130036859 ], [ 105.228964259651406, -5.547136648353182 ], [ 105.22894141714491, -5.547218739644887 ], [ 105.228801504673257, -5.547177694201677 ], [ 105.228798292215046, -5.547191613320628 ], [ 105.22877018516489, -5.547189597798845 ], [ 105.228771646457758, -5.547172022804963 ], [ 105.228746896500411, -5.547165915204562 ], [ 105.228748323755852, -5.547158419715597 ], [ 105.228745825245966, -5.547157706016638 ], [ 105.228777591629708, -5.547028501280976 ], [ 105.228783491373306, -5.547029558332053 ] ] ] } },
{ "type": "Feature", "properties": { "point_id": 558, "footprint_id": 259, "id_bangunan": "Blok D (SDI-D87-087)", "fungsi_bangunan": "Gedung Sekretariat / Bangunan Komunitas", "jumlah_lantai": 2, "tinggi_lantai": 4.0, "tinggi_total": 8.0, "luas_m2": 92.67, "jarak_match_m": 15.69, "metode_match": "optimal_nearest", "status_match": "PERLU_CEK" }, "geometry": { "type": "Polygon", "coordinates": [ [ [ 105.240613166776626, -5.555240776370573 ], [ 105.240577950920041, -5.55518747675703 ], [ 105.240671701393524, -5.55512299303679 ], [ 105.240712865649101, -5.555174627495474 ], [ 105.240613166776626, -5.555240776370573 ] ] ] } },
{ "type": "Feature", "properties": { "point_id": 559, "footprint_id": 254, "id_bangunan": "SDI-D08-008", "fungsi_bangunan": "Kantor", "jumlah_lantai": 2, "tinggi_lantai": 4.0, "tinggi_total": 8.0, "luas_m2": 141.88, "jarak_match_m": 7.67, "metode_match": "optimal_nearest", "status_match": "OK" }, "geometry": { "type": "Polygon", "coordinates": [ [ [ 105.240747368510057, -5.555493237009766 ], [ 105.240704061834052, -5.555426374746318 ], [ 105.240834218946816, -5.555354753041033 ], [ 105.24087395593601, -5.555422329605368 ], [ 105.240747368510057, -5.555493237009766 ] ] ] } },
{ "type": "Feature", "properties": { "point_id": 560, "footprint_id": 788, "id_bangunan": "Blok C (SDI-C87-087)", "fungsi_bangunan": "Pelayanan Umum", "jumlah_lantai": 1, "tinggi_lantai": 4.0, "tinggi_total": 4.0, "luas_m2": 401.99, "jarak_match_m": 4.09, "metode_match": "optimal_nearest", "status_match": "OK" }, "geometry": { "type": "Polygon", "coordinates": [ [ [ 105.236070875029853, -5.55386786410047 ], [ 105.236052434280822, -5.553835147067989 ], [ 105.236135715797843, -5.553792316238878 ], [ 105.236164269133113, -5.553844070061841 ], [ 105.236238031977805, -5.553808972255977 ], [ 105.236273129705154, -5.55386607982221 ], [ 105.236183899173085, -5.553911289534469 ], [ 105.236179141111833, -5.553904746375549 ], [ 105.235967963295437, -5.554017770368932 ], [ 105.235912045972114, -5.553914858384262 ], [ 105.23596677380003, -5.553885115530552 ], [ 105.235982239906619, -5.553911883945153 ], [ 105.236070875029853, -5.55386786410047 ] ] ] } },
{ "type": "Feature", "properties": { "point_id": 561, "footprint_id": 1244, "id_bangunan": "SDI-A02-002", "fungsi_bangunan": "Gudang", "jumlah_lantai": 1, "tinggi_lantai": 4.0, "tinggi_total": 4.0, "luas_m2": 92.48, "jarak_match_m": 0.0, "metode_match": "within", "status_match": "OK" }, "geometry": { "type": "Polygon", "coordinates": [ [ [ 105.227620810000104, -5.545195283999928 ], [ 105.227686958000078, -5.545094870999949 ], [ 105.227739415000116, -5.545129428999928 ], [ 105.227673267000085, -5.545229841999972 ], [ 105.227620810000104, -5.545195283999928 ] ] ] } },
{ "type": "Feature", "properties": { "point_id": 562, "footprint_id": 1181, "id_bangunan": "SDI-A10-010", "fungsi_bangunan": "Gudang", "jumlah_lantai": 2, "tinggi_lantai": 4.0, "tinggi_total": 8.0, "luas_m2": 31.16, "jarak_match_m": 0.0, "metode_match": "within", "status_match": "OK" }, "geometry": { "type": "Polygon", "coordinates": [ [ [ 105.226632589000104, -5.544924061999947 ], [ 105.226677324000065, -5.54494309799997 ], [ 105.226656829000063, -5.544991261999946 ], [ 105.226612095000092, -5.544972224999985 ], [ 105.226632589000104, -5.544924061999947 ] ] ] } },
{ "type": "Feature", "properties": { "point_id": 563, "footprint_id": 1256, "id_bangunan": "SDI-A22-022", "fungsi_bangunan": "Gudang", "jumlah_lantai": 1, "tinggi_lantai": 4.0, "tinggi_total": 4.0, "luas_m2": 44.91, "jarak_match_m": 0.0, "metode_match": "within", "status_match": "OK" }, "geometry": { "type": "Polygon", "coordinates": [ [ [ 105.225378484000061, -5.544408198999966 ], [ 105.225437495000079, -5.544422476999949 ], [ 105.225432594000068, -5.544483318999933 ], [ 105.225379651000111, -5.544479749999939 ], [ 105.225380867000098, -5.544461746999952 ], [ 105.225378484000061, -5.544408198999966 ] ] ] } },
{ "type": "Feature", "properties": { "point_id": 564, "footprint_id": 1130, "id_bangunan": "SDI-A34-034", "fungsi_bangunan": "Gudang", "jumlah_lantai": 1, "tinggi_lantai": 4.0, "tinggi_total": 4.0, "luas_m2": 35.02, "jarak_match_m": 6.08, "metode_match": "optimal_nearest", "status_match": "OK" }, "geometry": { "type": "Polygon", "coordinates": [ [ [ 105.225119638000109, -5.544311909999985 ], [ 105.225060444000093, -5.544382378999957 ], [ 105.225036649000089, -5.544362391999932 ], [ 105.225095843000105, -5.544291921999957 ], [ 105.225119638000109, -5.544311909999985 ] ] ] } },
{ "type": "Feature", "properties": { "point_id": 565, "footprint_id": 741, "id_bangunan": "SDI-C31-031", "fungsi_bangunan": "Gudang", "jumlah_lantai": 1, "tinggi_lantai": 4.0, "tinggi_total": 4.0, "luas_m2": 216.24, "jarak_match_m": 0.0, "metode_match": "within", "status_match": "OK" }, "geometry": { "type": "Polygon", "coordinates": [ [ [ 105.234527529616841, -5.551538188809455 ], [ 105.234569646093178, -5.551511062784995 ], [ 105.234580353163395, -5.551526766685071 ], [ 105.234634604995321, -5.551494644042862 ], [ 105.234651736750379, -5.551516773755026 ], [ 105.23469956462921, -5.5514846509432 ], [ 105.234733114420351, -5.551523197852139 ], [ 105.234714555287042, -5.551544612595579 ], [ 105.234720265798046, -5.551551037787024 ], [ 105.234668155021055, -5.551593154037063 ], [ 105.234680290330644, -5.551613141737677 ], [ 105.234621756102285, -5.55164740555502 ], [ 105.234593202590275, -5.551606003426079 ], [ 105.234578211551209, -5.551618138773297 ], [ 105.234527529616841, -5.551538188809455 ] ] ] } },
{ "type": "Feature", "properties": { "point_id": 566, "footprint_id": 1044, "id_bangunan": "SDI-B05-005", "fungsi_bangunan": "Gudang", "jumlah_lantai": 1, "tinggi_lantai": 4.0, "tinggi_total": 4.0, "luas_m2": 27.91, "jarak_match_m": 21.9, "metode_match": "optimal_nearest", "status_match": "PERLU_CEK" }, "geometry": { "type": "Polygon", "coordinates": [ [ [ 105.232289285003517, -5.550521246985614 ], [ 105.232321645149938, -5.55048507946668 ], [ 105.232354005936585, -5.550517440161646 ], [ 105.232321645633036, -5.550555511947526 ], [ 105.232289285003517, -5.550521246985614 ] ] ] } },
{ "type": "Feature", "properties": { "point_id": 567, "footprint_id": 841, "id_bangunan": "SDI-C43-043", "fungsi_bangunan": "Gudang", "jumlah_lantai": 1, "tinggi_lantai": 4.0, "tinggi_total": 4.0, "luas_m2": 24.48, "jarak_match_m": 15.48, "metode_match": "optimal_nearest", "status_match": "PERLU_CEK" }, "geometry": { "type": "Polygon", "coordinates": [ [ [ 105.237276275963993, -5.552709796626851 ], [ 105.23729233713938, -5.552738944872393 ], [ 105.237238799427956, -5.552766308165344 ], [ 105.237223927530977, -5.5527353754935 ], [ 105.237276275963993, -5.552709796626851 ] ] ] } },
{ "type": "Feature", "properties": { "point_id": 568, "footprint_id": 177, "id_bangunan": "Blok D (SDI-D110-110)", "fungsi_bangunan": "Gudang", "jumlah_lantai": 2, "tinggi_lantai": 4.0, "tinggi_total": 8.0, "luas_m2": 357.13, "jarak_match_m": 24.01, "metode_match": "optimal_nearest", "status_match": "PERLU_CEK" }, "geometry": { "type": "Polygon", "coordinates": [ [ [ 105.241791772384175, -5.557670925081507 ], [ 105.241974990684909, -5.557604300316684 ], [ 105.242026123274343, -5.557744914412475 ], [ 105.241842904937286, -5.557811539194493 ], [ 105.241791772384175, -5.557670925081507 ] ] ] } },
{ "type": "Feature", "properties": { "point_id": 569, "footprint_id": 977, "id_bangunan": "Blok B (SDI-B95-095)", "fungsi_bangunan": "Gudang", "jumlah_lantai": 1, "tinggi_lantai": 4.0, "tinggi_total": 4.0, "luas_m2": 169.65, "jarak_match_m": 0.0, "metode_match": "within", "status_match": "OK" }, "geometry": { "type": "Polygon", "coordinates": [ [ [ 105.232514130983745, -5.550705627159652 ], [ 105.232419725777007, -5.550772705270014 ], [ 105.23235042459433, -5.550675170811308 ], [ 105.232444829794318, -5.550608092712098 ], [ 105.232514130983745, -5.550705627159652 ] ] ] } },
{ "type": "Feature", "properties": { "point_id": 570, "footprint_id": 1095, "id_bangunan": "SDI-A95-095", "fungsi_bangunan": "Kandang Ayam", "jumlah_lantai": 1, "tinggi_lantai": 4.0, "tinggi_total": 4.0, "luas_m2": 68.7, "jarak_match_m": 5.7, "metode_match": "optimal_nearest", "status_match": "OK" }, "geometry": { "type": "Polygon", "coordinates": [ [ [ 105.224998887000112, -5.543803029999927 ], [ 105.225075626000063, -5.543806005999953 ], [ 105.225072796000092, -5.543879016999935 ], [ 105.224996057000084, -5.543876042999949 ], [ 105.224998887000112, -5.543803029999927 ] ] ] } },
{ "type": "Feature", "properties": { "point_id": 571, "footprint_id": 1253, "id_bangunan": "Blok A (SDI-A01-064)", "fungsi_bangunan": "Kandang Kambing", "jumlah_lantai": 1, "tinggi_lantai": 4.0, "tinggi_total": 4.0, "luas_m2": 29.24, "jarak_match_m": 1.7, "metode_match": "optimal_nearest", "status_match": "OK" }, "geometry": { "type": "Polygon", "coordinates": [ [ [ 105.224297773000075, -5.544029491999928 ], [ 105.224384043000072, -5.54405411899995 ], [ 105.22437761900008, -5.544082101999946 ], [ 105.224290634000084, -5.54405239399994 ], [ 105.224297773000075, -5.544029491999928 ] ] ] } },
{ "type": "Feature", "properties": { "point_id": 572, "footprint_id": 1062, "id_bangunan": "SDI-A73-073", "fungsi_bangunan": "Kandang Kambing", "jumlah_lantai": 1, "tinggi_lantai": 4.0, "tinggi_total": 4.0, "luas_m2": 140.54, "jarak_match_m": 1.75, "metode_match": "optimal_nearest", "status_match": "OK" }, "geometry": { "type": "Polygon", "coordinates": [ [ [ 105.227021981517694, -5.54642051898774 ], [ 105.227177661143372, -5.546432650151919 ], [ 105.227171949649772, -5.546505937188982 ], [ 105.227016270908081, -5.546493806928402 ], [ 105.227021981517694, -5.54642051898774 ] ] ] } },
{ "type": "Feature", "properties": { "point_id": 573, "footprint_id": 1231, "id_bangunan": "SDI-A74-074", "fungsi_bangunan": "Kandang Kambing", "jumlah_lantai": 1, "tinggi_lantai": 4.0, "tinggi_total": 4.0, "luas_m2": 30.79, "jarak_match_m": 0.0, "metode_match": "within", "status_match": "OK" }, "geometry": { "type": "Polygon", "coordinates": [ [ [ 105.226992642000113, -5.546552188999948 ], [ 105.227042074000082, -5.546555850999943 ], [ 105.227038327000088, -5.546606440999935 ], [ 105.226988894000073, -5.546602778999952 ], [ 105.226992642000113, -5.546552188999948 ] ] ] } },
{ "type": "Feature", "properties": { "point_id": 574, "footprint_id": 1238, "id_bangunan": "SDI-A80-080", "fungsi_bangunan": "Kandang Kambing", "jumlah_lantai": 1, "tinggi_lantai": 4.0, "tinggi_total": 4.0, "luas_m2": 24.03, "jarak_match_m": 9.53, "metode_match": "optimal_nearest", "status_match": "OK" }, "geometry": { "type": "Polygon", "coordinates": [ [ [ 105.226611623000082, -5.546841990999954 ], [ 105.226602092000093, -5.546829355999926 ], [ 105.226624935000103, -5.546793187999977 ], [ 105.226663959000092, -5.546815079999925 ], [ 105.226645364000063, -5.546845579999968 ], [ 105.226611623000082, -5.546841990999954 ] ] ] } },
{ "type": "Feature", "properties": { "point_id": 575, "footprint_id": 1103, "id_bangunan": "SDI-A89-089", "fungsi_bangunan": "Kandang Kambing", "jumlah_lantai": 1, "tinggi_lantai": 4.0, "tinggi_total": 4.0, "luas_m2": 220.96, "jarak_match_m": 0.0, "metode_match": "within", "status_match": "OK" }, "geometry": { "type": "MultiPolygon", "coordinates": [ [ [ [ 105.225715269000062, -5.544100518999929 ], [ 105.22570089000007, -5.544164674999934 ], [ 105.225688148000103, -5.544161818999957 ], [ 105.225682558000102, -5.544186756999977 ], [ 105.225599753000068, -5.544168195999938 ], [ 105.225619723000108, -5.544079102999948 ], [ 105.225702528000085, -5.544097662999938 ], [ 105.225715269000062, -5.544100518999929 ] ] ], [ [ [ 105.225469875000073, -5.544077067999983 ], [ 105.225496790000108, -5.544079047999959 ], [ 105.225494551000082, -5.544109483999934 ], [ 105.225467636000104, -5.544107503999948 ], [ 105.225469875000073, -5.544077067999983 ] ] ], [ [ [ 105.225469875000073, -5.544077067999983 ], [ 105.22546704700008, -5.544113550999955 ], [ 105.225390309000062, -5.544107601999943 ], [ 105.225398962000071, -5.543995976999946 ], [ 105.225475700000089, -5.544001925999957 ], [ 105.225469875000073, -5.544077067999983 ] ] ] ] } },
{ "type": "Feature", "properties": { "point_id": 576, "footprint_id": 1025, "id_bangunan": "Blok C (SDI-C127-127)", "fungsi_bangunan": "Kandang Kambing", "jumlah_lantai": 1, "tinggi_lantai": 4.0, "tinggi_total": 4.0, "luas_m2": 321.7, "jarak_match_m": 32.02, "metode_match": "optimal_nearest", "status_match": "PERLU_CEK" }, "geometry": { "type": "Polygon", "coordinates": [ [ [ 105.232507807067464, -5.552209887785576 ], [ 105.232578480141967, -5.552174361946013 ], [ 105.232727669361481, -5.552471152349274 ], [ 105.232656995359164, -5.552506678207785 ], [ 105.232507807067464, -5.552209887785576 ] ] ] } },
{ "type": "Feature", "properties": { "point_id": 577, "footprint_id": 1024, "id_bangunan": "Blok C (SDI-C132-132)", "fungsi_bangunan": "Kandang Kambing", "jumlah_lantai": 1, "tinggi_lantai": 4.0, "tinggi_total": 4.0, "luas_m2": 246.39, "jarak_match_m": 4.57, "metode_match": "optimal_nearest", "status_match": "OK" }, "geometry": { "type": "Polygon", "coordinates": [ [ [ 105.232775376926185, -5.552129580793576 ], [ 105.232869157707469, -5.552352866639585 ], [ 105.232797773698451, -5.552382848261802 ], [ 105.232759289706649, -5.552291220779953 ], [ 105.232730229656156, -5.552302457888577 ], [ 105.232713986705591, -5.552260451042224 ], [ 105.232741842501795, -5.552249680297757 ], [ 105.232703992938326, -5.552159562403763 ], [ 105.232775376926185, -5.552129580793576 ] ] ] } },
{ "type": "Feature", "properties": { "point_id": 578, "footprint_id": 711, "id_bangunan": "SDI-C28-028", "fungsi_bangunan": "Kandang Ternak", "jumlah_lantai": 1, "tinggi_lantai": 4.0, "tinggi_total": 4.0, "luas_m2": 26.2, "jarak_match_m": 2.01, "metode_match": "optimal_nearest", "status_match": "OK" }, "geometry": { "type": "Polygon", "coordinates": [ [ [ 105.235160212662478, -5.551413910557723 ], [ 105.235188766358931, -5.551389640402986 ], [ 105.235225885464189, -5.551431042712204 ], [ 105.235190669461559, -5.551455313710269 ], [ 105.235160212662478, -5.551413910557723 ] ] ] } },
{ "type": "Feature", "properties": { "point_id": 579, "footprint_id": 1169, "id_bangunan": "SDI-A38-038", "fungsi_bangunan": "Kandang ternak", "jumlah_lantai": 1, "tinggi_lantai": 4.0, "tinggi_total": 4.0, "luas_m2": 27.02, "jarak_match_m": 0.0, "metode_match": "within", "status_match": "OK" }, "geometry": { "type": "Polygon", "coordinates": [ [ [ 105.225000763000111, -5.544265168999968 ], [ 105.224981727000085, -5.54430443099994 ], [ 105.224936220000103, -5.544282366999931 ], [ 105.224955255000083, -5.544243104999961 ], [ 105.225000763000111, -5.544265168999968 ] ] ] } },
{ "type": "Feature", "properties": { "point_id": 580, "footprint_id": 789, "id_bangunan": "Blok C (SDI-C77-077)", "fungsi_bangunan": "Peternakan", "jumlah_lantai": 1, "tinggi_lantai": 4.0, "tinggi_total": 4.0, "luas_m2": 88.22, "jarak_match_m": 18.56, "metode_match": "optimal_nearest", "status_match": "PERLU_CEK" }, "geometry": { "type": "Polygon", "coordinates": [ [ [ 105.236145788699687, -5.553922596467397 ], [ 105.23621066878539, -5.553945791703357 ], [ 105.236183304703417, -5.554023719171842 ], [ 105.236094669631413, -5.553986242848695 ], [ 105.236113707266824, -5.55393976757049 ], [ 105.236145788699687, -5.553922596467397 ] ] ] } },
{ "type": "Feature", "properties": { "point_id": 581, "footprint_id": 975, "id_bangunan": "Blok B (SDI-B108-108)", "fungsi_bangunan": "Pabrik", "jumlah_lantai": 1, "tinggi_lantai": 4.0, "tinggi_total": 4.0, "luas_m2": 457.06, "jarak_match_m": 0.0, "metode_match": "within", "status_match": "OK" }, "geometry": { "type": "Polygon", "coordinates": [ [ [ 105.2305837935765, -5.551984746836333 ], [ 105.2308446116932, -5.551864368738485 ], [ 105.230899072065171, -5.551982366680227 ], [ 105.230638253909646, -5.552102744803325 ], [ 105.2305837935765, -5.551984746836333 ] ] ] } },
{ "type": "Feature", "properties": { "point_id": 582, "footprint_id": 1163, "id_bangunan": "Blok A (SDI-A01-063)", "fungsi_bangunan": "Tandon air beton", "jumlah_lantai": 1, "tinggi_lantai": 4.0, "tinggi_total": 4.0, "luas_m2": 10.54, "jarak_match_m": 0.99, "metode_match": "optimal_nearest", "status_match": "OK" }, "geometry": { "type": "Polygon", "coordinates": [ [ [ 105.224309054000088, -5.544231142999934 ], [ 105.224338538000069, -5.544226720999973 ], [ 105.224342821000079, -5.544255273999961 ], [ 105.224313336000108, -5.544259696999969 ], [ 105.224309054000088, -5.544231142999934 ] ] ] } },
{ "type": "Feature", "properties": { "point_id": 583, "footprint_id": 1080, "id_bangunan": "Blok A (SDI-A01-067)", "fungsi_bangunan": "Gazebo", "jumlah_lantai": 1, "tinggi_lantai": 4.0, "tinggi_total": 4.0, "luas_m2": 69.34, "jarak_match_m": 14.81, "metode_match": "optimal_nearest", "status_match": "OK" }, "geometry": { "type": "Polygon", "coordinates": [ [ [ 105.224328666545333, -5.548210413290679 ], [ 105.224394692167522, -5.548185653588646 ], [ 105.224422893733262, -5.548260857338012 ], [ 105.224356868104124, -5.548285617043438 ], [ 105.224328666545333, -5.548210413290679 ] ] ] } },
{ "type": "Feature", "properties": { "point_id": 584, "footprint_id": 1054, "id_bangunan": "SDI-A83-083", "fungsi_bangunan": "Gazebo", "jumlah_lantai": 1, "tinggi_lantai": 4.0, "tinggi_total": 4.0, "luas_m2": 16.24, "jarak_match_m": 17.73, "metode_match": "optimal_nearest", "status_match": "PERLU_CEK" }, "geometry": { "type": "Polygon", "coordinates": [ [ [ 105.223732927343036, -5.548189782479166 ], [ 105.22377825591127, -5.548189782518835 ], [ 105.223778256106826, -5.548219049420124 ], [ 105.223732927536332, -5.548219049380545 ], [ 105.223732927343036, -5.548189782479166 ] ] ] } },
{ "type": "Feature", "properties": { "point_id": 585, "footprint_id": 1055, "id_bangunan": "SDI-A84-084", "fungsi_bangunan": "Gazebo", "jumlah_lantai": 1, "tinggi_lantai": 4.0, "tinggi_total": 4.0, "luas_m2": 28.8, "jarak_match_m": 0.0, "metode_match": "within", "status_match": "OK" }, "geometry": { "type": "Polygon", "coordinates": [ [ [ 105.223733998301981, -5.548233325998211 ], [ 105.223773616318951, -5.548231185106971 ], [ 105.223776816735082, -5.548290395273821 ], [ 105.223737198714545, -5.548292537070052 ], [ 105.223733998301981, -5.548233325998211 ] ] ] } },
{ "type": "Feature", "properties": { "point_id": 586, "footprint_id": 822, "id_bangunan": "SDI-C62-062", "fungsi_bangunan": "Parkiran motor", "jumlah_lantai": 1, "tinggi_lantai": 4.0, "tinggi_total": 4.0, "luas_m2": 15.46, "jarak_match_m": 35.7, "metode_match": "optimal_nearest", "status_match": "PERLU_CEK" }, "geometry": { "type": "Polygon", "coordinates": [ [ [ 105.236897445738677, -5.551868934063744 ], [ 105.236938372559592, -5.55186322386302 ], [ 105.236944559812031, -5.55189225304769 ], [ 105.236904108661335, -5.551899867322721 ], [ 105.236897445738677, -5.551868934063744 ] ] ] } },
{ "type": "Feature", "properties": { "point_id": 587, "footprint_id": 829, "id_bangunan": "SDI-C51-051", "fungsi_bangunan": "Rumah Kosong Hancur", "jumlah_lantai": 1, "tinggi_lantai": 4.0, "tinggi_total": 4.0, "luas_m2": 110.25, "jarak_match_m": 1.39, "metode_match": "optimal_nearest", "status_match": "OK" }, "geometry": { "type": "Polygon", "coordinates": [ [ [ 105.236655073523124, -5.552208240818619 ], [ 105.236737070685948, -5.552183022838976 ], [ 105.236772286477603, -5.552278202052841 ], [ 105.236686149859167, -5.552306279449168 ], [ 105.236655073523124, -5.552208240818619 ] ] ] } },
{ "type": "Feature", "properties": { "point_id": 588, "footprint_id": 1069, "id_bangunan": "SDI-A82-082", "fungsi_bangunan": "Gubuk", "jumlah_lantai": 1, "tinggi_lantai": 4.0, "tinggi_total": 4.0, "luas_m2": 159.13, "jarak_match_m": 68.1, "metode_match": "optimal_nearest", "status_match": "PERLU_CEK" }, "geometry": { "type": "Polygon", "coordinates": [ [ [ 105.226493503453256, -5.546888321560147 ], [ 105.2265621589913, -5.546811774529389 ], [ 105.226656258238663, -5.546896173012467 ], [ 105.226587603606745, -5.546972720053469 ], [ 105.226493503453256, -5.546888321560147 ] ] ] } }
]
}
