{
"type": "FeatureCollection",
"name": "bangunan_lod1_risiko",
"crs": { "type": "name", "properties": { "name": "urn:ogc:def:crs:OGC:1.3:CRS84" } },
"xy_coordinate_resolution": 1e-07,
"features": [
{ "type": "Feature", "properties": { "point_id": 0, "footprint_id": 1056, "id_bangunan": "SDI-A85-085", "fungsi_bangunan": "Pondok", "jumlah_lantai": 1, "tinggi_lantai": 4.0, "tinggi_total": 4.0, "luas_m2": 51.46, "jarak_match_m": 0.27, "metode_match": "optimal_nearest", "status_match": "OK", "blok": "A", "klas_fungsi": "Hunian", "material": "Pasang Bata", "struktur": "Rangka Beton Bertulang", "tipe_atap": "Miring Satu Arah", "penutup_atap": "Asbes", "dinding": "Campuran", "kondisi": "Baik", "keyakinan": "Tinggi", "taksonomi": "MCF/LFINF/RSH5/RMT6/EWO/CV1/HEX:1", "kode_singkat": "MCF \\LFINF\\HEX:1", "koefisien": 1.0, "nilai_exposure": 258313877.36614999, "kelas_exposure": "Rp14.611.983,05 - Rp638.909.581,39", "exposure_rank": 1, "kelas_gempa": "Rendah", "kelas_tsunami": "Rendah" }, "geometry": { "type": "Polygon", "coordinates": [ [ [ 105.2238506, -5.5483789 ], [ 105.2238952, -5.5484075 ], [ 105.2238524, -5.5484743 ], [ 105.2238078, -5.5484457 ], [ 105.2238506, -5.5483789 ] ] ] } },
{ "type": "Feature", "properties": { "point_id": 1, "footprint_id": 1184, "id_bangunan": "SDI-A01-001", "fungsi_bangunan": "Rumah Tinggal", "jumlah_lantai": 1, "tinggi_lantai": 4.0, "tinggi_total": 4.0, "luas_m2": 94.95, "jarak_match_m": 0.0, "metode_match": "within", "status_match": "OK", "blok": "A", "klas_fungsi": "Hunian", "material": "Pasang Bata", "struktur": "Rangka Beton Bertulang", "tipe_atap": "Datar (Dak Beton)", "penutup_atap": "Beton", "dinding": "Bata Plaster", "kondisi": "Baik", "keyakinan": "Sedang", "taksonomi": "MCF/LFM/RSH1/RMT1/EWMA/CV1/HEX:1", "kode_singkat": "MCF \\LFM\\HEX:1", "koefisien": 1.0, "nilai_exposure": 476657239.76474798, "kelas_exposure": "Rp14.611.983,05 - Rp638.909.581,39", "exposure_rank": 1, "kelas_gempa": "Rendah", "kelas_tsunami": "Rendah" }, "geometry": { "type": "Polygon", "coordinates": [ [ [ 105.2275054, -5.5453467 ], [ 105.227572, -5.5453838 ], [ 105.2275225, -5.5454726 ], [ 105.2274559, -5.5454355 ], [ 105.2275054, -5.5453467 ] ] ] } },
{ "type": "Feature", "properties": { "point_id": 2, "footprint_id": 723, "id_bangunan": "SDI-C01-001", "fungsi_bangunan": "Rumah Tinggal", "jumlah_lantai": 2, "tinggi_lantai": 4.0, "tinggi_total": 8.0, "luas_m2": 306.94, "jarak_match_m": 2.92, "metode_match": "optimal_nearest", "status_match": "OK", "blok": "C", "klas_fungsi": "Hunian", "material": "Beton Bertulang", "struktur": "Rangka Beton Bertulang", "tipe_atap": "Limasan", "penutup_atap": "Genteng dan Seng", "dinding": "Bata Plaster", "kondisi": "Baik", "keyakinan": "Tinggi", "taksonomi": "MCF/LWAL/RSH3/RMT1+RMT6/EWMA/CV1/HEX:2", "kode_singkat": "MCF \\LWAL\\HEX:2", "koefisien": 1.09, "nilai_exposure": 1679528036.2095068, "kelas_exposure": "> Rp1.136.724.268,30 - Rp1.856.590.180,23", "exposure_rank": 3, "kelas_gempa": "Tinggi", "kelas_tsunami": "Tinggi" }, "geometry": { "type": "Polygon", "coordinates": [ [ [ 105.2353734, -5.5521407 ], [ 105.2353606, -5.5520936 ], [ 105.2353763, -5.5520914 ], [ 105.2353649, -5.5520379 ], [ 105.2354177, -5.5520257 ], [ 105.2354148, -5.55202 ], [ 105.2355276, -5.5519908 ], [ 105.2355376, -5.55202 ], [ 105.2355305, -5.5520229 ], [ 105.2355505, -5.5520771 ], [ 105.235574, -5.5520686 ], [ 105.2355876, -5.552105 ], [ 105.2355162, -5.5521285 ], [ 105.2355262, -5.5521571 ], [ 105.2354505, -5.5521792 ], [ 105.235437, -5.5521292 ], [ 105.2353734, -5.5521407 ] ] ] } },
{ "type": "Feature", "properties": { "point_id": 3, "footprint_id": 1182, "id_bangunan": "SDI-A03-003", "fungsi_bangunan": "Rumah Tinggal", "jumlah_lantai": 1, "tinggi_lantai": 4.0, "tinggi_total": 4.0, "luas_m2": 214.76, "jarak_match_m": 0.0, "metode_match": "within", "status_match": "OK", "blok": "A", "klas_fungsi": "Hunian", "material": "Pasang Bata", "struktur": "Rangka Beton Bertulang", "tipe_atap": "Kombinasi", "penutup_atap": "Genteng", "dinding": "Bata Plaster", "kondisi": "Sedang", "keyakinan": "Tinggi", "taksonomi": "MCF/LFINF/RSH8/RMT1/EWMA/CV2/HEX:1", "kode_singkat": "MCF \\LFINF\\HEX:1", "koefisien": 1.0, "nilai_exposure": 1078086774.6478601, "kelas_exposure": "> Rp638.909.581,39 - Rp1.136.724.268,30", "exposure_rank": 2, "kelas_gempa": "Tinggi", "kelas_tsunami": "Tinggi" }, "geometry": { "type": "Polygon", "coordinates": [ [ [ 105.2274086, -5.5452607 ], [ 105.2273864, -5.5453108 ], [ 105.227335, -5.5454269 ], [ 105.2272417, -5.5453857 ], [ 105.2272931, -5.5452696 ], [ 105.2273098, -5.5452769 ], [ 105.2273319, -5.5452268 ], [ 105.2274086, -5.5452607 ] ] ] } },
{ "type": "Feature", "properties": { "point_id": 4, "footprint_id": 1228, "id_bangunan": "SDI-A04-004", "fungsi_bangunan": "Rumah Tinggal", "jumlah_lantai": 1, "tinggi_lantai": 4.0, "tinggi_total": 4.0, "luas_m2": 117.05, "jarak_match_m": 0.0, "metode_match": "within", "status_match": "OK", "blok": "A", "klas_fungsi": "Hunian", "material": "Pasang Bata", "struktur": "Rangka Beton Bertulang", "tipe_atap": "Datar (Dak Beton)", "penutup_atap": "Beton", "dinding": "Bata Plaster", "kondisi": "Sedang Dibangun", "keyakinan": "Tinggi", "taksonomi": "MCF/LFINF/RSH1/RMT1/EWMA/CV5/HEX:1", "kode_singkat": "MCF \\LFINF\\HEX:1", "koefisien": 1.0, "nilai_exposure": 587568619.98660004, "kelas_exposure": "Rp14.611.983,05 - Rp638.909.581,39", "exposure_rank": 1, "kelas_gempa": "Sedang", "kelas_tsunami": "Sedang" }, "geometry": { "type": "Polygon", "coordinates": [ [ [ 105.2276752, -5.5449159 ], [ 105.2275873, -5.5448852 ], [ 105.2276213, -5.5447881 ], [ 105.2277091, -5.5448188 ], [ 105.2276752, -5.5449159 ] ] ] } },
{ "type": "Feature", "properties": { "point_id": 5, "footprint_id": 730, "id_bangunan": "SDI-C02-002", "fungsi_bangunan": "Rumah Tinggal", "jumlah_lantai": 1, "tinggi_lantai": 4.0, "tinggi_total": 4.0, "luas_m2": 159.38, "jarak_match_m": 3.24, "metode_match": "optimal_nearest", "status_match": "OK", "blok": "C", "klas_fungsi": "Hunian", "material": "Pasang Bata", "struktur": "Rangka Beton Bertulang", "tipe_atap": "Pelana", "penutup_atap": "Genteng", "dinding": "Bata Plaster", "kondisi": "Baik", "keyakinan": "Tinggi", "taksonomi": "MCF/LFINF/RSH2/RMT1/EWMA/CV1/HEX:1", "kode_singkat": "MCF \\LFINF\\HEX:1", "koefisien": 1.0, "nilai_exposure": 800087822.68218005, "kelas_exposure": "> Rp638.909.581,39 - Rp1.136.724.268,30", "exposure_rank": 2, "kelas_gempa": "Sedang", "kelas_tsunami": "Sedang" }, "geometry": { "type": "Polygon", "coordinates": [ [ [ 105.2350351, -5.5522949 ], [ 105.2350993, -5.5522549 ], [ 105.23512, -5.5522891 ], [ 105.2352021, -5.5522463 ], [ 105.2352321, -5.5522963 ], [ 105.2350915, -5.5523784 ], [ 105.2350351, -5.5522949 ] ] ] } },
{ "type": "Feature", "properties": { "point_id": 6, "footprint_id": 729, "id_bangunan": "SDI-C03-003", "fungsi_bangunan": "Rumah Tinggal", "jumlah_lantai": 1, "tinggi_lantai": 4.0, "tinggi_total": 4.0, "luas_m2": 129.1, "jarak_match_m": 1.22, "metode_match": "optimal_nearest", "status_match": "OK", "blok": "C", "klas_fungsi": "Hunian", "material": "Pasang Bata", "struktur": "Rangka Beton Bertulang", "tipe_atap": "Pelana", "penutup_atap": "Seng", "dinding": "Bata Ekspos", "kondisi": "Baik", "keyakinan": "Tinggi", "taksonomi": "MCF/LFINF/RSH2/RMT2/EWMA/CV1/HEX:1", "kode_singkat": "MCF \\LFINF\\HEX:1", "koefisien": 1.0, "nilai_exposure": 648057407.02502, "kelas_exposure": "> Rp638.909.581,39 - Rp1.136.724.268,30", "exposure_rank": 2, "kelas_gempa": "Sedang", "kelas_tsunami": "Sedang" }, "geometry": { "type": "Polygon", "coordinates": [ [ [ 105.2351421, -5.5525818 ], [ 105.2350957, -5.5524576 ], [ 105.235125, -5.5524476 ], [ 105.2351207, -5.5524355 ], [ 105.2351614, -5.5524205 ], [ 105.2352142, -5.5525533 ], [ 105.2351421, -5.5525818 ] ] ] } },
{ "type": "Feature", "properties": { "point_id": 7, "footprint_id": 764, "id_bangunan": "SDI-C04-004", "fungsi_bangunan": "Rumah Tinggal", "jumlah_lantai": 1, "tinggi_lantai": 4.0, "tinggi_total": 4.0, "luas_m2": 120.01, "jarak_match_m": 1.82, "metode_match": "optimal_nearest", "status_match": "OK", "blok": "C", "klas_fungsi": "Hunian", "material": "Pasang Bata", "struktur": "Dinding Pemikul", "tipe_atap": "Pelana", "penutup_atap": "Genteng", "dinding": "Bata Plaster", "kondisi": "Baik", "keyakinan": "Tinggi", "taksonomi": "MUR/LWAL/RSH2/RMT1/EWMA/CV1/HEX:1", "kode_singkat": "MUR \\LWAL\\HEX:1", "koefisien": 1.0, "nilai_exposure": 602457866.75986004, "kelas_exposure": "Rp14.611.983,05 - Rp638.909.581,39", "exposure_rank": 1, "kelas_gempa": "Sedang", "kelas_tsunami": "Sedang" }, "geometry": { "type": "Polygon", "coordinates": [ [ [ 105.2350716, -5.5525046 ], [ 105.2350781, -5.5525236 ], [ 105.2350853, -5.5525212 ], [ 105.2351103, -5.552614 ], [ 105.2350829, -5.5526295 ], [ 105.2350305, -5.5526378 ], [ 105.2350008, -5.552523 ], [ 105.2350716, -5.5525046 ] ] ] } },
{ "type": "Feature", "properties": { "point_id": 8, "footprint_id": 758, "id_bangunan": "SDI-C05-005", "fungsi_bangunan": "Rumah Tinggal", "jumlah_lantai": 1, "tinggi_lantai": 4.0, "tinggi_total": 4.0, "luas_m2": 199.33, "jarak_match_m": 0.0, "metode_match": "within", "status_match": "OK", "blok": "C", "klas_fungsi": "Hunian", "material": "Pasang Bata", "struktur": "Rangka Beton Bertulang", "tipe_atap": "Kombinasi", "penutup_atap": "Genteng", "dinding": "Bata Plaster", "kondisi": "Baik", "keyakinan": "Tinggi", "taksonomi": "MCF/LFINF/RSH8/RMT1/EWMA/CV1/HEX:1", "kode_singkat": "MCF \\LFINF\\HEX:1", "koefisien": 1.0, "nilai_exposure": 1000620398.7029999, "kelas_exposure": "> Rp638.909.581,39 - Rp1.136.724.268,30", "exposure_rank": 2, "kelas_gempa": "Tinggi", "kelas_tsunami": "Tinggi" }, "geometry": { "type": "Polygon", "coordinates": [ [ [ 105.2345854, -5.5525323 ], [ 105.234608, -5.5525216 ], [ 105.2346045, -5.5525133 ], [ 105.2346384, -5.5524967 ], [ 105.2346431, -5.5525056 ], [ 105.2346889, -5.5524806 ], [ 105.2347014, -5.552499 ], [ 105.2347692, -5.5524717 ], [ 105.2347883, -5.5525074 ], [ 105.234777, -5.5525139 ], [ 105.2347895, -5.5525401 ], [ 105.2346752, -5.5525984 ], [ 105.2346681, -5.5525853 ], [ 105.2346164, -5.5526043 ], [ 105.2345854, -5.5525323 ] ] ] } },
{ "type": "Feature", "properties": { "point_id": 9, "footprint_id": 756, "id_bangunan": "SDI-C06-006", "fungsi_bangunan": "Rumah Tinggal", "jumlah_lantai": 1, "tinggi_lantai": 4.0, "tinggi_total": 4.0, "luas_m2": 82.9, "jarak_match_m": 8.3, "metode_match": "optimal_nearest", "status_match": "OK", "blok": "C", "klas_fungsi": "Hunian", "material": "Pasang Bata", "struktur": "Rangka Beton Bertulang", "tipe_atap": "Limasan", "penutup_atap": "Genteng", "dinding": "Bata Plaster", "kondisi": "Baik", "keyakinan": "Tinggi", "taksonomi": "MCF/LFINF/RSH3/RMT1/EWMA/CV1/HEX:1", "kode_singkat": "MCF \\LFINF\\HEX:1", "koefisien": 1.0, "nilai_exposure": 602836973.35971999, "kelas_exposure": "Rp14.611.983,05 - Rp638.909.581,39", "exposure_rank": 1, "kelas_gempa": "Sedang", "kelas_tsunami": "Sedang" }, "geometry": { "type": "Polygon", "coordinates": [ [ [ 105.2345973, -5.5522462 ], [ 105.2346312, -5.5522956 ], [ 105.2346128, -5.5523099 ], [ 105.2346324, -5.552339 ], [ 105.2346056, -5.5523575 ], [ 105.2345967, -5.5523473 ], [ 105.2345753, -5.552361 ], [ 105.2345301, -5.5522902 ], [ 105.2345973, -5.5522462 ] ] ] } },
{ "type": "Feature", "properties": { "point_id": 10, "footprint_id": 1257, "id_bangunan": "SDI-A05-005", "fungsi_bangunan": "Rumah Tinggal", "jumlah_lantai": 1, "tinggi_lantai": 4.0, "tinggi_total": 4.0, "luas_m2": 270.88, "jarak_match_m": 0.0, "metode_match": "within", "status_match": "OK", "blok": "A", "klas_fungsi": "Hunian", "material": "Pasang Bata", "struktur": "Rangka Beton Bertulang", "tipe_atap": "Kombinasi", "penutup_atap": "Genteng", "dinding": "Bata Plaster", "kondisi": "Baik", "keyakinan": "Tinggi", "taksonomi": "MCF/LFINF/RSH8/RMT1/EWMA/CV1/HEX:1", "kode_singkat": "MCF \\LFINF\\HEX:1", "koefisien": 1.0, "nilai_exposure": 1359801869.8099201, "kelas_exposure": "> Rp1.136.724.268,30 - Rp1.856.590.180,23", "exposure_rank": 3, "kelas_gempa": "Tinggi", "kelas_tsunami": "Tinggi" }, "geometry": { "type": "Polygon", "coordinates": [ [ [ 105.2274157, -5.54486 ], [ 105.2275682, -5.5449264 ], [ 105.2275106, -5.5450503 ], [ 105.2274962, -5.5450405 ], [ 105.2273703, -5.5449872 ], [ 105.2273586, -5.5449917 ], [ 105.2274157, -5.54486 ] ] ] } },
{ "type": "Feature", "properties": { "point_id": 11, "footprint_id": 750, "id_bangunan": "SDI-C08-008", "fungsi_bangunan": "Rumah Tinggal", "jumlah_lantai": 1, "tinggi_lantai": 4.0, "tinggi_total": 4.0, "luas_m2": 245.17, "jarak_match_m": 2.95, "metode_match": "optimal_nearest", "status_match": "OK", "blok": "C", "klas_fungsi": "Hunian", "material": "Kayu", "struktur": "Rangka Kayu", "tipe_atap": "Pelana", "penutup_atap": "Genteng", "dinding": "Kayu", "kondisi": "Baik", "keyakinan": "Tinggi", "taksonomi": "W/LPB/RSH2/RMT1/EWW/CV1/HEX:1", "kode_singkat": "W \\LPB\\HEX:1", "koefisien": 1.0, "nilai_exposure": 262813034.02608201, "kelas_exposure": "Rp14.611.983,05 - Rp638.909.581,39", "exposure_rank": 1, "kelas_gempa": "Rendah", "kelas_tsunami": "Rendah" }, "geometry": { "type": "Polygon", "coordinates": [ [ [ 105.2338498, -5.5525177 ], [ 105.2338926, -5.5524568 ], [ 105.2337603, -5.552373 ], [ 105.2337755, -5.5523435 ], [ 105.2337517, -5.5523216 ], [ 105.2337755, -5.5522855 ], [ 105.2338174, -5.5523178 ], [ 105.233826, -5.5523073 ], [ 105.2338964, -5.5523464 ], [ 105.2338859, -5.5523673 ], [ 105.2339459, -5.5524101 ], [ 105.2339259, -5.5524416 ], [ 105.2339154, -5.5524349 ], [ 105.2339059, -5.5524511 ], [ 105.2339411, -5.5524758 ], [ 105.2338926, -5.5525482 ], [ 105.2338498, -5.5525177 ] ] ] } },
{ "type": "Feature", "properties": { "point_id": 12, "footprint_id": 1227, "id_bangunan": "SDI-A06-006", "fungsi_bangunan": "Rumah Tinggal", "jumlah_lantai": 1, "tinggi_lantai": 4.0, "tinggi_total": 4.0, "luas_m2": 222.55, "jarak_match_m": 0.0, "metode_match": "within", "status_match": "OK", "blok": "A", "klas_fungsi": "Hunian", "material": "Pasang Bata", "struktur": "Rangka Beton Bertulang", "tipe_atap": "Kombinasi", "penutup_atap": "Genteng", "dinding": "Bata Plaster", "kondisi": "Sedang", "keyakinan": "Tinggi", "taksonomi": "MCF/LFINF/RSH8/RMT1/EWMA/CV2/HEX:1", "kode_singkat": "MCF \\LFINF\\HEX:1", "koefisien": 1.0, "nilai_exposure": 683961042.44721997, "kelas_exposure": "> Rp638.909.581,39 - Rp1.136.724.268,30", "exposure_rank": 2, "kelas_gempa": "Sedang", "kelas_tsunami": "Sedang" }, "geometry": { "type": "MultiPolygon", "coordinates": [ [ [ [ 105.2273879, -5.5449241 ], [ 105.2273586, -5.5449917 ], [ 105.2272937, -5.5449636 ], [ 105.227323, -5.5448959 ], [ 105.2273103, -5.5448904 ], [ 105.227338, -5.5448263 ], [ 105.2274157, -5.54486 ], [ 105.2273879, -5.5449241 ] ] ], [ [ [ 105.2274009, -5.5445931 ], [ 105.2273725, -5.544691 ], [ 105.2273061, -5.5446717 ], [ 105.2273345, -5.5445738 ], [ 105.2274009, -5.5445931 ] ] ] ] } },
{ "type": "Feature", "properties": { "point_id": 13, "footprint_id": 1022, "id_bangunan": "SDI-C09-009", "fungsi_bangunan": "Rumah Tinggal", "jumlah_lantai": 1, "tinggi_lantai": 4.0, "tinggi_total": 4.0, "luas_m2": 209.64, "jarak_match_m": 0.28, "metode_match": "optimal_nearest", "status_match": "OK", "blok": "C", "klas_fungsi": "Hunian", "material": "Pasang Bata", "struktur": "Rangka Beton Bertulang", "tipe_atap": "Limasan", "penutup_atap": "Genteng", "dinding": "Bata Plaster", "kondisi": "Baik", "keyakinan": "Tinggi", "taksonomi": "MCF/LFINF/RSH3/RMT1/EWMA/CV1/HEX:1", "kode_singkat": "MCF \\LFINF\\HEX:1", "koefisien": 1.0, "nilai_exposure": 1052380535.07074, "kelas_exposure": "> Rp638.909.581,39 - Rp1.136.724.268,30", "exposure_rank": 2, "kelas_gempa": "Tinggi", "kelas_tsunami": "Tinggi" }, "geometry": { "type": "Polygon", "coordinates": [ [ [ 105.2338652, -5.5523983 ], [ 105.2338652, -5.5523983 ], [ 105.2338813, -5.5523704 ], [ 105.2339266, -5.5523964 ], [ 105.2339216, -5.5524049 ], [ 105.2339261, -5.552399 ], [ 105.2339445, -5.552413 ], [ 105.2339242, -5.5524398 ], [ 105.2339113, -5.5524299 ], [ 105.2338928, -5.5524595 ], [ 105.2337555, -5.5523741 ], [ 105.2337581, -5.5523699 ], [ 105.2337479, -5.5523629 ], [ 105.2337608, -5.5523442 ], [ 105.2337435, -5.5523344 ], [ 105.2337757, -5.5522772 ], [ 105.2338954, -5.5523446 ], [ 105.2338652, -5.5523983 ] ] ] } },
{ "type": "Feature", "properties": { "point_id": 14, "footprint_id": 1017, "id_bangunan": "SDI-C10-010", "fungsi_bangunan": "Rumah Tinggal", "jumlah_lantai": 1, "tinggi_lantai": 4.0, "tinggi_total": 4.0, "luas_m2": 128.74, "jarak_match_m": 0.0, "metode_match": "within", "status_match": "OK", "blok": "C", "klas_fungsi": "Hunian", "material": "Pasang Bata", "struktur": "Dinding Pemikul", "tipe_atap": "Pelana", "penutup_atap": "Genteng", "dinding": "Bata Ekspos", "kondisi": "Baik", "keyakinan": "Tinggi", "taksonomi": "MUR/LWAL/RSH2/RMT1/EWMA/CV1/HEX:1", "kode_singkat": "MUR \\LWAL\\HEX:1", "koefisien": 1.0, "nilai_exposure": 646292974.30258, "kelas_exposure": "> Rp638.909.581,39 - Rp1.136.724.268,30", "exposure_rank": 2, "kelas_gempa": "Sedang", "kelas_tsunami": "Sedang" }, "geometry": { "type": "Polygon", "coordinates": [ [ [ 105.2340686, -5.5522361 ], [ 105.2340883, -5.5523271 ], [ 105.2340094, -5.5523441 ], [ 105.234003, -5.5523141 ], [ 105.2339541, -5.5523249 ], [ 105.2339412, -5.5522663 ], [ 105.2339903, -5.5522556 ], [ 105.2339898, -5.5522531 ], [ 105.2340686, -5.5522361 ] ] ] } },
{ "type": "Feature", "properties": { "point_id": 15, "footprint_id": 749, "id_bangunan": "SDI-C11-011", "fungsi_bangunan": "Rumah Tinggal", "jumlah_lantai": 1, "tinggi_lantai": 4.0, "tinggi_total": 4.0, "luas_m2": 138.68, "jarak_match_m": 2.84, "metode_match": "optimal_nearest", "status_match": "OK", "blok": "C", "klas_fungsi": "Hunian", "material": "Pasang Bata", "struktur": "Rangka Beton Bertulang", "tipe_atap": "Limasan", "penutup_atap": "Genteng", "dinding": "Bata Plaster", "kondisi": "Baik", "keyakinan": "Tinggi", "taksonomi": "MCF/LFINF/RSH3/RMT1/EWMA/CV1/HEX:1", "kode_singkat": "MCF \\LFINF\\HEX:1", "koefisien": 1.0, "nilai_exposure": 646292974.30258, "kelas_exposure": "> Rp638.909.581,39 - Rp1.136.724.268,30", "exposure_rank": 2, "kelas_gempa": "Sedang", "kelas_tsunami": "Sedang" }, "geometry": { "type": "Polygon", "coordinates": [ [ [ 105.2339402, -5.5522664 ], [ 105.2340696, -5.5522322 ], [ 105.2340896, -5.5523273 ], [ 105.2340078, -5.5523464 ], [ 105.234003, -5.5523159 ], [ 105.2339468, -5.5523273 ], [ 105.2339402, -5.5522664 ] ] ] } },
{ "type": "Feature", "properties": { "point_id": 16, "footprint_id": 1015, "id_bangunan": "SDI-C12-012", "fungsi_bangunan": "Rumah Tinggal", "jumlah_lantai": 1, "tinggi_lantai": 4.0, "tinggi_total": 4.0, "luas_m2": 275.34, "jarak_match_m": 3.71, "metode_match": "optimal_nearest", "status_match": "OK", "blok": "C", "klas_fungsi": "Hunian", "material": "Pasang Bata", "struktur": "Dinding Pemikul", "tipe_atap": "Pelana", "penutup_atap": "Genteng", "dinding": "Bata Ekspos", "kondisi": "Baik", "keyakinan": "Tinggi", "taksonomi": "MUR/LWAL/RSH2/RMT1/EWMA/CV1/HEX:1", "kode_singkat": "MUR \\LWAL\\HEX:1", "koefisien": 1.0, "nilai_exposure": 752607494.42276001, "kelas_exposure": "> Rp638.909.581,39 - Rp1.136.724.268,30", "exposure_rank": 2, "kelas_gempa": "Sedang", "kelas_tsunami": "Sedang" }, "geometry": { "type": "Polygon", "coordinates": [ [ [ 105.2340612, -5.5519559 ], [ 105.2340651, -5.5519886 ], [ 105.2340802, -5.5519872 ], [ 105.2340819, -5.5520057 ], [ 105.2340673, -5.552007 ], [ 105.2340768, -5.5520875 ], [ 105.2340141, -5.5520949 ], [ 105.2340141, -5.5520948 ], [ 105.2340108, -5.5520954 ], [ 105.2340142, -5.5521195 ], [ 105.2339443, -5.5521293 ], [ 105.2339412, -5.5521067 ], [ 105.2339411, -5.5521067 ], [ 105.2339403, -5.5521022 ], [ 105.2339214, -5.552105 ], [ 105.2339178, -5.5520809 ], [ 105.2339071, -5.5520816 ], [ 105.2339059, -5.5520639 ], [ 105.2339152, -5.5520633 ], [ 105.2339125, -5.5520452 ], [ 105.2339085, -5.5520461 ], [ 105.233895, -5.5519879 ], [ 105.2339264, -5.5519806 ], [ 105.2339265, -5.5519811 ], [ 105.2339828, -5.5519691 ], [ 105.2339888, -5.551997 ], [ 105.2340022, -5.5519948 ], [ 105.2339985, -5.5519633 ], [ 105.2340612, -5.5519559 ] ] ] } },
{ "type": "Feature", "properties": { "point_id": 17, "footprint_id": 755, "id_bangunan": "SDI-C13-013", "fungsi_bangunan": "Rumah Tinggal", "jumlah_lantai": 1, "tinggi_lantai": 4.0, "tinggi_total": 4.0, "luas_m2": 74.68, "jarak_match_m": 7.67, "metode_match": "optimal_nearest", "status_match": "OK", "blok": "C", "klas_fungsi": "Hunian", "material": "Kayu", "struktur": "Rangka Kayu", "tipe_atap": "Pelana", "penutup_atap": "Seng", "dinding": "Kayu", "kondisi": "Baik", "keyakinan": "Tinggi", "taksonomi": "W/LPB/RSH2/RMT2/EWW/CV1/HEX:1", "kode_singkat": "W \\LPB\\HEX:1", "koefisien": 1.0, "nilai_exposure": 374918086.484716, "kelas_exposure": "Rp14.611.983,05 - Rp638.909.581,39", "exposure_rank": 1, "kelas_gempa": "Rendah", "kelas_tsunami": "Rendah" }, "geometry": { "type": "Polygon", "coordinates": [ [ [ 105.2341021, -5.5519805 ], [ 105.2341192, -5.5519762 ], [ 105.2341159, -5.5519605 ], [ 105.2341497, -5.5519572 ], [ 105.2341511, -5.5519682 ], [ 105.2341587, -5.5519672 ], [ 105.2341768, -5.5520667 ], [ 105.234123, -5.5520767 ], [ 105.2341021, -5.5519805 ] ] ] } },
{ "type": "Feature", "properties": { "point_id": 18, "footprint_id": 752, "id_bangunan": "SDI-C14-014", "fungsi_bangunan": "Rumah Tinggal", "jumlah_lantai": 1, "tinggi_lantai": 4.0, "tinggi_total": 4.0, "luas_m2": 148.66, "jarak_match_m": 0.0, "metode_match": "within", "status_match": "OK", "blok": "C", "klas_fungsi": "Hunian", "material": "Pasang Bata", "struktur": "Dinding Pemikul", "tipe_atap": "Pelana", "penutup_atap": "Genteng", "dinding": "Campuran", "kondisi": "Baik", "keyakinan": "Tinggi", "taksonomi": "MUR/LWAL/RSH2/RMT1/EWO/CV1/HEX:1", "kode_singkat": "MUR \\LWAL\\HEX:1", "koefisien": 1.0, "nilai_exposure": 688434340.09519994, "kelas_exposure": "> Rp638.909.581,39 - Rp1.136.724.268,30", "exposure_rank": 2, "kelas_gempa": "Sedang", "kelas_tsunami": "Sedang" }, "geometry": { "type": "Polygon", "coordinates": [ [ [ 105.2336927, -5.5520941 ], [ 105.2337184, -5.5520894 ], [ 105.2337156, -5.5520742 ], [ 105.2338069, -5.5520513 ], [ 105.2338421, -5.5521722 ], [ 105.2337698, -5.5521884 ], [ 105.2337584, -5.5521351 ], [ 105.2336994, -5.5521446 ], [ 105.2336927, -5.5520941 ] ] ] } },
{ "type": "Feature", "properties": { "point_id": 19, "footprint_id": 1018, "id_bangunan": "SDI-C15-015", "fungsi_bangunan": "Rumah Tinggal", "jumlah_lantai": 1, "tinggi_lantai": 4.0, "tinggi_total": 4.0, "luas_m2": 147.11, "jarak_match_m": 0.41, "metode_match": "optimal_nearest", "status_match": "OK", "blok": "C", "klas_fungsi": "Hunian", "material": "Pasang Bata", "struktur": "Rangka Beton Bertulang", "tipe_atap": "Limasan", "penutup_atap": "Genteng", "dinding": "Bata Ekspos", "kondisi": "Baik", "keyakinan": "Tinggi", "taksonomi": "MCF/LFINF/RSH3/RMT1/EWMA/CV1/HEX:1", "kode_singkat": "MCF \\LFINF\\HEX:1", "koefisien": 1.0, "nilai_exposure": 738474213.40024006, "kelas_exposure": "> Rp638.909.581,39 - Rp1.136.724.268,30", "exposure_rank": 2, "kelas_gempa": "Sedang", "kelas_tsunami": "Sedang" }, "geometry": { "type": "Polygon", "coordinates": [ [ [ 105.2336139, -5.5521497 ], [ 105.2336939, -5.5522059 ], [ 105.233676, -5.5522313 ], [ 105.2336983, -5.5522496 ], [ 105.2336719, -5.5522819 ], [ 105.2336519, -5.5522656 ], [ 105.2336362, -5.552288 ], [ 105.2335801, -5.5522486 ], [ 105.2335761, -5.5522541 ], [ 105.2335392, -5.5522268 ], [ 105.2335713, -5.5521833 ], [ 105.2335838, -5.5521925 ], [ 105.2336139, -5.5521497 ] ] ] } },
{ "type": "Feature", "properties": { "point_id": 20, "footprint_id": 1258, "id_bangunan": "SDI-A08-008", "fungsi_bangunan": "Rumah Tinggal", "jumlah_lantai": 1, "tinggi_lantai": 4.0, "tinggi_total": 4.0, "luas_m2": 174.47, "jarak_match_m": 0.0, "metode_match": "within", "status_match": "OK", "blok": "A", "klas_fungsi": "Hunian", "material": "Pasang Bata", "struktur": "Rangka Beton Bertulang", "tipe_atap": "Kombinasi", "penutup_atap": "Genteng", "dinding": "Bata Plaster", "kondisi": "Sedang", "keyakinan": "Tinggi", "taksonomi": "MCF/LFINF/RSH8/RMT1/EWMA/CV2/HEX:1", "kode_singkat": "MCF \\LFINF\\HEX:1", "koefisien": 1.0, "nilai_exposure": 875856197.1961, "kelas_exposure": "> Rp638.909.581,39 - Rp1.136.724.268,30", "exposure_rank": 2, "kelas_gempa": "Sedang", "kelas_tsunami": "Sedang" }, "geometry": { "type": "Polygon", "coordinates": [ [ [ 105.227338, -5.5448263 ], [ 105.2273103, -5.5448904 ], [ 105.227323, -5.5448959 ], [ 105.2272937, -5.5449636 ], [ 105.2272847, -5.5449494 ], [ 105.2272189, -5.5449221 ], [ 105.2272828, -5.5447547 ], [ 105.227356, -5.5447917 ], [ 105.227338, -5.5448263 ] ] ] } },
{ "type": "Feature", "properties": { "point_id": 21, "footprint_id": 1053, "id_bangunan": "SDI-A09-009", "fungsi_bangunan": "Rumah Tinggal", "jumlah_lantai": 1, "tinggi_lantai": 4.0, "tinggi_total": 4.0, "luas_m2": 86.49, "jarak_match_m": 89.42, "metode_match": "optimal_nearest", "status_match": "PERLU_CEK", "blok": "A", "klas_fungsi": "Hunian", "material": "Campuran", "struktur": "Rangka Kayu", "tipe_atap": "Pelana", "penutup_atap": "Genteng", "dinding": "Campuran", "kondisi": "Sedang", "keyakinan": "Tinggi", "taksonomi": "MIX/LFM/RSH2/RMT1/EWO/CV2/HEX:1", "kode_singkat": "MIX \\LFM\\HEX:1", "koefisien": 1.0, "nilai_exposure": 348095617.36343801, "kelas_exposure": "Rp14.611.983,05 - Rp638.909.581,39", "exposure_rank": 1, "kelas_gempa": "Rendah", "kelas_tsunami": "Rendah" }, "geometry": { "type": "Polygon", "coordinates": [ [ [ 105.2251636, -5.5486258 ], [ 105.225127, -5.5485344 ], [ 105.2251936, -5.5485078 ], [ 105.2252302, -5.5485992 ], [ 105.2251636, -5.5486258 ] ] ] } },
{ "type": "Feature", "properties": { "point_id": 22, "footprint_id": 1179, "id_bangunan": "SDI-A11-011", "fungsi_bangunan": "Rumah Tinggal", "jumlah_lantai": 1, "tinggi_lantai": 4.0, "tinggi_total": 4.0, "luas_m2": 104.75, "jarak_match_m": 0.0, "metode_match": "within", "status_match": "OK", "blok": "A", "klas_fungsi": "Hunian", "material": "Pasang Bata", "struktur": "Rangka Beton Bertulang", "tipe_atap": "Limasan", "penutup_atap": "Genteng", "dinding": "Bata Plaster", "kondisi": "Sedang", "keyakinan": "Tinggi", "taksonomi": "MCF/LFINF/RSH3/RMT1/EWMA/CV2/HEX:1", "kode_singkat": "MCF \\LFINF\\HEX:1", "koefisien": 1.0, "nilai_exposure": 593783883.23155999, "kelas_exposure": "Rp14.611.983,05 - Rp638.909.581,39", "exposure_rank": 1, "kelas_gempa": "Sedang", "kelas_tsunami": "Sedang" }, "geometry": { "type": "Polygon", "coordinates": [ [ [ 105.2264403, -5.5450059 ], [ 105.2265041, -5.5449225 ], [ 105.2265688, -5.544972 ], [ 105.2265051, -5.5450554 ], [ 105.2264403, -5.5450059 ] ] ] } },
{ "type": "Feature", "properties": { "point_id": 23, "footprint_id": 1178, "id_bangunan": "SDI-A12-012", "fungsi_bangunan": "Rumah Tinggal", "jumlah_lantai": 2, "tinggi_lantai": 4.0, "tinggi_total": 8.0, "luas_m2": 100.14, "jarak_match_m": 0.0, "metode_match": "within", "status_match": "OK", "blok": "A", "klas_fungsi": "Hunian", "material": "Kayu", "struktur": "Rangka Kayu", "tipe_atap": "Pelana", "penutup_atap": "Genteng", "dinding": "Kayu", "kondisi": "Sedang", "keyakinan": "Tinggi", "taksonomi": "W/LPB/RSH2/RMT1/EWW/CV2/HEX:2", "kode_singkat": "W \\LPB\\HEX:2", "koefisien": 1.09, "nilai_exposure": 547971483.0276854, "kelas_exposure": "Rp14.611.983,05 - Rp638.909.581,39", "exposure_rank": 1, "kelas_gempa": "Rendah", "kelas_tsunami": "Rendah" }, "geometry": { "type": "Polygon", "coordinates": [ [ [ 105.2261072, -5.5448336 ], [ 105.2261648, -5.5448748 ], [ 105.2260977, -5.5449688 ], [ 105.2260401, -5.5449276 ], [ 105.2261072, -5.5448336 ] ] ] } },
{ "type": "Feature", "properties": { "point_id": 24, "footprint_id": 1141, "id_bangunan": "SDI-A13-013", "fungsi_bangunan": "Rumah Tinggal", "jumlah_lantai": 1, "tinggi_lantai": 4.0, "tinggi_total": 4.0, "luas_m2": 51.4, "jarak_match_m": 0.0, "metode_match": "within", "status_match": "OK", "blok": "A", "klas_fungsi": "Hunian", "material": "Pasang Bata", "struktur": "Campuran", "tipe_atap": "Kombinasi", "penutup_atap": "Genteng", "dinding": "Bata Plaster", "kondisi": "Sedang", "keyakinan": "Tinggi", "taksonomi": "MIX/LFINF/RSH8/RMT1/EWMA/CV2/HEX:1", "kode_singkat": "MIX \\LFINF\\HEX:1", "koefisien": 1.0, "nilai_exposure": 221838719.08143401, "kelas_exposure": "Rp14.611.983,05 - Rp638.909.581,39", "exposure_rank": 1, "kelas_gempa": "Rendah", "kelas_tsunami": "Rendah" }, "geometry": { "type": "Polygon", "coordinates": [ [ [ 105.2258912, -5.5447568 ], [ 105.2259177, -5.544693 ], [ 105.2259739, -5.5447163 ], [ 105.2259474, -5.5447801 ], [ 105.2258912, -5.5447568 ] ] ] } },
{ "type": "Feature", "properties": { "point_id": 25, "footprint_id": 1120, "id_bangunan": "SDI-A14-014", "fungsi_bangunan": "Rumah Tinggal", "jumlah_lantai": 1, "tinggi_lantai": 4.0, "tinggi_total": 4.0, "luas_m2": 175.18, "jarak_match_m": 0.0, "metode_match": "within", "status_match": "OK", "blok": "A", "klas_fungsi": "Hunian", "material": "Pasang Bata", "struktur": "Rangka Beton Bertulang", "tipe_atap": "Pelana", "penutup_atap": "Genteng", "dinding": "Bata Ekspos", "kondisi": "Sedang Dibangun", "keyakinan": "Tinggi", "taksonomi": "MCF/LFINF/RSH2/RMT1/EWMA/CV5/HEX:1", "kode_singkat": "MCF \\LFINF\\HEX:1", "koefisien": 1.0, "nilai_exposure": 879412177.16196001, "kelas_exposure": "> Rp638.909.581,39 - Rp1.136.724.268,30", "exposure_rank": 2, "kelas_gempa": "Sedang", "kelas_tsunami": "Sedang" }, "geometry": { "type": "Polygon", "coordinates": [ [ [ 105.2260607, -5.544311 ], [ 105.2261464, -5.544345 ], [ 105.2260892, -5.5444894 ], [ 105.2260036, -5.5444555 ], [ 105.2260607, -5.544311 ] ] ] } },
{ "type": "Feature", "properties": { "point_id": 26, "footprint_id": 1118, "id_bangunan": "SDI-A15-015", "fungsi_bangunan": "Rumah Tinggal", "jumlah_lantai": 1, "tinggi_lantai": 4.0, "tinggi_total": 4.0, "luas_m2": 151.69, "jarak_match_m": 0.0, "metode_match": "within", "status_match": "OK", "blok": "A", "klas_fungsi": "Hunian", "material": "Pasang Bata", "struktur": "Rangka Beton Bertulang", "tipe_atap": "Pelana", "penutup_atap": "Genteng", "dinding": "Bata Plaster", "kondisi": "Sedang", "keyakinan": "Tinggi", "taksonomi": "MCF/LFINF/RSH2/RMT1/EWMA/CV2/HEX:1", "kode_singkat": "MCF \\LFINF\\HEX:1", "koefisien": 1.0, "nilai_exposure": 735645375.68546009, "kelas_exposure": "> Rp638.909.581,39 - Rp1.136.724.268,30", "exposure_rank": 2, "kelas_gempa": "Sedang", "kelas_tsunami": "Sedang" }, "geometry": { "type": "Polygon", "coordinates": [ [ [ 105.2259697, -5.5442545 ], [ 105.2260686, -5.5442875 ], [ 105.226031, -5.5444003 ], [ 105.2259321, -5.5443673 ], [ 105.2259697, -5.5442545 ] ] ] } },
{ "type": "Feature", "properties": { "point_id": 27, "footprint_id": 1140, "id_bangunan": "SDI-A16-016", "fungsi_bangunan": "Rumah Tinggal", "jumlah_lantai": 1, "tinggi_lantai": 4.0, "tinggi_total": 4.0, "luas_m2": 222.52, "jarak_match_m": 0.0, "metode_match": "within", "status_match": "OK", "blok": "A", "klas_fungsi": "Hunian", "material": "Pasang Bata", "struktur": "Campuran", "tipe_atap": "Kombinasi", "penutup_atap": "Genteng", "dinding": "Bata Plaster", "kondisi": "Rusak Ringan", "keyakinan": "Tinggi", "taksonomi": "MCF/LFINF/RSH8/RMT1/EWMA/CV2/HEX:1", "kode_singkat": "MCF \\LFINF\\HEX:1", "koefisien": 1.0, "nilai_exposure": 322130899.72725403, "kelas_exposure": "Rp14.611.983,05 - Rp638.909.581,39", "exposure_rank": 1, "kelas_gempa": "Rendah", "kelas_tsunami": "Rendah" }, "geometry": { "type": "Polygon", "coordinates": [ [ [ 105.2258594, -5.5446183 ], [ 105.2258344, -5.5447055 ], [ 105.2258159, -5.5447702 ], [ 105.2258068, -5.5448019 ], [ 105.2257621, -5.5447891 ], [ 105.2257712, -5.5447574 ], [ 105.2257212, -5.5447431 ], [ 105.2257397, -5.5446784 ], [ 105.2257454, -5.54468 ], [ 105.2257754, -5.5445754 ], [ 105.2257955, -5.5445812 ], [ 105.2258613, -5.5446001 ], [ 105.2258563, -5.5446174 ], [ 105.2258594, -5.5446183 ] ] ] } },
{ "type": "Feature", "properties": { "point_id": 28, "footprint_id": 1116, "id_bangunan": "SDI-A18-018", "fungsi_bangunan": "Rumah Tinggal", "jumlah_lantai": 1, "tinggi_lantai": 4.0, "tinggi_total": 4.0, "luas_m2": 99.16, "jarak_match_m": 0.0, "metode_match": "within", "status_match": "OK", "blok": "A", "klas_fungsi": "Hunian", "material": "Kayu", "struktur": "Rangka Beton Bertulang", "tipe_atap": "Kombinasi", "penutup_atap": "Genteng", "dinding": "Campuran", "kondisi": "Sedang", "keyakinan": "Tinggi", "taksonomi": "MCF/LFINF/RSH8/RMT1/EWO/CV2/HEX:1", "kode_singkat": "MCF \\LFINF\\HEX:1", "koefisien": 1.0, "nilai_exposure": 735645375.68546009, "kelas_exposure": "> Rp638.909.581,39 - Rp1.136.724.268,30", "exposure_rank": 2, "kelas_gempa": "Sedang", "kelas_tsunami": "Sedang" }, "geometry": { "type": "Polygon", "coordinates": [ [ [ 105.2258585, -5.5442664 ], [ 105.2259429, -5.5442867 ], [ 105.2259212, -5.5443773 ], [ 105.2258368, -5.5443571 ], [ 105.2258585, -5.5442664 ] ] ] } },
{ "type": "Feature", "properties": { "point_id": 29, "footprint_id": 1123, "id_bangunan": "SDI-A19-019", "fungsi_bangunan": "Rumah Tinggal", "jumlah_lantai": 1, "tinggi_lantai": 4.0, "tinggi_total": 4.0, "luas_m2": 76.4, "jarak_match_m": 0.0, "metode_match": "within", "status_match": "OK", "blok": "A", "klas_fungsi": "Hunian", "material": "Pasang Bata", "struktur": "Rangka Beton Bertulang", "tipe_atap": "Pelana", "penutup_atap": "Genteng", "dinding": "Campuran", "kondisi": "Sedang Dibangun", "keyakinan": "Tinggi", "taksonomi": "MCF/LFINF/RSH2/RMT1/EWO/CV5/HEX:1", "kode_singkat": "MCF \\LFINF\\HEX:1", "koefisien": 1.0, "nilai_exposure": 336884958.756926, "kelas_exposure": "Rp14.611.983,05 - Rp638.909.581,39", "exposure_rank": 1, "kelas_gempa": "Rendah", "kelas_tsunami": "Rendah" }, "geometry": { "type": "Polygon", "coordinates": [ [ [ 105.2257341, -5.5443771 ], [ 105.2257571, -5.5442982 ], [ 105.22583, -5.5443194 ], [ 105.2258071, -5.5443983 ], [ 105.2257341, -5.5443771 ] ] ] } },
{ "type": "Feature", "properties": { "point_id": 30, "footprint_id": 1137, "id_bangunan": "SDI-A20-020", "fungsi_bangunan": "Rumah Tinggal", "jumlah_lantai": 1, "tinggi_lantai": 4.0, "tinggi_total": 4.0, "luas_m2": 155.76, "jarak_match_m": 0.0, "metode_match": "within", "status_match": "OK", "blok": "A", "klas_fungsi": "Hunian", "material": "Pasang Bata", "struktur": "Rangka Beton Bertulang", "tipe_atap": "Kombinasi", "penutup_atap": "Genteng", "dinding": "Bata Plaster", "kondisi": "Baik", "keyakinan": "Tinggi", "taksonomi": "MCF/LFINF/RSH8/RMT1/EWMA/CV1/HEX:1", "kode_singkat": "MCF \\LFINF\\HEX:1", "koefisien": 1.0, "nilai_exposure": 468279253.37843001, "kelas_exposure": "Rp14.611.983,05 - Rp638.909.581,39", "exposure_rank": 1, "kelas_gempa": "Rendah", "kelas_tsunami": "Rendah" }, "geometry": { "type": "Polygon", "coordinates": [ [ [ 105.2255475, -5.5445218 ], [ 105.2255425, -5.5445434 ], [ 105.2255479, -5.5445441 ], [ 105.2255465, -5.5445576 ], [ 105.2255736, -5.5445613 ], [ 105.2255632, -5.5446446 ], [ 105.2255374, -5.5446404 ], [ 105.2255366, -5.5446477 ], [ 105.2254513, -5.5446327 ], [ 105.2254537, -5.5446203 ], [ 105.2254589, -5.5445322 ], [ 105.2254641, -5.5445329 ], [ 105.2254666, -5.5445165 ], [ 105.2255475, -5.5445218 ] ] ] } },
{ "type": "Feature", "properties": { "point_id": 31, "footprint_id": 1127, "id_bangunan": "SDI-A21-021", "fungsi_bangunan": "Rumah Tinggal", "jumlah_lantai": 1, "tinggi_lantai": 4.0, "tinggi_total": 4.0, "luas_m2": 63.68, "jarak_match_m": 0.0, "metode_match": "within", "status_match": "OK", "blok": "A", "klas_fungsi": "Hunian", "material": "Pasang Bata", "struktur": "Rangka Beton Bertulang", "tipe_atap": "Pelana", "penutup_atap": "Genteng", "dinding": "Bata Plaster", "kondisi": "Sedang", "keyakinan": "Tinggi", "taksonomi": "MCF/LFINF/RSH2/RMT1/EWMA/CV2/HEX:1", "kode_singkat": "MCF \\LFINF\\HEX:1", "koefisien": 1.0, "nilai_exposure": 472182524.73181599, "kelas_exposure": "Rp14.611.983,05 - Rp638.909.581,39", "exposure_rank": 1, "kelas_gempa": "Rendah", "kelas_tsunami": "Rendah" }, "geometry": { "type": "Polygon", "coordinates": [ [ [ 105.2253731, -5.5445775 ], [ 105.2253797, -5.5444797 ], [ 105.2254326, -5.5444833 ], [ 105.225426, -5.5445811 ], [ 105.2253731, -5.5445775 ] ] ] } },
{ "type": "Feature", "properties": { "point_id": 32, "footprint_id": 1144, "id_bangunan": "SDI-A23-023", "fungsi_bangunan": "Rumah Tinggal", "jumlah_lantai": 1, "tinggi_lantai": 4.0, "tinggi_total": 4.0, "luas_m2": 213.06, "jarak_match_m": 2.1, "metode_match": "optimal_nearest", "status_match": "OK", "blok": "A", "klas_fungsi": "Hunian", "material": "Pasang Bata", "struktur": "Rangka Beton Bertulang", "tipe_atap": "Pelana", "penutup_atap": "Genteng", "dinding": "Campuran", "kondisi": "Sedang", "keyakinan": "Tinggi", "taksonomi": "MCF/LFINF/RSH2/RMT1/EWO/CV2/HEX:1", "kode_singkat": "MCF \\LFINF\\HEX:1", "koefisien": 1.0, "nilai_exposure": 398822113.18334597, "kelas_exposure": "Rp14.611.983,05 - Rp638.909.581,39", "exposure_rank": 1, "kelas_gempa": "Rendah", "kelas_tsunami": "Rendah" }, "geometry": { "type": "Polygon", "coordinates": [ [ [ 105.2255998, -5.5441682 ], [ 105.2256835, -5.544195 ], [ 105.225623, -5.5443835 ], [ 105.2255393, -5.5443567 ], [ 105.2255998, -5.5441682 ] ] ] } },
{ "type": "Feature", "properties": { "point_id": 33, "footprint_id": 1105, "id_bangunan": "SDI-A24-024", "fungsi_bangunan": "Rumah Tinggal", "jumlah_lantai": 1, "tinggi_lantai": 4.0, "tinggi_total": 4.0, "luas_m2": 95.83, "jarak_match_m": 0.0, "metode_match": "within", "status_match": "OK", "blok": "A", "klas_fungsi": "Hunian", "material": "Pasang Bata", "struktur": "Rangka Beton Bertulang", "tipe_atap": "Kombinasi", "penutup_atap": "Genteng", "dinding": "Bata Plaster", "kondisi": "Sedang", "keyakinan": "Tinggi", "taksonomi": "MCF/LFINF/RSH8/RMT1/EWMA/CV2/HEX:1", "kode_singkat": "MCF \\LFINF\\HEX:1", "koefisien": 1.0, "nilai_exposure": 387534331.78923202, "kelas_exposure": "Rp14.611.983,05 - Rp638.909.581,39", "exposure_rank": 1, "kelas_gempa": "Rendah", "kelas_tsunami": "Rendah" }, "geometry": { "type": "Polygon", "coordinates": [ [ [ 105.2254873, -5.5441659 ], [ 105.2254792, -5.5442736 ], [ 105.225407, -5.5442682 ], [ 105.225415, -5.5441605 ], [ 105.2254873, -5.5441659 ] ] ] } },
{ "type": "Feature", "properties": { "point_id": 34, "footprint_id": 1114, "id_bangunan": "SDI-A25-025", "fungsi_bangunan": "Rumah Tinggal", "jumlah_lantai": 1, "tinggi_lantai": 4.0, "tinggi_total": 4.0, "luas_m2": 67.05, "jarak_match_m": 0.0, "metode_match": "within", "status_match": "OK", "blok": "A", "klas_fungsi": "Hunian", "material": "Pasang Bata", "struktur": "Rangka Beton Bertulang", "tipe_atap": "Kombinasi", "penutup_atap": "Genteng", "dinding": "Bata Plaster", "kondisi": "Baik", "keyakinan": "Tinggi", "taksonomi": "MCF/LFINF/RSH8/RMT1/EWMA/CV1/HEX:1", "kode_singkat": "MCF \\LFINF\\HEX:1", "koefisien": 1.0, "nilai_exposure": 296924232.31397998, "kelas_exposure": "Rp14.611.983,05 - Rp638.909.581,39", "exposure_rank": 1, "kelas_gempa": "Rendah", "kelas_tsunami": "Rendah" }, "geometry": { "type": "Polygon", "coordinates": [ [ [ 105.2258185, -5.5441233 ], [ 105.2258913, -5.5441462 ], [ 105.2258698, -5.5442147 ], [ 105.225797, -5.5441918 ], [ 105.2258185, -5.5441233 ] ] ] } },
{ "type": "Feature", "properties": { "point_id": 35, "footprint_id": 731, "id_bangunan": "SDI-C16-016", "fungsi_bangunan": "Rumah Tinggal", "jumlah_lantai": 1, "tinggi_lantai": 4.0, "tinggi_total": 4.0, "luas_m2": 240.17, "jarak_match_m": 0.0, "metode_match": "within", "status_match": "OK", "blok": "C", "klas_fungsi": "Hunian", "material": "Pasang Bata", "struktur": "Dinding Pemikul", "tipe_atap": "Pelana", "penutup_atap": "Asbes", "dinding": "Bata Plaster", "kondisi": "Sedang", "keyakinan": "Tinggi", "taksonomi": "MUR/LWAL/RSH2/RMT6/EWMA/CV2/HEX:1", "kode_singkat": "MUR \\LWAL\\HEX:1", "koefisien": 1.0, "nilai_exposure": 1205631550.92188, "kelas_exposure": "> Rp1.136.724.268,30 - Rp1.856.590.180,23", "exposure_rank": 3, "kelas_gempa": "Tinggi", "kelas_tsunami": "Tinggi" }, "geometry": { "type": "Polygon", "coordinates": [ [ [ 105.2351272, -5.5520793 ], [ 105.2351985, -5.5521842 ], [ 105.2350672, -5.5522663 ], [ 105.2349972, -5.5521578 ], [ 105.2351272, -5.5520793 ] ] ] } },
{ "type": "Feature", "properties": { "point_id": 36, "footprint_id": 732, "id_bangunan": "SDI-C17-017", "fungsi_bangunan": "Rumah Tinggal", "jumlah_lantai": 1, "tinggi_lantai": 4.0, "tinggi_total": 4.0, "luas_m2": 137.2, "jarak_match_m": 14.91, "metode_match": "optimal_nearest", "status_match": "OK", "blok": "C", "klas_fungsi": "Hunian", "material": "Pasang Bata", "struktur": "Dinding Pemikul", "tipe_atap": "Pelana", "penutup_atap": "Genteng", "dinding": "Bata Ekspos", "kondisi": "Baik", "keyakinan": "Tinggi", "taksonomi": "MUR/LWAL/RSH2/RMT1/EWMA/CV1/HEX:1", "kode_singkat": "MUR \\LWAL\\HEX:1", "koefisien": 1.0, "nilai_exposure": 1205631550.92188, "kelas_exposure": "> Rp1.136.724.268,30 - Rp1.856.590.180,23", "exposure_rank": 3, "kelas_gempa": "Tinggi", "kelas_tsunami": "Tinggi" }, "geometry": { "type": "Polygon", "coordinates": [ [ [ 105.2348359, -5.5520621 ], [ 105.234908, -5.5520107 ], [ 105.2349387, -5.5520607 ], [ 105.2349444, -5.5520579 ], [ 105.2349694, -5.5520878 ], [ 105.2349644, -5.5520921 ], [ 105.2349801, -5.5521157 ], [ 105.234913, -5.5521664 ], [ 105.2348359, -5.5520621 ] ] ] } },
{ "type": "Feature", "properties": { "point_id": 37, "footprint_id": 718, "id_bangunan": "SDI-C18-018", "fungsi_bangunan": "Rumah Tinggal", "jumlah_lantai": 1, "tinggi_lantai": 4.0, "tinggi_total": 4.0, "luas_m2": 272.69, "jarak_match_m": 0.0, "metode_match": "within", "status_match": "OK", "blok": "C", "klas_fungsi": "Hunian", "material": "Beton Bertulang", "struktur": "Rangka Beton Bertulang", "tipe_atap": "Limasan", "penutup_atap": "Genteng", "dinding": "Bata Plaster", "kondisi": "Baik", "keyakinan": "Tinggi", "taksonomi": "CR/LFM/RSH3/RMT1/EWMA/CV1/HEX:1", "kode_singkat": "CR \\LFM\\HEX:1", "koefisien": 1.0, "nilai_exposure": 2417248084.9931402, "kelas_exposure": "> Rp1.856.590.180,23 - < Rp11.941.713.042,64", "exposure_rank": 4, "kelas_gempa": "Tinggi", "kelas_tsunami": "Tinggi" }, "geometry": { "type": "Polygon", "coordinates": [ [ [ 105.2352333, -5.5518505 ], [ 105.2353231, -5.5518005 ], [ 105.2353927, -5.5519147 ], [ 105.2351809, -5.5520408 ], [ 105.2351524, -5.551995 ], [ 105.2352476, -5.551935 ], [ 105.2352428, -5.5519284 ], [ 105.2352684, -5.5519124 ], [ 105.2352333, -5.5518505 ] ] ] } },
{ "type": "Feature", "properties": { "point_id": 38, "footprint_id": 722, "id_bangunan": "SDI-C19-019", "fungsi_bangunan": "Rumah Tinggal", "jumlah_lantai": 1, "tinggi_lantai": 4.0, "tinggi_total": 4.0, "luas_m2": 214.39, "jarak_match_m": 3.86, "metode_match": "optimal_nearest", "status_match": "OK", "blok": "C", "klas_fungsi": "Hunian", "material": "Pasang Bata", "struktur": "Dinding Pemikul", "tipe_atap": "Kombinasi", "penutup_atap": "Genteng", "dinding": "Bata Plaster", "kondisi": "Baik", "keyakinan": "Tinggi", "taksonomi": "MUR/LWAL/RSH8/RMT1/EWMA/CV1/HEX:1", "kode_singkat": "MUR \\LWAL\\HEX:1", "koefisien": 1.0, "nilai_exposure": 773151736.65340006, "kelas_exposure": "> Rp638.909.581,39 - Rp1.136.724.268,30", "exposure_rank": 2, "kelas_gempa": "Sedang", "kelas_tsunami": "Sedang" }, "geometry": { "type": "Polygon", "coordinates": [ [ [ 105.2354593, -5.5515394 ], [ 105.2355319, -5.551518 ], [ 105.235526, -5.5514924 ], [ 105.2356098, -5.5514728 ], [ 105.2356289, -5.5515394 ], [ 105.2356259, -5.5515412 ], [ 105.235633, -5.5515685 ], [ 105.2356069, -5.5515751 ], [ 105.235614, -5.5515977 ], [ 105.2355063, -5.5516286 ], [ 105.2355045, -5.5516238 ], [ 105.2354807, -5.5516292 ], [ 105.2354593, -5.5515394 ] ] ] } },
{ "type": "Feature", "properties": { "point_id": 39, "footprint_id": 721, "id_bangunan": "SDI-C20-020", "fungsi_bangunan": "Rumah Tinggal", "jumlah_lantai": 1, "tinggi_lantai": 4.0, "tinggi_total": 4.0, "luas_m2": 154.01, "jarak_match_m": 0.0, "metode_match": "within", "status_match": "OK", "blok": "C", "klas_fungsi": "Hunian", "material": "Pasang Bata", "struktur": "Dinding Pemikul", "tipe_atap": "Pelana", "penutup_atap": "Seng", "dinding": "Campuran", "kondisi": "Sedang", "keyakinan": "Tinggi", "taksonomi": "MUR/LWAL/RSH2/RMT2/EWO/CV2/HEX:1", "kode_singkat": "MUR \\LWAL\\HEX:1", "koefisien": 1.0, "nilai_exposure": 773151736.65340006, "kelas_exposure": "> Rp638.909.581,39 - Rp1.136.724.268,30", "exposure_rank": 2, "kelas_gempa": "Sedang", "kelas_tsunami": "Sedang" }, "geometry": { "type": "Polygon", "coordinates": [ [ [ 105.235451, -5.5516816 ], [ 105.2355575, -5.5516476 ], [ 105.2355545, -5.5516328 ], [ 105.2356039, -5.5516155 ], [ 105.2356306, -5.5516982 ], [ 105.2354861, -5.5517452 ], [ 105.2354831, -5.5517351 ], [ 105.2354653, -5.5517404 ], [ 105.235451, -5.5516816 ] ] ] } },
{ "type": "Feature", "properties": { "point_id": 40, "footprint_id": 1112, "id_bangunan": "SDI-A26-026", "fungsi_bangunan": "Rumah Tinggal", "jumlah_lantai": 1, "tinggi_lantai": 4.0, "tinggi_total": 4.0, "luas_m2": 91.74, "jarak_match_m": 0.0, "metode_match": "within", "status_match": "OK", "blok": "A", "klas_fungsi": "Hunian", "material": "Pasang Bata", "struktur": "Rangka Beton Bertulang", "tipe_atap": "Pelana", "penutup_atap": "Genteng", "dinding": "Bata Plaster", "kondisi": "Baik", "keyakinan": "Tinggi", "taksonomi": "MCF/LFINF/RSH2/RMT1/EWMA/CV1/HEX:1", "kode_singkat": "MCF \\LFINF\\HEX:1", "koefisien": 1.0, "nilai_exposure": 418152448.44674802, "kelas_exposure": "Rp14.611.983,05 - Rp638.909.581,39", "exposure_rank": 1, "kelas_gempa": "Rendah", "kelas_tsunami": "Rendah" }, "geometry": { "type": "Polygon", "coordinates": [ [ [ 105.2257414, -5.5440147 ], [ 105.2258109, -5.5440314 ], [ 105.2257864, -5.5441333 ], [ 105.2257169, -5.5441165 ], [ 105.2257414, -5.5440147 ] ] ] } },
{ "type": "Feature", "properties": { "point_id": 41, "footprint_id": 720, "id_bangunan": "SDI-C21-021", "fungsi_bangunan": "Rumah Tinggal", "jumlah_lantai": 1, "tinggi_lantai": 4.0, "tinggi_total": 4.0, "luas_m2": 154.45, "jarak_match_m": 4.21, "metode_match": "optimal_nearest", "status_match": "OK", "blok": "C", "klas_fungsi": "Hunian", "material": "Pasang Bata", "struktur": "Dinding Pemikul", "tipe_atap": "Pelana", "penutup_atap": "Genteng", "dinding": "Campuran", "kondisi": "Sedang", "keyakinan": "Tinggi", "taksonomi": "MUR/LWAL/RSH2/RMT1/EWO/CV2/HEX:1", "kode_singkat": "MUR \\LWAL\\HEX:1", "koefisien": 1.0, "nilai_exposure": 775355087.67934, "kelas_exposure": "> Rp638.909.581,39 - Rp1.136.724.268,30", "exposure_rank": 2, "kelas_gempa": "Sedang", "kelas_tsunami": "Sedang" }, "geometry": { "type": "Polygon", "coordinates": [ [ [ 105.2354784, -5.5517541 ], [ 105.2356592, -5.5517006 ], [ 105.2356788, -5.5517512 ], [ 105.2356651, -5.5517571 ], [ 105.2356663, -5.5517607 ], [ 105.2356116, -5.5517773 ], [ 105.2356158, -5.5517857 ], [ 105.2354974, -5.5518219 ], [ 105.2354784, -5.5517541 ] ] ] } },
{ "type": "Feature", "properties": { "point_id": 42, "footprint_id": 734, "id_bangunan": "SDI-C22-022", "fungsi_bangunan": "Rumah Tinggal", "jumlah_lantai": 1, "tinggi_lantai": 4.0, "tinggi_total": 4.0, "luas_m2": 89.63, "jarak_match_m": 7.71, "metode_match": "optimal_nearest", "status_match": "OK", "blok": "C", "klas_fungsi": "Hunian", "material": "Pasang Bata", "struktur": "Rangka Beton Bertulang", "tipe_atap": "Kombinasi", "penutup_atap": "Genteng", "dinding": "Bata Plaster", "kondisi": "Baik", "keyakinan": "Tinggi", "taksonomi": "MCF/LFINF/RSH8/RMT1/EWMA/CV1/HEX:1", "kode_singkat": "MCF \\LFINF\\HEX:1", "koefisien": 1.0, "nilai_exposure": 919544701.72808003, "kelas_exposure": "> Rp638.909.581,39 - Rp1.136.724.268,30", "exposure_rank": 2, "kelas_gempa": "Tinggi", "kelas_tsunami": "Tinggi" }, "geometry": { "type": "Polygon", "coordinates": [ [ [ 105.2348566, -5.5519365 ], [ 105.2349458, -5.5518751 ], [ 105.2349844, -5.5519265 ], [ 105.2349444, -5.5519551 ], [ 105.2349515, -5.5519629 ], [ 105.2349323, -5.5519779 ], [ 105.2349244, -5.5519715 ], [ 105.2348959, -5.5519879 ], [ 105.2348566, -5.5519365 ] ] ] } },
{ "type": "Feature", "properties": { "point_id": 43, "footprint_id": 1111, "id_bangunan": "SDI-A27-027", "fungsi_bangunan": "Rumah Tinggal", "jumlah_lantai": 1, "tinggi_lantai": 4.0, "tinggi_total": 4.0, "luas_m2": 159.15, "jarak_match_m": 0.0, "metode_match": "within", "status_match": "OK", "blok": "A", "klas_fungsi": "Hunian", "material": "Pasang Bata", "struktur": "Rangka Beton Bertulang", "tipe_atap": "Pelana", "penutup_atap": "Genteng", "dinding": "Bata Plaster", "kondisi": "Sedang Dibangun", "keyakinan": "Tinggi", "taksonomi": "MCF/LFINF/RSH2/RMT1/EWMA/CV5/HEX:1", "kode_singkat": "MCF \\LFINF\\HEX:1", "koefisien": 1.0, "nilai_exposure": 675153583.74029994, "kelas_exposure": "> Rp638.909.581,39 - Rp1.136.724.268,30", "exposure_rank": 2, "kelas_gempa": "Sedang", "kelas_tsunami": "Sedang" }, "geometry": { "type": "Polygon", "coordinates": [ [ [ 105.2256775, -5.543906 ], [ 105.2257711, -5.5439473 ], [ 105.2257199, -5.5440636 ], [ 105.2256263, -5.5440224 ], [ 105.2256775, -5.543906 ] ] ] } },
{ "type": "Feature", "properties": { "point_id": 44, "footprint_id": 717, "id_bangunan": "SDI-C23-023", "fungsi_bangunan": "Rumah Tinggal", "jumlah_lantai": 1, "tinggi_lantai": 4.0, "tinggi_total": 4.0, "luas_m2": 183.18, "jarak_match_m": 1.7, "metode_match": "optimal_nearest", "status_match": "OK", "blok": "C", "klas_fungsi": "Hunian", "material": "Pasang Bata", "struktur": "Dinding Pemikul", "tipe_atap": "Kombinasi", "penutup_atap": "Genteng", "dinding": "Bata Ekspos", "kondisi": "Baik", "keyakinan": "Tinggi", "taksonomi": "MUR/LWAL/RSH8/RMT1/EWMA/CV1/HEX:1", "kode_singkat": "MUR \\LWAL\\HEX:1", "koefisien": 1.0, "nilai_exposure": 919544701.72808003, "kelas_exposure": "> Rp638.909.581,39 - Rp1.136.724.268,30", "exposure_rank": 2, "kelas_gempa": "Tinggi", "kelas_tsunami": "Tinggi" }, "geometry": { "type": "Polygon", "coordinates": [ [ [ 105.2350453, -5.5518689 ], [ 105.2350649, -5.5518553 ], [ 105.2350572, -5.5518434 ], [ 105.2351321, -5.551791 ], [ 105.2351375, -5.5517981 ], [ 105.2351423, -5.5517958 ], [ 105.2351482, -5.5518005 ], [ 105.235175, -5.5517797 ], [ 105.2351952, -5.5518005 ], [ 105.235169, -5.5518213 ], [ 105.2352017, -5.5518642 ], [ 105.2351405, -5.5519171 ], [ 105.2351577, -5.5519385 ], [ 105.2351262, -5.5519665 ], [ 105.2350453, -5.5518689 ] ] ] } },
{ "type": "Feature", "properties": { "point_id": 45, "footprint_id": 716, "id_bangunan": "SDI-C24-024", "fungsi_bangunan": "Rumah Tinggal", "jumlah_lantai": 1, "tinggi_lantai": 4.0, "tinggi_total": 4.0, "luas_m2": 244.39, "jarak_match_m": 1.69, "metode_match": "optimal_nearest", "status_match": "OK", "blok": "C", "klas_fungsi": "Hunian", "material": "Pasang Bata", "struktur": "Dinding Pemikul", "tipe_atap": "Kombinasi", "penutup_atap": "Genteng", "dinding": "Bata Ekspos", "kondisi": "Baik", "keyakinan": "Tinggi", "taksonomi": "MUR/LWAL/RSH8/RMT1/EWMA/CV1/HEX:1", "kode_singkat": "MUR \\LWAL\\HEX:1", "koefisien": 1.0, "nilai_exposure": 1583564224.10818, "kelas_exposure": "> Rp1.136.724.268,30 - Rp1.856.590.180,23", "exposure_rank": 3, "kelas_gempa": "Tinggi", "kelas_tsunami": "Tinggi" }, "geometry": { "type": "Polygon", "coordinates": [ [ [ 105.2350322, -5.5516066 ], [ 105.2351137, -5.551556 ], [ 105.2352214, -5.5517238 ], [ 105.2351351, -5.5517833 ], [ 105.2351006, -5.551728 ], [ 105.2351203, -5.5517125 ], [ 105.2350881, -5.5516578 ], [ 105.2350572, -5.551678 ], [ 105.2350316, -5.551634 ], [ 105.2350263, -5.551631 ], [ 105.2350173, -5.5516149 ], [ 105.2350322, -5.5516066 ] ] ] } },
{ "type": "Feature", "properties": { "point_id": 46, "footprint_id": 1109, "id_bangunan": "SDI-A28-028", "fungsi_bangunan": "Rumah Tinggal", "jumlah_lantai": 1, "tinggi_lantai": 4.0, "tinggi_total": 4.0, "luas_m2": 36.15, "jarak_match_m": 3.43, "metode_match": "optimal_nearest", "status_match": "OK", "blok": "A", "klas_fungsi": "Hunian", "material": "Campuran", "struktur": "Campuran", "tipe_atap": "Pelana", "penutup_atap": "Genteng", "dinding": "Campuran", "kondisi": "Sedang", "keyakinan": "Tinggi", "taksonomi": "MIX/LFINF/RSH2/RMT1/EWO/CV2/HEX:1", "kode_singkat": "MIX \\LFINF\\HEX:1", "koefisien": 1.0, "nilai_exposure": 495067834.59664202, "kelas_exposure": "Rp14.611.983,05 - Rp638.909.581,39", "exposure_rank": 1, "kelas_gempa": "Rendah", "kelas_tsunami": "Rendah" }, "geometry": { "type": "Polygon", "coordinates": [ [ [ 105.225617, -5.5438292 ], [ 105.2256865, -5.543861 ], [ 105.2256705, -5.5438961 ], [ 105.2256009, -5.5438643 ], [ 105.225617, -5.5438292 ] ] ] } },
{ "type": "Feature", "properties": { "point_id": 47, "footprint_id": 1108, "id_bangunan": "SDI-A29-029", "fungsi_bangunan": "Rumah Tinggal", "jumlah_lantai": 1, "tinggi_lantai": 4.0, "tinggi_total": 4.0, "luas_m2": 137.64, "jarak_match_m": 0.0, "metode_match": "within", "status_match": "OK", "blok": "A", "klas_fungsi": "Hunian", "material": "Kayu", "struktur": "Rangka Kayu", "tipe_atap": "Pelana", "penutup_atap": "Genteng", "dinding": "Kayu", "kondisi": "Sedang", "keyakinan": "Tinggi", "taksonomi": "W/LFM/RSH2/RMT1/EWW/CV2/HEX:1", "kode_singkat": "W \\LFM\\HEX:1", "koefisien": 1.0, "nilai_exposure": 544783213.86626005, "kelas_exposure": "Rp14.611.983,05 - Rp638.909.581,39", "exposure_rank": 1, "kelas_gempa": "Rendah", "kelas_tsunami": "Rendah" }, "geometry": { "type": "Polygon", "coordinates": [ [ [ 105.2254623, -5.5438673 ], [ 105.2255058, -5.5437617 ], [ 105.2255968, -5.5437991 ], [ 105.2255533, -5.5439048 ], [ 105.2254623, -5.5438673 ] ] ] } },
{ "type": "Feature", "properties": { "point_id": 48, "footprint_id": 1104, "id_bangunan": "SDI-A30-030", "fungsi_bangunan": "Rumah Tinggal", "jumlah_lantai": 1, "tinggi_lantai": 4.0, "tinggi_total": 4.0, "luas_m2": 25.58, "jarak_match_m": 5.8, "metode_match": "optimal_nearest", "status_match": "OK", "blok": "A", "klas_fungsi": "Hunian", "material": "Kayu", "struktur": "Rangka Kayu", "tipe_atap": "Kombinasi", "penutup_atap": "Genteng", "dinding": "Kayu", "kondisi": "Sedang", "keyakinan": "Tinggi", "taksonomi": "W/LPB/RSH8/RMT1/EWW/CV2/HEX:1", "kode_singkat": "W \\LPB\\HEX:1", "koefisien": 1.0, "nilai_exposure": 387534331.78923202, "kelas_exposure": "Rp14.611.983,05 - Rp638.909.581,39", "exposure_rank": 1, "kelas_gempa": "Rendah", "kelas_tsunami": "Rendah" }, "geometry": { "type": "Polygon", "coordinates": [ [ [ 105.2254284, -5.5441213 ], [ 105.2254813, -5.5441249 ], [ 105.2254787, -5.5441641 ], [ 105.2254257, -5.5441606 ], [ 105.2254284, -5.5441213 ] ] ] } },
{ "type": "Feature", "properties": { "point_id": 49, "footprint_id": 735, "id_bangunan": "SDI-C26-026", "fungsi_bangunan": "Rumah Tinggal", "jumlah_lantai": 1, "tinggi_lantai": 4.0, "tinggi_total": 4.0, "luas_m2": 158.99, "jarak_match_m": 0.5, "metode_match": "optimal_nearest", "status_match": "OK", "blok": "C", "klas_fungsi": "Hunian", "material": "Beton Bertulang", "struktur": "Rangka Beton Bertulang", "tipe_atap": "Limasan", "penutup_atap": "Genteng", "dinding": "Bata Plaster", "kondisi": "Baik", "keyakinan": "Tinggi", "taksonomi": "CR/LFM/RSH3/RMT1/EWMA/CV1/HEX:1", "kode_singkat": "CR \\LFM\\HEX:1", "koefisien": 1.0, "nilai_exposure": 798120669.04167998, "kelas_exposure": "> Rp638.909.581,39 - Rp1.136.724.268,30", "exposure_rank": 2, "kelas_gempa": "Sedang", "kelas_tsunami": "Sedang" }, "geometry": { "type": "Polygon", "coordinates": [ [ [ 105.2347245, -5.5518587 ], [ 105.2347681, -5.5518323 ], [ 105.2347502, -5.5518102 ], [ 105.2348031, -5.5517745 ], [ 105.2348181, -5.551798 ], [ 105.2348373, -5.5517837 ], [ 105.2348787, -5.5518387 ], [ 105.2348202, -5.551878 ], [ 105.2348366, -5.5518987 ], [ 105.2347745, -5.5519387 ], [ 105.2347245, -5.5518587 ] ] ] } },
{ "type": "Feature", "properties": { "point_id": 50, "footprint_id": 712, "id_bangunan": "SDI-C27-027", "fungsi_bangunan": "Rumah Tinggal", "jumlah_lantai": 1, "tinggi_lantai": 4.0, "tinggi_total": 4.0, "luas_m2": 140.52, "jarak_match_m": 3.59, "metode_match": "optimal_nearest", "status_match": "OK", "blok": "C", "klas_fungsi": "Hunian", "material": "Pasang Bata", "struktur": "Dinding Pemikul", "tipe_atap": "Kombinasi", "penutup_atap": "Genteng", "dinding": "Bata Plaster", "kondisi": "Sedang", "keyakinan": "Tinggi", "taksonomi": "MUR/LWAL/RSH8/RMT1/EWMA/CV2/HEX:1", "kode_singkat": "MUR \\LWAL\\HEX:1", "koefisien": 1.0, "nilai_exposure": 1583564224.10818, "kelas_exposure": "> Rp1.136.724.268,30 - Rp1.856.590.180,23", "exposure_rank": 3, "kelas_gempa": "Tinggi", "kelas_tsunami": "Tinggi" }, "geometry": { "type": "Polygon", "coordinates": [ [ [ 105.2349651, -5.5515 ], [ 105.235037, -5.551452 ], [ 105.2350803, -5.55152 ], [ 105.2350608, -5.5515324 ], [ 105.2350646, -5.5515372 ], [ 105.2349522, -5.5516114 ], [ 105.2349375, -5.5515895 ], [ 105.2349489, -5.55158 ], [ 105.2349275, -5.5515462 ], [ 105.2349751, -5.5515181 ], [ 105.2349651, -5.5515 ] ] ] } },
{ "type": "Feature", "properties": { "point_id": 51, "footprint_id": 1132, "id_bangunan": "SDI-A31-031", "fungsi_bangunan": "Rumah Tinggal", "jumlah_lantai": 1, "tinggi_lantai": 4.0, "tinggi_total": 4.0, "luas_m2": 92.99, "jarak_match_m": 0.0, "metode_match": "within", "status_match": "OK", "blok": "A", "klas_fungsi": "Hunian", "material": "Kayu", "struktur": "Rangka Kayu", "tipe_atap": "Kombinasi", "penutup_atap": "Genteng", "dinding": "Kayu", "kondisi": "Sedang", "keyakinan": "Tinggi", "taksonomi": "W/LPB/RSH8/RMT1/EWW/CV2/HEX:1", "kode_singkat": "W \\LPB\\HEX:1", "koefisien": 1.0, "nilai_exposure": 303391300.06915998, "kelas_exposure": "Rp14.611.983,05 - Rp638.909.581,39", "exposure_rank": 1, "kelas_gempa": "Rendah", "kelas_tsunami": "Rendah" }, "geometry": { "type": "Polygon", "coordinates": [ [ [ 105.2252743, -5.5446189 ], [ 105.2253331, -5.5446066 ], [ 105.2253588, -5.5447304 ], [ 105.2253, -5.5447426 ], [ 105.2252743, -5.5446189 ] ] ] } },
{ "type": "Feature", "properties": { "point_id": 52, "footprint_id": 709, "id_bangunan": "SDI-C29-029", "fungsi_bangunan": "Rumah Tinggal", "jumlah_lantai": 1, "tinggi_lantai": 4.0, "tinggi_total": 4.0, "luas_m2": 90.89, "jarak_match_m": 6.33, "metode_match": "optimal_nearest", "status_match": "OK", "blok": "C", "klas_fungsi": "Hunian", "material": "Pasang Bata", "struktur": "Dinding Pemikul", "tipe_atap": "Pelana", "penutup_atap": "Genteng", "dinding": "Bata Ekspos", "kondisi": "Baik", "keyakinan": "Tinggi", "taksonomi": "MUR/LWAL/RSH2/RMT1/EWMA/CV1/HEX:1", "kode_singkat": "MUR \\LWAL\\HEX:1", "koefisien": 1.0, "nilai_exposure": 456270467.270576, "kelas_exposure": "Rp14.611.983,05 - Rp638.909.581,39", "exposure_rank": 1, "kelas_gempa": "Rendah", "kelas_tsunami": "Rendah" }, "geometry": { "type": "Polygon", "coordinates": [ [ [ 105.2352359, -5.5510527 ], [ 105.2352839, -5.5511055 ], [ 105.2352073, -5.5511798 ], [ 105.2351616, -5.5511298 ], [ 105.2352359, -5.5510527 ] ] ] } },
{ "type": "Feature", "properties": { "point_id": 53, "footprint_id": 1128, "id_bangunan": "SDI-A32-032", "fungsi_bangunan": "Rumah Tinggal", "jumlah_lantai": 1, "tinggi_lantai": 4.0, "tinggi_total": 4.0, "luas_m2": 200.93, "jarak_match_m": 0.0, "metode_match": "within", "status_match": "OK", "blok": "A", "klas_fungsi": "Hunian", "material": "Pasang Bata", "struktur": "Rangka Beton Bertulang", "tipe_atap": "Kombinasi", "penutup_atap": "Genteng", "dinding": "Bata Plaster", "kondisi": "Baik", "keyakinan": "Tinggi", "taksonomi": "MCF/LFINF/RSH8/RMT1/EWMA/CV1/HEX:1", "kode_singkat": "MCF \\LFINF\\HEX:1", "koefisien": 1.0, "nilai_exposure": 665393472.12847996, "kelas_exposure": "> Rp638.909.581,39 - Rp1.136.724.268,30", "exposure_rank": 2, "kelas_gempa": "Sedang", "kelas_tsunami": "Sedang" }, "geometry": { "type": "Polygon", "coordinates": [ [ [ 105.2251653, -5.5445603 ], [ 105.2252418, -5.5444289 ], [ 105.2253351, -5.5444831 ], [ 105.2252586, -5.5446146 ], [ 105.2251653, -5.5445603 ] ] ] } },
{ "type": "Feature", "properties": { "point_id": 54, "footprint_id": 1129, "id_bangunan": "SDI-A33-033", "fungsi_bangunan": "Rumah Tinggal", "jumlah_lantai": 1, "tinggi_lantai": 4.0, "tinggi_total": 4.0, "luas_m2": 201.37, "jarak_match_m": 0.0, "metode_match": "within", "status_match": "OK", "blok": "A", "klas_fungsi": "Hunian", "material": "Pasang Bata", "struktur": "Rangka Beton Bertulang", "tipe_atap": "Kombinasi", "penutup_atap": "Genteng", "dinding": "Bata Plaster", "kondisi": "Sedang", "keyakinan": "Tinggi", "taksonomi": "MCF/LFINF/RSH8/RMT1/EWMA/CV2/HEX:1", "kode_singkat": "MCF \\LFINF\\HEX:1", "koefisien": 1.0, "nilai_exposure": 494834700.33187002, "kelas_exposure": "Rp14.611.983,05 - Rp638.909.581,39", "exposure_rank": 1, "kelas_gempa": "Rendah", "kelas_tsunami": "Rendah" }, "geometry": { "type": "Polygon", "coordinates": [ [ [ 105.2250549, -5.5443909 ], [ 105.2251196, -5.5443119 ], [ 105.2252442, -5.544414 ], [ 105.2251795, -5.544493 ], [ 105.2250549, -5.5443909 ] ] ] } },
{ "type": "Feature", "properties": { "point_id": 55, "footprint_id": 572, "id_bangunan": "SDI-B05-005", "fungsi_bangunan": "Rumah Tinggal", "jumlah_lantai": 1, "tinggi_lantai": 4.0, "tinggi_total": 4.0, "luas_m2": 420.26, "jarak_match_m": 0.0, "metode_match": "within", "status_match": "OK", "blok": "B", "klas_fungsi": "Hunian", "material": "Beton Bertulang", "struktur": "Rangka Beton Bertulang", "tipe_atap": "Pelana", "penutup_atap": "Seng", "dinding": "Bata Plaster", "kondisi": "Baik", "keyakinan": "Tinggi", "taksonomi": "MCF/LFM/RSH2/RMT2/EWMA/CV1/HEX:1", "kode_singkat": "MCF \\LFM\\HEX:1", "koefisien": 1.0, "nilai_exposure": 2109716130.3471999, "kelas_exposure": "> Rp1.856.590.180,23 - < Rp11.941.713.042,64", "exposure_rank": 4, "kelas_gempa": "Tinggi", "kelas_tsunami": "Tinggi" }, "geometry": { "type": "Polygon", "coordinates": [ [ [ 105.2294652, -5.5491316 ], [ 105.2294059, -5.5490227 ], [ 105.229472, -5.5489924 ], [ 105.2294734, -5.5489945 ], [ 105.2294934, -5.5489838 ], [ 105.229576, -5.5489392 ], [ 105.2296208, -5.5489156 ], [ 105.2296254, -5.548921 ], [ 105.2296312, -5.5489124 ], [ 105.2297029, -5.5490388 ], [ 105.2296975, -5.5490441 ], [ 105.229528, -5.5491126 ], [ 105.2295255, -5.5491094 ], [ 105.2294955, -5.5491209 ], [ 105.2294937, -5.5491162 ], [ 105.2294652, -5.5491316 ] ] ] } },
{ "type": "Feature", "properties": { "point_id": 56, "footprint_id": 1097, "id_bangunan": "SDI-A01-035", "fungsi_bangunan": "Rumah Tinggal", "jumlah_lantai": 1, "tinggi_lantai": 4.0, "tinggi_total": 4.0, "luas_m2": 106.07, "jarak_match_m": 0.0, "metode_match": "within", "status_match": "OK", "blok": "A", "klas_fungsi": "Hunian", "material": "Pasang Bata", "struktur": "Rangka Beton Bertulang", "tipe_atap": "Pelana", "penutup_atap": "Genteng", "dinding": "Bata Plaster", "kondisi": "Sedang", "keyakinan": "Tinggi", "taksonomi": "MCF/LFINF/RSH2/RMT1/EWMA/CV2/HEX:1", "kode_singkat": "MCF \\LFINF\\HEX:1", "koefisien": 1.0, "nilai_exposure": 380114341.08979797, "kelas_exposure": "Rp14.611.983,05 - Rp638.909.581,39", "exposure_rank": 1, "kelas_gempa": "Rendah", "kelas_tsunami": "Rendah" }, "geometry": { "type": "Polygon", "coordinates": [ [ [ 105.2252838, -5.5442075 ], [ 105.2252984, -5.5440979 ], [ 105.225376, -5.5441082 ], [ 105.2253615, -5.5442179 ], [ 105.2252838, -5.5442075 ] ] ] } },
{ "type": "Feature", "properties": { "point_id": 57, "footprint_id": 1100, "id_bangunan": "SDI-A37-037", "fungsi_bangunan": "Rumah Tinggal", "jumlah_lantai": 1, "tinggi_lantai": 4.0, "tinggi_total": 4.0, "luas_m2": 184.93, "jarak_match_m": 3.02, "metode_match": "optimal_nearest", "status_match": "OK", "blok": "A", "klas_fungsi": "Hunian", "material": "Pasang Bata", "struktur": "Rangka Beton Bertulang", "tipe_atap": "Pelana", "penutup_atap": "Genteng", "dinding": "Bata Ekspos", "kondisi": "Sedang", "keyakinan": "Tinggi", "taksonomi": "MCF/LFINF/RSH2/RMT1/EWMA/CV2/HEX:1", "kode_singkat": "MCF \\LFINF\\HEX:1", "koefisien": 1.0, "nilai_exposure": 514788885.80125999, "kelas_exposure": "Rp14.611.983,05 - Rp638.909.581,39", "exposure_rank": 1, "kelas_gempa": "Rendah", "kelas_tsunami": "Rendah" }, "geometry": { "type": "Polygon", "coordinates": [ [ [ 105.2253747, -5.5439417 ], [ 105.2253721, -5.5439761 ], [ 105.2253052, -5.5439684 ], [ 105.225302, -5.543968 ], [ 105.2252981, -5.5440184 ], [ 105.2252071, -5.5440112 ], [ 105.2252151, -5.5439093 ], [ 105.2252086, -5.5439031 ], [ 105.2252076, -5.5438827 ], [ 105.2252154, -5.5438726 ], [ 105.2252312, -5.5438773 ], [ 105.2253081, -5.5439011 ], [ 105.2253061, -5.5439164 ], [ 105.2253428, -5.5439203 ], [ 105.2253442, -5.543935 ], [ 105.2253747, -5.5439417 ] ] ] } },
{ "type": "Feature", "properties": { "point_id": 58, "footprint_id": 1096, "id_bangunan": "SDI-A39-039", "fungsi_bangunan": "Rumah Tinggal", "jumlah_lantai": 1, "tinggi_lantai": 4.0, "tinggi_total": 4.0, "luas_m2": 282.79, "jarak_match_m": 2.27, "metode_match": "optimal_nearest", "status_match": "OK", "blok": "A", "klas_fungsi": "Hunian", "material": "Pasang Bata", "struktur": "Rangka Beton Bertulang", "tipe_atap": "Pelana", "penutup_atap": "Genteng", "dinding": "Campuran", "kondisi": "Sedang", "keyakinan": "Tinggi", "taksonomi": "MCF/LFINF/RSH2/RMT1/EWO/CV2/HEX:1", "kode_singkat": "MCF \\LFINF\\HEX:1", "koefisien": 1.0, "nilai_exposure": 328834740.10766602, "kelas_exposure": "Rp14.611.983,05 - Rp638.909.581,39", "exposure_rank": 1, "kelas_gempa": "Rendah", "kelas_tsunami": "Rendah" }, "geometry": { "type": "MultiPolygon", "coordinates": [ [ [ [ 105.2256015, -5.544129 ], [ 105.2255943, -5.544148 ], [ 105.2255653, -5.5442555 ], [ 105.2254956, -5.5442367 ], [ 105.2255246, -5.5441292 ], [ 105.2255259, -5.5441295 ], [ 105.2255228, -5.5441283 ], [ 105.2255325, -5.5441028 ], [ 105.2256015, -5.544129 ] ] ], [ [ [ 105.2251881, -5.5440356 ], [ 105.2251646, -5.5441293 ], [ 105.2251004, -5.5441132 ], [ 105.2251238, -5.5440196 ], [ 105.2251881, -5.5440356 ] ] ], [ [ [ 105.2251881, -5.5440356 ], [ 105.2251245, -5.5440181 ], [ 105.2250856, -5.5440105 ], [ 105.2251014, -5.5439299 ], [ 105.2251402, -5.5439375 ], [ 105.2251348, -5.5439652 ], [ 105.2252023, -5.5439839 ], [ 105.2251881, -5.5440356 ] ] ] ] } },
{ "type": "Feature", "properties": { "point_id": 59, "footprint_id": 1167, "id_bangunan": "SDI-A41-041", "fungsi_bangunan": "Rumah Tinggal", "jumlah_lantai": 1, "tinggi_lantai": 4.0, "tinggi_total": 4.0, "luas_m2": 114.34, "jarak_match_m": 0.0, "metode_match": "within", "status_match": "OK", "blok": "A", "klas_fungsi": "Hunian", "material": "Pasang Bata", "struktur": "Rangka Beton Bertulang", "tipe_atap": "Pelana", "penutup_atap": "Asbes", "dinding": "Campuran", "kondisi": "Sedang", "keyakinan": "Tinggi", "taksonomi": "MCF/LFINF/RSH2/RMT6/EWO/CV2/HEX:1", "kode_singkat": "MCF \\LFINF\\HEX:1", "koefisien": 1.0, "nilai_exposure": 386913853.60961199, "kelas_exposure": "Rp14.611.983,05 - Rp638.909.581,39", "exposure_rank": 1, "kelas_gempa": "Rendah", "kelas_tsunami": "Rendah" }, "geometry": { "type": "Polygon", "coordinates": [ [ [ 105.2248601, -5.5441374 ], [ 105.2248467, -5.5442321 ], [ 105.224783, -5.5442231 ], [ 105.2247854, -5.5442066 ], [ 105.2247388, -5.5442026 ], [ 105.2247444, -5.5441372 ], [ 105.2247946, -5.5441415 ], [ 105.2247965, -5.5441284 ], [ 105.2248601, -5.5441374 ] ] ] } },
{ "type": "Feature", "properties": { "point_id": 60, "footprint_id": 740, "id_bangunan": "SDI-C30-030", "fungsi_bangunan": "Rumah Tinggal", "jumlah_lantai": 1, "tinggi_lantai": 4.0, "tinggi_total": 4.0, "luas_m2": 62.68, "jarak_match_m": 11.0, "metode_match": "optimal_nearest", "status_match": "OK", "blok": "C", "klas_fungsi": "Hunian", "material": "Pasang Bata", "struktur": "Dinding Pemikul", "tipe_atap": "Kombinasi", "penutup_atap": "Genteng", "dinding": "Bata Plaster", "kondisi": "Baik", "keyakinan": "Tinggi", "taksonomi": "MUR/LWAL/RSH8/RMT1/EWMA/CV1/HEX:1", "kode_singkat": "MUR \\LWAL\\HEX:1", "koefisien": 1.0, "nilai_exposure": 1085545332.9997799, "kelas_exposure": "> Rp638.909.581,39 - Rp1.136.724.268,30", "exposure_rank": 2, "kelas_gempa": "Tinggi", "kelas_tsunami": "Tinggi" }, "geometry": { "type": "Polygon", "coordinates": [ [ [ 105.2345211, -5.5515432 ], [ 105.2345689, -5.5516146 ], [ 105.2345211, -5.5516446 ], [ 105.2345118, -5.551626 ], [ 105.2345004, -5.5516303 ], [ 105.2344733, -5.5515732 ], [ 105.2345211, -5.5515432 ] ] ] } },
{ "type": "Feature", "properties": { "point_id": 61, "footprint_id": 1090, "id_bangunan": "SDI-A42-042", "fungsi_bangunan": "Rumah Tinggal", "jumlah_lantai": 1, "tinggi_lantai": 4.0, "tinggi_total": 4.0, "luas_m2": 19.34, "jarak_match_m": 0.15, "metode_match": "optimal_nearest", "status_match": "OK", "blok": "A", "klas_fungsi": "Hunian", "material": "Pasang Bata", "struktur": "Rangka Beton Bertulang", "tipe_atap": "Kombinasi", "penutup_atap": "Genteng", "dinding": "Bata Plaster", "kondisi": "Baik", "keyakinan": "Tinggi", "taksonomi": "MCF/LFINF/RSH8/RMT1/EWMA/CV1/HEX:1", "kode_singkat": "MCF \\LFINF\\HEX:1", "koefisien": 1.0, "nilai_exposure": 670970204.03388, "kelas_exposure": "> Rp638.909.581,39 - Rp1.136.724.268,30", "exposure_rank": 2, "kelas_gempa": "Sedang", "kelas_tsunami": "Sedang" }, "geometry": { "type": "Polygon", "coordinates": [ [ [ 105.2249001, -5.5440158 ], [ 105.2249263, -5.544024 ], [ 105.2249091, -5.544079 ], [ 105.2248829, -5.5440709 ], [ 105.2249001, -5.5440158 ] ] ] } },
{ "type": "Feature", "properties": { "point_id": 62, "footprint_id": 736, "id_bangunan": "SDI-C32-032", "fungsi_bangunan": "Rumah Tinggal", "jumlah_lantai": 1, "tinggi_lantai": 4.0, "tinggi_total": 4.0, "luas_m2": 157.1, "jarak_match_m": 4.61, "metode_match": "optimal_nearest", "status_match": "OK", "blok": "C", "klas_fungsi": "Hunian", "material": "Pasang Bata", "struktur": "Dinding Pemikul", "tipe_atap": "Kombinasi", "penutup_atap": "Genteng", "dinding": "Bata Ekspos", "kondisi": "Baik", "keyakinan": "Tinggi", "taksonomi": "MUR/LWAL/RSH8/RMT1/EWMA/CV1/HEX:1", "kode_singkat": "MUR \\LWAL\\HEX:1", "koefisien": 1.0, "nilai_exposure": 788632281.48080003, "kelas_exposure": "> Rp638.909.581,39 - Rp1.136.724.268,30", "exposure_rank": 2, "kelas_gempa": "Sedang", "kelas_tsunami": "Sedang" }, "geometry": { "type": "Polygon", "coordinates": [ [ [ 105.2344426, -5.5514518 ], [ 105.234509, -5.5514175 ], [ 105.2345197, -5.5514411 ], [ 105.2345775, -5.5514133 ], [ 105.2345875, -5.5514325 ], [ 105.2346046, -5.5514283 ], [ 105.2346296, -5.5514682 ], [ 105.2344826, -5.5515382 ], [ 105.2344426, -5.5514518 ] ] ] } },
{ "type": "Feature", "properties": { "point_id": 63, "footprint_id": 1164, "id_bangunan": "SDI-A43-043", "fungsi_bangunan": "Rumah Tinggal", "jumlah_lantai": 1, "tinggi_lantai": 4.0, "tinggi_total": 4.0, "luas_m2": 306.65, "jarak_match_m": 0.0, "metode_match": "within", "status_match": "OK", "blok": "A", "klas_fungsi": "Hunian", "material": "Pasang Bata", "struktur": "Rangka Beton Bertulang", "tipe_atap": "Kombinasi", "penutup_atap": "Genteng", "dinding": "Bata Plaster", "kondisi": "Baik", "keyakinan": "Tinggi", "taksonomi": "MCF/LFINF/RSH8/RMT1/EWMA/CV1/HEX:1", "kode_singkat": "MCF \\LFINF\\HEX:1", "koefisien": 1.0, "nilai_exposure": 1056444074.536, "kelas_exposure": "> Rp638.909.581,39 - Rp1.136.724.268,30", "exposure_rank": 2, "kelas_gempa": "Tinggi", "kelas_tsunami": "Tinggi" }, "geometry": { "type": "Polygon", "coordinates": [ [ [ 105.2246993, -5.5442659 ], [ 105.2245138, -5.544283 ], [ 105.2245125, -5.5442697 ], [ 105.2244511, -5.5442753 ], [ 105.2244439, -5.5441974 ], [ 105.2245053, -5.5441917 ], [ 105.2245038, -5.544175 ], [ 105.2246893, -5.5441579 ], [ 105.2246993, -5.5442659 ] ] ] } },
{ "type": "Feature", "properties": { "point_id": 64, "footprint_id": 1091, "id_bangunan": "Blok A (SDI-A01-044)", "fungsi_bangunan": "Rumah Tinggal", "jumlah_lantai": 1, "tinggi_lantai": 4.0, "tinggi_total": 4.0, "luas_m2": 72.32, "jarak_match_m": 18.99, "metode_match": "optimal_nearest", "status_match": "PERLU_CEK", "blok": "A", "klas_fungsi": "Hunian", "material": "Pasang Bata", "struktur": "Rangka Beton Bertulang", "tipe_atap": "Pelana", "penutup_atap": "Genteng", "dinding": "Bata Ekspos", "kondisi": "Sedang", "keyakinan": "Tinggi", "taksonomi": "MCF/LFINF/RSH2/RMT1/EWMA/CV2/HEX:1", "kode_singkat": "MCF \\LFINF\\HEX:1", "koefisien": 1.0, "nilai_exposure": 463128569.51960599, "kelas_exposure": "Rp14.611.983,05 - Rp638.909.581,39", "exposure_rank": 1, "kelas_gempa": "Rendah", "kelas_tsunami": "Rendah" }, "geometry": { "type": "MultiPolygon", "coordinates": [ [ [ [ 105.2247547, -5.5440366 ], [ 105.2248004, -5.5440504 ], [ 105.2247921, -5.544078 ], [ 105.2247464, -5.5440642 ], [ 105.2247547, -5.5440366 ] ] ], [ [ [ 105.2247547, -5.5440366 ], [ 105.2247359, -5.5440312 ], [ 105.2247514, -5.5439773 ], [ 105.2248291, -5.5439997 ], [ 105.2248136, -5.5440536 ], [ 105.2247547, -5.5440366 ] ] ] ] } },
{ "type": "Feature", "properties": { "point_id": 65, "footprint_id": 1147, "id_bangunan": "Blok A (SDI-A01-045)", "fungsi_bangunan": "Rumah Tinggal", "jumlah_lantai": 1, "tinggi_lantai": 4.0, "tinggi_total": 4.0, "luas_m2": 108.95, "jarak_match_m": 0.0, "metode_match": "within", "status_match": "OK", "blok": "A", "klas_fungsi": "Hunian", "material": "Pasang Bata", "struktur": "Rangka Beton Bertulang", "tipe_atap": "Limasan", "penutup_atap": "Genteng", "dinding": "Bata Ekspos", "kondisi": "Sedang Dibangun", "keyakinan": "Tinggi", "taksonomi": "MCF/LFINF/RSH3/RMT1/EWMA/CV5/HEX:1", "kode_singkat": "MCF \\LFINF\\HEX:1", "koefisien": 1.0, "nilai_exposure": 441279308.708754, "kelas_exposure": "Rp14.611.983,05 - Rp638.909.581,39", "exposure_rank": 1, "kelas_gempa": "Rendah", "kelas_tsunami": "Rendah" }, "geometry": { "type": "Polygon", "coordinates": [ [ [ 105.2246355, -5.5436242 ], [ 105.2247093, -5.5435772 ], [ 105.224764, -5.543663 ], [ 105.2246902, -5.54371 ], [ 105.2246355, -5.5436242 ] ] ] } },
{ "type": "Feature", "properties": { "point_id": 66, "footprint_id": 1148, "id_bangunan": "Blok A (SDI-A01-046)", "fungsi_bangunan": "Rumah Tinggal", "jumlah_lantai": 1, "tinggi_lantai": 4.0, "tinggi_total": 4.0, "luas_m2": 59.51, "jarak_match_m": 3.74, "metode_match": "optimal_nearest", "status_match": "OK", "blok": "A", "klas_fungsi": "Hunian", "material": "Kayu", "struktur": "Rangka Kayu", "tipe_atap": "Pelana", "penutup_atap": "Genteng", "dinding": "Kayu", "kondisi": "Rusak Ringan", "keyakinan": "Tinggi", "taksonomi": "W/LPB/RSH2/RMT1/EWW/CV2/HEX:1", "kode_singkat": "W \\LPB\\HEX:1", "koefisien": 1.0, "nilai_exposure": 198642870.27466801, "kelas_exposure": "Rp14.611.983,05 - Rp638.909.581,39", "exposure_rank": 1, "kelas_gempa": "Rendah", "kelas_tsunami": "Rendah" }, "geometry": { "type": "Polygon", "coordinates": [ [ [ 105.2246058, -5.5435814 ], [ 105.2246776, -5.5435315 ], [ 105.2247093, -5.5435772 ], [ 105.2246375, -5.5436271 ], [ 105.2246058, -5.5435814 ] ] ] } },
{ "type": "Feature", "properties": { "point_id": 67, "footprint_id": 1165, "id_bangunan": "Blok A (SDI-A01-047)", "fungsi_bangunan": "Rumah Tinggal", "jumlah_lantai": 1, "tinggi_lantai": 4.0, "tinggi_total": 4.0, "luas_m2": 116.77, "jarak_match_m": 0.5, "metode_match": "optimal_nearest", "status_match": "OK", "blok": "A", "klas_fungsi": "Hunian", "material": "Kayu", "struktur": "Rangka Kayu", "tipe_atap": "Kombinasi", "penutup_atap": "Asbes", "dinding": "Kayu", "kondisi": "Sedang", "keyakinan": "Tinggi", "taksonomi": "W/LPB/RSH8/RMT6/EWW/CV2/HEX:1", "kode_singkat": "W \\LPB\\HEX:1", "koefisien": 1.0, "nilai_exposure": 607033277.11637998, "kelas_exposure": "Rp14.611.983,05 - Rp638.909.581,39", "exposure_rank": 1, "kelas_gempa": "Sedang", "kelas_tsunami": "Sedang" }, "geometry": { "type": "Polygon", "coordinates": [ [ [ 105.2244656, -5.5440941 ], [ 105.2244728, -5.54396 ], [ 105.2245437, -5.5439638 ], [ 105.2245365, -5.5440979 ], [ 105.2244656, -5.5440941 ] ] ] } },
{ "type": "Feature", "properties": { "point_id": 68, "footprint_id": 1149, "id_bangunan": "Blok A (SDI-A01-048)", "fungsi_bangunan": "Rumah Tinggal", "jumlah_lantai": 1, "tinggi_lantai": 4.0, "tinggi_total": 4.0, "luas_m2": 159.97, "jarak_match_m": 0.0, "metode_match": "within", "status_match": "OK", "blok": "A", "klas_fungsi": "Hunian", "material": "Pasang Bata", "struktur": "Rangka Beton Bertulang", "tipe_atap": "Pelana", "penutup_atap": "Genteng", "dinding": "Bata Ekspos", "kondisi": "Sedang", "keyakinan": "Tinggi", "taksonomi": "MCF/LFINF/RSH2/RMT1/EWMA/CV2/HEX:1", "kode_singkat": "MCF \\LFINF\\HEX:1", "koefisien": 1.0, "nilai_exposure": 634014151.90644002, "kelas_exposure": "Rp14.611.983,05 - Rp638.909.581,39", "exposure_rank": 1, "kelas_gempa": "Sedang", "kelas_tsunami": "Sedang" }, "geometry": { "type": "Polygon", "coordinates": [ [ [ 105.2245198, -5.5436935 ], [ 105.2245281, -5.5437298 ], [ 105.2245287, -5.5437277 ], [ 105.2245786, -5.5437414 ], [ 105.224582, -5.5437248 ], [ 105.2246293, -5.5437346 ], [ 105.2246236, -5.5437623 ], [ 105.2246604, -5.54377 ], [ 105.2246444, -5.5438472 ], [ 105.2246076, -5.5438396 ], [ 105.2245602, -5.5438297 ], [ 105.2245724, -5.543771 ], [ 105.2245264, -5.5437584 ], [ 105.2244767, -5.5437634 ], [ 105.2244702, -5.5436985 ], [ 105.2245198, -5.5436935 ] ], [ [ 105.2245244, -5.5437385 ], [ 105.2245247, -5.5437422 ], [ 105.224525, -5.5437413 ], [ 105.2245244, -5.5437385 ] ] ] } },
{ "type": "Feature", "properties": { "point_id": 69, "footprint_id": 1158, "id_bangunan": "Blok A (SDI-A01-049)", "fungsi_bangunan": "Rumah Tinggal", "jumlah_lantai": 1, "tinggi_lantai": 4.0, "tinggi_total": 4.0, "luas_m2": 71.35, "jarak_match_m": 1.74, "metode_match": "optimal_nearest", "status_match": "OK", "blok": "A", "klas_fungsi": "Hunian", "material": "Pasang Bata", "struktur": "Rangka Beton Bertulang", "tipe_atap": "Pelana", "penutup_atap": "Genteng", "dinding": "Bata Plaster", "kondisi": "Baik", "keyakinan": "Tinggi", "taksonomi": "MCF/LFINF/RSH2/RMT1/EWMA/CV1/HEX:1", "kode_singkat": "MCF \\LFINF\\HEX:1", "koefisien": 1.0, "nilai_exposure": 385198146.61859202, "kelas_exposure": "Rp14.611.983,05 - Rp638.909.581,39", "exposure_rank": 1, "kelas_gempa": "Rendah", "kelas_tsunami": "Rendah" }, "geometry": { "type": "Polygon", "coordinates": [ [ [ 105.2243533, -5.5435168 ], [ 105.2244214, -5.5435049 ], [ 105.2244359, -5.543588 ], [ 105.2243678, -5.5435999 ], [ 105.2243533, -5.5435168 ] ] ] } },
{ "type": "Feature", "properties": { "point_id": 70, "footprint_id": 1157, "id_bangunan": "Blok A (SDI-A01-050)", "fungsi_bangunan": "Rumah Tinggal", "jumlah_lantai": 1, "tinggi_lantai": 4.0, "tinggi_total": 4.0, "luas_m2": 126.12, "jarak_match_m": 2.49, "metode_match": "optimal_nearest", "status_match": "OK", "blok": "A", "klas_fungsi": "Hunian", "material": "Pasang Bata", "struktur": "Rangka Beton Bertulang", "tipe_atap": "Kombinasi", "penutup_atap": "Genteng dan Multiroof", "dinding": "Bata Plaster", "kondisi": "Baik", "keyakinan": "Tinggi", "taksonomi": "MCF/LFINF/RSH8/RMT1+RMT6/EWMA/CV1/HEX:1", "kode_singkat": "MCF \\LFINF\\HEX:1", "koefisien": 1.0, "nilai_exposure": 522598519.94651997, "kelas_exposure": "Rp14.611.983,05 - Rp638.909.581,39", "exposure_rank": 1, "kelas_gempa": "Rendah", "kelas_tsunami": "Rendah" }, "geometry": { "type": "Polygon", "coordinates": [ [ [ 105.2243136, -5.5436552 ], [ 105.2242497, -5.5436599 ], [ 105.2242487, -5.5436475 ], [ 105.224241, -5.5435411 ], [ 105.2243299, -5.5435346 ], [ 105.2243376, -5.543641 ], [ 105.2243127, -5.5436428 ], [ 105.2243136, -5.5436552 ] ] ] } },
{ "type": "Feature", "properties": { "point_id": 71, "footprint_id": 1152, "id_bangunan": "Blok A (SDI-A01-051)", "fungsi_bangunan": "Rumah Tinggal", "jumlah_lantai": 1, "tinggi_lantai": 4.0, "tinggi_total": 4.0, "luas_m2": 213.51, "jarak_match_m": 0.0, "metode_match": "within", "status_match": "OK", "blok": "A", "klas_fungsi": "Hunian", "material": "Pasang Bata", "struktur": "Rangka Beton Bertulang", "tipe_atap": "Datar (Dak Beton)", "penutup_atap": "Beton", "dinding": "Bata Plaster", "kondisi": "Baik", "keyakinan": "Tinggi", "taksonomi": "MCF/LFINF/RSH1/RMT1/EWMA/CV1/HEX:1", "kode_singkat": "MCF \\LFINF\\HEX:1", "koefisien": 1.0, "nilai_exposure": 401135701.91935003, "kelas_exposure": "Rp14.611.983,05 - Rp638.909.581,39", "exposure_rank": 1, "kelas_gempa": "Rendah", "kelas_tsunami": "Rendah" }, "geometry": { "type": "MultiPolygon", "coordinates": [ [ [ [ 105.2243404, -5.5436871 ], [ 105.2243432, -5.5437598 ], [ 105.2242771, -5.5437623 ], [ 105.2242477, -5.543761 ], [ 105.22425, -5.5437105 ], [ 105.2242752, -5.5437117 ], [ 105.2242743, -5.5436896 ], [ 105.2243404, -5.5436871 ] ] ], [ [ [ 105.2243669, -5.5436721 ], [ 105.2244587, -5.5436603 ], [ 105.2244723, -5.5437657 ], [ 105.2243745, -5.5437783 ], [ 105.2243609, -5.5436729 ], [ 105.2243669, -5.5436721 ] ] ], [ [ [ 105.2243669, -5.5436721 ], [ 105.2243652, -5.5436605 ], [ 105.2244298, -5.5436511 ], [ 105.2244315, -5.5436627 ], [ 105.2243669, -5.5436721 ] ] ] ] } },
{ "type": "Feature", "properties": { "point_id": 72, "footprint_id": 1156, "id_bangunan": "Blok A (SDI-A01-052)", "fungsi_bangunan": "Rumah Tinggal", "jumlah_lantai": 1, "tinggi_lantai": 4.0, "tinggi_total": 4.0, "luas_m2": 115.16, "jarak_match_m": 2.2, "metode_match": "optimal_nearest", "status_match": "OK", "blok": "A", "klas_fungsi": "Hunian", "material": "Pasang Bata", "struktur": "Rangka Beton Bertulang", "tipe_atap": "Kombinasi", "penutup_atap": "Genteng", "dinding": "Bata Plaster", "kondisi": "Baik", "keyakinan": "Tinggi", "taksonomi": "MCF/LFINF/RSH8/RMT1/EWMA/CV1/HEX:1", "kode_singkat": "MCF \\LFINF\\HEX:1", "koefisien": 1.0, "nilai_exposure": 572632734.99370003, "kelas_exposure": "Rp14.611.983,05 - Rp638.909.581,39", "exposure_rank": 1, "kelas_gempa": "Rendah", "kelas_tsunami": "Rendah" }, "geometry": { "type": "Polygon", "coordinates": [ [ [ 105.224163, -5.543553 ], [ 105.2242348, -5.5435544 ], [ 105.2242322, -5.5436853 ], [ 105.2241604, -5.5436838 ], [ 105.224163, -5.543553 ] ] ] } },
{ "type": "Feature", "properties": { "point_id": 73, "footprint_id": 1150, "id_bangunan": "Blok A (SDI-A01-053)", "fungsi_bangunan": "Rumah Tinggal", "jumlah_lantai": 1, "tinggi_lantai": 4.0, "tinggi_total": 4.0, "luas_m2": 59.98, "jarak_match_m": 0.0, "metode_match": "within", "status_match": "OK", "blok": "A", "klas_fungsi": "Hunian", "material": "Kayu", "struktur": "Rangka Kayu", "tipe_atap": "Pelana", "penutup_atap": "Asbes", "dinding": "Kayu", "kondisi": "Sedang", "keyakinan": "Tinggi", "taksonomi": "W/LPB/RSH2/RMT6/EWW/CV2/HEX:1", "kode_singkat": "W \\LPB\\HEX:1", "koefisien": 1.0, "nilai_exposure": 275678056.43293202, "kelas_exposure": "Rp14.611.983,05 - Rp638.909.581,39", "exposure_rank": 1, "kelas_gempa": "Rendah", "kelas_tsunami": "Rendah" }, "geometry": { "type": "Polygon", "coordinates": [ [ [ 105.2241597, -5.5438536 ], [ 105.2241673, -5.5437788 ], [ 105.2242321, -5.5437854 ], [ 105.2242246, -5.5438602 ], [ 105.2241597, -5.5438536 ] ] ] } },
{ "type": "Feature", "properties": { "point_id": 74, "footprint_id": 1155, "id_bangunan": "Blok A (SDI-A01-054)", "fungsi_bangunan": "Rumah Tinggal", "jumlah_lantai": 1, "tinggi_lantai": 4.0, "tinggi_total": 4.0, "luas_m2": 171.98, "jarak_match_m": 0.0, "metode_match": "within", "status_match": "OK", "blok": "A", "klas_fungsi": "Hunian", "material": "Pasang Bata", "struktur": "Rangka Beton Bertulang", "tipe_atap": "Pelana", "penutup_atap": "Genteng", "dinding": "Bata Plaster", "kondisi": "Baik", "keyakinan": "Tinggi", "taksonomi": "MCF/LFINF/RSH2/RMT1/EWMA/CV1/HEX:1", "kode_singkat": "MCF \\LFINF\\HEX:1", "koefisien": 1.0, "nilai_exposure": 622963480.50715995, "kelas_exposure": "Rp14.611.983,05 - Rp638.909.581,39", "exposure_rank": 1, "kelas_gempa": "Sedang", "kelas_tsunami": "Sedang" }, "geometry": { "type": "Polygon", "coordinates": [ [ [ 105.2241558, -5.5436163 ], [ 105.2241461, -5.5437618 ], [ 105.2241141, -5.5437596 ], [ 105.2241133, -5.5437713 ], [ 105.2240719, -5.5437685 ], [ 105.2240726, -5.5437569 ], [ 105.2240533, -5.5437556 ], [ 105.224063, -5.5436101 ], [ 105.2241558, -5.5436163 ] ] ] } },
{ "type": "Feature", "properties": { "point_id": 75, "footprint_id": 1154, "id_bangunan": "Blok A (SDI-A01-055)", "fungsi_bangunan": "Rumah Tinggal", "jumlah_lantai": 1, "tinggi_lantai": 4.0, "tinggi_total": 4.0, "luas_m2": 90.19, "jarak_match_m": 0.08, "metode_match": "optimal_nearest", "status_match": "OK", "blok": "A", "klas_fungsi": "Hunian", "material": "Pasang Bata", "struktur": "Rangka Beton Bertulang", "tipe_atap": "Pelana", "penutup_atap": "Genteng", "dinding": "Bata Ekspos", "kondisi": "Sedang", "keyakinan": "Tinggi", "taksonomi": "MCF/LFINF/RSH2/RMT1/EWMA/CV2/HEX:1", "kode_singkat": "MCF \\LFINF\\HEX:1", "koefisien": 1.0, "nilai_exposure": 348978590.35763198, "kelas_exposure": "Rp14.611.983,05 - Rp638.909.581,39", "exposure_rank": 1, "kelas_gempa": "Rendah", "kelas_tsunami": "Rendah" }, "geometry": { "type": "Polygon", "coordinates": [ [ [ 105.2239231, -5.5437058 ], [ 105.2239926, -5.5437472 ], [ 105.223946, -5.5438254 ], [ 105.2238765, -5.543784 ], [ 105.2239231, -5.5437058 ] ] ] } },
{ "type": "Feature", "properties": { "point_id": 76, "footprint_id": 1159, "id_bangunan": "Blok A (SDI-A01-056)", "fungsi_bangunan": "Rumah Tinggal", "jumlah_lantai": 1, "tinggi_lantai": 4.0, "tinggi_total": 4.0, "luas_m2": 76.0, "jarak_match_m": 0.0, "metode_match": "within", "status_match": "OK", "blok": "A", "klas_fungsi": "Hunian", "material": "Kayu", "struktur": "Rangka Kayu", "tipe_atap": "Pelana", "penutup_atap": "Genteng", "dinding": "Kayu", "kondisi": "Sedang", "keyakinan": "Tinggi", "taksonomi": "W/LPB/RSH2/RMT1/EWW/CV2/HEX:1", "kode_singkat": "W \\LPB\\HEX:1", "koefisien": 1.0, "nilai_exposure": 317406684.56038404, "kelas_exposure": "Rp14.611.983,05 - Rp638.909.581,39", "exposure_rank": 1, "kelas_gempa": "Rendah", "kelas_tsunami": "Rendah" }, "geometry": { "type": "Polygon", "coordinates": [ [ [ 105.2237841, -5.5436591 ], [ 105.2238926, -5.5436837 ], [ 105.2238803, -5.5437381 ], [ 105.2237718, -5.5437136 ], [ 105.2237841, -5.5436591 ] ] ] } },
{ "type": "Feature", "properties": { "point_id": 77, "footprint_id": 1160, "id_bangunan": "Blok A (SDI-A01-057)", "fungsi_bangunan": "Rumah Tinggal", "jumlah_lantai": 1, "tinggi_lantai": 4.0, "tinggi_total": 4.0, "luas_m2": 95.79, "jarak_match_m": 0.0, "metode_match": "within", "status_match": "OK", "blok": "A", "klas_fungsi": "Hunian", "material": "Kayu", "struktur": "Rangka Kayu", "tipe_atap": "Kombinasi", "penutup_atap": "Asbes", "dinding": "Kayu", "kondisi": "Sedang", "keyakinan": "Tinggi", "taksonomi": "W/LPB/RSH8/RMT6/EWW/CV2/HEX:1", "kode_singkat": "W \\LPB\\HEX:1", "koefisien": 1.0, "nilai_exposure": 469728563.16450399, "kelas_exposure": "Rp14.611.983,05 - Rp638.909.581,39", "exposure_rank": 1, "kelas_gempa": "Rendah", "kelas_tsunami": "Rendah" }, "geometry": { "type": "Polygon", "coordinates": [ [ [ 105.2238893, -5.5435992 ], [ 105.2238889, -5.5436344 ], [ 105.2237527, -5.5436329 ], [ 105.2237531, -5.5435977 ], [ 105.2237534, -5.5435717 ], [ 105.2238696, -5.543573 ], [ 105.2238693, -5.5435989 ], [ 105.2238893, -5.5435992 ] ] ] } },
{ "type": "Feature", "properties": { "point_id": 78, "footprint_id": 1161, "id_bangunan": "Blok A (SDI-A01-058)", "fungsi_bangunan": "Rumah Tinggal", "jumlah_lantai": 1, "tinggi_lantai": 4.0, "tinggi_total": 4.0, "luas_m2": 132.13, "jarak_match_m": 0.0, "metode_match": "within", "status_match": "OK", "blok": "A", "klas_fungsi": "Hunian", "material": "Pasang Bata", "struktur": "Rangka Beton Bertulang", "tipe_atap": "Pelana", "penutup_atap": "Genteng", "dinding": "Bata Ekspos", "kondisi": "Sedang", "keyakinan": "Tinggi", "taksonomi": "MCF/LFINF/RSH2/RMT1/EWMA/CV2/HEX:1", "kode_singkat": "MCF \\LFINF\\HEX:1", "koefisien": 1.0, "nilai_exposure": 336153389.74635398, "kelas_exposure": "Rp14.611.983,05 - Rp638.909.581,39", "exposure_rank": 1, "kelas_gempa": "Rendah", "kelas_tsunami": "Rendah" }, "geometry": { "type": "Polygon", "coordinates": [ [ [ 105.2238579, -5.5435559 ], [ 105.223778, -5.5435592 ], [ 105.223774, -5.5434652 ], [ 105.223854, -5.5434619 ], [ 105.2239007, -5.54346 ], [ 105.2239036, -5.5435298 ], [ 105.2238569, -5.5435317 ], [ 105.2238579, -5.5435559 ] ] ] } },
{ "type": "Feature", "properties": { "point_id": 79, "footprint_id": 1162, "id_bangunan": "Blok A (SDI-A01-059)", "fungsi_bangunan": "Rumah Tinggal", "jumlah_lantai": 1, "tinggi_lantai": 4.0, "tinggi_total": 4.0, "luas_m2": 48.24, "jarak_match_m": 0.0, "metode_match": "within", "status_match": "OK", "blok": "A", "klas_fungsi": "Hunian", "material": "Kayu", "struktur": "Rangka Kayu", "tipe_atap": "Pelana", "penutup_atap": "Asbes", "dinding": "Kayu", "kondisi": "Sedang", "keyakinan": "Tinggi", "taksonomi": "W/LPB/RSH2/RMT6/EWW/CV2/HEX:1", "kode_singkat": "W \\LPB\\HEX:1", "koefisien": 1.0, "nilai_exposure": 236605098.30454201, "kelas_exposure": "Rp14.611.983,05 - Rp638.909.581,39", "exposure_rank": 1, "kelas_gempa": "Rendah", "kelas_tsunami": "Rendah" }, "geometry": { "type": "Polygon", "coordinates": [ [ [ 105.2236642, -5.5435125 ], [ 105.2237328, -5.543523 ], [ 105.2237242, -5.5435792 ], [ 105.2236557, -5.5435687 ], [ 105.2236642, -5.5435125 ] ] ] } },
{ "type": "Feature", "properties": { "point_id": 80, "footprint_id": 1151, "id_bangunan": "Blok A (SDI-A01-060)", "fungsi_bangunan": "Rumah Tinggal", "jumlah_lantai": 1, "tinggi_lantai": 4.0, "tinggi_total": 4.0, "luas_m2": 126.99, "jarak_match_m": 2.0, "metode_match": "optimal_nearest", "status_match": "OK", "blok": "A", "klas_fungsi": "Hunian", "material": "Kayu", "struktur": "Rangka Kayu", "tipe_atap": "Pelana", "penutup_atap": "Asbes", "dinding": "Kayu", "kondisi": "Sedang", "keyakinan": "Tinggi", "taksonomi": "W/LPB/RSH2/RMT6/EWW/CV2/HEX:1", "kode_singkat": "W \\LPB\\HEX:1", "koefisien": 1.0, "nilai_exposure": 275678056.43293202, "kelas_exposure": "Rp14.611.983,05 - Rp638.909.581,39", "exposure_rank": 1, "kelas_gempa": "Rendah", "kelas_tsunami": "Rendah" }, "geometry": { "type": "Polygon", "coordinates": [ [ [ 105.2243452, -5.5437895 ], [ 105.2243319, -5.543888 ], [ 105.2242215, -5.5438733 ], [ 105.2242204, -5.5438598 ], [ 105.2242246, -5.5438602 ], [ 105.22423, -5.543807 ], [ 105.2242444, -5.5438087 ], [ 105.224249, -5.5437787 ], [ 105.2243192, -5.5437894 ], [ 105.2243452, -5.5437895 ] ] ] } },
{ "type": "Feature", "properties": { "point_id": 81, "footprint_id": 1153, "id_bangunan": "Blok A (SDI-A01-061)", "fungsi_bangunan": "Rumah Tinggal", "jumlah_lantai": 1, "tinggi_lantai": 4.0, "tinggi_total": 4.0, "luas_m2": 178.07, "jarak_match_m": 4.6, "metode_match": "optimal_nearest", "status_match": "OK", "blok": "A", "klas_fungsi": "Hunian", "material": "Pasang Bata", "struktur": "Rangka Beton Bertulang", "tipe_atap": "Pelana", "penutup_atap": "Genteng", "dinding": "Campuran", "kondisi": "Sedang", "keyakinan": "Tinggi", "taksonomi": "MCF/LFINF/RSH2/RMT1/EWO/CV2/HEX:1", "kode_singkat": "MCF \\LFINF\\HEX:1", "koefisien": 1.0, "nilai_exposure": 556587270.62583995, "kelas_exposure": "Rp14.611.983,05 - Rp638.909.581,39", "exposure_rank": 1, "kelas_gempa": "Rendah", "kelas_tsunami": "Rendah" }, "geometry": { "type": "Polygon", "coordinates": [ [ [ 105.2245105, -5.5437924 ], [ 105.2245094, -5.5438733 ], [ 105.2244371, -5.5438723 ], [ 105.2244375, -5.5438826 ], [ 105.2243562, -5.543886 ], [ 105.2243519, -5.5437814 ], [ 105.2244333, -5.5437781 ], [ 105.2244338, -5.5437914 ], [ 105.2245105, -5.5437924 ] ] ] } },
{ "type": "Feature", "properties": { "point_id": 82, "footprint_id": 1166, "id_bangunan": "Blok A (SDI-A01-062)", "fungsi_bangunan": "Rumah Tinggal", "jumlah_lantai": 1, "tinggi_lantai": 4.0, "tinggi_total": 4.0, "luas_m2": 13.96, "jarak_match_m": 22.82, "metode_match": "optimal_nearest", "status_match": "PERLU_CEK", "blok": "A", "klas_fungsi": "Hunian", "material": "Pasang Bata", "struktur": "Rangka Beton Bertulang", "tipe_atap": "Pelana", "penutup_atap": "Genteng", "dinding": "Bata Ekspos", "kondisi": "Sedang", "keyakinan": "Tinggi", "taksonomi": "MCF/LFINF/RSH2/RMT1/EWMA/CV2/HEX:1", "kode_singkat": "MCF \\LFINF\\HEX:1", "koefisien": 1.0, "nilai_exposure": 344329953.91722602, "kelas_exposure": "Rp14.611.983,05 - Rp638.909.581,39", "exposure_rank": 1, "kelas_gempa": "Rendah", "kelas_tsunami": "Rendah" }, "geometry": { "type": "Polygon", "coordinates": [ [ [ 105.2246531, -5.5439646 ], [ 105.2246853, -5.5439556 ], [ 105.2246945, -5.5439884 ], [ 105.2246623, -5.5439975 ], [ 105.2246531, -5.5439646 ] ] ] } },
{ "type": "Feature", "properties": { "point_id": 83, "footprint_id": 990, "id_bangunan": "SDI-B01-001", "fungsi_bangunan": "Rumah Tinggal", "jumlah_lantai": 1, "tinggi_lantai": 4.0, "tinggi_total": 4.0, "luas_m2": 127.27, "jarak_match_m": 0.0, "metode_match": "within", "status_match": "OK", "blok": "B", "klas_fungsi": "Hunian", "material": "Pasang Bata", "struktur": "Dinding Pemikul", "tipe_atap": "Kombinasi", "penutup_atap": "Genteng", "dinding": "Bata Plaster", "kondisi": "Baik", "keyakinan": "Tinggi", "taksonomi": "MUR/LWAL/RSH8/RMT1/EWMA/CV1/HEX:1", "kode_singkat": "MUR \\LWAL\\HEX:1", "koefisien": 1.0, "nilai_exposure": 638909581.39458001, "kelas_exposure": "> Rp638.909.581,39 - Rp1.136.724.268,30", "exposure_rank": 2, "kelas_gempa": "Sedang", "kelas_tsunami": "Sedang" }, "geometry": { "type": "Polygon", "coordinates": [ [ [ 105.2329693, -5.5506883 ], [ 105.2329924, -5.5507134 ], [ 105.2329792, -5.5507255 ], [ 105.2329938, -5.5507461 ], [ 105.2329191, -5.550799 ], [ 105.2329293, -5.5508129 ], [ 105.2329107, -5.5508264 ], [ 105.2329161, -5.5508349 ], [ 105.2328926, -5.5508497 ], [ 105.2328787, -5.5508276 ], [ 105.2328694, -5.5508328 ], [ 105.2328514, -5.5508008 ], [ 105.2328694, -5.5507907 ], [ 105.232854, -5.5507689 ], [ 105.2329579, -5.5506954 ], [ 105.2329593, -5.5506975 ], [ 105.2329693, -5.5506883 ] ] ] } },
{ "type": "Feature", "properties": { "point_id": 84, "footprint_id": 662, "id_bangunan": "SDI-B02-002", "fungsi_bangunan": "Rumah Tinggal", "jumlah_lantai": 1, "tinggi_lantai": 4.0, "tinggi_total": 4.0, "luas_m2": 106.16, "jarak_match_m": 0.0, "metode_match": "within", "status_match": "OK", "blok": "B", "klas_fungsi": "Hunian", "material": "Campuran", "struktur": "Campuran", "tipe_atap": "Pelana", "penutup_atap": "Seng", "dinding": "Bata Ekspos", "kondisi": "Sedang", "keyakinan": "Tinggi", "taksonomi": "MUR/LWAL/RSH2/RMT2/EWMA/CV2/HEX:1", "kode_singkat": "MUR \\LWAL\\HEX:1", "koefisien": 1.0, "nilai_exposure": 532909697.24416, "kelas_exposure": "Rp14.611.983,05 - Rp638.909.581,39", "exposure_rank": 1, "kelas_gempa": "Rendah", "kelas_tsunami": "Rendah" }, "geometry": { "type": "Polygon", "coordinates": [ [ [ 105.2306247, -5.5506137 ], [ 105.2307122, -5.5505637 ], [ 105.2307312, -5.5505947 ], [ 105.2307181, -5.550603 ], [ 105.2307461, -5.5506571 ], [ 105.230683, -5.550694 ], [ 105.23067, -5.5506708 ], [ 105.2306586, -5.5506738 ], [ 105.2306247, -5.5506137 ] ] ] } },
{ "type": "Feature", "properties": { "point_id": 85, "footprint_id": 989, "id_bangunan": "SDI-B03–003", "fungsi_bangunan": "Rumah Tinggal", "jumlah_lantai": 1, "tinggi_lantai": 4.0, "tinggi_total": 4.0, "luas_m2": 230.31, "jarak_match_m": 0.0, "metode_match": "within", "status_match": "OK", "blok": "B", "klas_fungsi": "Hunian", "material": "Beton Bertulang", "struktur": "Rangka Beton Bertulang", "tipe_atap": "Pelana", "penutup_atap": "Genteng", "dinding": "Bata Ekspos", "kondisi": "Baik", "keyakinan": "Tinggi", "taksonomi": "MCF/LFM/RSH2/RMT1/EWMA/CV1/HEX:1", "kode_singkat": "MCF \\LFM\\HEX:1", "koefisien": 1.0, "nilai_exposure": 1156158340.66856, "kelas_exposure": "> Rp1.136.724.268,30 - Rp1.856.590.180,23", "exposure_rank": 3, "kelas_gempa": "Tinggi", "kelas_tsunami": "Tinggi" }, "geometry": { "type": "Polygon", "coordinates": [ [ [ 105.2328117, -5.5508772 ], [ 105.2328242, -5.5508921 ], [ 105.2328148, -5.5509 ], [ 105.2328625, -5.5509486 ], [ 105.2328628, -5.5509483 ], [ 105.2328792, -5.5509657 ], [ 105.2328906, -5.5509774 ], [ 105.2328904, -5.5509776 ], [ 105.2328955, -5.550983 ], [ 105.2328245, -5.5510502 ], [ 105.2328252, -5.5510513 ], [ 105.2327914, -5.5510761 ], [ 105.2327798, -5.5510603 ], [ 105.2327678, -5.5510697 ], [ 105.2327498, -5.5510467 ], [ 105.2327651, -5.5510347 ], [ 105.2327731, -5.551045 ], [ 105.2327929, -5.5510304 ], [ 105.2327849, -5.5510219 ], [ 105.2327853, -5.5510216 ], [ 105.2327782, -5.5510144 ], [ 105.2328007, -5.5509924 ], [ 105.2327877, -5.550979 ], [ 105.2327613, -5.5510034 ], [ 105.2327665, -5.5510086 ], [ 105.232747, -5.5510276 ], [ 105.2327307, -5.5510479 ], [ 105.232704, -5.5510265 ], [ 105.232706, -5.5510239 ], [ 105.232691, -5.5510073 ], [ 105.2327147, -5.5509859 ], [ 105.2327574, -5.5509356 ], [ 105.2327513, -5.5509288 ], [ 105.2327865, -5.5508978 ], [ 105.2327792, -5.5508888 ], [ 105.2327921, -5.5508784 ], [ 105.2327994, -5.5508875 ], [ 105.2328117, -5.5508772 ] ], [ [ 105.2327259, -5.5509984 ], [ 105.2327262, -5.5509987 ], [ 105.2327263, -5.5509987 ], [ 105.2327259, -5.5509984 ] ] ] } },
{ "type": "Feature", "properties": { "point_id": 86, "footprint_id": 987, "id_bangunan": "SDI-B04-004", "fungsi_bangunan": "Rumah Tinggal", "jumlah_lantai": 1, "tinggi_lantai": 4.0, "tinggi_total": 4.0, "luas_m2": 545.54, "jarak_match_m": 0.0, "metode_match": "within", "status_match": "OK", "blok": "B", "klas_fungsi": "Hunian", "material": "Beton Bertulang", "struktur": "Rangka Beton Bertulang", "tipe_atap": "Kombinasi", "penutup_atap": "Genteng", "dinding": "Bata Plaster", "kondisi": "Baik", "keyakinan": "Tinggi", "taksonomi": "MCF/LFM/RSH8/RMT1/EWMA/CV1/HEX:1", "kode_singkat": "MCF \\LFM\\HEX:1", "koefisien": 1.0, "nilai_exposure": 2738608030.3756399, "kelas_exposure": "> Rp1.856.590.180,23 - < Rp11.941.713.042,64", "exposure_rank": 4, "kelas_gempa": "Tinggi", "kelas_tsunami": "Tinggi" }, "geometry": { "type": "Polygon", "coordinates": [ [ [ 105.232881, -5.5505531 ], [ 105.2329024, -5.5505765 ], [ 105.2329093, -5.5505721 ], [ 105.2329127, -5.5505775 ], [ 105.2329391, -5.5506034 ], [ 105.2329331, -5.5506094 ], [ 105.2329346, -5.5506117 ], [ 105.2329226, -5.5506194 ], [ 105.2327299, -5.5507962 ], [ 105.2327367, -5.5508059 ], [ 105.2326708, -5.5508518 ], [ 105.232583, -5.5507256 ], [ 105.2326489, -5.5506797 ], [ 105.2326514, -5.5506834 ], [ 105.2328672, -5.5505332 ], [ 105.232881, -5.5505531 ] ] ] } },
{ "type": "Feature", "properties": { "point_id": 87, "footprint_id": 1171, "id_bangunan": "Blok A (SDI-A01-065)", "fungsi_bangunan": "Rumah Tinggal", "jumlah_lantai": 1, "tinggi_lantai": 4.0, "tinggi_total": 4.0, "luas_m2": 88.37, "jarak_match_m": 0.59, "metode_match": "optimal_nearest", "status_match": "OK", "blok": "A", "klas_fungsi": "Hunian", "material": "Kayu", "struktur": "Rangka Kayu", "tipe_atap": "Pelana", "penutup_atap": "Seng", "dinding": "Kayu", "kondisi": "Baik", "keyakinan": "Tinggi", "taksonomi": "W/LPB/RSH2/RMT2/EWW/CV1/HEX:1", "kode_singkat": "W \\LPB\\HEX:1", "koefisien": 1.0, "nilai_exposure": 443610161.34272802, "kelas_exposure": "Rp14.611.983,05 - Rp638.909.581,39", "exposure_rank": 1, "kelas_gempa": "Rendah", "kelas_tsunami": "Rendah" }, "geometry": { "type": "Polygon", "coordinates": [ [ [ 105.2221895, -5.5439214 ], [ 105.2221696, -5.5439664 ], [ 105.2221459, -5.5439559 ], [ 105.2220897, -5.5439312 ], [ 105.2221288, -5.5438426 ], [ 105.2221849, -5.5438673 ], [ 105.2221657, -5.5439109 ], [ 105.2221895, -5.5439214 ] ] ] } },
{ "type": "Feature", "properties": { "point_id": 88, "footprint_id": 1043, "id_bangunan": "SDI-B06-006", "fungsi_bangunan": "Rumah Tinggal", "jumlah_lantai": 1, "tinggi_lantai": 4.0, "tinggi_total": 4.0, "luas_m2": 91.81, "jarak_match_m": 0.0, "metode_match": "within", "status_match": "OK", "blok": "B", "klas_fungsi": "Hunian", "material": "Kayu", "struktur": "Rangka Kayu", "tipe_atap": "Pelana", "penutup_atap": "Seng", "dinding": "Kayu", "kondisi": "Sedang", "keyakinan": "Tinggi", "taksonomi": "W/LPB/RSH2/RMT2/EWW/CV2/HEX:1", "kode_singkat": "W \\LPB\\HEX:1", "koefisien": 1.0, "nilai_exposure": 460895968.97873402, "kelas_exposure": "Rp14.611.983,05 - Rp638.909.581,39", "exposure_rank": 1, "kelas_gempa": "Rendah", "kelas_tsunami": "Rendah" }, "geometry": { "type": "Polygon", "coordinates": [ [ [ 105.2321275, -5.5501786 ], [ 105.2322493, -5.5502357 ], [ 105.2322169, -5.5502814 ], [ 105.2321408, -5.5502433 ], [ 105.2321332, -5.5502528 ], [ 105.232097, -5.5502281 ], [ 105.2321275, -5.5501786 ] ] ] } },
{ "type": "Feature", "properties": { "point_id": 89, "footprint_id": 884, "id_bangunan": "SDI-B07-007", "fungsi_bangunan": "Rumah Tinggal", "jumlah_lantai": 1, "tinggi_lantai": 4.0, "tinggi_total": 4.0, "luas_m2": 151.65, "jarak_match_m": 1.67, "metode_match": "optimal_nearest", "status_match": "OK", "blok": "B", "klas_fungsi": "Hunian", "material": "Pasang Bata", "struktur": "Dinding Pemikul", "tipe_atap": "Kombinasi", "penutup_atap": "Genteng", "dinding": "Bata Plaster", "kondisi": "Baik", "keyakinan": "Tinggi", "taksonomi": "MUR/LWAL/RSH8/RMT1/EWMA/CV1/HEX:1", "kode_singkat": "MUR \\LWAL\\HEX:1", "koefisien": 1.0, "nilai_exposure": 761283802.99418008, "kelas_exposure": "> Rp638.909.581,39 - Rp1.136.724.268,30", "exposure_rank": 2, "kelas_gempa": "Sedang", "kelas_tsunami": "Sedang" }, "geometry": { "type": "Polygon", "coordinates": [ [ [ 105.2321491, -5.5500165 ], [ 105.2321729, -5.5499885 ], [ 105.2322196, -5.5500156 ], [ 105.2322239, -5.5500113 ], [ 105.2323114, -5.5500727 ], [ 105.2322686, -5.5501422 ], [ 105.2322239, -5.5501122 ], [ 105.2322196, -5.5501217 ], [ 105.232211, -5.5501146 ], [ 105.2322024, -5.5501184 ], [ 105.2321677, -5.5500989 ], [ 105.232191, -5.5500546 ], [ 105.2321491, -5.5500165 ] ] ] } },
{ "type": "Feature", "properties": { "point_id": 90, "footprint_id": 1172, "id_bangunan": "Blok A (SDI-A01-066)", "fungsi_bangunan": "Rumah Tinggal", "jumlah_lantai": 1, "tinggi_lantai": 4.0, "tinggi_total": 4.0, "luas_m2": 88.21, "jarak_match_m": 0.0, "metode_match": "within", "status_match": "OK", "blok": "A", "klas_fungsi": "Hunian", "material": "Kayu", "struktur": "Rangka Kayu", "tipe_atap": "Pelana", "penutup_atap": "Asbes", "dinding": "Kayu", "kondisi": "Sedang", "keyakinan": "Tinggi", "taksonomi": "W/LPB/RSH2/RMT6/EWW/CV2/HEX:1", "kode_singkat": "W \\LPB\\HEX:1", "koefisien": 1.0, "nilai_exposure": 442832174.53820598, "kelas_exposure": "Rp14.611.983,05 - Rp638.909.581,39", "exposure_rank": 1, "kelas_gempa": "Rendah", "kelas_tsunami": "Rendah" }, "geometry": { "type": "Polygon", "coordinates": [ [ [ 105.2222116, -5.5436351 ], [ 105.2221541, -5.5436628 ], [ 105.2221408, -5.5436353 ], [ 105.2221151, -5.5436477 ], [ 105.2220968, -5.5436097 ], [ 105.2221224, -5.5435973 ], [ 105.2221132, -5.5435781 ], [ 105.2221706, -5.5435504 ], [ 105.2222116, -5.5436351 ] ] ] } },
{ "type": "Feature", "properties": { "point_id": 91, "footprint_id": 1042, "id_bangunan": "SDI-B08-008", "fungsi_bangunan": "Rumah Tinggal", "jumlah_lantai": 1, "tinggi_lantai": 4.0, "tinggi_total": 4.0, "luas_m2": 53.22, "jarak_match_m": 0.0, "metode_match": "within", "status_match": "OK", "blok": "B", "klas_fungsi": "Hunian", "material": "Pasang Bata", "struktur": "Dinding Pemikul", "tipe_atap": "Pelana", "penutup_atap": "Genteng", "dinding": "Bata Plaster", "kondisi": "Baik", "keyakinan": "Tinggi", "taksonomi": "MUR/LWAL/RSH2/RMT1/EWMA/CV1/HEX:1", "kode_singkat": "MUR \\LWAL\\HEX:1", "koefisien": 1.0, "nilai_exposure": 267157236.41331401, "kelas_exposure": "Rp14.611.983,05 - Rp638.909.581,39", "exposure_rank": 1, "kelas_gempa": "Rendah", "kelas_tsunami": "Rendah" }, "geometry": { "type": "Polygon", "coordinates": [ [ [ 105.2319064, -5.5501727 ], [ 105.2319295, -5.5501976 ], [ 105.2319409, -5.5501862 ], [ 105.2319676, -5.5502053 ], [ 105.2319048, -5.5502624 ], [ 105.2318676, -5.550214 ], [ 105.2319064, -5.5501727 ] ] ] } },
{ "type": "Feature", "properties": { "point_id": 92, "footprint_id": 1040, "id_bangunan": "SDI-B09-009", "fungsi_bangunan": "Rumah Tinggal", "jumlah_lantai": 1, "tinggi_lantai": 4.0, "tinggi_total": 4.0, "luas_m2": 88.84, "jarak_match_m": 3.66, "metode_match": "optimal_nearest", "status_match": "OK", "blok": "B", "klas_fungsi": "Hunian", "material": "Pasang Bata", "struktur": "Dinding Pemikul", "tipe_atap": "Pelana", "penutup_atap": "Genteng", "dinding": "Campuran", "kondisi": "Baik", "keyakinan": "Tinggi", "taksonomi": "MUR/LWAL/RSH2/RMT1/EWO/CV1/HEX:1", "kode_singkat": "MUR \\LWAL\\HEX:1", "koefisien": 1.0, "nilai_exposure": 445974701.4115901, "kelas_exposure": "Rp14.611.983,05 - Rp638.909.581,39", "exposure_rank": 1, "kelas_gempa": "Rendah", "kelas_tsunami": "Rendah" }, "geometry": { "type": "Polygon", "coordinates": [ [ [ 105.2316402, -5.5501063 ], [ 105.2316782, -5.5500682 ], [ 105.2316935, -5.5500796 ], [ 105.2317315, -5.5500358 ], [ 105.2317753, -5.5500701 ], [ 105.2317144, -5.5501501 ], [ 105.2316402, -5.5501063 ] ] ] } },
{ "type": "Feature", "properties": { "point_id": 93, "footprint_id": 885, "id_bangunan": "SDI-B10-010", "fungsi_bangunan": "Rumah Tinggal", "jumlah_lantai": 1, "tinggi_lantai": 4.0, "tinggi_total": 4.0, "luas_m2": 116.31, "jarak_match_m": 7.94, "metode_match": "optimal_nearest", "status_match": "OK", "blok": "B", "klas_fungsi": "Hunian", "material": "Pasang Bata", "struktur": "Rangka Beton Bertulang", "tipe_atap": "Pelana", "penutup_atap": "Genteng", "dinding": "Bata Ekspos", "kondisi": "Sedang", "keyakinan": "Tinggi", "taksonomi": "MCF/LWAL/RSH2/RMT1/EWMA/CV2/HEX:1", "kode_singkat": "MCF \\LWAL\\HEX:1", "koefisien": 1.0, "nilai_exposure": 866669483.27222002, "kelas_exposure": "> Rp638.909.581,39 - Rp1.136.724.268,30", "exposure_rank": 2, "kelas_gempa": "Sedang", "kelas_tsunami": "Sedang" }, "geometry": { "type": "Polygon", "coordinates": [ [ [ 105.231987, -5.5497768 ], [ 105.2320727, -5.5498382 ], [ 105.2320463, -5.5498689 ], [ 105.2320291, -5.549861 ], [ 105.2320199, -5.5498674 ], [ 105.2319863, -5.5499034 ], [ 105.231963, -5.5498896 ], [ 105.2319216, -5.5498591 ], [ 105.231987, -5.5497768 ] ] ] } },
{ "type": "Feature", "properties": { "point_id": 94, "footprint_id": 883, "id_bangunan": "SDI-B11-011", "fungsi_bangunan": "Rumah Tinggal", "jumlah_lantai": 1, "tinggi_lantai": 4.0, "tinggi_total": 4.0, "luas_m2": 172.64, "jarak_match_m": 0.0, "metode_match": "within", "status_match": "OK", "blok": "B", "klas_fungsi": "Hunian", "material": "Pasang Bata", "struktur": "Dinding Pemikul", "tipe_atap": "Pelana", "penutup_atap": "Genteng", "dinding": "Campuran", "kondisi": "Baik", "keyakinan": "Tinggi", "taksonomi": "MUR/LWAL/RSH2/RMT1/EWO/CV1/HEX:1", "kode_singkat": "MUR \\LWAL\\HEX:1", "koefisien": 1.0, "nilai_exposure": 866669483.27222002, "kelas_exposure": "> Rp638.909.581,39 - Rp1.136.724.268,30", "exposure_rank": 2, "kelas_gempa": "Sedang", "kelas_tsunami": "Sedang" }, "geometry": { "type": "Polygon", "coordinates": [ [ [ 105.2321473, -5.5499402 ], [ 105.2321222, -5.5499285 ], [ 105.2321127, -5.5499446 ], [ 105.2320782, -5.5499148 ], [ 105.2320835, -5.5499095 ], [ 105.2320925, -5.5498994 ], [ 105.2320871, -5.5498934 ], [ 105.2322035, -5.5497599 ], [ 105.2322568, -5.5498044 ], [ 105.2322001, -5.5498784 ], [ 105.2321473, -5.5499402 ] ] ] } },
{ "type": "Feature", "properties": { "point_id": 95, "footprint_id": 886, "id_bangunan": "SDI-B12-012", "fungsi_bangunan": "Rumah Tinggal", "jumlah_lantai": 1, "tinggi_lantai": 4.0, "tinggi_total": 4.0, "luas_m2": 233.16, "jarak_match_m": 0.0, "metode_match": "within", "status_match": "OK", "blok": "B", "klas_fungsi": "Hunian", "material": "Pasang Bata", "struktur": "Dinding Pemikul", "tipe_atap": "Pelana", "penutup_atap": "Genteng", "dinding": "Campuran", "kondisi": "Sedang", "keyakinan": "Tinggi", "taksonomi": "MUR/LWAL/RSH2/RMT1/EWO/CV2/HEX:1", "kode_singkat": "MUR \\LWAL\\HEX:1", "koefisien": 1.0, "nilai_exposure": 1170453889.01946, "kelas_exposure": "> Rp1.136.724.268,30 - Rp1.856.590.180,23", "exposure_rank": 3, "kelas_gempa": "Tinggi", "kelas_tsunami": "Tinggi" }, "geometry": { "type": "Polygon", "coordinates": [ [ [ 105.2320176, -5.5495785 ], [ 105.2320354, -5.5495928 ], [ 105.2320226, -5.5496092 ], [ 105.232059, -5.5496385 ], [ 105.2321175, -5.5496935 ], [ 105.2320504, -5.5497698 ], [ 105.2320276, -5.549757 ], [ 105.2319569, -5.5496913 ], [ 105.2319462, -5.5497035 ], [ 105.2319048, -5.5496763 ], [ 105.2319383, -5.5496356 ], [ 105.2319555, -5.5496228 ], [ 105.2319676, -5.5496199 ], [ 105.2320176, -5.5495785 ] ] ] } },
{ "type": "Feature", "properties": { "point_id": 96, "footprint_id": 882, "id_bangunan": "SDI-B13-013", "fungsi_bangunan": "Rumah Tinggal", "jumlah_lantai": 1, "tinggi_lantai": 4.0, "tinggi_total": 4.0, "luas_m2": 181.36, "jarak_match_m": 3.95, "metode_match": "optimal_nearest", "status_match": "OK", "blok": "B", "klas_fungsi": "Hunian", "material": "Beton Bertulang", "struktur": "Rangka Beton Bertulang", "tipe_atap": "Pelana", "penutup_atap": "Genteng", "dinding": "Bata Plaster", "kondisi": "Baik", "keyakinan": "Tinggi", "taksonomi": "MCF/LFM/RSH2/RMT1/EWMA/CV1/HEX:1", "kode_singkat": "MCF \\LFM\\HEX:1", "koefisien": 1.0, "nilai_exposure": 866669483.27222002, "kelas_exposure": "> Rp638.909.581,39 - Rp1.136.724.268,30", "exposure_rank": 2, "kelas_gempa": "Sedang", "kelas_tsunami": "Sedang" }, "geometry": { "type": "Polygon", "coordinates": [ [ [ 105.2321787, -5.5496432 ], [ 105.2322395, -5.5496914 ], [ 105.2322288, -5.5497064 ], [ 105.2322926, -5.5497607 ], [ 105.2322645, -5.5497997 ], [ 105.2321993, -5.5497488 ], [ 105.2321636, -5.5497964 ], [ 105.2320965, -5.5497369 ], [ 105.2321787, -5.5496432 ] ] ] } },
{ "type": "Feature", "properties": { "point_id": 97, "footprint_id": 881, "id_bangunan": "SDI-B14-014", "fungsi_bangunan": "Rumah Tinggal", "jumlah_lantai": 1, "tinggi_lantai": 4.0, "tinggi_total": 4.0, "luas_m2": 65.42, "jarak_match_m": 5.67, "metode_match": "optimal_nearest", "status_match": "OK", "blok": "B", "klas_fungsi": "Hunian", "material": "Pasang Bata", "struktur": "Dinding Pemikul", "tipe_atap": "Miring Satu Arah", "penutup_atap": "Seng", "dinding": "Bata Ekspos", "kondisi": "Sedang Dibangun", "keyakinan": "Tinggi", "taksonomi": "MUR/LWAL/RSH5/RMT2/EWMA/CV5/HEX:1", "kode_singkat": "MUR \\LWAL\\HEX:1", "koefisien": 1.0, "nilai_exposure": 910426174.23829997, "kelas_exposure": "> Rp638.909.581,39 - Rp1.136.724.268,30", "exposure_rank": 2, "kelas_gempa": "Tinggi", "kelas_tsunami": "Tinggi" }, "geometry": { "type": "Polygon", "coordinates": [ [ [ 105.2322458, -5.5496289 ], [ 105.2323193, -5.5496817 ], [ 105.2322893, -5.5497331 ], [ 105.2322108, -5.5496674 ], [ 105.2322458, -5.5496289 ] ] ] } },
{ "type": "Feature", "properties": { "point_id": 98, "footprint_id": 887, "id_bangunan": "SDI-B15-015", "fungsi_bangunan": "Rumah Tinggal", "jumlah_lantai": 1, "tinggi_lantai": 4.0, "tinggi_total": 4.0, "luas_m2": 195.97, "jarak_match_m": 4.05, "metode_match": "optimal_nearest", "status_match": "OK", "blok": "B", "klas_fungsi": "Hunian", "material": "Pasang Bata", "struktur": "Dinding Pemikul", "tipe_atap": "Pelana", "penutup_atap": "Genteng", "dinding": "Bata Plaster", "kondisi": "Baik", "keyakinan": "Tinggi", "taksonomi": "MUR/LWAL/RSH2/RMT1/EWMA/CV1/HEX:1", "kode_singkat": "MUR \\LWAL\\HEX:1", "koefisien": 1.0, "nilai_exposure": 983754204.03330004, "kelas_exposure": "> Rp638.909.581,39 - Rp1.136.724.268,30", "exposure_rank": 2, "kelas_gempa": "Tinggi", "kelas_tsunami": "Tinggi" }, "geometry": { "type": "Polygon", "coordinates": [ [ [ 105.2318662, -5.5495149 ], [ 105.2319025, -5.5495357 ], [ 105.231918, -5.5495173 ], [ 105.2319495, -5.5495375 ], [ 105.2319358, -5.5495577 ], [ 105.2319234, -5.5496077 ], [ 105.2319144, -5.5496023 ], [ 105.2318978, -5.5496237 ], [ 105.2319192, -5.549635 ], [ 105.2318835, -5.5496886 ], [ 105.2318627, -5.5496719 ], [ 105.2318502, -5.5496957 ], [ 105.2317836, -5.5496576 ], [ 105.2318662, -5.5495149 ] ] ] } },
{ "type": "Feature", "properties": { "point_id": 99, "footprint_id": 888, "id_bangunan": "SDI-B16-016", "fungsi_bangunan": "Rumah Tinggal", "jumlah_lantai": 1, "tinggi_lantai": 4.0, "tinggi_total": 4.0, "luas_m2": 308.64, "jarak_match_m": 4.07, "metode_match": "optimal_nearest", "status_match": "OK", "blok": "B", "klas_fungsi": "Hunian", "material": "Pasang Bata", "struktur": "Dinding Pemikul", "tipe_atap": "Pelana", "penutup_atap": "Seng", "dinding": "Bata Ekspos", "kondisi": "Sedang", "keyakinan": "Tinggi", "taksonomi": "MUR/LWAL/RSH2/RMT2/EWMA/CV2/HEX:1", "kode_singkat": "MUR \\LWAL\\HEX:1", "koefisien": 1.0, "nilai_exposure": 70514056.859448001, "kelas_exposure": "Rp14.611.983,05 - Rp638.909.581,39", "exposure_rank": 1, "kelas_gempa": "Rendah", "kelas_tsunami": "Rendah" }, "geometry": { "type": "Polygon", "coordinates": [ [ [ 105.2314063, -5.5495474 ], [ 105.2314628, -5.5494868 ], [ 105.2315021, -5.5494582 ], [ 105.2315711, -5.549526 ], [ 105.23158, -5.5495219 ], [ 105.2316139, -5.5495498 ], [ 105.2316294, -5.5495332 ], [ 105.2316609, -5.5495534 ], [ 105.2316389, -5.5495843 ], [ 105.2315848, -5.5496468 ], [ 105.2315431, -5.5496046 ], [ 105.2314943, -5.5496444 ], [ 105.2314015, -5.5495528 ], [ 105.2314063, -5.5495474 ] ] ] } },
{ "type": "Feature", "properties": { "point_id": 100, "footprint_id": 105, "id_bangunan": "SDI-17-017", "fungsi_bangunan": "Rumah Tinggal", "jumlah_lantai": 1, "tinggi_lantai": 4.0, "tinggi_total": 4.0, "luas_m2": 47.54, "jarak_match_m": 4338.26, "metode_match": "optimal_nearest", "status_match": "PERLU_CEK", "blok": null, "klas_fungsi": null, "material": null, "struktur": null, "tipe_atap": null, "penutup_atap": null, "dinding": null, "kondisi": null, "keyakinan": null, "taksonomi": null, "kode_singkat": null, "koefisien": null, "nilai_exposure": null, "kelas_exposure": null, "exposure_rank": 0, "kelas_gempa": "Tidak Terdampak", "kelas_tsunami": "Tidak Terdampak" }, "geometry": { "type": "Polygon", "coordinates": [ [ [ 105.2473902, -5.5636107 ], [ 105.2473944, -5.5635079 ], [ 105.2474321, -5.5635095 ], [ 105.2474279, -5.5636122 ], [ 105.2473902, -5.5636107 ] ] ] } },
{ "type": "Feature", "properties": { "point_id": 101, "footprint_id": 624, "id_bangunan": "SDI-B17-017", "fungsi_bangunan": "Rumah Tinggal", "jumlah_lantai": 1, "tinggi_lantai": 4.0, "tinggi_total": 4.0, "luas_m2": 198.41, "jarak_match_m": 0.0, "metode_match": "within", "status_match": "OK", "blok": "B", "klas_fungsi": "Hunian", "material": "Pasang Bata", "struktur": "Rangka Beton Bertulang", "tipe_atap": "Pelana", "penutup_atap": "Seng", "dinding": "Bata Plaster", "kondisi": "Baik", "keyakinan": "Tinggi", "taksonomi": "MCF/LFINF/RSH2/RMT2/EWMA/CV1/HEX:1", "kode_singkat": "MCF \\LFINF\\HEX:1", "koefisien": 1.0, "nilai_exposure": 1499096562.6756401, "kelas_exposure": "> Rp1.136.724.268,30 - Rp1.856.590.180,23", "exposure_rank": 3, "kelas_gempa": "Tinggi", "kelas_tsunami": "Tinggi" }, "geometry": { "type": "Polygon", "coordinates": [ [ [ 105.2314025, -5.5495493 ], [ 105.2314603, -5.5494889 ], [ 105.2314642, -5.5494921 ], [ 105.2315021, -5.5494579 ], [ 105.2315716, -5.5495282 ], [ 105.2315374, -5.549565 ], [ 105.2315552, -5.549581 ], [ 105.2314928, -5.5496413 ], [ 105.2314025, -5.5495493 ] ] ] } },
{ "type": "Feature", "properties": { "point_id": 102, "footprint_id": 626, "id_bangunan": "SDI-B18-018", "fungsi_bangunan": "Rumah Tinggal", "jumlah_lantai": 1, "tinggi_lantai": 4.0, "tinggi_total": 4.0, "luas_m2": 93.65, "jarak_match_m": 0.0, "metode_match": "within", "status_match": "OK", "blok": "B", "klas_fungsi": "Hunian", "material": "Pasang Bata", "struktur": "Rangka Beton Bertulang", "tipe_atap": "Pelana", "penutup_atap": "Genteng", "dinding": "Bata Ekspos", "kondisi": "Baik", "keyakinan": "Tinggi", "taksonomi": "MCF/LFINF/RSH2/RMT1/EWMA/CV1/HEX:1", "kode_singkat": "MCF \\LFINF\\HEX:1", "koefisien": 1.0, "nilai_exposure": 470124141.19910997, "kelas_exposure": "Rp14.611.983,05 - Rp638.909.581,39", "exposure_rank": 1, "kelas_gempa": "Rendah", "kelas_tsunami": "Rendah" }, "geometry": { "type": "Polygon", "coordinates": [ [ [ 105.2310837, -5.5494139 ], [ 105.2311351, -5.5493685 ], [ 105.2312083, -5.5494496 ], [ 105.2311562, -5.5494974 ], [ 105.2310837, -5.5494139 ] ] ] } },
{ "type": "Feature", "properties": { "point_id": 103, "footprint_id": 627, "id_bangunan": "SDI-B19-019", "fungsi_bangunan": "Rumah Tinggal", "jumlah_lantai": 1, "tinggi_lantai": 4.0, "tinggi_total": 4.0, "luas_m2": 96.6, "jarak_match_m": 0.0, "metode_match": "within", "status_match": "OK", "blok": "B", "klas_fungsi": "Hunian", "material": "Pasang Bata", "struktur": "Dinding Pemikul", "tipe_atap": "Pelana", "penutup_atap": "Genteng dan Seng", "dinding": "Bata Ekspos", "kondisi": "Baik", "keyakinan": "Tinggi", "taksonomi": "MUR/LWAL/RSH2/RMT1+RMT6/EWMA/CV1/HEX:1", "kode_singkat": "MUR \\LWAL\\HEX:1", "koefisien": 1.0, "nilai_exposure": 484948624.54725599, "kelas_exposure": "Rp14.611.983,05 - Rp638.909.581,39", "exposure_rank": 1, "kelas_gempa": "Rendah", "kelas_tsunami": "Rendah" }, "geometry": { "type": "Polygon", "coordinates": [ [ [ 105.230977, -5.5493025 ], [ 105.2310263, -5.5492707 ], [ 105.2310616, -5.5493261 ], [ 105.2310823, -5.549315 ], [ 105.2311041, -5.5493478 ], [ 105.2310213, -5.5493999 ], [ 105.2310009, -5.5493717 ], [ 105.2310116, -5.5493635 ], [ 105.230977, -5.5493025 ] ] ] } },
{ "type": "Feature", "properties": { "point_id": 104, "footprint_id": 630, "id_bangunan": "SDI-B20-020", "fungsi_bangunan": "Rumah Tinggal", "jumlah_lantai": 1, "tinggi_lantai": 4.0, "tinggi_total": 4.0, "luas_m2": 102.92, "jarak_match_m": 0.0, "metode_match": "within", "status_match": "OK", "blok": "B", "klas_fungsi": "Hunian", "material": "Pasang Bata", "struktur": "Dinding Pemikul", "tipe_atap": "Limasan", "penutup_atap": "Genteng", "dinding": "Bata Ekspos", "kondisi": "Baik", "keyakinan": "Tinggi", "taksonomi": "MUR/LWAL/RSH3/RMT1/EWMA/CV1/HEX:1", "kode_singkat": "MUR \\LWAL\\HEX:1", "koefisien": 1.0, "nilai_exposure": 516638501.47299999, "kelas_exposure": "Rp14.611.983,05 - Rp638.909.581,39", "exposure_rank": 1, "kelas_gempa": "Rendah", "kelas_tsunami": "Rendah" }, "geometry": { "type": "Polygon", "coordinates": [ [ [ 105.2309419, -5.5488603 ], [ 105.2309762, -5.5488474 ], [ 105.2309838, -5.5488698 ], [ 105.2310147, -5.5488574 ], [ 105.2310176, -5.5488646 ], [ 105.2310362, -5.5488555 ], [ 105.23105, -5.5488893 ], [ 105.2310319, -5.5488988 ], [ 105.2310538, -5.5489507 ], [ 105.2310271, -5.5489621 ], [ 105.2310304, -5.5489693 ], [ 105.2309962, -5.5489802 ], [ 105.2309586, -5.5488879 ], [ 105.2309514, -5.5488888 ], [ 105.2309419, -5.5488603 ] ] ] } },
{ "type": "Feature", "properties": { "point_id": 105, "footprint_id": 631, "id_bangunan": "SDI-B21-021", "fungsi_bangunan": "Rumah Tinggal", "jumlah_lantai": 1, "tinggi_lantai": 4.0, "tinggi_total": 4.0, "luas_m2": 204.76, "jarak_match_m": 0.0, "metode_match": "within", "status_match": "OK", "blok": "B", "klas_fungsi": "Hunian", "material": "Pasang Bata", "struktur": "Rangka Beton Bertulang", "tipe_atap": "Limasan", "penutup_atap": "Genteng", "dinding": "Bata Plaster", "kondisi": "Baik", "keyakinan": "Tinggi", "taksonomi": "MCF/LFINF/RSH3/RMT1/EWMA/CV1/HEX:1", "kode_singkat": "MCF \\LFINF\\HEX:1", "koefisien": 1.0, "nilai_exposure": 1027879600.61606, "kelas_exposure": "> Rp638.909.581,39 - Rp1.136.724.268,30", "exposure_rank": 2, "kelas_gempa": "Tinggi", "kelas_tsunami": "Tinggi" }, "geometry": { "type": "Polygon", "coordinates": [ [ [ 105.2308039, -5.5487232 ], [ 105.2308463, -5.548718 ], [ 105.2308501, -5.5487437 ], [ 105.2308724, -5.5487432 ], [ 105.2308772, -5.5487918 ], [ 105.2308839, -5.5487932 ], [ 105.2308967, -5.5489003 ], [ 105.2308006, -5.5489112 ], [ 105.2307792, -5.5487437 ], [ 105.2308044, -5.5487365 ], [ 105.2308039, -5.5487232 ] ] ] } },
{ "type": "Feature", "properties": { "point_id": 106, "footprint_id": 584, "id_bangunan": "SDI-B22-022", "fungsi_bangunan": "Rumah Tinggal", "jumlah_lantai": 1, "tinggi_lantai": 4.0, "tinggi_total": 4.0, "luas_m2": 209.18, "jarak_match_m": 0.0, "metode_match": "within", "status_match": "OK", "blok": "B", "klas_fungsi": "Hunian", "material": "Beton Bertulang", "struktur": "Rangka Beton Bertulang", "tipe_atap": "Limasan", "penutup_atap": "Genteng", "dinding": "Bata Plaster", "kondisi": "Baik", "keyakinan": "Tinggi", "taksonomi": "MCF/LFINF/RSH3/RMT1/EWMA/CV1/HEX:1", "kode_singkat": "MCF \\LFINF\\HEX:1", "koefisien": 1.0, "nilai_exposure": 1050085780.13078, "kelas_exposure": "> Rp638.909.581,39 - Rp1.136.724.268,30", "exposure_rank": 2, "kelas_gempa": "Tinggi", "kelas_tsunami": "Tinggi" }, "geometry": { "type": "Polygon", "coordinates": [ [ [ 105.2305285, -5.5481698 ], [ 105.2305765, -5.5481522 ], [ 105.2305751, -5.5481469 ], [ 105.2305975, -5.5481384 ], [ 105.2305937, -5.5481236 ], [ 105.2306351, -5.5481098 ], [ 105.2306612, -5.5481741 ], [ 105.2306831, -5.5481712 ], [ 105.2307064, -5.5482431 ], [ 105.2306317, -5.5482659 ], [ 105.230627, -5.5482488 ], [ 105.2305627, -5.5482735 ], [ 105.2305508, -5.5482412 ], [ 105.230557, -5.5482374 ], [ 105.2305427, -5.5481993 ], [ 105.2305361, -5.5482007 ], [ 105.2305285, -5.5481698 ] ] ] } },
{ "type": "Feature", "properties": { "point_id": 107, "footprint_id": 583, "id_bangunan": "SDI-B24-024", "fungsi_bangunan": "Rumah Tinggal", "jumlah_lantai": 1, "tinggi_lantai": 4.0, "tinggi_total": 4.0, "luas_m2": 213.98, "jarak_match_m": 13.66, "metode_match": "optimal_nearest", "status_match": "OK", "blok": null, "klas_fungsi": null, "material": null, "struktur": null, "tipe_atap": null, "penutup_atap": null, "dinding": null, "kondisi": null, "keyakinan": null, "taksonomi": null, "kode_singkat": null, "koefisien": null, "nilai_exposure": null, "kelas_exposure": null, "exposure_rank": 0, "kelas_gempa": "Tidak Terdampak", "kelas_tsunami": "Tidak Terdampak" }, "geometry": { "type": "Polygon", "coordinates": [ [ [ 105.2304, -5.5482302 ], [ 105.2303562, -5.5481431 ], [ 105.2303762, -5.5481341 ], [ 105.23037, -5.5481165 ], [ 105.2304138, -5.5480994 ], [ 105.2304109, -5.5480836 ], [ 105.2304718, -5.5480541 ], [ 105.2305285, -5.5481698 ], [ 105.2304733, -5.548196 ], [ 105.2304771, -5.5482045 ], [ 105.2304195, -5.5482307 ], [ 105.2304176, -5.5482245 ], [ 105.2304, -5.5482302 ] ] ] } },
{ "type": "Feature", "properties": { "point_id": 108, "footprint_id": 532, "id_bangunan": "SDI-B25-025", "fungsi_bangunan": "Rumah Tinggal", "jumlah_lantai": 1, "tinggi_lantai": 4.0, "tinggi_total": 4.0, "luas_m2": 162.58, "jarak_match_m": 0.0, "metode_match": "within", "status_match": "OK", "blok": "B", "klas_fungsi": "Hunian", "material": "Pasang Bata", "struktur": "Dinding Pemikul", "tipe_atap": "Pelana", "penutup_atap": "Asbes", "dinding": "Bata Ekspos", "kondisi": "Baik", "keyakinan": "Tinggi", "taksonomi": "MUR/LWAL/RSH2/RMT6/EWMA/CV1/HEX:1", "kode_singkat": "MUR \\LWAL\\HEX:1", "koefisien": 1.0, "nilai_exposure": 816174840.37614, "kelas_exposure": "> Rp638.909.581,39 - Rp1.136.724.268,30", "exposure_rank": 2, "kelas_gempa": "Sedang", "kelas_tsunami": "Sedang" }, "geometry": { "type": "Polygon", "coordinates": [ [ [ 105.2300533, -5.5480214 ], [ 105.2301258, -5.5479771 ], [ 105.2301844, -5.5480811 ], [ 105.2300844, -5.5481382 ], [ 105.2300323, -5.5480457 ], [ 105.2300571, -5.5480283 ], [ 105.2300533, -5.5480214 ] ] ] } },
{ "type": "Feature", "properties": { "point_id": 109, "footprint_id": 539, "id_bangunan": "SDI-B26-026", "fungsi_bangunan": "Rumah Tinggal", "jumlah_lantai": 1, "tinggi_lantai": 4.0, "tinggi_total": 4.0, "luas_m2": 58.63, "jarak_match_m": 0.31, "metode_match": "optimal_nearest", "status_match": "OK", "blok": "B", "klas_fungsi": "Hunian", "material": "Kayu", "struktur": "Rangka Kayu", "tipe_atap": "Pelana", "penutup_atap": "Genteng", "dinding": "Kayu", "kondisi": "Baik", "keyakinan": "Tinggi", "taksonomi": "W/LPB/RSH2/RMT1/EWW/CV1/HEX:1", "kode_singkat": "W \\LPB\\HEX:1", "koefisien": 1.0, "nilai_exposure": 294308253.52573198, "kelas_exposure": "Rp14.611.983,05 - Rp638.909.581,39", "exposure_rank": 1, "kelas_gempa": "Rendah", "kelas_tsunami": "Rendah" }, "geometry": { "type": "Polygon", "coordinates": [ [ [ 105.2301472, -5.5478216 ], [ 105.2302008, -5.5478628 ], [ 105.2301541, -5.5479199 ], [ 105.2301044, -5.5478782 ], [ 105.2301472, -5.5478216 ] ] ] } },
{ "type": "Feature", "properties": { "point_id": 110, "footprint_id": 582, "id_bangunan": "SDI-B27-027", "fungsi_bangunan": "Rumah Tinggal", "jumlah_lantai": 1, "tinggi_lantai": 4.0, "tinggi_total": 4.0, "luas_m2": 212.87, "jarak_match_m": 0.0, "metode_match": "within", "status_match": "OK", "blok": "B", "klas_fungsi": "Hunian", "material": "Pasang Bata", "struktur": "Rangka Beton Bertulang", "tipe_atap": "Limasan", "penutup_atap": "Genteng", "dinding": "Bata Plaster", "kondisi": "Baik", "keyakinan": "Tinggi", "taksonomi": "MCF/LFINF/RSH3/RMT1/EWMA/CV1/HEX:1", "kode_singkat": "MCF \\LFINF\\HEX:1", "koefisien": 1.0, "nilai_exposure": 1068618466.1633, "kelas_exposure": "> Rp638.909.581,39 - Rp1.136.724.268,30", "exposure_rank": 2, "kelas_gempa": "Tinggi", "kelas_tsunami": "Tinggi" }, "geometry": { "type": "Polygon", "coordinates": [ [ [ 105.230535, -5.5475581 ], [ 105.2306078, -5.547506 ], [ 105.2306135, -5.5475136 ], [ 105.2306621, -5.5474865 ], [ 105.2306825, -5.5475175 ], [ 105.2306956, -5.5475125 ], [ 105.2307249, -5.5475631 ], [ 105.2306913, -5.5475831 ], [ 105.2306949, -5.5475888 ], [ 105.2306021, -5.5476502 ], [ 105.2305764, -5.5476417 ], [ 105.230535, -5.5475581 ] ] ] } },
{ "type": "Feature", "properties": { "point_id": 111, "footprint_id": 581, "id_bangunan": "SDI-B28-028", "fungsi_bangunan": "Rumah Tinggal", "jumlah_lantai": 1, "tinggi_lantai": 4.0, "tinggi_total": 4.0, "luas_m2": 287.44, "jarak_match_m": 15.5, "metode_match": "optimal_nearest", "status_match": "PERLU_CEK", "blok": "B", "klas_fungsi": "Hunian", "material": "Pasang Bata", "struktur": "Rangka Beton Bertulang", "tipe_atap": "Limasan", "penutup_atap": "Genteng", "dinding": "Bata Plaster", "kondisi": "Baik", "keyakinan": "Tinggi", "taksonomi": "MCF/LFINF/RSH3/RMT1/EWMA/CV1/HEX:1", "kode_singkat": "MCF \\LFINF\\HEX:1", "koefisien": 1.0, "nilai_exposure": 1856590180.2263999, "kelas_exposure": "> Rp1.136.724.268,30 - Rp1.856.590.180,23", "exposure_rank": 3, "kelas_gempa": "Tinggi", "kelas_tsunami": "Tinggi" }, "geometry": { "type": "Polygon", "coordinates": [ [ [ 105.2303915, -5.5475203 ], [ 105.2304615, -5.5474803 ], [ 105.2304543, -5.5474625 ], [ 105.23056, -5.5474104 ], [ 105.2306078, -5.547506 ], [ 105.230535, -5.5475581 ], [ 105.2305093, -5.5475738 ], [ 105.230515, -5.547586 ], [ 105.2304358, -5.5476224 ], [ 105.2303915, -5.5475203 ] ] ] } },
{ "type": "Feature", "properties": { "point_id": 112, "footprint_id": 580, "id_bangunan": "SDI-B29-029", "fungsi_bangunan": "Rumah Tinggal", "jumlah_lantai": 1, "tinggi_lantai": 4.0, "tinggi_total": 4.0, "luas_m2": 369.84, "jarak_match_m": 0.0, "metode_match": "within", "status_match": "OK", "blok": "B", "klas_fungsi": "Hunian", "material": "Pasang Bata", "struktur": "Rangka Beton Bertulang", "tipe_atap": "Limasan", "penutup_atap": "Genteng", "dinding": "Bata Plaster", "kondisi": "Baik", "keyakinan": "Tinggi", "taksonomi": "MCF/LFINF/RSH3/RMT1/EWMA/CV1/HEX:1", "kode_singkat": "MCF \\LFINF\\HEX:1", "koefisien": 1.0, "nilai_exposure": 1856590180.2263999, "kelas_exposure": "> Rp1.136.724.268,30 - Rp1.856.590.180,23", "exposure_rank": 3, "kelas_gempa": "Tinggi", "kelas_tsunami": "Tinggi" }, "geometry": { "type": "Polygon", "coordinates": [ [ [ 105.2303159, -5.5471334 ], [ 105.2304072, -5.5471206 ], [ 105.2304479, -5.5473754 ], [ 105.230328, -5.5473918 ], [ 105.2303144, -5.5473097 ], [ 105.2302923, -5.5471805 ], [ 105.2303209, -5.5471734 ], [ 105.2303159, -5.5471334 ] ] ] } },
{ "type": "Feature", "properties": { "point_id": 113, "footprint_id": 579, "id_bangunan": "SDI-B30-030", "fungsi_bangunan": "Rumah Tinggal", "jumlah_lantai": 1, "tinggi_lantai": 4.0, "tinggi_total": 4.0, "luas_m2": 122.38, "jarak_match_m": 0.0, "metode_match": "within", "status_match": "OK", "blok": "B", "klas_fungsi": "Hunian", "material": "Pasang Bata", "struktur": "Dinding Pemikul", "tipe_atap": "Pelana", "penutup_atap": "Genteng", "dinding": "Bata Ekspos", "kondisi": "Baik", "keyakinan": "Tinggi", "taksonomi": "MUR/LWAL/RSH2/RMT1/EWMA/CV1/HEX:1", "kode_singkat": "MUR \\LWAL\\HEX:1", "koefisien": 1.0, "nilai_exposure": 614328674.37911999, "kelas_exposure": "Rp14.611.983,05 - Rp638.909.581,39", "exposure_rank": 1, "kelas_gempa": "Sedang", "kelas_tsunami": "Sedang" }, "geometry": { "type": "Polygon", "coordinates": [ [ [ 105.2302024, -5.5474082 ], [ 105.2302702, -5.5473904 ], [ 105.2302916, -5.5474682 ], [ 105.2302987, -5.5474668 ], [ 105.2303159, -5.5475317 ], [ 105.2302802, -5.5475396 ], [ 105.2302766, -5.5475267 ], [ 105.2302538, -5.5475324 ], [ 105.2302466, -5.5475082 ], [ 105.2302266, -5.5475103 ], [ 105.2302024, -5.5474082 ] ] ] } },
{ "type": "Feature", "properties": { "point_id": 114, "footprint_id": 578, "id_bangunan": "SDI-B31-031", "fungsi_bangunan": "Rumah Tinggal", "jumlah_lantai": 1, "tinggi_lantai": 4.0, "tinggi_total": 4.0, "luas_m2": 135.4, "jarak_match_m": 0.0, "metode_match": "within", "status_match": "OK", "blok": "B", "klas_fungsi": "Hunian", "material": "Pasang Bata", "struktur": "Dinding Pemikul", "tipe_atap": "Limasan", "penutup_atap": "Genteng", "dinding": "Bata Plaster", "kondisi": "Baik", "keyakinan": "Tinggi", "taksonomi": "MUR/LWAL/RSH3/RMT1/EWMA/CV1/HEX:1", "kode_singkat": "MUR \\LWAL\\HEX:1", "koefisien": 1.0, "nilai_exposure": 916641909.29799998, "kelas_exposure": "> Rp638.909.581,39 - Rp1.136.724.268,30", "exposure_rank": 2, "kelas_gempa": "Tinggi", "kelas_tsunami": "Tinggi" }, "geometry": { "type": "Polygon", "coordinates": [ [ [ 105.2301277, -5.5473146 ], [ 105.2301204, -5.5472756 ], [ 105.2301327, -5.5472725 ], [ 105.230133, -5.5472611 ], [ 105.2302083, -5.5472518 ], [ 105.230224, -5.5473828 ], [ 105.230168, -5.5473921 ], [ 105.230168, -5.5473863 ], [ 105.2301451, -5.5473863 ], [ 105.2301277, -5.5473146 ] ] ] } },
{ "type": "Feature", "properties": { "point_id": 115, "footprint_id": 561, "id_bangunan": "SDI-B32-032", "fungsi_bangunan": "Rumah Tinggal", "jumlah_lantai": 1, "tinggi_lantai": 4.0, "tinggi_total": 4.0, "luas_m2": 164.25, "jarak_match_m": 0.0, "metode_match": "within", "status_match": "OK", "blok": "B", "klas_fungsi": "Hunian", "material": "Kayu", "struktur": "Rangka Kayu", "tipe_atap": "Pelana", "penutup_atap": "Seng", "dinding": "Kayu", "kondisi": "Baik", "keyakinan": "Tinggi", "taksonomi": "W/LPB/RSH2/RMT2/EWW/CV1/HEX:1", "kode_singkat": "W \\LPB\\HEX:1", "koefisien": 1.0, "nilai_exposure": 824543749.00660002, "kelas_exposure": "> Rp638.909.581,39 - Rp1.136.724.268,30", "exposure_rank": 2, "kelas_gempa": "Sedang", "kelas_tsunami": "Sedang" }, "geometry": { "type": "Polygon", "coordinates": [ [ [ 105.2299221, -5.5476199 ], [ 105.2299071, -5.5476384 ], [ 105.2298729, -5.5476149 ], [ 105.2298679, -5.547622 ], [ 105.2298108, -5.5475877 ], [ 105.2298472, -5.5475435 ], [ 105.2298393, -5.5475356 ], [ 105.2298629, -5.5475042 ], [ 105.229945, -5.5475635 ], [ 105.2299485, -5.5475592 ], [ 105.2300006, -5.5476049 ], [ 105.2299614, -5.547652 ], [ 105.2299221, -5.5476199 ] ] ] } },
{ "type": "Feature", "properties": { "point_id": 116, "footprint_id": 577, "id_bangunan": "SDI-B33-033", "fungsi_bangunan": "Rumah Tinggal", "jumlah_lantai": 1, "tinggi_lantai": 4.0, "tinggi_total": 4.0, "luas_m2": 47.2, "jarak_match_m": 1.77, "metode_match": "optimal_nearest", "status_match": "OK", "blok": "B", "klas_fungsi": "Hunian", "material": "Pasang Bata", "struktur": "Dinding Pemikul", "tipe_atap": "Pelana", "penutup_atap": "Genteng", "dinding": "Bata Ekspos", "kondisi": "Baik", "keyakinan": "Tinggi", "taksonomi": "MUR/LWAL/RSH2/RMT1/EWMA/CV1/HEX:1", "kode_singkat": "MUR \\LWAL\\HEX:1", "koefisien": 1.0, "nilai_exposure": 916641909.29799998, "kelas_exposure": "> Rp638.909.581,39 - Rp1.136.724.268,30", "exposure_rank": 2, "kelas_gempa": "Tinggi", "kelas_tsunami": "Tinggi" }, "geometry": { "type": "Polygon", "coordinates": [ [ [ 105.2301145, -5.5472439 ], [ 105.2301184, -5.5472443 ], [ 105.2301162, -5.5472204 ], [ 105.2302023, -5.5472118 ], [ 105.2302083, -5.5472518 ], [ 105.230133, -5.5472611 ], [ 105.2301327, -5.5472725 ], [ 105.2301204, -5.5472756 ], [ 105.2301145, -5.5472439 ] ] ] } },
{ "type": "Feature", "properties": { "point_id": 117, "footprint_id": 564, "id_bangunan": "SDI-B34-034", "fungsi_bangunan": "Rumah Tinggal", "jumlah_lantai": 1, "tinggi_lantai": 4.0, "tinggi_total": 4.0, "luas_m2": 115.76, "jarak_match_m": 0.0, "metode_match": "within", "status_match": "OK", "blok": "B", "klas_fungsi": "Hunian", "material": "Pasang Bata", "struktur": "Dinding Pemikul", "tipe_atap": "Pelana", "penutup_atap": "Seng", "dinding": "Bata Ekspos", "kondisi": "Baik", "keyakinan": "Tinggi", "taksonomi": "MUR/LWAL/RSH2/RMT2/EWMA/CV1/HEX:1", "kode_singkat": "MUR \\LWAL\\HEX:1", "koefisien": 1.0, "nilai_exposure": 581133997.49039996, "kelas_exposure": "Rp14.611.983,05 - Rp638.909.581,39", "exposure_rank": 1, "kelas_gempa": "Sedang", "kelas_tsunami": "Sedang" }, "geometry": { "type": "Polygon", "coordinates": [ [ [ 105.2298273, -5.5472198 ], [ 105.2299065, -5.5471727 ], [ 105.2299579, -5.5472576 ], [ 105.2299358, -5.5472697 ], [ 105.2299372, -5.547274 ], [ 105.2298787, -5.5473083 ], [ 105.2298273, -5.5472198 ] ] ] } },
{ "type": "Feature", "properties": { "point_id": 118, "footprint_id": 563, "id_bangunan": "SDI-B38-038", "fungsi_bangunan": "Rumah Tinggal", "jumlah_lantai": 1, "tinggi_lantai": 4.0, "tinggi_total": 4.0, "luas_m2": 348.15, "jarak_match_m": 0.35, "metode_match": "optimal_nearest", "status_match": "OK", "blok": "B", "klas_fungsi": "Hunian", "material": "Pasang Bata", "struktur": "Rangka Beton Bertulang", "tipe_atap": "Pelana", "penutup_atap": "Seng", "dinding": "Bata Plaster", "kondisi": "Baik", "keyakinan": "Tinggi", "taksonomi": "MUR/LWAL/RSH2/RMT2/EWMA/CV1/HEX:1", "kode_singkat": "MUR \\LWAL\\HEX:1", "koefisien": 1.0, "nilai_exposure": 1747694060.0620799, "kelas_exposure": "> Rp1.136.724.268,30 - Rp1.856.590.180,23", "exposure_rank": 3, "kelas_gempa": "Tinggi", "kelas_tsunami": "Tinggi" }, "geometry": { "type": "Polygon", "coordinates": [ [ [ 105.2295967, -5.5470106 ], [ 105.2296938, -5.5469756 ], [ 105.2297702, -5.5471634 ], [ 105.2297973, -5.5471527 ], [ 105.2298045, -5.5471734 ], [ 105.2297809, -5.5471926 ], [ 105.2297488, -5.5472076 ], [ 105.2297531, -5.5472176 ], [ 105.2296945, -5.547279 ], [ 105.2295967, -5.5470106 ] ] ] } },
{ "type": "Feature", "properties": { "point_id": 119, "footprint_id": 560, "id_bangunan": "SDI-B36-036", "fungsi_bangunan": "Rumah Tinggal", "jumlah_lantai": 1, "tinggi_lantai": 4.0, "tinggi_total": 4.0, "luas_m2": 120.96, "jarak_match_m": 0.0, "metode_match": "within", "status_match": "OK", "blok": "B", "klas_fungsi": "Hunian", "material": "Pasang Bata", "struktur": "Rangka Beton Bertulang", "tipe_atap": "Limasan", "penutup_atap": "Genteng", "dinding": "Bata Ekspos", "kondisi": "Baik", "keyakinan": "Tinggi", "taksonomi": "MCF/LFINF/RSH3/RMT1/EWMA/CV1/HEX:1", "kode_singkat": "MCF \\LFINF\\HEX:1", "koefisien": 1.0, "nilai_exposure": 607203571.91672003, "kelas_exposure": "Rp14.611.983,05 - Rp638.909.581,39", "exposure_rank": 1, "kelas_gempa": "Sedang", "kelas_tsunami": "Sedang" }, "geometry": { "type": "Polygon", "coordinates": [ [ [ 105.2295107, -5.5473158 ], [ 105.2295357, -5.5473221 ], [ 105.2295503, -5.5472712 ], [ 105.2296193, -5.5472828 ], [ 105.2295931, -5.5473979 ], [ 105.2294979, -5.5473753 ], [ 105.2295107, -5.5473158 ] ] ] } },
{ "type": "Feature", "properties": { "point_id": 120, "footprint_id": 552, "id_bangunan": "SDI-B39-039", "fungsi_bangunan": "Rumah Tinggal", "jumlah_lantai": 1, "tinggi_lantai": 4.0, "tinggi_total": 4.0, "luas_m2": 124.49, "jarak_match_m": 0.0, "metode_match": "within", "status_match": "OK", "blok": "B", "klas_fungsi": "Hunian", "material": "Pasang Bata", "struktur": "Rangka Beton Bertulang", "tipe_atap": "Limasan", "penutup_atap": "Genteng", "dinding": "Bata Plaster", "kondisi": "Baik", "keyakinan": "Tinggi", "taksonomi": "MCF/LFINF/RSH3/RMT1/EWMA/CV1/HEX:1", "kode_singkat": "MCF \\LFINF\\HEX:1", "koefisien": 1.0, "nilai_exposure": 624949953.04035997, "kelas_exposure": "Rp14.611.983,05 - Rp638.909.581,39", "exposure_rank": 1, "kelas_gempa": "Sedang", "kelas_tsunami": "Sedang" }, "geometry": { "type": "Polygon", "coordinates": [ [ [ 105.2293751, -5.5472893 ], [ 105.2294532, -5.5473078 ], [ 105.2294527, -5.5473145 ], [ 105.2294565, -5.547315 ], [ 105.2294527, -5.5473383 ], [ 105.2294746, -5.547344 ], [ 105.2294694, -5.5473754 ], [ 105.2294503, -5.5473716 ], [ 105.2294408, -5.5474097 ], [ 105.2294065, -5.5474016 ], [ 105.2294037, -5.5474097 ], [ 105.2293505, -5.547396 ], [ 105.2293561, -5.5473725 ], [ 105.2293751, -5.5472893 ] ] ] } },
{ "type": "Feature", "properties": { "point_id": 121, "footprint_id": 549, "id_bangunan": "SDIB40-040", "fungsi_bangunan": "Rumah Tinggal", "jumlah_lantai": 2, "tinggi_lantai": 4.0, "tinggi_total": 8.0, "luas_m2": 86.35, "jarak_match_m": 0.0, "metode_match": "within", "status_match": "OK", "blok": "B", "klas_fungsi": "Hunian", "material": "Pasang Bata", "struktur": "Rangka Beton Bertulang", "tipe_atap": "Pelana", "penutup_atap": "Seng", "dinding": "Bata Ekspos", "kondisi": "Baik", "keyakinan": "Tinggi", "taksonomi": "MCF/LFINF/RSH2/RMT2/EWMA/CV1/HEX:2", "kode_singkat": "MCF \\LFINF\\HEX:2", "koefisien": 1.09, "nilai_exposure": 472488957.65183794, "kelas_exposure": "Rp14.611.983,05 - Rp638.909.581,39", "exposure_rank": 1, "kelas_gempa": "Rendah", "kelas_tsunami": "Rendah" }, "geometry": { "type": "Polygon", "coordinates": [ [ [ 105.2291724, -5.5473235 ], [ 105.2292428, -5.5473254 ], [ 105.2292409, -5.5473516 ], [ 105.2292443, -5.5473573 ], [ 105.2292438, -5.5473954 ], [ 105.2292424, -5.5474239 ], [ 105.229171, -5.5474225 ], [ 105.2291724, -5.5473235 ] ] ] } },
{ "type": "Feature", "properties": { "point_id": 122, "footprint_id": 551, "id_bangunan": "SDI-B41-041", "fungsi_bangunan": "Rumah Tinggal", "jumlah_lantai": 1, "tinggi_lantai": 4.0, "tinggi_total": 4.0, "luas_m2": 173.41, "jarak_match_m": 0.0, "metode_match": "within", "status_match": "OK", "blok": "B", "klas_fungsi": "Hunian", "material": "Pasang Bata", "struktur": "Dinding Pemikul", "tipe_atap": "Pelana", "penutup_atap": "Seng", "dinding": "Bata Ekspos", "kondisi": "Sedang", "keyakinan": "Tinggi", "taksonomi": "MUR/LWAL/RSH2/RMT2/EWMA/CV2/HEX:1", "kode_singkat": "MUR \\LWAL\\HEX:1", "koefisien": 1.0, "nilai_exposure": 870541058.0278399, "kelas_exposure": "> Rp638.909.581,39 - Rp1.136.724.268,30", "exposure_rank": 2, "kelas_gempa": "Sedang", "kelas_tsunami": "Sedang" }, "geometry": { "type": "Polygon", "coordinates": [ [ [ 105.2292778, -5.5474995 ], [ 105.229269, -5.5474282 ], [ 105.2292547, -5.5474278 ], [ 105.2292543, -5.5474192 ], [ 105.2292426, -5.5474191 ], [ 105.2292443, -5.5473573 ], [ 105.2292409, -5.5473516 ], [ 105.2292428, -5.5473254 ], [ 105.229239, -5.5473031 ], [ 105.229308, -5.5473083 ], [ 105.2292914, -5.5473521 ], [ 105.2293561, -5.5473725 ], [ 105.2293295, -5.5474849 ], [ 105.2292778, -5.5474995 ] ] ] } },
{ "type": "Feature", "properties": { "point_id": 123, "footprint_id": 542, "id_bangunan": "SDI-B43-043", "fungsi_bangunan": "Rumah Tinggal", "jumlah_lantai": 1, "tinggi_lantai": 4.0, "tinggi_total": 4.0, "luas_m2": 114.17, "jarak_match_m": 1.03, "metode_match": "optimal_nearest", "status_match": "OK", "blok": "B", "klas_fungsi": "Hunian", "material": "Pasang Bata", "struktur": "Rangka Beton Bertulang", "tipe_atap": "Limasan", "penutup_atap": "Genteng", "dinding": "Bata Plaster", "kondisi": "Sedang", "keyakinan": "Tinggi", "taksonomi": "MCF/LFINF/RSH3/RMT1/EWMA/CV2/HEX:1", "kode_singkat": "MCF \\LFINF\\HEX:1", "koefisien": 1.0, "nilai_exposure": 63451479.934776001, "kelas_exposure": "Rp14.611.983,05 - Rp638.909.581,39", "exposure_rank": 1, "kelas_gempa": "Rendah", "kelas_tsunami": "Rendah" }, "geometry": { "type": "Polygon", "coordinates": [ [ [ 105.2291687, -5.547026 ], [ 105.229246, -5.5470769 ], [ 105.2292329, -5.5470974 ], [ 105.229226, -5.5470931 ], [ 105.2292044, -5.5471255 ], [ 105.229206, -5.5471302 ], [ 105.229181, -5.5471657 ], [ 105.2291594, -5.5471505 ], [ 105.2291541, -5.5471574 ], [ 105.2291311, -5.54714 ], [ 105.2291427, -5.5471207 ], [ 105.2291211, -5.5471057 ], [ 105.2291382, -5.5470686 ], [ 105.2291687, -5.547026 ] ] ] } },
{ "type": "Feature", "properties": { "point_id": 124, "footprint_id": 501, "id_bangunan": "SDI-B46-046", "fungsi_bangunan": "Rumah Tinggal", "jumlah_lantai": 1, "tinggi_lantai": 4.0, "tinggi_total": 4.0, "luas_m2": 97.03, "jarak_match_m": 11.38, "metode_match": "optimal_nearest", "status_match": "OK", "blok": "B", "klas_fungsi": "Hunian", "material": "Pasang Bata", "struktur": "Dinding Pemikul", "tipe_atap": "Limasan", "penutup_atap": "Genteng", "dinding": "Bata Plaster", "kondisi": "Sedang", "keyakinan": "Tinggi", "taksonomi": "MUR/LWAL/RSH3/RMT1/EWMA/CV2/HEX:1", "kode_singkat": "MUR \\LWAL\\HEX:1", "koefisien": 1.0, "nilai_exposure": 1374491758.1665399, "kelas_exposure": "> Rp1.136.724.268,30 - Rp1.856.590.180,23", "exposure_rank": 3, "kelas_gempa": "Tinggi", "kelas_tsunami": "Tinggi" }, "geometry": { "type": "Polygon", "coordinates": [ [ [ 105.2289685, -5.5470381 ], [ 105.2290674, -5.5470506 ], [ 105.2290542, -5.5471388 ], [ 105.2290014, -5.5471302 ], [ 105.2290007, -5.5471206 ], [ 105.2289953, -5.547112 ], [ 105.2289632, -5.5471081 ], [ 105.2289628, -5.5470749 ], [ 105.2289685, -5.5470381 ] ] ] } },
{ "type": "Feature", "properties": { "point_id": 125, "footprint_id": 550, "id_bangunan": "SDI-B47-047", "fungsi_bangunan": "Rumah Tinggal", "jumlah_lantai": 1, "tinggi_lantai": 4.0, "tinggi_total": 4.0, "luas_m2": 124.43, "jarak_match_m": 0.0, "metode_match": "within", "status_match": "OK", "blok": "B", "klas_fungsi": "Hunian", "material": "Pasang Bata", "struktur": "Dinding Pemikul", "tipe_atap": "Pelana", "penutup_atap": "Genteng", "dinding": "Bata Ekspos", "kondisi": "Baik", "keyakinan": "Tinggi", "taksonomi": "MUR/LWAL/RSH2/RMT1/EWMA/CV1/HEX:1", "kode_singkat": "MUR \\LWAL\\HEX:1", "koefisien": 1.0, "nilai_exposure": 936181696.95257998, "kelas_exposure": "> Rp638.909.581,39 - Rp1.136.724.268,30", "exposure_rank": 2, "kelas_gempa": "Tinggi", "kelas_tsunami": "Tinggi" }, "geometry": { "type": "Polygon", "coordinates": [ [ [ 105.229171, -5.5474225 ], [ 105.2292424, -5.5474239 ], [ 105.2292426, -5.5474191 ], [ 105.2292543, -5.5474192 ], [ 105.2292547, -5.5474278 ], [ 105.229269, -5.5474282 ], [ 105.2292795, -5.5475134 ], [ 105.2291762, -5.5475196 ], [ 105.2291738, -5.5474982 ], [ 105.2291586, -5.5474977 ], [ 105.2291558, -5.5474568 ], [ 105.2291677, -5.5474558 ], [ 105.229171, -5.5474225 ] ] ] } },
{ "type": "Feature", "properties": { "point_id": 126, "footprint_id": 556, "id_bangunan": "SDI-B48-048", "fungsi_bangunan": "Rumah Tinggal", "jumlah_lantai": 1, "tinggi_lantai": 4.0, "tinggi_total": 4.0, "luas_m2": 186.49, "jarak_match_m": 0.0, "metode_match": "within", "status_match": "OK", "blok": "B", "klas_fungsi": "Hunian", "material": "Pasang Bata", "struktur": "Rangka Beton Bertulang", "tipe_atap": "Limasan", "penutup_atap": "Genteng", "dinding": "Bata Plaster", "kondisi": "Baik", "keyakinan": "Tinggi", "taksonomi": "MCF/LFINF/RSH3/RMT1/EWMA/CV1/HEX:1", "kode_singkat": "MCF \\LFINF\\HEX:1", "koefisien": 1.0, "nilai_exposure": 1236770452.8922801, "kelas_exposure": "> Rp1.136.724.268,30 - Rp1.856.590.180,23", "exposure_rank": 3, "kelas_gempa": "Tinggi", "kelas_tsunami": "Tinggi" }, "geometry": { "type": "Polygon", "coordinates": [ [ [ 105.2291974, -5.5475183 ], [ 105.2292795, -5.5475134 ], [ 105.2292836, -5.5475236 ], [ 105.2293002, -5.5476393 ], [ 105.2292565, -5.547645 ], [ 105.2292555, -5.5476379 ], [ 105.2291722, -5.5476517 ], [ 105.229166, -5.5476203 ], [ 105.2291618, -5.5476207 ], [ 105.2291565, -5.5475793 ], [ 105.2291656, -5.5475793 ], [ 105.2291608, -5.5475546 ], [ 105.2292013, -5.547547 ], [ 105.2291974, -5.5475183 ] ] ] } },
{ "type": "Feature", "properties": { "point_id": 127, "footprint_id": 504, "id_bangunan": "SDI-B49-049", "fungsi_bangunan": "Rumah Tinggal", "jumlah_lantai": 1, "tinggi_lantai": 4.0, "tinggi_total": 4.0, "luas_m2": 246.37, "jarak_match_m": 0.0, "metode_match": "within", "status_match": "OK", "blok": "B", "klas_fungsi": "Hunian", "material": "Pasang Bata", "struktur": "Dinding Pemikul", "tipe_atap": "Pelana", "penutup_atap": "Genteng", "dinding": "Bata Plaster", "kondisi": "Baik", "keyakinan": "Tinggi", "taksonomi": "MUR/LWAL/RSH2/RMT1/EWMA/CV1/HEX:1", "kode_singkat": "MUR \\LWAL\\HEX:1", "koefisien": 1.0, "nilai_exposure": 936181696.95257998, "kelas_exposure": "> Rp638.909.581,39 - Rp1.136.724.268,30", "exposure_rank": 2, "kelas_gempa": "Tinggi", "kelas_tsunami": "Tinggi" }, "geometry": { "type": "Polygon", "coordinates": [ [ [ 105.2290037, -5.5476854 ], [ 105.2290011, -5.5476749 ], [ 105.2289292, -5.5476887 ], [ 105.2289183, -5.5476514 ], [ 105.2288828, -5.5476547 ], [ 105.2288804, -5.5476252 ], [ 105.2289085, -5.54762 ], [ 105.2289059, -5.5476124 ], [ 105.2288838, -5.5476166 ], [ 105.2288821, -5.5476116 ], [ 105.228864, -5.5476143 ], [ 105.2288578, -5.5475857 ], [ 105.2288554, -5.5475348 ], [ 105.2289925, -5.5475288 ], [ 105.2289997, -5.5475927 ], [ 105.2290076, -5.547592 ], [ 105.2290146, -5.5476459 ], [ 105.2290353, -5.5476419 ], [ 105.2290432, -5.5476778 ], [ 105.2290037, -5.5476854 ] ] ] } },
{ "type": "Feature", "properties": { "point_id": 128, "footprint_id": 557, "id_bangunan": "SDI-B50-050", "fungsi_bangunan": "Rumah Tinggal", "jumlah_lantai": 1, "tinggi_lantai": 4.0, "tinggi_total": 4.0, "luas_m2": 69.84, "jarak_match_m": 0.97, "metode_match": "optimal_nearest", "status_match": "OK", "blok": "B", "klas_fungsi": "Hunian", "material": "Pasang Bata", "struktur": "Dinding Pemikul", "tipe_atap": "Limasan", "penutup_atap": "Genteng", "dinding": "Bata Ekspos", "kondisi": "Baik", "keyakinan": "Tinggi", "taksonomi": "MUR/LWAL/RSH3/RMT1/EWMA/CV1/HEX:1", "kode_singkat": "MUR \\LWAL\\HEX:1", "koefisien": 1.0, "nilai_exposure": 965912124.56636, "kelas_exposure": "> Rp638.909.581,39 - Rp1.136.724.268,30", "exposure_rank": 2, "kelas_gempa": "Tinggi", "kelas_tsunami": "Tinggi" }, "geometry": { "type": "Polygon", "coordinates": [ [ [ 105.2292836, -5.5475236 ], [ 105.2293364, -5.5475151 ], [ 105.229355, -5.5476174 ], [ 105.2292981, -5.5476246 ], [ 105.2292836, -5.5475236 ] ] ] } },
{ "type": "Feature", "properties": { "point_id": 129, "footprint_id": 506, "id_bangunan": "SDI-B51-051", "fungsi_bangunan": "Rumah Tinggal", "jumlah_lantai": 1, "tinggi_lantai": 4.0, "tinggi_total": 4.0, "luas_m2": 233.0, "jarak_match_m": 2.37, "metode_match": "optimal_nearest", "status_match": "OK", "blok": "B", "klas_fungsi": "Hunian", "material": "Pasang Bata", "struktur": "Rangka Beton Bertulang", "tipe_atap": "Limasan", "penutup_atap": "Genteng", "dinding": "Bata Plaster", "kondisi": "Baik", "keyakinan": "Tinggi", "taksonomi": "MCF/LFINF/RSH3/RMT1/EWMA/CV1/HEX:1", "kode_singkat": "MCF \\LFINF\\HEX:1", "koefisien": 1.0, "nilai_exposure": 965912124.56636, "kelas_exposure": "> Rp638.909.581,39 - Rp1.136.724.268,30", "exposure_rank": 2, "kelas_gempa": "Tinggi", "kelas_tsunami": "Tinggi" }, "geometry": { "type": "Polygon", "coordinates": [ [ [ 105.2290043, -5.5477038 ], [ 105.2290286, -5.5476981 ], [ 105.2290571, -5.5477876 ], [ 105.2289643, -5.5478204 ], [ 105.2288729, -5.547849 ], [ 105.2288444, -5.5477533 ], [ 105.2290043, -5.5477038 ] ] ] } },
{ "type": "Feature", "properties": { "point_id": 130, "footprint_id": 508, "id_bangunan": "SDI-B52-052", "fungsi_bangunan": "Rumah Tinggal", "jumlah_lantai": 1, "tinggi_lantai": 4.0, "tinggi_total": 4.0, "luas_m2": 192.41, "jarak_match_m": 0.0, "metode_match": "within", "status_match": "OK", "blok": "B", "klas_fungsi": "Hunian", "material": "Pasang Bata", "struktur": "Dinding Pemikul", "tipe_atap": "Limasan", "penutup_atap": "Genteng", "dinding": "Bata Ekspos", "kondisi": "Baik", "keyakinan": "Tinggi", "taksonomi": "MUR/LWAL/RSH3/RMT1/EWMA/CV1/HEX:1", "kode_singkat": "MUR \\LWAL\\HEX:1", "koefisien": 1.0, "nilai_exposure": 649437162.85018003, "kelas_exposure": "> Rp638.909.581,39 - Rp1.136.724.268,30", "exposure_rank": 2, "kelas_gempa": "Sedang", "kelas_tsunami": "Sedang" }, "geometry": { "type": "Polygon", "coordinates": [ [ [ 105.228902, -5.5479199 ], [ 105.2289448, -5.5479037 ], [ 105.2289315, -5.5478696 ], [ 105.2289424, -5.5478647 ], [ 105.2290385, -5.5478266 ], [ 105.2290652, -5.5478966 ], [ 105.2290385, -5.547909 ], [ 105.2290485, -5.5479375 ], [ 105.2289891, -5.5479613 ], [ 105.2289929, -5.5479703 ], [ 105.2289329, -5.5479932 ], [ 105.2289286, -5.5479818 ], [ 105.2289186, -5.547986 ], [ 105.2288953, -5.5479251 ], [ 105.228902, -5.5479199 ] ] ] } },
{ "type": "Feature", "properties": { "point_id": 131, "footprint_id": 509, "id_bangunan": "SDI-B53-053", "fungsi_bangunan": "Rumah Tinggal", "jumlah_lantai": 1, "tinggi_lantai": 4.0, "tinggi_total": 4.0, "luas_m2": 129.37, "jarak_match_m": 0.0, "metode_match": "within", "status_match": "OK", "blok": "B", "klas_fungsi": "Hunian", "material": "Kayu", "struktur": "Rangka Kayu", "tipe_atap": "Pelana", "penutup_atap": "Genteng", "dinding": "Kayu", "kondisi": "Baik", "keyakinan": "Tinggi", "taksonomi": "W/LPB/RSH2/RMT1/EWW/CV1/HEX:1", "kode_singkat": "W \\LPB\\HEX:1", "koefisien": 1.0, "nilai_exposure": 1092274514.8692999, "kelas_exposure": "> Rp638.909.581,39 - Rp1.136.724.268,30", "exposure_rank": 2, "kelas_gempa": "Tinggi", "kelas_tsunami": "Tinggi" }, "geometry": { "type": "Polygon", "coordinates": [ [ [ 105.2289118, -5.5482002 ], [ 105.2289058, -5.5481866 ], [ 105.2288961, -5.5481888 ], [ 105.2288894, -5.5481719 ], [ 105.2288744, -5.5481783 ], [ 105.2288349, -5.5480922 ], [ 105.228913, -5.5480584 ], [ 105.2289401, -5.54812 ], [ 105.2289456, -5.5481186 ], [ 105.2289703, -5.5481759 ], [ 105.2289118, -5.5482002 ] ] ] } },
{ "type": "Feature", "properties": { "point_id": 132, "footprint_id": 510, "id_bangunan": "SDI-B54-054", "fungsi_bangunan": "Rumah Tinggal", "jumlah_lantai": 1, "tinggi_lantai": 4.0, "tinggi_total": 4.0, "luas_m2": 217.58, "jarak_match_m": 0.0, "metode_match": "within", "status_match": "OK", "blok": "B", "klas_fungsi": "Hunian", "material": "Pasang Bata", "struktur": "Rangka Beton Bertulang", "tipe_atap": "Limasan", "penutup_atap": "Genteng", "dinding": "Bata Plaster", "kondisi": "Baik", "keyakinan": "Tinggi", "taksonomi": "MCF/LFINF/RSH3/RMT1/EWMA/CV1/HEX:1", "kode_singkat": "MCF \\LFINF\\HEX:1", "koefisien": 1.0, "nilai_exposure": 588133995.55892003, "kelas_exposure": "Rp14.611.983,05 - Rp638.909.581,39", "exposure_rank": 1, "kelas_gempa": "Sedang", "kelas_tsunami": "Sedang" }, "geometry": { "type": "Polygon", "coordinates": [ [ [ 105.2290178, -5.5480447 ], [ 105.2290667, -5.548024 ], [ 105.2290717, -5.548034 ], [ 105.2291092, -5.5480179 ], [ 105.2291195, -5.5480422 ], [ 105.2291498, -5.5480329 ], [ 105.2291656, -5.5480693 ], [ 105.2291491, -5.5480775 ], [ 105.229162, -5.5481043 ], [ 105.2290196, -5.5481678 ], [ 105.229016, -5.5481607 ], [ 105.2290021, -5.5481657 ], [ 105.2289885, -5.5481329 ], [ 105.2289917, -5.5481307 ], [ 105.2289775, -5.5480965 ], [ 105.2289835, -5.5480925 ], [ 105.2289764, -5.5480754 ], [ 105.2290156, -5.5480565 ], [ 105.229016, -5.5480568 ], [ 105.2290178, -5.5480447 ] ] ] } },
{ "type": "Feature", "properties": { "point_id": 133, "footprint_id": 522, "id_bangunan": "SDI-B55-055", "fungsi_bangunan": "Rumah Tinggal", "jumlah_lantai": 1, "tinggi_lantai": 4.0, "tinggi_total": 4.0, "luas_m2": 117.16, "jarak_match_m": 0.89, "metode_match": "optimal_nearest", "status_match": "OK", "blok": "B", "klas_fungsi": "Hunian", "material": "Pasang Bata", "struktur": "Dinding Pemikul", "tipe_atap": "Pelana", "penutup_atap": "Seng", "dinding": "Bata Ekspos", "kondisi": "Baik", "keyakinan": "Tinggi", "taksonomi": "MUR/LWAL/RSH2/RMT2/EWMA/CV1/HEX:1", "kode_singkat": "MUR \\LWAL\\HEX:1", "koefisien": 1.0, "nilai_exposure": 502720496.14256001, "kelas_exposure": "Rp14.611.983,05 - Rp638.909.581,39", "exposure_rank": 1, "kelas_gempa": "Rendah", "kelas_tsunami": "Rendah" }, "geometry": { "type": "Polygon", "coordinates": [ [ [ 105.2293396, -5.5479981 ], [ 105.2294521, -5.5479548 ], [ 105.2294586, -5.5479708 ], [ 105.2294524, -5.5479736 ], [ 105.2294581, -5.5479879 ], [ 105.2294793, -5.5479798 ], [ 105.2294957, -5.5480205 ], [ 105.2294469, -5.5480429 ], [ 105.2294431, -5.5480334 ], [ 105.229365, -5.5480664 ], [ 105.2293396, -5.5479981 ] ] ] } },
{ "type": "Feature", "properties": { "point_id": 134, "footprint_id": 512, "id_bangunan": "SDI-B56-056", "fungsi_bangunan": "Rumah Tinggal", "jumlah_lantai": 1, "tinggi_lantai": 4.0, "tinggi_total": 4.0, "luas_m2": 100.14, "jarak_match_m": 0.0, "metode_match": "within", "status_match": "OK", "blok": "B", "klas_fungsi": "Hunian", "material": "Pasang Bata", "struktur": "Dinding Pemikul", "tipe_atap": "Limasan", "penutup_atap": "Genteng", "dinding": "Bata Ekspos", "kondisi": "Baik", "keyakinan": "Tinggi", "taksonomi": "MUR/LWAL/RSH3/RMT1/EWMA/CV1/HEX:1", "kode_singkat": "MUR \\LWAL\\HEX:1", "koefisien": 1.0, "nilai_exposure": 470437518.29443401, "kelas_exposure": "Rp14.611.983,05 - Rp638.909.581,39", "exposure_rank": 1, "kelas_gempa": "Rendah", "kelas_tsunami": "Rendah" }, "geometry": { "type": "Polygon", "coordinates": [ [ [ 105.2292102, -5.5481703 ], [ 105.2291613, -5.548196 ], [ 105.2291045, -5.5482242 ], [ 105.229082, -5.5481843 ], [ 105.2290603, -5.548195 ], [ 105.2290513, -5.5481757 ], [ 105.2291345, -5.5481379 ], [ 105.2291836, -5.5481161 ], [ 105.2292102, -5.5481703 ] ] ] } },
{ "type": "Feature", "properties": { "point_id": 135, "footprint_id": 524, "id_bangunan": "SDI-B57-057", "fungsi_bangunan": "Rumah Tinggal", "jumlah_lantai": 1, "tinggi_lantai": 4.0, "tinggi_total": 4.0, "luas_m2": 93.71, "jarak_match_m": 3.55, "metode_match": "optimal_nearest", "status_match": "OK", "blok": "B", "klas_fungsi": "Hunian", "material": "Pasang Bata", "struktur": "Rangka Beton Bertulang", "tipe_atap": "Pelana", "penutup_atap": "Genteng", "dinding": "Bata Plaster", "kondisi": "Sedang", "keyakinan": "Tinggi", "taksonomi": "MCF/LFINF/RSH2/RMT1/EWMA/CV2/HEX:1", "kode_singkat": "MCF \\LFINF\\HEX:1", "koefisien": 1.0, "nilai_exposure": 1031447821.52562, "kelas_exposure": "> Rp638.909.581,39 - Rp1.136.724.268,30", "exposure_rank": 2, "kelas_gempa": "Tinggi", "kelas_tsunami": "Tinggi" }, "geometry": { "type": "Polygon", "coordinates": [ [ [ 105.2293793, -5.5481312 ], [ 105.2294295, -5.5481157 ], [ 105.2294324, -5.5481254 ], [ 105.2294869, -5.5481066 ], [ 105.2295088, -5.5481683 ], [ 105.2293981, -5.5482006 ], [ 105.2293793, -5.5481312 ] ] ] } },
{ "type": "Feature", "properties": { "point_id": 136, "footprint_id": 514, "id_bangunan": "SDI-B58-058", "fungsi_bangunan": "Rumah Tinggal", "jumlah_lantai": 1, "tinggi_lantai": 4.0, "tinggi_total": 4.0, "luas_m2": 205.47, "jarak_match_m": 0.0, "metode_match": "within", "status_match": "OK", "blok": "B", "klas_fungsi": "Hunian", "material": "Pasang Bata", "struktur": "Dinding Pemikul", "tipe_atap": "Limasan", "penutup_atap": "Genteng", "dinding": "Bata Plaster", "kondisi": "Sedang", "keyakinan": "Tinggi", "taksonomi": "MUR/LWAL/RSH3/RMT1/EWMA/CV2/HEX:1", "kode_singkat": "MUR \\LWAL\\HEX:1", "koefisien": 1.0, "nilai_exposure": 1031447821.52562, "kelas_exposure": "> Rp638.909.581,39 - Rp1.136.724.268,30", "exposure_rank": 2, "kelas_gempa": "Tinggi", "kelas_tsunami": "Tinggi" }, "geometry": { "type": "Polygon", "coordinates": [ [ [ 105.2291109, -5.5482399 ], [ 105.2292023, -5.5481985 ], [ 105.2292437, -5.5482821 ], [ 105.2292626, -5.5482721 ], [ 105.2292769, -5.5483099 ], [ 105.2292566, -5.5483188 ], [ 105.2292576, -5.548322 ], [ 105.2291766, -5.5483595 ], [ 105.2291709, -5.5483631 ], [ 105.2291531, -5.5483713 ], [ 105.2291424, -5.5483752 ], [ 105.2291341, -5.5483795 ], [ 105.2291042, -5.5483095 ], [ 105.2291663, -5.5482856 ], [ 105.2291588, -5.5482674 ], [ 105.2291259, -5.5482792 ], [ 105.2291109, -5.5482399 ] ] ] } },
{ "type": "Feature", "properties": { "point_id": 137, "footprint_id": 519, "id_bangunan": "SDI-B59-059", "fungsi_bangunan": "Rumah Tinggal", "jumlah_lantai": 1, "tinggi_lantai": 4.0, "tinggi_total": 4.0, "luas_m2": 164.79, "jarak_match_m": 2.79, "metode_match": "optimal_nearest", "status_match": "OK", "blok": "B", "klas_fungsi": "Hunian", "material": "Pasang Bata", "struktur": "Dinding Pemikul", "tipe_atap": "Limasan", "penutup_atap": "Genteng", "dinding": "Bata Ekspos", "kondisi": "Baik", "keyakinan": "Tinggi", "taksonomi": "MUR/LWAL/RSH3/RMT1/EWMA/CV1/HEX:1", "kode_singkat": "MUR \\LWAL\\HEX:1", "koefisien": 1.0, "nilai_exposure": 470437518.29443401, "kelas_exposure": "Rp14.611.983,05 - Rp638.909.581,39", "exposure_rank": 1, "kelas_gempa": "Rendah", "kelas_tsunami": "Rendah" }, "geometry": { "type": "Polygon", "coordinates": [ [ [ 105.2291456, -5.548374 ], [ 105.2292576, -5.548322 ], [ 105.2292566, -5.5483188 ], [ 105.2292644, -5.5483154 ], [ 105.2293053, -5.5484142 ], [ 105.2291839, -5.548466 ], [ 105.2291456, -5.548374 ] ] ] } },
{ "type": "Feature", "properties": { "point_id": 138, "footprint_id": 530, "id_bangunan": "SDI-B60-060", "fungsi_bangunan": "Rumah Tinggal", "jumlah_lantai": 1, "tinggi_lantai": 4.0, "tinggi_total": 4.0, "luas_m2": 79.98, "jarak_match_m": 3.37, "metode_match": "optimal_nearest", "status_match": "OK", "blok": "B", "klas_fungsi": "Hunian", "material": "Pasang Bata", "struktur": "Rangka Beton Bertulang", "tipe_atap": "Limasan", "penutup_atap": "Genteng", "dinding": "Bata Plaster", "kondisi": "Baik", "keyakinan": "Tinggi", "taksonomi": "MCF/LFINF/RSH3/RMT1/EWMA/CV1/HEX:1", "kode_singkat": "MCF \\LFINF\\HEX:1", "koefisien": 1.0, "nilai_exposure": 827235596.19237995, "kelas_exposure": "> Rp638.909.581,39 - Rp1.136.724.268,30", "exposure_rank": 2, "kelas_gempa": "Sedang", "kelas_tsunami": "Sedang" }, "geometry": { "type": "Polygon", "coordinates": [ [ [ 105.2295665, -5.5483116 ], [ 105.2295747, -5.5483094 ], [ 105.2295644, -5.548269 ], [ 105.2295469, -5.5482437 ], [ 105.229487, -5.5482599 ], [ 105.2294823, -5.5482372 ], [ 105.2295375, -5.5482197 ], [ 105.2295366, -5.5482149 ], [ 105.2295821, -5.5482006 ], [ 105.2295838, -5.5482058 ], [ 105.2295895, -5.5482039 ], [ 105.2296177, -5.5482943 ], [ 105.2296114, -5.5482966 ], [ 105.2296127, -5.5483017 ], [ 105.2295684, -5.5483167 ], [ 105.2295665, -5.5483116 ] ] ] } },
{ "type": "Feature", "properties": { "point_id": 139, "footprint_id": 515, "id_bangunan": "SDI-B61-061", "fungsi_bangunan": "Rumah Tinggal", "jumlah_lantai": 1, "tinggi_lantai": 4.0, "tinggi_total": 4.0, "luas_m2": 90.04, "jarak_match_m": 3.18, "metode_match": "optimal_nearest", "status_match": "OK", "blok": null, "klas_fungsi": null, "material": null, "struktur": null, "tipe_atap": null, "penutup_atap": null, "dinding": null, "kondisi": null, "keyakinan": null, "taksonomi": null, "kode_singkat": null, "koefisien": null, "nilai_exposure": null, "kelas_exposure": null, "exposure_rank": 0, "kelas_gempa": "Tidak Terdampak", "kelas_tsunami": "Tidak Terdampak" }, "geometry": { "type": "Polygon", "coordinates": [ [ [ 105.2292087, -5.5484765 ], [ 105.229263, -5.5484608 ], [ 105.2293006, -5.5484437 ], [ 105.2293282, -5.5485108 ], [ 105.2292397, -5.5485522 ], [ 105.2292087, -5.5484765 ] ] ] } },
{ "type": "Feature", "properties": { "point_id": 140, "footprint_id": 529, "id_bangunan": "SDI-B62-062", "fungsi_bangunan": "Rumah Tinggal", "jumlah_lantai": 1, "tinggi_lantai": 4.0, "tinggi_total": 4.0, "luas_m2": 99.68, "jarak_match_m": 0.0, "metode_match": "within", "status_match": "OK", "blok": "B", "klas_fungsi": "Hunian", "material": "Pasang Bata", "struktur": "Rangka Beton Bertulang", "tipe_atap": "Limasan", "penutup_atap": "Genteng", "dinding": "Bata Plaster", "kondisi": "Baik", "keyakinan": "Tinggi", "taksonomi": "MCF/LFINF/RSH3/RMT1/EWMA/CV1/HEX:1", "kode_singkat": "MCF \\LFINF\\HEX:1", "koefisien": 1.0, "nilai_exposure": 574114726.66297996, "kelas_exposure": "Rp14.611.983,05 - Rp638.909.581,39", "exposure_rank": 1, "kelas_gempa": "Sedang", "kelas_tsunami": "Sedang" }, "geometry": { "type": "Polygon", "coordinates": [ [ [ 105.2294452, -5.5482712 ], [ 105.2295469, -5.5482437 ], [ 105.2295644, -5.548269 ], [ 105.2295747, -5.5483094 ], [ 105.2294676, -5.548339 ], [ 105.2294621, -5.5483404 ], [ 105.2294602, -5.5483362 ], [ 105.2294452, -5.5482712 ] ] ] } },
{ "type": "Feature", "properties": { "point_id": 141, "footprint_id": 516, "id_bangunan": "SDI-B63-063", "fungsi_bangunan": "Rumah Tinggal", "jumlah_lantai": 1, "tinggi_lantai": 4.0, "tinggi_total": 4.0, "luas_m2": 114.37, "jarak_match_m": 0.0, "metode_match": "within", "status_match": "OK", "blok": "B", "klas_fungsi": "Hunian", "material": "Pasang Bata", "struktur": "Dinding Pemikul", "tipe_atap": "Pelana", "penutup_atap": "Genteng", "dinding": "Bata Ekspos", "kondisi": "Baik", "keyakinan": "Tinggi", "taksonomi": "MUR/LWAL/RSH2/RMT1/EWMA/CV1/HEX:1", "kode_singkat": "MUR \\LWAL\\HEX:1", "koefisien": 1.0, "nilai_exposure": 1188654896.9302001, "kelas_exposure": "> Rp1.136.724.268,30 - Rp1.856.590.180,23", "exposure_rank": 3, "kelas_gempa": "Tinggi", "kelas_tsunami": "Tinggi" }, "geometry": { "type": "Polygon", "coordinates": [ [ [ 105.2292401, -5.5486098 ], [ 105.2293634, -5.5485508 ], [ 105.2293867, -5.5486188 ], [ 105.2292644, -5.5486721 ], [ 105.2292401, -5.5486098 ] ] ] } },
{ "type": "Feature", "properties": { "point_id": 142, "footprint_id": 566, "id_bangunan": "SDI-B64-064", "fungsi_bangunan": "Rumah Tinggal", "jumlah_lantai": 1, "tinggi_lantai": 4.0, "tinggi_total": 4.0, "luas_m2": 236.78, "jarak_match_m": 0.0, "metode_match": "within", "status_match": "OK", "blok": "B", "klas_fungsi": "Hunian", "material": "Pasang Bata", "struktur": "Rangka Beton Bertulang", "tipe_atap": "Limasan", "penutup_atap": "Genteng", "dinding": "Bata Ekspos", "kondisi": "Baik", "keyakinan": "Tinggi", "taksonomi": "MCF/LFINF/RSH3/RMT1/EWMA/CV1/HEX:1", "kode_singkat": "MCF \\LFINF\\HEX:1", "koefisien": 1.0, "nilai_exposure": 288785197.55417401, "kelas_exposure": "Rp14.611.983,05 - Rp638.909.581,39", "exposure_rank": 1, "kelas_gempa": "Rendah", "kelas_tsunami": "Rendah" }, "geometry": { "type": "Polygon", "coordinates": [ [ [ 105.2296842, -5.5486319 ], [ 105.2298073, -5.5485747 ], [ 105.2298299, -5.5486235 ], [ 105.229865, -5.5486104 ], [ 105.2298852, -5.5486568 ], [ 105.2298513, -5.5486693 ], [ 105.2298531, -5.5486747 ], [ 105.2297169, -5.5487366 ], [ 105.2297103, -5.5487223 ], [ 105.2296854, -5.548736 ], [ 105.2296634, -5.548683 ], [ 105.2296973, -5.5486652 ], [ 105.2296842, -5.5486319 ] ] ] } },
{ "type": "Feature", "properties": { "point_id": 143, "footprint_id": 569, "id_bangunan": "SDI-B65-065", "fungsi_bangunan": "Rumah Tinggal", "jumlah_lantai": 1, "tinggi_lantai": 4.0, "tinggi_total": 4.0, "luas_m2": 57.53, "jarak_match_m": 0.0, "metode_match": "within", "status_match": "OK", "blok": "B", "klas_fungsi": "Hunian", "material": "Pasang Bata", "struktur": "Dinding Pemikul", "tipe_atap": "Pelana", "penutup_atap": "Genteng", "dinding": "Bata Ekspos", "kondisi": "Baik", "keyakinan": "Tinggi", "taksonomi": "MUR/LWAL/RSH2/RMT1/EWMA/CV1/HEX:1", "kode_singkat": "MUR \\LWAL\\HEX:1", "koefisien": 1.0, "nilai_exposure": 923189930.51191998, "kelas_exposure": "> Rp638.909.581,39 - Rp1.136.724.268,30", "exposure_rank": 2, "kelas_gempa": "Tinggi", "kelas_tsunami": "Tinggi" }, "geometry": { "type": "Polygon", "coordinates": [ [ [ 105.2294047, -5.548842 ], [ 105.2294701, -5.5488028 ], [ 105.229501, -5.5488516 ], [ 105.2294344, -5.5488968 ], [ 105.2294047, -5.548842 ] ] ] } },
{ "type": "Feature", "properties": { "point_id": 144, "footprint_id": 567, "id_bangunan": "SDI-B66-066", "fungsi_bangunan": "Rumah Tinggal", "jumlah_lantai": 1, "tinggi_lantai": 4.0, "tinggi_total": 4.0, "luas_m2": 183.9, "jarak_match_m": 0.0, "metode_match": "within", "status_match": "OK", "blok": "B", "klas_fungsi": "Hunian", "material": "Pasang Bata", "struktur": "Rangka Beton Bertulang", "tipe_atap": "Limasan", "penutup_atap": "Genteng", "dinding": "Bata Plaster", "kondisi": "Baik", "keyakinan": "Tinggi", "taksonomi": "MCF/LFINF/RSH3/RMT1/EWMA/CV1/HEX:1", "kode_singkat": "MCF \\LFINF\\HEX:1", "koefisien": 1.0, "nilai_exposure": 2109716130.3471999, "kelas_exposure": "> Rp1.856.590.180,23 - < Rp11.941.713.042,64", "exposure_rank": 4, "kelas_gempa": "Tinggi", "kelas_tsunami": "Tinggi" }, "geometry": { "type": "Polygon", "coordinates": [ [ [ 105.2297222, -5.5487865 ], [ 105.2297383, -5.5487752 ], [ 105.2297306, -5.5487562 ], [ 105.2298317, -5.5487074 ], [ 105.2298323, -5.5487104 ], [ 105.2298591, -5.5487009 ], [ 105.2298882, -5.5487669 ], [ 105.2298644, -5.548777 ], [ 105.2298745, -5.5488079 ], [ 105.229843, -5.5488216 ], [ 105.2298085, -5.5488377 ], [ 105.2297746, -5.5488484 ], [ 105.2297645, -5.5488317 ], [ 105.2297484, -5.5488347 ], [ 105.2297222, -5.5487865 ] ] ] } },
{ "type": "Feature", "properties": { "point_id": 145, "footprint_id": 521, "id_bangunan": "SDI-B67-067", "fungsi_bangunan": "Rumah Tinggal", "jumlah_lantai": 1, "tinggi_lantai": 4.0, "tinggi_total": 4.0, "luas_m2": 63.14, "jarak_match_m": 33.54, "metode_match": "optimal_nearest", "status_match": "PERLU_CEK", "blok": "B", "klas_fungsi": "Hunian", "material": "Pasang Bata", "struktur": "Rangka Beton Bertulang", "tipe_atap": "Pelana", "penutup_atap": "Seng", "dinding": "Bata Plaster", "kondisi": "Baik", "keyakinan": "Tinggi", "taksonomi": "MCF/LFINF/RSH2/RMT2/EWMA/CV1/HEX:1", "kode_singkat": "MCF \\LFINF\\HEX:1", "koefisien": 1.0, "nilai_exposure": 834953105.95824003, "kelas_exposure": "> Rp638.909.581,39 - Rp1.136.724.268,30", "exposure_rank": 2, "kelas_gempa": "Sedang", "kelas_tsunami": "Sedang" }, "geometry": { "type": "Polygon", "coordinates": [ [ [ 105.2291087, -5.5490552 ], [ 105.2291767, -5.5490248 ], [ 105.2292043, -5.5490885 ], [ 105.229137, -5.5491187 ], [ 105.2291087, -5.5490552 ] ] ] } },
{ "type": "Feature", "properties": { "point_id": 146, "footprint_id": 568, "id_bangunan": "SDI-B68-068", "fungsi_bangunan": "Rumah Tinggal", "jumlah_lantai": 1, "tinggi_lantai": 4.0, "tinggi_total": 4.0, "luas_m2": 166.33, "jarak_match_m": 0.0, "metode_match": "within", "status_match": "OK", "blok": "B", "klas_fungsi": "Hunian", "material": "Pasang Bata", "struktur": "Rangka Beton Bertulang", "tipe_atap": "Limasan", "penutup_atap": "Genteng", "dinding": "Bata Ekspos", "kondisi": "Baik", "keyakinan": "Tinggi", "taksonomi": "MCF/LFINF/RSH3/RMT1/EWMA/CV1/HEX:1", "kode_singkat": "MCF \\LFINF\\HEX:1", "koefisien": 1.0, "nilai_exposure": 2109716130.3471999, "kelas_exposure": "> Rp1.856.590.180,23 - < Rp11.941.713.042,64", "exposure_rank": 4, "kelas_gempa": "Tinggi", "kelas_tsunami": "Tinggi" }, "geometry": { "type": "Polygon", "coordinates": [ [ [ 105.2297645, -5.5488758 ], [ 105.229909, -5.548818 ], [ 105.2299542, -5.5489221 ], [ 105.229912, -5.5489412 ], [ 105.2298959, -5.5489061 ], [ 105.2298091, -5.5489442 ], [ 105.229799, -5.5489186 ], [ 105.2297823, -5.5489233 ], [ 105.2297645, -5.5488758 ] ] ] } },
{ "type": "Feature", "properties": { "point_id": 147, "footprint_id": 571, "id_bangunan": "SDI-B69-069", "fungsi_bangunan": "Rumah Tinggal", "jumlah_lantai": 1, "tinggi_lantai": 4.0, "tinggi_total": 4.0, "luas_m2": 91.93, "jarak_match_m": 9.97, "metode_match": "optimal_nearest", "status_match": "OK", "blok": "B", "klas_fungsi": "Hunian", "material": "Pasang Bata", "struktur": "Rangka Beton Bertulang", "tipe_atap": "Pelana", "penutup_atap": "Asbes", "dinding": "Bata Plaster", "kondisi": "Baik", "keyakinan": "Tinggi", "taksonomi": "MCF/LFINF/RSH2/RMT6/EWMA/CV1/HEX:1", "kode_singkat": "MCF \\LFINF\\HEX:1", "koefisien": 1.0, "nilai_exposure": 1025703744.14518, "kelas_exposure": "> Rp638.909.581,39 - Rp1.136.724.268,30", "exposure_rank": 2, "kelas_gempa": "Tinggi", "kelas_tsunami": "Tinggi" }, "geometry": { "type": "Polygon", "coordinates": [ [ [ 105.2294492, -5.5489163 ], [ 105.2294823, -5.5488911 ], [ 105.2294915, -5.5489071 ], [ 105.2294959, -5.548905 ], [ 105.2294977, -5.548908 ], [ 105.2295391, -5.5488863 ], [ 105.229559, -5.5488756 ], [ 105.2295754, -5.5489024 ], [ 105.2295596, -5.5489125 ], [ 105.229576, -5.5489392 ], [ 105.2294934, -5.5489838 ], [ 105.2294492, -5.5489163 ] ] ] } },
{ "type": "Feature", "properties": { "point_id": 148, "footprint_id": 637, "id_bangunan": "SDI-B70-070", "fungsi_bangunan": "Rumah Tinggal", "jumlah_lantai": 1, "tinggi_lantai": 4.0, "tinggi_total": 4.0, "luas_m2": 127.89, "jarak_match_m": 4.15, "metode_match": "optimal_nearest", "status_match": "OK", "blok": "B", "klas_fungsi": "Hunian", "material": "Pasang Bata", "struktur": "Rangka Beton Bertulang", "tipe_atap": "Limasan", "penutup_atap": "Genteng", "dinding": "Bata Ekspos", "kondisi": "Baik", "keyakinan": "Tinggi", "taksonomi": "MCF/LFINF/RSH3/RMT1/EWMA/CV1/HEX:1", "kode_singkat": "MCF \\LFINF\\HEX:1", "koefisien": 1.0, "nilai_exposure": 785907448.65312004, "kelas_exposure": "> Rp638.909.581,39 - Rp1.136.724.268,30", "exposure_rank": 2, "kelas_gempa": "Sedang", "kelas_tsunami": "Sedang" }, "geometry": { "type": "Polygon", "coordinates": [ [ [ 105.2300932, -5.5491311 ], [ 105.2301289, -5.5491975 ], [ 105.2300118, -5.549261 ], [ 105.2299989, -5.5492353 ], [ 105.229984, -5.5492417 ], [ 105.229964, -5.5492046 ], [ 105.2300553, -5.549156 ], [ 105.2300525, -5.5491496 ], [ 105.2300932, -5.5491311 ] ] ] } },
{ "type": "Feature", "properties": { "point_id": 149, "footprint_id": 638, "id_bangunan": "SDI-B71-071", "fungsi_bangunan": "Rumah Tinggal", "jumlah_lantai": 1, "tinggi_lantai": 4.0, "tinggi_total": 4.0, "luas_m2": 156.56, "jarak_match_m": 0.0, "metode_match": "within", "status_match": "OK", "blok": "B", "klas_fungsi": "Hunian", "material": "Pasang Bata", "struktur": "Rangka Beton Bertulang", "tipe_atap": "Limasan", "penutup_atap": "Genteng", "dinding": "Bata Plaster", "kondisi": "Baik", "keyakinan": "Tinggi", "taksonomi": "MCF/LFINF/RSH3/RMT1/EWMA/CV1/HEX:1", "kode_singkat": "MCF \\LFINF\\HEX:1", "koefisien": 1.0, "nilai_exposure": 745215015.90209997, "kelas_exposure": "> Rp638.909.581,39 - Rp1.136.724.268,30", "exposure_rank": 2, "kelas_gempa": "Sedang", "kelas_tsunami": "Sedang" }, "geometry": { "type": "Polygon", "coordinates": [ [ [ 105.2300104, -5.5492724 ], [ 105.2301439, -5.5492046 ], [ 105.2301874, -5.5492924 ], [ 105.2301089, -5.5493288 ], [ 105.2300982, -5.5493074 ], [ 105.2300425, -5.5493352 ], [ 105.2300104, -5.5492724 ] ] ] } },
{ "type": "Feature", "properties": { "point_id": 150, "footprint_id": 596, "id_bangunan": "SDI-B72-072", "fungsi_bangunan": "Rumah Tinggal", "jumlah_lantai": 1, "tinggi_lantai": 4.0, "tinggi_total": 4.0, "luas_m2": 148.45, "jarak_match_m": 0.0, "metode_match": "within", "status_match": "OK", "blok": "B", "klas_fungsi": "Hunian", "material": "Pasang Bata", "struktur": "Rangka Beton Bertulang", "tipe_atap": "Limasan", "penutup_atap": "Genteng", "dinding": "Bata Plaster", "kondisi": "Baik", "keyakinan": "Tinggi", "taksonomi": "MCF/LFINF/RSH3/RMT1/EWMA/CV1/HEX:1", "kode_singkat": "MCF \\LFINF\\HEX:1", "koefisien": 1.0, "nilai_exposure": 839533870.91784, "kelas_exposure": "> Rp638.909.581,39 - Rp1.136.724.268,30", "exposure_rank": 2, "kelas_gempa": "Sedang", "kelas_tsunami": "Sedang" }, "geometry": { "type": "Polygon", "coordinates": [ [ [ 105.2301795, -5.5493971 ], [ 105.230269, -5.5493438 ], [ 105.2302994, -5.5493923 ], [ 105.2302852, -5.5494076 ], [ 105.2303156, -5.5494609 ], [ 105.2302328, -5.5495065 ], [ 105.2302262, -5.5494875 ], [ 105.2301795, -5.5493971 ] ] ] } },
{ "type": "Feature", "properties": { "point_id": 151, "footprint_id": 593, "id_bangunan": "SDI-B73-073", "fungsi_bangunan": "Rumah Tinggal", "jumlah_lantai": 1, "tinggi_lantai": 4.0, "tinggi_total": 4.0, "luas_m2": 167.24, "jarak_match_m": 0.86, "metode_match": "optimal_nearest", "status_match": "OK", "blok": "B", "klas_fungsi": "Hunian", "material": "Pasang Bata", "struktur": "Rangka Beton Bertulang", "tipe_atap": "Limasan", "penutup_atap": "Genteng", "dinding": "Bata Plaster", "kondisi": "Baik", "keyakinan": "Tinggi", "taksonomi": "MCF/LFINF/RSH3/RMT1/EWMA/CV1/HEX:1", "kode_singkat": "MCF \\LFINF\\HEX:1", "koefisien": 1.0, "nilai_exposure": 814741756.83998001, "kelas_exposure": "> Rp638.909.581,39 - Rp1.136.724.268,30", "exposure_rank": 2, "kelas_gempa": "Sedang", "kelas_tsunami": "Sedang" }, "geometry": { "type": "Polygon", "coordinates": [ [ [ 105.2301138, -5.5496255 ], [ 105.2302433, -5.5495589 ], [ 105.230288, -5.5496407 ], [ 105.2301995, -5.549695 ], [ 105.2301938, -5.5496826 ], [ 105.2301519, -5.5496979 ], [ 105.2301138, -5.5496255 ] ] ] } },
{ "type": "Feature", "properties": { "point_id": 152, "footprint_id": 644, "id_bangunan": "SDI-B74-074", "fungsi_bangunan": "Rumah Tinggal", "jumlah_lantai": 1, "tinggi_lantai": 4.0, "tinggi_total": 4.0, "luas_m2": 162.3, "jarak_match_m": 0.0, "metode_match": "within", "status_match": "OK", "blok": "B", "klas_fungsi": "Hunian", "material": "Pasang Bata", "struktur": "Rangka Beton Bertulang", "tipe_atap": "Limasan", "penutup_atap": "Genteng", "dinding": "Bata Plaster", "kondisi": "Baik", "keyakinan": "Tinggi", "taksonomi": "MCF/LFINF/RSH3/RMT1/EWMA/CV1/HEX:1", "kode_singkat": "MCF \\LFINF\\HEX:1", "koefisien": 1.0, "nilai_exposure": 165131165.92131999, "kelas_exposure": "Rp14.611.983,05 - Rp638.909.581,39", "exposure_rank": 1, "kelas_gempa": "Rendah", "kelas_tsunami": "Rendah" }, "geometry": { "type": "Polygon", "coordinates": [ [ [ 105.2299906, -5.5500765 ], [ 105.2301377, -5.5499742 ], [ 105.2301524, -5.5499971 ], [ 105.2301662, -5.5499895 ], [ 105.230191, -5.5500266 ], [ 105.2300277, -5.5501327 ], [ 105.2299906, -5.5500765 ] ] ] } },
{ "type": "Feature", "properties": { "point_id": 153, "footprint_id": 604, "id_bangunan": "SDI-B75-075", "fungsi_bangunan": "Rumah Tinggal", "jumlah_lantai": 1, "tinggi_lantai": 4.0, "tinggi_total": 4.0, "luas_m2": 32.89, "jarak_match_m": 0.0, "metode_match": "within", "status_match": "OK", "blok": "B", "klas_fungsi": "Hunian", "material": "Pasang Bata", "struktur": "Dinding Pemikul", "tipe_atap": "Pelana", "penutup_atap": "Seng", "dinding": "Bata Ekspos", "kondisi": "Baik", "keyakinan": "Tinggi", "taksonomi": "MUR/LWAL/RSH2/RMT2/EWMA/CV1/HEX:1", "kode_singkat": "MUR \\LWAL\\HEX:1", "koefisien": 1.0, "nilai_exposure": 920106769.53706002, "kelas_exposure": "> Rp638.909.581,39 - Rp1.136.724.268,30", "exposure_rank": 2, "kelas_gempa": "Tinggi", "kelas_tsunami": "Tinggi" }, "geometry": { "type": "Polygon", "coordinates": [ [ [ 105.230338, -5.5498864 ], [ 105.2303356, -5.5498826 ], [ 105.230389, -5.5498511 ], [ 105.230394, -5.5498593 ], [ 105.2303994, -5.5498561 ], [ 105.2304104, -5.5498743 ], [ 105.2304061, -5.5498775 ], [ 105.2304097, -5.549885 ], [ 105.2303583, -5.5499189 ], [ 105.230338, -5.5498864 ] ] ] } },
{ "type": "Feature", "properties": { "point_id": 154, "footprint_id": 645, "id_bangunan": "SDI-B76-076", "fungsi_bangunan": "Rumah Tinggal", "jumlah_lantai": 1, "tinggi_lantai": 4.0, "tinggi_total": 4.0, "luas_m2": 183.29, "jarak_match_m": 0.0, "metode_match": "within", "status_match": "OK", "blok": "B", "klas_fungsi": "Hunian", "material": "Pasang Bata", "struktur": "Rangka Beton Bertulang", "tipe_atap": "Limasan", "penutup_atap": "Genteng", "dinding": "Bata Plaster", "kondisi": "Baik", "keyakinan": "Tinggi", "taksonomi": "MCF/LFINF/RSH3/RMT1/EWMA/CV1/HEX:1", "kode_singkat": "MCF \\LFINF\\HEX:1", "koefisien": 1.0, "nilai_exposure": 815304692.47644007, "kelas_exposure": "> Rp638.909.581,39 - Rp1.136.724.268,30", "exposure_rank": 2, "kelas_gempa": "Sedang", "kelas_tsunami": "Sedang" }, "geometry": { "type": "Polygon", "coordinates": [ [ [ 105.2301215, -5.5502055 ], [ 105.2301439, -5.5501912 ], [ 105.2301034, -5.5501237 ], [ 105.23016, -5.5500894 ], [ 105.2301724, -5.5501103 ], [ 105.2302057, -5.5500899 ], [ 105.2302171, -5.550108 ], [ 105.2302371, -5.5500965 ], [ 105.2302395, -5.5501003 ], [ 105.230249, -5.5500932 ], [ 105.2302852, -5.5501455 ], [ 105.230269, -5.550156 ], [ 105.2302709, -5.5501584 ], [ 105.2301905, -5.5502088 ], [ 105.2301415, -5.5502379 ], [ 105.2301215, -5.5502055 ] ] ] } },
{ "type": "Feature", "properties": { "point_id": 155, "footprint_id": 666, "id_bangunan": "SDI-B77-077", "fungsi_bangunan": "Rumah Tinggal", "jumlah_lantai": 1, "tinggi_lantai": 4.0, "tinggi_total": 4.0, "luas_m2": 162.41, "jarak_match_m": 0.0, "metode_match": "within", "status_match": "OK", "blok": "B", "klas_fungsi": "Hunian", "material": "Pasang Bata", "struktur": "Rangka Beton Bertulang", "tipe_atap": "Limasan", "penutup_atap": "Genteng", "dinding": "Bata Ekspos", "kondisi": "Baik", "keyakinan": "Tinggi", "taksonomi": "MCF/LFINF/RSH3/RMT1/EWMA/CV1/HEX:1", "kode_singkat": "MCF \\LFINF\\HEX:1", "koefisien": 1.0, "nilai_exposure": 991286012.51841998, "kelas_exposure": "> Rp638.909.581,39 - Rp1.136.724.268,30", "exposure_rank": 2, "kelas_gempa": "Tinggi", "kelas_tsunami": "Tinggi" }, "geometry": { "type": "Polygon", "coordinates": [ [ [ 105.230186, -5.5504726 ], [ 105.2301979, -5.5504926 ], [ 105.2300998, -5.5505483 ], [ 105.2300798, -5.5505031 ], [ 105.2301027, -5.5504917 ], [ 105.2300561, -5.5504031 ], [ 105.2301284, -5.550367 ], [ 105.230186, -5.5504726 ] ] ] } },
{ "type": "Feature", "properties": { "point_id": 156, "footprint_id": 609, "id_bangunan": "SDI-B78-078", "fungsi_bangunan": "Rumah Tinggal", "jumlah_lantai": 1, "tinggi_lantai": 4.0, "tinggi_total": 4.0, "luas_m2": 197.47, "jarak_match_m": 0.0, "metode_match": "within", "status_match": "OK", "blok": "B", "klas_fungsi": "Hunian", "material": "Pasang Bata", "struktur": "Rangka Beton Bertulang", "tipe_atap": "Limasan", "penutup_atap": "Genteng", "dinding": "Bata Plaster", "kondisi": "Baik", "keyakinan": "Tinggi", "taksonomi": "MCF/LFINF/RSH3/RMT1/EWMA/CV1/HEX:1", "kode_singkat": "MCF \\LFINF\\HEX:1", "koefisien": 1.0, "nilai_exposure": 1280644570.54878, "kelas_exposure": "> Rp1.136.724.268,30 - Rp1.856.590.180,23", "exposure_rank": 3, "kelas_gempa": "Tinggi", "kelas_tsunami": "Tinggi" }, "geometry": { "type": "Polygon", "coordinates": [ [ [ 105.2305216, -5.5501077 ], [ 105.2305381, -5.5500991 ], [ 105.2305256, -5.5500724 ], [ 105.2306591, -5.5499974 ], [ 105.2307076, -5.5500827 ], [ 105.2305727, -5.5501598 ], [ 105.230557, -5.5501352 ], [ 105.2305406, -5.5501445 ], [ 105.2305216, -5.5501077 ] ] ] } },
{ "type": "Feature", "properties": { "point_id": 157, "footprint_id": 610, "id_bangunan": "SDI-B79-079", "fungsi_bangunan": "Rumah Tinggal", "jumlah_lantai": 1, "tinggi_lantai": 4.0, "tinggi_total": 4.0, "luas_m2": 255.11, "jarak_match_m": 0.0, "metode_match": "within", "status_match": "OK", "blok": "B", "klas_fungsi": "Hunian", "material": "Pasang Bata", "struktur": "Rangka Beton Bertulang", "tipe_atap": "Limasan", "penutup_atap": "Genteng", "dinding": "Bata Plaster", "kondisi": "Baik", "keyakinan": "Tinggi", "taksonomi": "MCF/LFINF/RSH3/RMT1/EWMA/CV1/HEX:1", "kode_singkat": "MCF \\LFINF\\HEX:1", "koefisien": 1.0, "nilai_exposure": 899033022.80674005, "kelas_exposure": "> Rp638.909.581,39 - Rp1.136.724.268,30", "exposure_rank": 2, "kelas_gempa": "Sedang", "kelas_tsunami": "Sedang" }, "geometry": { "type": "Polygon", "coordinates": [ [ [ 105.230573, -5.5502016 ], [ 105.2305934, -5.5501905 ], [ 105.2305823, -5.550168 ], [ 105.2307626, -5.5500756 ], [ 105.2308083, -5.5501619 ], [ 105.230764, -5.5501866 ], [ 105.2307611, -5.5501805 ], [ 105.2306298, -5.5502562 ], [ 105.2306169, -5.550233 ], [ 105.2305952, -5.5502458 ], [ 105.230573, -5.5502016 ] ] ] } },
{ "type": "Feature", "properties": { "point_id": 158, "footprint_id": 647, "id_bangunan": "SDI-B80-080", "fungsi_bangunan": "Rumah Tinggal", "jumlah_lantai": 1, "tinggi_lantai": 4.0, "tinggi_total": 4.0, "luas_m2": 88.42, "jarak_match_m": 0.0, "metode_match": "within", "status_match": "OK", "blok": "B", "klas_fungsi": "Hunian", "material": "Pasang Bata", "struktur": "Rangka Beton Bertulang", "tipe_atap": "Pelana", "penutup_atap": "Genteng", "dinding": "Bata Ekspos", "kondisi": "Baik", "keyakinan": "Tinggi", "taksonomi": "MCF/LFINF/RSH2/RMT1/EWMA/CV1/HEX:1", "kode_singkat": "MCF \\LFINF\\HEX:1", "koefisien": 1.0, "nilai_exposure": 1168248646.39728, "kelas_exposure": "> Rp1.136.724.268,30 - Rp1.856.590.180,23", "exposure_rank": 3, "kelas_gempa": "Tinggi", "kelas_tsunami": "Tinggi" }, "geometry": { "type": "Polygon", "coordinates": [ [ [ 105.2303463, -5.550377 ], [ 105.2302666, -5.5502746 ], [ 105.2302708, -5.5502699 ], [ 105.2303231, -5.5502399 ], [ 105.230335, -5.5502574 ], [ 105.2303279, -5.5502633 ], [ 105.2303898, -5.5503484 ], [ 105.2303463, -5.550377 ] ] ] } },
{ "type": "Feature", "properties": { "point_id": 159, "footprint_id": 654, "id_bangunan": "SDI-B81-081", "fungsi_bangunan": "Rumah Tinggal", "jumlah_lantai": 1, "tinggi_lantai": 4.0, "tinggi_total": 4.0, "luas_m2": 43.48, "jarak_match_m": 0.0, "metode_match": "within", "status_match": "OK", "blok": "B", "klas_fungsi": "Hunian", "material": "Beton Bertulang", "struktur": "Rangka Beton Bertulang", "tipe_atap": "Pelana", "penutup_atap": "Genteng dan Asbes", "dinding": "Bata Plaster", "kondisi": "Baik", "keyakinan": "Tinggi", "taksonomi": "MCF/LFINF/RSH2/RMT1+RMT6/EWMA/CV1/HEX:1", "kode_singkat": "MCF \\LFINF\\HEX:1", "koefisien": 1.0, "nilai_exposure": 532909697.24416, "kelas_exposure": "Rp14.611.983,05 - Rp638.909.581,39", "exposure_rank": 1, "kelas_gempa": "Rendah", "kelas_tsunami": "Rendah" }, "geometry": { "type": "Polygon", "coordinates": [ [ [ 105.2304832, -5.550559 ], [ 105.2305618, -5.5505112 ], [ 105.2305825, -5.5505423 ], [ 105.2305046, -5.5505923 ], [ 105.2304832, -5.550559 ] ] ] } },
{ "type": "Feature", "properties": { "point_id": 160, "footprint_id": 659, "id_bangunan": "SDI-B82-082", "fungsi_bangunan": "Rumah Tinggal", "jumlah_lantai": 1, "tinggi_lantai": 4.0, "tinggi_total": 4.0, "luas_m2": 30.41, "jarak_match_m": 3.48, "metode_match": "optimal_nearest", "status_match": "OK", "blok": "B", "klas_fungsi": "Hunian", "material": "Pasang Bata", "struktur": "Rangka Beton Bertulang", "tipe_atap": "Limasan", "penutup_atap": "Genteng", "dinding": "Bata Plaster", "kondisi": "Baik", "keyakinan": "Tinggi", "taksonomi": "MCF/LFINF/RSH3/RMT1/EWMA/CV1/HEX:1", "kode_singkat": "MCF \\LFINF\\HEX:1", "koefisien": 1.0, "nilai_exposure": 766408132.6803, "kelas_exposure": "> Rp638.909.581,39 - Rp1.136.724.268,30", "exposure_rank": 2, "kelas_gempa": "Sedang", "kelas_tsunami": "Sedang" }, "geometry": { "type": "Polygon", "coordinates": [ [ [ 105.2305825, -5.5505423 ], [ 105.2306319, -5.550509 ], [ 105.2306539, -5.5505423 ], [ 105.2306033, -5.5505786 ], [ 105.2305825, -5.5505423 ] ] ] } },
{ "type": "Feature", "properties": { "point_id": 161, "footprint_id": 612, "id_bangunan": "SDI-B83-083", "fungsi_bangunan": "Rumah Tinggal", "jumlah_lantai": 1, "tinggi_lantai": 4.0, "tinggi_total": 4.0, "luas_m2": 171.66, "jarak_match_m": 0.0, "metode_match": "within", "status_match": "OK", "blok": "B", "klas_fungsi": "Hunian", "material": "Pasang Bata", "struktur": "Rangka Beton Bertulang", "tipe_atap": "Pelana", "penutup_atap": "Genteng", "dinding": "Bata Ekspos", "kondisi": "Baik", "keyakinan": "Tinggi", "taksonomi": "MUR/LWAL/RSH2/RMT1/EWMA/CV1/HEX:1", "kode_singkat": "MUR \\LWAL\\HEX:1", "koefisien": 1.0, "nilai_exposure": 951542136.90450001, "kelas_exposure": "> Rp638.909.581,39 - Rp1.136.724.268,30", "exposure_rank": 2, "kelas_gempa": "Tinggi", "kelas_tsunami": "Tinggi" }, "geometry": { "type": "Polygon", "coordinates": [ [ [ 105.2308722, -5.5503782 ], [ 105.2309089, -5.5503552 ], [ 105.230922, -5.5503468 ], [ 105.2309755, -5.550442 ], [ 105.2309232, -5.5504706 ], [ 105.2309196, -5.5504628 ], [ 105.2308221, -5.5505116 ], [ 105.2307947, -5.5504569 ], [ 105.2308685, -5.5504093 ], [ 105.230853, -5.5503903 ], [ 105.2308722, -5.5503782 ] ] ] } },
{ "type": "Feature", "properties": { "point_id": 162, "footprint_id": 959, "id_bangunan": "SDI-B84-084", "fungsi_bangunan": "Rumah Tinggal", "jumlah_lantai": 1, "tinggi_lantai": 4.0, "tinggi_total": 4.0, "luas_m2": 189.55, "jarak_match_m": 0.0, "metode_match": "within", "status_match": "OK", "blok": "B", "klas_fungsi": "Hunian", "material": "Pasang Bata", "struktur": "Rangka Beton Bertulang", "tipe_atap": "Limasan", "penutup_atap": "Genteng", "dinding": "Bata Plaster", "kondisi": "Baik", "keyakinan": "Tinggi", "taksonomi": "MCF/LFINF/RSH3/RMT1/EWMA/CV1/HEX:1", "kode_singkat": "MCF \\LFINF\\HEX:1", "koefisien": 1.0, "nilai_exposure": 1243822818.3206999, "kelas_exposure": "> Rp1.136.724.268,30 - Rp1.856.590.180,23", "exposure_rank": 3, "kelas_gempa": "Tinggi", "kelas_tsunami": "Tinggi" }, "geometry": { "type": "Polygon", "coordinates": [ [ [ 105.2307909, -5.5508154 ], [ 105.2308244, -5.5508772 ], [ 105.2307406, -5.5509227 ], [ 105.2307056, -5.5509454 ], [ 105.2306976, -5.5509506 ], [ 105.2306975, -5.5509504 ], [ 105.2306759, -5.5509638 ], [ 105.2306733, -5.5509595 ], [ 105.2306553, -5.5509703 ], [ 105.2306233, -5.5509168 ], [ 105.2306405, -5.5509066 ], [ 105.2306262, -5.5508835 ], [ 105.2306462, -5.5508711 ], [ 105.2306947, -5.5508397 ], [ 105.2307081, -5.5508604 ], [ 105.2307909, -5.5508154 ] ] ] } },
{ "type": "Feature", "properties": { "point_id": 163, "footprint_id": 620, "id_bangunan": "SDI-B85-085", "fungsi_bangunan": "Rumah Tinggal", "jumlah_lantai": 1, "tinggi_lantai": 4.0, "tinggi_total": 4.0, "luas_m2": 247.77, "jarak_match_m": 0.0, "metode_match": "within", "status_match": "OK", "blok": "B", "klas_fungsi": "Hunian", "material": "Pasang Bata", "struktur": "Dinding Pemikul", "tipe_atap": "Pelana", "penutup_atap": "Seng", "dinding": "Bata Plaster", "kondisi": "Baik", "keyakinan": "Tinggi", "taksonomi": "MUR/LFINF/RSH2/RMT2/EWMA/CV1/HEX:1", "kode_singkat": "MUR \\LFINF\\HEX:1", "koefisien": 1.0, "nilai_exposure": 349992741.13346994, "kelas_exposure": "Rp14.611.983,05 - Rp638.909.581,39", "exposure_rank": 1, "kelas_gempa": "Rendah", "kelas_tsunami": "Rendah" }, "geometry": { "type": "Polygon", "coordinates": [ [ [ 105.231013, -5.5506811 ], [ 105.2311022, -5.5506353 ], [ 105.2312447, -5.5505654 ], [ 105.2312673, -5.5506077 ], [ 105.231245, -5.5506193 ], [ 105.2312575, -5.5506401 ], [ 105.2310493, -5.5507561 ], [ 105.2310457, -5.5507501 ], [ 105.2310386, -5.5507537 ], [ 105.231013, -5.5507026 ], [ 105.2310201, -5.5506984 ], [ 105.231013, -5.5506811 ] ] ] } },
{ "type": "Feature", "properties": { "point_id": 164, "footprint_id": 614, "id_bangunan": "SDI-B86-086", "fungsi_bangunan": "Rumah Tinggal", "jumlah_lantai": 1, "tinggi_lantai": 4.0, "tinggi_total": 4.0, "luas_m2": 87.09, "jarak_match_m": 0.0, "metode_match": "within", "status_match": "OK", "blok": "B", "klas_fungsi": "Hunian", "material": "Pasang Bata", "struktur": "Dinding Pemikul", "tipe_atap": "Pelana", "penutup_atap": "Seng", "dinding": "Bata Plaster", "kondisi": "Baik", "keyakinan": "Tinggi", "taksonomi": "MUR/LWAL/RSH2/RMT2/EWMA/CV1/HEX:1", "kode_singkat": "MUR \\LWAL\\HEX:1", "koefisien": 1.0, "nilai_exposure": 1142611025.68208, "kelas_exposure": "> Rp1.136.724.268,30 - Rp1.856.590.180,23", "exposure_rank": 3, "kelas_gempa": "Tinggi", "kelas_tsunami": "Tinggi" }, "geometry": { "type": "Polygon", "coordinates": [ [ [ 105.2309292, -5.5505474 ], [ 105.2309529, -5.5505354 ], [ 105.2310255, -5.5505003 ], [ 105.2310499, -5.5505586 ], [ 105.2309577, -5.5506115 ], [ 105.2309292, -5.5505474 ] ] ] } },
{ "type": "Feature", "properties": { "point_id": 165, "footprint_id": 950, "id_bangunan": "SDI-B87-087", "fungsi_bangunan": "Rumah Tinggal", "jumlah_lantai": 1, "tinggi_lantai": 4.0, "tinggi_total": 4.0, "luas_m2": 227.61, "jarak_match_m": 0.0, "metode_match": "within", "status_match": "OK", "blok": "B", "klas_fungsi": "Hunian", "material": "Pasang Bata", "struktur": "Dinding Pemikul", "tipe_atap": "Pelana", "penutup_atap": "Genteng", "dinding": "Bata Plaster", "kondisi": "Baik", "keyakinan": "Tinggi", "taksonomi": "MUR/LWAL/RSH2/RMT1/EWMA/CV1/HEX:1", "kode_singkat": "MUR \\LWAL\\HEX:1", "koefisien": 1.0, "nilai_exposure": 829261349.55791998, "kelas_exposure": "> Rp638.909.581,39 - Rp1.136.724.268,30", "exposure_rank": 2, "kelas_gempa": "Sedang", "kelas_tsunami": "Sedang" }, "geometry": { "type": "Polygon", "coordinates": [ [ [ 105.2311452, -5.5508184 ], [ 105.2311906, -5.5508915 ], [ 105.2311957, -5.550888 ], [ 105.2312254, -5.5509329 ], [ 105.2311523, -5.5509813 ], [ 105.2311252, -5.5509404 ], [ 105.2311128, -5.5509481 ], [ 105.2311211, -5.5509612 ], [ 105.2310811, -5.5509865 ], [ 105.2310362, -5.5509157 ], [ 105.2310697, -5.5508945 ], [ 105.2310566, -5.5508734 ], [ 105.2310459, -5.5508543 ], [ 105.2310978, -5.5508251 ], [ 105.2311072, -5.5508419 ], [ 105.2311452, -5.5508184 ] ] ] } },
{ "type": "Feature", "properties": { "point_id": 166, "footprint_id": 680, "id_bangunan": "SDI-B89-089", "fungsi_bangunan": "Rumah Tinggal", "jumlah_lantai": 1, "tinggi_lantai": 4.0, "tinggi_total": 4.0, "luas_m2": 196.79, "jarak_match_m": 0.0, "metode_match": "within", "status_match": "OK", "blok": "B", "klas_fungsi": "Hunian", "material": "Pasang Bata", "struktur": "Dinding Pemikul", "tipe_atap": "Limasan", "penutup_atap": "Genteng", "dinding": "Bata Plaster", "kondisi": "Baik", "keyakinan": "Tinggi", "taksonomi": "MUR/LWAL/RSH3/RMT1/EWMA/CV1/HEX:1", "kode_singkat": "MUR \\LWAL\\HEX:1", "koefisien": 1.0, "nilai_exposure": 1733414293.24582, "kelas_exposure": "> Rp1.136.724.268,30 - Rp1.856.590.180,23", "exposure_rank": 3, "kelas_gempa": "Tinggi", "kelas_tsunami": "Tinggi" }, "geometry": { "type": "Polygon", "coordinates": [ [ [ 105.2311763, -5.5510992 ], [ 105.2311603, -5.5510819 ], [ 105.231149, -5.5510938 ], [ 105.2311157, -5.5510617 ], [ 105.231221, -5.5509511 ], [ 105.2313114, -5.5510683 ], [ 105.2312471, -5.5511158 ], [ 105.231206, -5.5510795 ], [ 105.2311763, -5.5510992 ] ] ] } },
{ "type": "Feature", "properties": { "point_id": 167, "footprint_id": 963, "id_bangunan": "SDI-B90-090", "fungsi_bangunan": "Rumah Tinggal", "jumlah_lantai": 1, "tinggi_lantai": 4.0, "tinggi_total": 4.0, "luas_m2": 120.78, "jarak_match_m": 0.55, "metode_match": "optimal_nearest", "status_match": "OK", "blok": "B", "klas_fungsi": "Hunian", "material": "Beton Bertulang", "struktur": "Rangka Beton Bertulang", "tipe_atap": "Pelana", "penutup_atap": "Seng", "dinding": "Bata Plaster", "kondisi": "Baik", "keyakinan": "Tinggi", "taksonomi": "MCF/LFINF/RSH2/RMT2/EWMA/CV1/HEX:1", "kode_singkat": "MCF \\LFINF\\HEX:1", "koefisien": 1.0, "nilai_exposure": 933411957.01209998, "kelas_exposure": "> Rp638.909.581,39 - Rp1.136.724.268,30", "exposure_rank": 2, "kelas_gempa": "Tinggi", "kelas_tsunami": "Tinggi" }, "geometry": { "type": "Polygon", "coordinates": [ [ [ 105.2310895, -5.5511869 ], [ 105.2310441, -5.5512128 ], [ 105.2310438, -5.5512123 ], [ 105.2310445, -5.5512137 ], [ 105.2309662, -5.5512527 ], [ 105.2309511, -5.5512609 ], [ 105.2309298, -5.5512217 ], [ 105.2309463, -5.5512127 ], [ 105.2309368, -5.5511935 ], [ 105.2310118, -5.5511562 ], [ 105.2310572, -5.5511303 ], [ 105.2310895, -5.5511869 ] ] ] } },
{ "type": "Feature", "properties": { "point_id": 168, "footprint_id": 961, "id_bangunan": "SDI-B91-091", "fungsi_bangunan": "Rumah Tinggal", "jumlah_lantai": 1, "tinggi_lantai": 4.0, "tinggi_total": 4.0, "luas_m2": 177.95, "jarak_match_m": 0.0, "metode_match": "within", "status_match": "OK", "blok": "B", "klas_fungsi": "Hunian", "material": "Pasang Bata", "struktur": "Rangka Beton Bertulang", "tipe_atap": "Pelana", "penutup_atap": "Seng", "dinding": "Bata Ekspos", "kondisi": "Baik", "keyakinan": "Tinggi", "taksonomi": "MCF/LFINF/RSH2/RMT2/EWMA/CV1/HEX:1", "kode_singkat": "MCF \\LFINF\\HEX:1", "koefisien": 1.0, "nilai_exposure": 1550928470.8116801, "kelas_exposure": "> Rp1.136.724.268,30 - Rp1.856.590.180,23", "exposure_rank": 3, "kelas_gempa": "Tinggi", "kelas_tsunami": "Tinggi" }, "geometry": { "type": "Polygon", "coordinates": [ [ [ 105.2309308, -5.550994 ], [ 105.2309681, -5.551069 ], [ 105.2308129, -5.5511464 ], [ 105.2307755, -5.5510713 ], [ 105.2309308, -5.550994 ] ] ] } },
{ "type": "Feature", "properties": { "point_id": 169, "footprint_id": 966, "id_bangunan": "SDI-B92-092", "fungsi_bangunan": "Rumah Tinggal", "jumlah_lantai": 1, "tinggi_lantai": 4.0, "tinggi_total": 4.0, "luas_m2": 308.95, "jarak_match_m": 0.0, "metode_match": "within", "status_match": "OK", "blok": "B", "klas_fungsi": "Hunian", "material": "Pasang Bata", "struktur": "Dinding Pemikul", "tipe_atap": "Pelana", "penutup_atap": "Genteng", "dinding": "Bata Plaster", "kondisi": "Baik", "keyakinan": "Tinggi", "taksonomi": "MUR/LWAL/RSH2/RMT1/EWMA/CV1/HEX:1", "kode_singkat": "MUR \\LWAL\\HEX:1", "koefisien": 1.0, "nilai_exposure": 911408863.33430004, "kelas_exposure": "> Rp638.909.581,39 - Rp1.136.724.268,30", "exposure_rank": 2, "kelas_gempa": "Tinggi", "kelas_tsunami": "Tinggi" }, "geometry": { "type": "Polygon", "coordinates": [ [ [ 105.2311122, -5.5511986 ], [ 105.2311581, -5.5512797 ], [ 105.2311049, -5.5513098 ], [ 105.2311054, -5.5513107 ], [ 105.2310898, -5.5513183 ], [ 105.231005, -5.5513598 ], [ 105.2310019, -5.5513534 ], [ 105.2309683, -5.5513717 ], [ 105.2309686, -5.5513723 ], [ 105.2309551, -5.551379 ], [ 105.2309267, -5.551393 ], [ 105.2308835, -5.5513057 ], [ 105.2309253, -5.5512849 ], [ 105.2309237, -5.5512811 ], [ 105.2309639, -5.5512639 ], [ 105.2309676, -5.5512727 ], [ 105.2309939, -5.5512598 ], [ 105.2309935, -5.5512592 ], [ 105.2311074, -5.5511904 ], [ 105.2311098, -5.5511944 ], [ 105.2311123, -5.5511986 ], [ 105.2311122, -5.5511986 ] ] ] } },
{ "type": "Feature", "properties": { "point_id": 170, "footprint_id": 954, "id_bangunan": "SDI-B93-093", "fungsi_bangunan": "Rumah Tinggal", "jumlah_lantai": 1, "tinggi_lantai": 4.0, "tinggi_total": 4.0, "luas_m2": 694.88, "jarak_match_m": 2.01, "metode_match": "optimal_nearest", "status_match": "OK", "blok": "B", "klas_fungsi": "Hunian", "material": "Pasang Bata", "struktur": "Rangka Beton Bertulang", "tipe_atap": "Pelana", "penutup_atap": "Genteng", "dinding": "Bata Plaster", "kondisi": "Baik", "keyakinan": "Tinggi", "taksonomi": "MCF/LFINF/RSH2/RMT1/EWMA/CV1/HEX:1", "kode_singkat": "MCF \\LFINF\\HEX:1", "koefisien": 1.09, "nilai_exposure": 1247662987.9666612, "kelas_exposure": "> Rp1.136.724.268,30 - Rp1.856.590.180,23", "exposure_rank": 3, "kelas_gempa": "Tinggi", "kelas_tsunami": "Tinggi" }, "geometry": { "type": "Polygon", "coordinates": [ [ [ 105.2312271, -5.5509471 ], [ 105.2313114, -5.5510693 ], [ 105.2312831, -5.5510888 ], [ 105.2312971, -5.551106 ], [ 105.2313185, -5.5510835 ], [ 105.2313312, -5.5510955 ], [ 105.2313744, -5.5510568 ], [ 105.2314211, -5.5511089 ], [ 105.2314079, -5.5511207 ], [ 105.2314403, -5.551149 ], [ 105.2314161, -5.5511766 ], [ 105.2313812, -5.551146 ], [ 105.2313863, -5.5511401 ], [ 105.2313683, -5.5511563 ], [ 105.231368, -5.551156 ], [ 105.2313411, -5.5511844 ], [ 105.2313622, -5.5512077 ], [ 105.2313547, -5.5512145 ], [ 105.2313716, -5.5512348 ], [ 105.2313465, -5.5512555 ], [ 105.2313399, -5.5512475 ], [ 105.2312352, -5.5513181 ], [ 105.231213, -5.5512852 ], [ 105.231221, -5.5512799 ], [ 105.2312073, -5.5512674 ], [ 105.2312395, -5.5512322 ], [ 105.2312207, -5.5512144 ], [ 105.2312016, -5.5512307 ], [ 105.2311786, -5.5512037 ], [ 105.2312037, -5.5511823 ], [ 105.2311673, -5.5511384 ], [ 105.2311465, -5.551155 ], [ 105.2311276, -5.5511313 ], [ 105.231137, -5.5511238 ], [ 105.231099, -5.5510827 ], [ 105.2311281, -5.5510559 ], [ 105.2311252, -5.5510532 ], [ 105.2311509, -5.5510268 ], [ 105.2311432, -5.5510323 ], [ 105.2311308, -5.551015 ], [ 105.2311966, -5.5509681 ], [ 105.2312271, -5.5509471 ] ] ] } },
{ "type": "Feature", "properties": { "point_id": 171, "footprint_id": 939, "id_bangunan": "SDI-B94-094", "fungsi_bangunan": "Rumah Tinggal", "jumlah_lantai": 2, "tinggi_lantai": 4.0, "tinggi_total": 8.0, "luas_m2": 213.59, "jarak_match_m": 0.0, "metode_match": "within", "status_match": "OK", "blok": "B", "klas_fungsi": "Hunian", "material": "Pasang Bata", "struktur": "Rangka Beton Bertulang", "tipe_atap": "Limasan", "penutup_atap": "Asbes", "dinding": "Bata Ekspos", "kondisi": "Baik", "keyakinan": "Tinggi", "taksonomi": "MCF/LFINF/RSH3/RMT6/EWMA/CV1/HEX:2", "kode_singkat": "MCF \\LFINF\\HEX:2", "koefisien": 1.0, "nilai_exposure": 844139436.3993001, "kelas_exposure": "> Rp638.909.581,39 - Rp1.136.724.268,30", "exposure_rank": 2, "kelas_gempa": "Sedang", "kelas_tsunami": "Sedang" }, "geometry": { "type": "MultiPolygon", "coordinates": [ [ [ [ 105.2312935, -5.5513669 ], [ 105.2312936, -5.5513672 ], [ 105.2312935, -5.5513678 ], [ 105.2312935, -5.5513669 ] ] ], [ [ [ 105.2312936, -5.5513672 ], [ 105.2312944, -5.551364 ], [ 105.2312987, -5.5513626 ], [ 105.2314291, -5.5513036 ], [ 105.2314186, -5.5512807 ], [ 105.2314086, -5.5512584 ], [ 105.2314534, -5.5512379 ], [ 105.2314605, -5.551256 ], [ 105.2314638, -5.5512531 ], [ 105.2315033, -5.5513316 ], [ 105.2315048, -5.5513483 ], [ 105.2313886, -5.5514045 ], [ 105.231322, -5.5514278 ], [ 105.2312936, -5.5513672 ] ] ] ] } },
{ "type": "Feature", "properties": { "point_id": 172, "footprint_id": 856, "id_bangunan": "SDI-C34-034", "fungsi_bangunan": "Rumah Tinggal", "jumlah_lantai": 1, "tinggi_lantai": 4.0, "tinggi_total": 4.0, "luas_m2": 168.16, "jarak_match_m": 0.74, "metode_match": "optimal_nearest", "status_match": "OK", "blok": "C", "klas_fungsi": "Hunian", "material": "Pasang Bata", "struktur": "Dinding Pemikul", "tipe_atap": "Kombinasi", "penutup_atap": "Genteng", "dinding": "Bata Plaster", "kondisi": "Sedang", "keyakinan": "Tinggi", "taksonomi": "MUR/LWAL/RSH8/RMT1/EWMA/CV2/HEX:1", "kode_singkat": "MUR \\LWAL\\HEX:1", "koefisien": 1.0, "nilai_exposure": 722524088.05913997, "kelas_exposure": "> Rp638.909.581,39 - Rp1.136.724.268,30", "exposure_rank": 2, "kelas_gempa": "Sedang", "kelas_tsunami": "Sedang" }, "geometry": { "type": "Polygon", "coordinates": [ [ [ 105.2370728, -5.5533499 ], [ 105.2371002, -5.5533421 ], [ 105.2370954, -5.5533243 ], [ 105.2371698, -5.5533029 ], [ 105.2371865, -5.5533707 ], [ 105.2371954, -5.5533689 ], [ 105.2372144, -5.5534361 ], [ 105.2371401, -5.5534581 ], [ 105.2371311, -5.5534272 ], [ 105.2370954, -5.5534367 ], [ 105.2370728, -5.5533499 ] ] ] } },
{ "type": "Feature", "properties": { "point_id": 173, "footprint_id": 850, "id_bangunan": "SDI-C35-035", "fungsi_bangunan": "Rumah Tinggal", "jumlah_lantai": 1, "tinggi_lantai": 4.0, "tinggi_total": 4.0, "luas_m2": 143.93, "jarak_match_m": 0.79, "metode_match": "optimal_nearest", "status_match": "OK", "blok": "C", "klas_fungsi": "Hunian", "material": "Pasang Bata", "struktur": "Rangka Beton Bertulang", "tipe_atap": "Pelana", "penutup_atap": "Genteng", "dinding": "Bata Plaster", "kondisi": "Sedang", "keyakinan": "Tinggi", "taksonomi": "MCF/LFINF/RSH2/RMT1/EWMA/CV2/HEX:1", "kode_singkat": "MCF \\LFINF\\HEX:1", "koefisien": 1.0, "nilai_exposure": 645345072.49636006, "kelas_exposure": "> Rp638.909.581,39 - Rp1.136.724.268,30", "exposure_rank": 2, "kelas_gempa": "Sedang", "kelas_tsunami": "Sedang" }, "geometry": { "type": "Polygon", "coordinates": [ [ [ 105.2372305, -5.5532071 ], [ 105.2372281, -5.5531809 ], [ 105.2372751, -5.5531738 ], [ 105.2372894, -5.5532535 ], [ 105.2372644, -5.5532553 ], [ 105.2372775, -5.5533207 ], [ 105.2372537, -5.5533249 ], [ 105.2372584, -5.5533451 ], [ 105.237218, -5.5533511 ], [ 105.2371995, -5.5532499 ], [ 105.2371734, -5.5532553 ], [ 105.2371698, -5.5532291 ], [ 105.2371918, -5.5532255 ], [ 105.2371906, -5.5532119 ], [ 105.2372305, -5.5532071 ] ] ] } },
{ "type": "Feature", "properties": { "point_id": 174, "footprint_id": 857, "id_bangunan": "SDI-C36-036", "fungsi_bangunan": "Rumah Tinggal", "jumlah_lantai": 1, "tinggi_lantai": 4.0, "tinggi_total": 4.0, "luas_m2": 128.55, "jarak_match_m": 0.76, "metode_match": "optimal_nearest", "status_match": "OK", "blok": "C", "klas_fungsi": "Hunian", "material": "Pasang Bata", "struktur": "Rangka Beton Bertulang", "tipe_atap": "Pelana", "penutup_atap": "Genteng", "dinding": "Bata Plaster", "kondisi": "Sedang", "keyakinan": "Tinggi", "taksonomi": "MCF/LFINF/RSH2/RMT1/EWMA/CV2/HEX:1", "kode_singkat": "MCF \\LFINF\\HEX:1", "koefisien": 1.0, "nilai_exposure": 908266338.66569996, "kelas_exposure": "> Rp638.909.581,39 - Rp1.136.724.268,30", "exposure_rank": 2, "kelas_gempa": "Sedang", "kelas_tsunami": "Sedang" }, "geometry": { "type": "Polygon", "coordinates": [ [ [ 105.2374859, -5.5532885 ], [ 105.237503, -5.5533499 ], [ 105.2374831, -5.5533504 ], [ 105.2374911, -5.553387 ], [ 105.2373964, -5.5534066 ], [ 105.2373712, -5.5533176 ], [ 105.2374859, -5.5532885 ] ] ] } },
{ "type": "Feature", "properties": { "point_id": 175, "footprint_id": 849, "id_bangunan": "SDI-C37-037", "fungsi_bangunan": "Rumah Tinggal", "jumlah_lantai": 1, "tinggi_lantai": 4.0, "tinggi_total": 4.0, "luas_m2": 180.93, "jarak_match_m": 0.0, "metode_match": "within", "status_match": "OK", "blok": "C", "klas_fungsi": "Hunian", "material": "Pasang Bata", "struktur": "Rangka Beton Bertulang", "tipe_atap": "Kombinasi", "penutup_atap": "Genteng", "dinding": "Bata Ekspos", "kondisi": "Sedang Dibangun", "keyakinan": "Tinggi", "taksonomi": "MCF/LFINF/RSH8/RMT1/EWMA/CV5/HEX:1", "kode_singkat": "MCF \\LFINF\\HEX:1", "koefisien": 1.0, "nilai_exposure": 668104658.00082004, "kelas_exposure": "> Rp638.909.581,39 - Rp1.136.724.268,30", "exposure_rank": 2, "kelas_gempa": "Sedang", "kelas_tsunami": "Sedang" }, "geometry": { "type": "Polygon", "coordinates": [ [ [ 105.2372822, -5.5531554 ], [ 105.2373762, -5.5531161 ], [ 105.2373899, -5.5531452 ], [ 105.2374089, -5.5531417 ], [ 105.2374286, -5.5531899 ], [ 105.2374101, -5.5531958 ], [ 105.2374214, -5.5532261 ], [ 105.2374, -5.5532363 ], [ 105.2374083, -5.5532559 ], [ 105.2373655, -5.5532767 ], [ 105.2373572, -5.5532565 ], [ 105.2373256, -5.5532719 ], [ 105.2372822, -5.5531554 ] ] ] } },
{ "type": "Feature", "properties": { "point_id": 176, "footprint_id": 848, "id_bangunan": "SDI-C39-039", "fungsi_bangunan": "Rumah Tinggal", "jumlah_lantai": 1, "tinggi_lantai": 4.0, "tinggi_total": 4.0, "luas_m2": 133.09, "jarak_match_m": 0.0, "metode_match": "within", "status_match": "OK", "blok": "C", "klas_fungsi": "Hunian", "material": "Pasang Bata", "struktur": "Rangka Beton Bertulang", "tipe_atap": "Kombinasi", "penutup_atap": "Genteng", "dinding": "Bata Plaster", "kondisi": "Sedang", "keyakinan": "Tinggi", "taksonomi": "MCF/LFINF/RSH8/RMT1/EWMA/CV2/HEX:1", "kode_singkat": "MCF \\LFINF\\HEX:1", "koefisien": 1.0, "nilai_exposure": 550573836.51100004, "kelas_exposure": "Rp14.611.983,05 - Rp638.909.581,39", "exposure_rank": 1, "kelas_gempa": "Rendah", "kelas_tsunami": "Rendah" }, "geometry": { "type": "Polygon", "coordinates": [ [ [ 105.2371216, -5.5530602 ], [ 105.2371198, -5.5530536 ], [ 105.237193, -5.5530263 ], [ 105.2372001, -5.5530429 ], [ 105.2372459, -5.5530245 ], [ 105.2372709, -5.5530661 ], [ 105.2372781, -5.553084 ], [ 105.2371519, -5.5531399 ], [ 105.2371216, -5.5530602 ] ] ] } },
{ "type": "Feature", "properties": { "point_id": 177, "footprint_id": 843, "id_bangunan": "SDI-C40-040", "fungsi_bangunan": "Rumah Tinggal", "jumlah_lantai": 1, "tinggi_lantai": 4.0, "tinggi_total": 4.0, "luas_m2": 109.68, "jarak_match_m": 0.0, "metode_match": "within", "status_match": "OK", "blok": "C", "klas_fungsi": "Hunian", "material": "Pasang Bata", "struktur": "Rangka Beton Bertulang", "tipe_atap": "Pelana", "penutup_atap": "Genteng", "dinding": "Campuran", "kondisi": "Sedang", "keyakinan": "Tinggi", "taksonomi": "MCF/LFINF/RSH2/RMT1/EWO/CV2/HEX:1", "kode_singkat": "MCF \\LFINF\\HEX:1", "koefisien": 1.0, "nilai_exposure": 1109172062.2853401, "kelas_exposure": "> Rp638.909.581,39 - Rp1.136.724.268,30", "exposure_rank": 2, "kelas_gempa": "Tinggi", "kelas_tsunami": "Tinggi" }, "geometry": { "type": "Polygon", "coordinates": [ [ [ 105.2374089, -5.5529025 ], [ 105.2374726, -5.5528758 ], [ 105.237469, -5.5528668 ], [ 105.237497, -5.5528543 ], [ 105.2375041, -5.5528728 ], [ 105.2375083, -5.5528692 ], [ 105.2375422, -5.5529388 ], [ 105.2374827, -5.5529662 ], [ 105.237475, -5.5529519 ], [ 105.2374333, -5.5529721 ], [ 105.2374173, -5.5529406 ], [ 105.237428, -5.5529358 ], [ 105.2374089, -5.5529025 ] ] ] } },
{ "type": "Feature", "properties": { "point_id": 178, "footprint_id": 847, "id_bangunan": "SDI-C41-041", "fungsi_bangunan": "Rumah Tinggal", "jumlah_lantai": 1, "tinggi_lantai": 4.0, "tinggi_total": 4.0, "luas_m2": 220.95, "jarak_match_m": 0.0, "metode_match": "within", "status_match": "OK", "blok": "C", "klas_fungsi": "Hunian", "material": "Pasang Bata", "struktur": "Rangka Beton Bertulang", "tipe_atap": "Pelana", "penutup_atap": "Genteng", "dinding": "Campuran", "kondisi": "Sedang", "keyakinan": "Tinggi", "taksonomi": "MCF/LFINF/RSH2/RMT1/EWO/CV2/HEX:1", "kode_singkat": "MCF \\LFINF\\HEX:1", "koefisien": 1.0, "nilai_exposure": 1604040161.7941599, "kelas_exposure": "> Rp1.136.724.268,30 - Rp1.856.590.180,23", "exposure_rank": 3, "kelas_gempa": "Tinggi", "kelas_tsunami": "Tinggi" }, "geometry": { "type": "Polygon", "coordinates": [ [ [ 105.2374613, -5.5529959 ], [ 105.2376385, -5.5528954 ], [ 105.2376403, -5.552899 ], [ 105.2376534, -5.5528912 ], [ 105.2376558, -5.5528942 ], [ 105.2376719, -5.5528817 ], [ 105.2377177, -5.5529483 ], [ 105.2376195, -5.5530066 ], [ 105.23761, -5.5529924 ], [ 105.2375107, -5.5530465 ], [ 105.2374946, -5.5530227 ], [ 105.2374803, -5.553031 ], [ 105.2374613, -5.5529959 ] ] ] } },
{ "type": "Feature", "properties": { "point_id": 179, "footprint_id": 836, "id_bangunan": "SDI-C42-042", "fungsi_bangunan": "Rumah Tinggal", "jumlah_lantai": 1, "tinggi_lantai": 4.0, "tinggi_total": 4.0, "luas_m2": 319.53, "jarak_match_m": 0.48, "metode_match": "optimal_nearest", "status_match": "OK", "blok": "C", "klas_fungsi": "Hunian", "material": "Pasang Bata", "struktur": "Rangka Beton Bertulang", "tipe_atap": "Kombinasi", "penutup_atap": "Genteng", "dinding": "Campuran", "kondisi": "Baik", "keyakinan": "Tinggi", "taksonomi": "MCF/LFINF/RSH8/RMT1/EWO/CV1/HEX:1", "kode_singkat": "MCF \\LFINF\\HEX:1", "koefisien": 1.0, "nilai_exposure": 1048637438.51546, "kelas_exposure": "> Rp638.909.581,39 - Rp1.136.724.268,30", "exposure_rank": 2, "kelas_gempa": "Tinggi", "kelas_tsunami": "Tinggi" }, "geometry": { "type": "Polygon", "coordinates": [ [ [ 105.2368913, -5.5527979 ], [ 105.2371362, -5.5527094 ], [ 105.2371547, -5.5527543 ], [ 105.237104, -5.5527736 ], [ 105.2371205, -5.5528164 ], [ 105.2369891, -5.5528693 ], [ 105.2370055, -5.5529071 ], [ 105.236937, -5.5529299 ], [ 105.2368913, -5.5527979 ] ] ] } },
{ "type": "Feature", "properties": { "point_id": 180, "footprint_id": 842, "id_bangunan": "SDI-C44-044", "fungsi_bangunan": "Rumah Tinggal", "jumlah_lantai": 1, "tinggi_lantai": 4.0, "tinggi_total": 4.0, "luas_m2": 208.89, "jarak_match_m": 0.0, "metode_match": "within", "status_match": "OK", "blok": "C", "klas_fungsi": "Hunian", "material": "Pasang Bata", "struktur": "Rangka Beton Bertulang", "tipe_atap": "Kombinasi", "penutup_atap": "Genteng", "dinding": "Bata Plaster", "kondisi": "Sedang Dibangun", "keyakinan": "Tinggi", "taksonomi": "MCF/LFINF/RSH8/RMT1/EWMA/CV5/HEX:1", "kode_singkat": "MCF \\LFINF\\HEX:1", "koefisien": 1.0, "nilai_exposure": 1006215937.68198, "kelas_exposure": "> Rp638.909.581,39 - Rp1.136.724.268,30", "exposure_rank": 2, "kelas_gempa": "Tinggi", "kelas_tsunami": "Tinggi" }, "geometry": { "type": "Polygon", "coordinates": [ [ [ 105.2373209, -5.5527265 ], [ 105.2373822, -5.5526991 ], [ 105.2374643, -5.5528353 ], [ 105.2373613, -5.5528889 ], [ 105.2373483, -5.5528686 ], [ 105.2373358, -5.5528734 ], [ 105.2373102, -5.5528323 ], [ 105.2373185, -5.5528282 ], [ 105.2373072, -5.552805 ], [ 105.2373399, -5.5527812 ], [ 105.2373215, -5.5527491 ], [ 105.2373316, -5.5527449 ], [ 105.2373209, -5.5527265 ] ] ] } },
{ "type": "Feature", "properties": { "point_id": 181, "footprint_id": 838, "id_bangunan": "SDI-C45-045", "fungsi_bangunan": "Rumah Tinggal", "jumlah_lantai": 1, "tinggi_lantai": 4.0, "tinggi_total": 4.0, "luas_m2": 128.07, "jarak_match_m": 0.57, "metode_match": "optimal_nearest", "status_match": "OK", "blok": "C", "klas_fungsi": "Hunian", "material": "Pasang Bata", "struktur": "Rangka Beton Bertulang", "tipe_atap": "Kombinasi", "penutup_atap": "Genteng", "dinding": "Bata Plaster", "kondisi": "Baik", "keyakinan": "Tinggi", "taksonomi": "MCF/LFINF/RSH8/RMT1/EWMA/CV1/HEX:1", "kode_singkat": "MCF \\LFINF\\HEX:1", "koefisien": 1.0, "nilai_exposure": 648430611.94219995, "kelas_exposure": "> Rp638.909.581,39 - Rp1.136.724.268,30", "exposure_rank": 2, "kelas_gempa": "Sedang", "kelas_tsunami": "Sedang" }, "geometry": { "type": "Polygon", "coordinates": [ [ [ 105.2373126, -5.5525486 ], [ 105.2373631, -5.5526551 ], [ 105.2373411, -5.5526658 ], [ 105.2373185, -5.5526789 ], [ 105.2373042, -5.5526557 ], [ 105.2372685, -5.552667 ], [ 105.2372489, -5.5526247 ], [ 105.2372317, -5.5526253 ], [ 105.237212, -5.5525932 ], [ 105.2373126, -5.5525486 ] ] ] } },
{ "type": "Feature", "properties": { "point_id": 182, "footprint_id": 840, "id_bangunan": "SDI-C46-046", "fungsi_bangunan": "Rumah Tinggal", "jumlah_lantai": 1, "tinggi_lantai": 4.0, "tinggi_total": 4.0, "luas_m2": 24.25, "jarak_match_m": 17.15, "metode_match": "optimal_nearest", "status_match": "PERLU_CEK", "blok": "C", "klas_fungsi": "Hunian", "material": "Pasang Bata", "struktur": "Rangka Beton Bertulang", "tipe_atap": "Kombinasi", "penutup_atap": "Genteng", "dinding": "Bata Plaster", "kondisi": "Sedang", "keyakinan": "Tinggi", "taksonomi": "MCF/LFINF/RSH8/RMT1/EWMA/CV2/HEX:1", "kode_singkat": "MCF \\LFINF\\HEX:1", "koefisien": 1.0, "nilai_exposure": 666280710.67340004, "kelas_exposure": "> Rp638.909.581,39 - Rp1.136.724.268,30", "exposure_rank": 2, "kelas_gempa": "Sedang", "kelas_tsunami": "Sedang" }, "geometry": { "type": "Polygon", "coordinates": [ [ [ 105.2371882, -5.5525783 ], [ 105.2372085, -5.552614 ], [ 105.2371591, -5.5526259 ], [ 105.2371412, -5.5525878 ], [ 105.2371882, -5.5525783 ] ] ] } },
{ "type": "Feature", "properties": { "point_id": 183, "footprint_id": 831, "id_bangunan": "SDI-C47-047", "fungsi_bangunan": "Rumah Tinggal", "jumlah_lantai": 1, "tinggi_lantai": 4.0, "tinggi_total": 4.0, "luas_m2": 132.73, "jarak_match_m": 0.0, "metode_match": "within", "status_match": "OK", "blok": "C", "klas_fungsi": "Hunian", "material": "Pasang Bata", "struktur": "Rangka Beton Bertulang", "tipe_atap": "Pelana", "penutup_atap": "Genteng", "dinding": "Bata Plaster", "kondisi": "Sedang", "keyakinan": "Tinggi", "taksonomi": "MCF/LFINF/RSH2/RMT1/EWMA/CV2/HEX:1", "kode_singkat": "MCF \\LFINF\\HEX:1", "koefisien": 1.0, "nilai_exposure": 825909984.29508007, "kelas_exposure": "> Rp638.909.581,39 - Rp1.136.724.268,30", "exposure_rank": 2, "kelas_gempa": "Sedang", "kelas_tsunami": "Sedang" }, "geometry": { "type": "Polygon", "coordinates": [ [ [ 105.2371868, -5.5523306 ], [ 105.2372215, -5.5524119 ], [ 105.2371854, -5.5524257 ], [ 105.2371882, -5.5524314 ], [ 105.2371578, -5.5524438 ], [ 105.2371287, -5.5524557 ], [ 105.2371145, -5.5524333 ], [ 105.2370964, -5.5524419 ], [ 105.2370754, -5.552401 ], [ 105.237093, -5.5523943 ], [ 105.2370816, -5.5523739 ], [ 105.2371868, -5.5523306 ] ] ] } },
{ "type": "Feature", "properties": { "point_id": 184, "footprint_id": 832, "id_bangunan": "SDI-C48-048", "fungsi_bangunan": "Rumah Tinggal", "jumlah_lantai": 1, "tinggi_lantai": 4.0, "tinggi_total": 4.0, "luas_m2": 164.52, "jarak_match_m": 0.0, "metode_match": "within", "status_match": "OK", "blok": "C", "klas_fungsi": "Hunian", "material": "Pasang Bata", "struktur": "Rangka Beton Bertulang", "tipe_atap": "Limasan", "penutup_atap": "Genteng", "dinding": "Campuran", "kondisi": "Sedang Dibangun", "keyakinan": "Tinggi", "taksonomi": "MCF/LFINF/RSH3/RMT1/EWO/CV5/HEX:1", "kode_singkat": "MCF \\LFINF\\HEX:1", "koefisien": 1.0, "nilai_exposure": 716342942.01427996, "kelas_exposure": "> Rp638.909.581,39 - Rp1.136.724.268,30", "exposure_rank": 2, "kelas_gempa": "Sedang", "kelas_tsunami": "Sedang" }, "geometry": { "type": "Polygon", "coordinates": [ [ [ 105.2367736, -5.55247 ], [ 105.2368365, -5.5524443 ], [ 105.2368489, -5.5524709 ], [ 105.2369298, -5.5524381 ], [ 105.2369507, -5.5525071 ], [ 105.2369331, -5.5525138 ], [ 105.236936, -5.5525195 ], [ 105.2368993, -5.5525347 ], [ 105.2368974, -5.5525299 ], [ 105.2368089, -5.5525642 ], [ 105.2367736, -5.55247 ] ] ] } },
{ "type": "Feature", "properties": { "point_id": 185, "footprint_id": 830, "id_bangunan": "SDI-C49-049", "fungsi_bangunan": "Rumah Tinggal", "jumlah_lantai": 1, "tinggi_lantai": 4.0, "tinggi_total": 4.0, "luas_m2": 142.7, "jarak_match_m": 0.0, "metode_match": "within", "status_match": "OK", "blok": "C", "klas_fungsi": "Hunian", "material": "Pasang Bata", "struktur": "Rangka Beton Bertulang", "tipe_atap": "Kombinasi", "penutup_atap": "Genteng", "dinding": "Campuran", "kondisi": "Sedang Dibangun", "keyakinan": "Tinggi", "taksonomi": "MCF/LFINF/RSH8/RMT1/EWO/CV5/HEX:1", "kode_singkat": "MCF \\LFINF\\HEX:1", "koefisien": 1.0, "nilai_exposure": 853824708.47062004, "kelas_exposure": "> Rp638.909.581,39 - Rp1.136.724.268,30", "exposure_rank": 2, "kelas_gempa": "Sedang", "kelas_tsunami": "Sedang" }, "geometry": { "type": "Polygon", "coordinates": [ [ [ 105.2369531, -5.5523087 ], [ 105.237094, -5.5522696 ], [ 105.2370954, -5.5522734 ], [ 105.2371211, -5.5522649 ], [ 105.2371354, -5.5523263 ], [ 105.2371116, -5.5523325 ], [ 105.237113, -5.5523353 ], [ 105.2369774, -5.5523753 ], [ 105.2369679, -5.5523453 ], [ 105.2369622, -5.5523458 ], [ 105.2369531, -5.5523087 ] ] ] } },
{ "type": "Feature", "properties": { "point_id": 186, "footprint_id": 826, "id_bangunan": "SDI-C50-050", "fungsi_bangunan": "Rumah Tinggal", "jumlah_lantai": 1, "tinggi_lantai": 4.0, "tinggi_total": 4.0, "luas_m2": 170.08, "jarak_match_m": 0.0, "metode_match": "within", "status_match": "OK", "blok": "C", "klas_fungsi": "Hunian", "material": "Pasang Bata", "struktur": "Rangka Beton Bertulang", "tipe_atap": "Pelana", "penutup_atap": "Genteng", "dinding": "Bata Plaster", "kondisi": "Sedang", "keyakinan": "Tinggi", "taksonomi": "MCF/LFINF/RSH2/RMT1/EWMA/CV2/HEX:1", "kode_singkat": "MCF \\LFINF\\HEX:1", "koefisien": 1.0, "nilai_exposure": 1221494185.20804, "kelas_exposure": "> Rp1.136.724.268,30 - Rp1.856.590.180,23", "exposure_rank": 3, "kelas_gempa": "Tinggi", "kelas_tsunami": "Tinggi" }, "geometry": { "type": "Polygon", "coordinates": [ [ [ 105.2370797, -5.5520807 ], [ 105.2370949, -5.552143 ], [ 105.2370716, -5.5521483 ], [ 105.2370759, -5.5521645 ], [ 105.2370459, -5.5521697 ], [ 105.237044, -5.5521578 ], [ 105.2369117, -5.5521868 ], [ 105.2368951, -5.5521131 ], [ 105.2370416, -5.552085 ], [ 105.237044, -5.5520888 ], [ 105.2370797, -5.5520807 ] ] ] } },
{ "type": "Feature", "properties": { "point_id": 187, "footprint_id": 827, "id_bangunan": "SDI-C52-052", "fungsi_bangunan": "Rumah Tinggal", "jumlah_lantai": 1, "tinggi_lantai": 4.0, "tinggi_total": 4.0, "luas_m2": 243.33, "jarak_match_m": 0.0, "metode_match": "within", "status_match": "OK", "blok": "C", "klas_fungsi": "Hunian", "material": "Pasang Bata", "struktur": "Rangka Beton Bertulang", "tipe_atap": "Pelana", "penutup_atap": "Genteng", "dinding": "Campuran", "kondisi": "Sedang", "keyakinan": "Tinggi", "taksonomi": "MCF/LFINF/RSH2/RMT1/EWO/CV2/HEX:1", "kode_singkat": "MCF \\LFINF\\HEX:1", "koefisien": 1.0, "nilai_exposure": 978384250.34047997, "kelas_exposure": "> Rp638.909.581,39 - Rp1.136.724.268,30", "exposure_rank": 2, "kelas_gempa": "Tinggi", "kelas_tsunami": "Tinggi" }, "geometry": { "type": "Polygon", "coordinates": [ [ [ 105.2365182, -5.5520065 ], [ 105.2365767, -5.5519984 ], [ 105.2365757, -5.5519941 ], [ 105.2366043, -5.5519817 ], [ 105.2366371, -5.551976 ], [ 105.2366452, -5.552005 ], [ 105.2366633, -5.5520012 ], [ 105.2366676, -5.5520226 ], [ 105.2366709, -5.5520226 ], [ 105.2366795, -5.5520588 ], [ 105.2366909, -5.552094 ], [ 105.2366709, -5.5520988 ], [ 105.2366719, -5.5521035 ], [ 105.2366081, -5.5521169 ], [ 105.2366162, -5.5521478 ], [ 105.2365581, -5.5521645 ], [ 105.2365491, -5.5521307 ], [ 105.2365182, -5.5520065 ] ] ] } },
{ "type": "Feature", "properties": { "point_id": 188, "footprint_id": 824, "id_bangunan": "SDI-C53-053", "fungsi_bangunan": "Rumah Tinggal", "jumlah_lantai": 1, "tinggi_lantai": 4.0, "tinggi_total": 4.0, "luas_m2": 106.63, "jarak_match_m": 0.0, "metode_match": "within", "status_match": "OK", "blok": "C", "klas_fungsi": "Hunian", "material": "Campuran", "struktur": "Campuran", "tipe_atap": "Pelana", "penutup_atap": "Genteng", "dinding": "Campuran", "kondisi": "Sedang", "keyakinan": "Tinggi", "taksonomi": "MIX/LFINF/RSH2/RMT1/EWO/CV2/HEX:1", "kode_singkat": "MIX \\LFINF\\HEX:1", "koefisien": 1.0, "nilai_exposure": 618643097.19464004, "kelas_exposure": "Rp14.611.983,05 - Rp638.909.581,39", "exposure_rank": 1, "kelas_gempa": "Sedang", "kelas_tsunami": "Sedang" }, "geometry": { "type": "Polygon", "coordinates": [ [ [ 105.2369336, -5.5519356 ], [ 105.236955, -5.5520094 ], [ 105.2368389, -5.5520355 ], [ 105.2368223, -5.5519727 ], [ 105.2368351, -5.5519703 ], [ 105.2368327, -5.5519622 ], [ 105.2369336, -5.5519356 ] ] ] } },
{ "type": "Feature", "properties": { "point_id": 189, "footprint_id": 821, "id_bangunan": "SDI-C56-056", "fungsi_bangunan": "Rumah Tinggal", "jumlah_lantai": 1, "tinggi_lantai": 4.0, "tinggi_total": 4.0, "luas_m2": 8.23, "jarak_match_m": 7.17, "metode_match": "optimal_nearest", "status_match": "OK", "blok": "C", "klas_fungsi": "Hunian", "material": "Pasang Bata", "struktur": "Rangka Beton Bertulang", "tipe_atap": "Kombinasi", "penutup_atap": "Spandek", "dinding": "Bata Plaster", "kondisi": "Sedang", "keyakinan": "Tinggi", "taksonomi": "MCF/LFINF/RSH8/RMT6/EWMA/CV2/HEX:1", "kode_singkat": "MCF \\LFINF\\HEX:1", "koefisien": 1.0, "nilai_exposure": 422002993.646276, "kelas_exposure": "Rp14.611.983,05 - Rp638.909.581,39", "exposure_rank": 1, "kelas_gempa": "Rendah", "kelas_tsunami": "Rendah" }, "geometry": { "type": "Polygon", "coordinates": [ [ [ 105.2368665, -5.551847 ], [ 105.2368974, -5.551847 ], [ 105.2368974, -5.5518689 ], [ 105.2368703, -5.5518713 ], [ 105.2368665, -5.551847 ] ] ] } },
{ "type": "Feature", "properties": { "point_id": 190, "footprint_id": 800, "id_bangunan": "SDI-C57-057", "fungsi_bangunan": "Rumah Tinggal", "jumlah_lantai": 1, "tinggi_lantai": 4.0, "tinggi_total": 4.0, "luas_m2": 84.06, "jarak_match_m": 0.0, "metode_match": "within", "status_match": "OK", "blok": "C", "klas_fungsi": "Hunian", "material": "Pasang Bata", "struktur": "Rangka Beton Bertulang", "tipe_atap": "Limasan", "penutup_atap": "Genteng", "dinding": "Bata Plaster", "kondisi": "Sedang", "keyakinan": "Tinggi", "taksonomi": "MCF/LFINF/RSH3/RMT1/EWMA/CV2/HEX:1", "kode_singkat": "MCF \\LFINF\\HEX:1", "koefisien": 1.0, "nilai_exposure": 847286958.50300002, "kelas_exposure": "> Rp638.909.581,39 - Rp1.136.724.268,30", "exposure_rank": 2, "kelas_gempa": "Sedang", "kelas_tsunami": "Sedang" }, "geometry": { "type": "Polygon", "coordinates": [ [ [ 105.236437, -5.5519538 ], [ 105.2364791, -5.5519438 ], [ 105.2364862, -5.5519652 ], [ 105.2365733, -5.5519409 ], [ 105.2365861, -5.5519852 ], [ 105.2364534, -5.5520159 ], [ 105.236437, -5.5519538 ] ] ] } },
{ "type": "Feature", "properties": { "point_id": 191, "footprint_id": 799, "id_bangunan": "SDI-C58-058", "fungsi_bangunan": "Rumah Tinggal", "jumlah_lantai": 1, "tinggi_lantai": 4.0, "tinggi_total": 4.0, "luas_m2": 159.71, "jarak_match_m": 11.37, "metode_match": "optimal_nearest", "status_match": "OK", "blok": "C", "klas_fungsi": "Hunian", "material": "Pasang Bata", "struktur": "Rangka Beton Bertulang", "tipe_atap": "Pelana", "penutup_atap": "Genteng", "dinding": "Bata Ekspos", "kondisi": "Sedang Dibangun", "keyakinan": "Tinggi", "taksonomi": "MCF/LFINF/RSH2/RMT1/EWMA/CV5/HEX:1", "kode_singkat": "MCF \\LFINF\\HEX:1", "koefisien": 1.0, "nilai_exposure": 801753736.88054001, "kelas_exposure": "> Rp638.909.581,39 - Rp1.136.724.268,30", "exposure_rank": 2, "kelas_gempa": "Sedang", "kelas_tsunami": "Sedang" }, "geometry": { "type": "Polygon", "coordinates": [ [ [ 105.2363691, -5.5517646 ], [ 105.2364398, -5.5517496 ], [ 105.2364798, -5.5519259 ], [ 105.2364113, -5.5519438 ], [ 105.2363691, -5.5517646 ] ] ] } },
{ "type": "Feature", "properties": { "point_id": 192, "footprint_id": 819, "id_bangunan": "SDI-C59-059", "fungsi_bangunan": "Rumah Tinggal", "jumlah_lantai": 1, "tinggi_lantai": 4.0, "tinggi_total": 4.0, "luas_m2": 31.55, "jarak_match_m": 15.18, "metode_match": "optimal_nearest", "status_match": "PERLU_CEK", "blok": "C", "klas_fungsi": "Hunian", "material": "Pasang Bata", "struktur": "Rangka Beton Bertulang", "tipe_atap": "Pelana", "penutup_atap": "Genteng", "dinding": "Bata Ekspos", "kondisi": "Sedang", "keyakinan": "Tinggi", "taksonomi": "MCF/LFINF/RSH2/RMT1/EWMA/CV2/HEX:1", "kode_singkat": "MCF \\LFINF\\HEX:1", "koefisien": 1.0, "nilai_exposure": 562963036.06677997, "kelas_exposure": "Rp14.611.983,05 - Rp638.909.581,39", "exposure_rank": 1, "kelas_gempa": "Rendah", "kelas_tsunami": "Rendah" }, "geometry": { "type": "Polygon", "coordinates": [ [ [ 105.2366324, -5.5518818 ], [ 105.2366519, -5.5519232 ], [ 105.2365972, -5.5519436 ], [ 105.2365805, -5.5519022 ], [ 105.2366324, -5.5518818 ] ] ] } },
{ "type": "Feature", "properties": { "point_id": 193, "footprint_id": 708, "id_bangunan": "Blok C (SDI-C63-063)", "fungsi_bangunan": "Rumah Tinggal", "jumlah_lantai": 1, "tinggi_lantai": 4.0, "tinggi_total": 4.0, "luas_m2": 112.14, "jarak_match_m": 3.21, "metode_match": "optimal_nearest", "status_match": "OK", "blok": "C", "klas_fungsi": "Hunian", "material": "Pasang Bata", "struktur": "Dinding Pemikul", "tipe_atap": "Kombinasi", "penutup_atap": "Seng", "dinding": "Bata Ekspos", "kondisi": "Baik", "keyakinan": "Tinggi", "taksonomi": "MUR/LFINF/RSH8/RMT2/EWMA/CV1/HEX:1", "kode_singkat": "MUR \\LFINF\\HEX:1", "koefisien": 1.0, "nilai_exposure": 572269420.88714004, "kelas_exposure": "Rp14.611.983,05 - Rp638.909.581,39", "exposure_rank": 1, "kelas_gempa": "Rendah", "kelas_tsunami": "Rendah" }, "geometry": { "type": "Polygon", "coordinates": [ [ [ 105.2343985, -5.5512959 ], [ 105.2344532, -5.5512917 ], [ 105.234455, -5.5513134 ], [ 105.2345127, -5.5513072 ], [ 105.2345216, -5.5513759 ], [ 105.2344259, -5.5513881 ], [ 105.2344244, -5.5513776 ], [ 105.2344036, -5.5513785 ], [ 105.2343985, -5.5512959 ] ] ] } },
{ "type": "Feature", "properties": { "point_id": 194, "footprint_id": 737, "id_bangunan": "Blok C (SDI-C64-064)", "fungsi_bangunan": "Rumah Tinggal", "jumlah_lantai": 1, "tinggi_lantai": 4.0, "tinggi_total": 4.0, "luas_m2": 114.0, "jarak_match_m": 0.0, "metode_match": "within", "status_match": "OK", "blok": "C", "klas_fungsi": "Hunian", "material": "Beton Bertulang", "struktur": "Dinding Pemikul", "tipe_atap": "Kombinasi", "penutup_atap": "Genteng", "dinding": "Bata Plaster", "kondisi": "Baik", "keyakinan": "Tinggi", "taksonomi": "MCF/LFINF/RSH8/RMT1/EWMA/CV1/HEX:1", "kode_singkat": "MCF \\LFINF\\HEX:1", "koefisien": 1.0, "nilai_exposure": 572269420.88714004, "kelas_exposure": "Rp14.611.983,05 - Rp638.909.581,39", "exposure_rank": 1, "kelas_gempa": "Rendah", "kelas_tsunami": "Rendah" }, "geometry": { "type": "Polygon", "coordinates": [ [ [ 105.2342705, -5.5515503 ], [ 105.2343355, -5.5515261 ], [ 105.2343376, -5.5515339 ], [ 105.2343662, -5.5515253 ], [ 105.2343948, -5.5516089 ], [ 105.2343012, -5.551641 ], [ 105.2342705, -5.5515503 ] ] ] } },
{ "type": "Feature", "properties": { "point_id": 195, "footprint_id": 739, "id_bangunan": "Blok C (SDI-C65-065)", "fungsi_bangunan": "Rumah Tinggal", "jumlah_lantai": 1, "tinggi_lantai": 4.0, "tinggi_total": 4.0, "luas_m2": 199.42, "jarak_match_m": 1.51, "metode_match": "optimal_nearest", "status_match": "OK", "blok": "C", "klas_fungsi": "Hunian", "material": "Beton Bertulang", "struktur": "Rangka Beton Bertulang", "tipe_atap": "Pelana", "penutup_atap": "Genteng", "dinding": "Bata Ekspos", "kondisi": "Baik", "keyakinan": "Tinggi", "taksonomi": "MCF/LFINF/RSH2/RMT1/EWMA/CV1/HEX:1", "kode_singkat": "MCF \\LFINF\\HEX:1", "koefisien": 1.0, "nilai_exposure": 392150833.6715101, "kelas_exposure": "Rp14.611.983,05 - Rp638.909.581,39", "exposure_rank": 1, "kelas_gempa": "Rendah", "kelas_tsunami": "Rendah" }, "geometry": { "type": "Polygon", "coordinates": [ [ [ 105.234162, -5.551581 ], [ 105.2342291, -5.551556 ], [ 105.2342456, -5.551591 ], [ 105.2342734, -5.5515846 ], [ 105.2343141, -5.5517031 ], [ 105.2342127, -5.5517373 ], [ 105.234162, -5.551581 ] ] ] } },
{ "type": "Feature", "properties": { "point_id": 196, "footprint_id": 742, "id_bangunan": "Blok C (SDI-C66-066)", "fungsi_bangunan": "Rumah Tinggal", "jumlah_lantai": 1, "tinggi_lantai": 4.0, "tinggi_total": 4.0, "luas_m2": 78.12, "jarak_match_m": 1.58, "metode_match": "optimal_nearest", "status_match": "OK", "blok": "C", "klas_fungsi": "Hunian", "material": "Bambu", "struktur": "Rangka Kayu", "tipe_atap": "Pelana", "penutup_atap": "Genteng", "dinding": "Kayu", "kondisi": "Baik", "keyakinan": "Tinggi", "taksonomi": "W/LPB/RSH2/RMT1/EWW/CV1/HEX:1", "kode_singkat": "W \\LPB\\HEX:1", "koefisien": 1.0, "nilai_exposure": 306989786.91162604, "kelas_exposure": "Rp14.611.983,05 - Rp638.909.581,39", "exposure_rank": 1, "kelas_gempa": "Rendah", "kelas_tsunami": "Rendah" }, "geometry": { "type": "Polygon", "coordinates": [ [ [ 105.2340535, -5.5515774 ], [ 105.2341217, -5.5515689 ], [ 105.2341338, -5.5516374 ], [ 105.2341274, -5.5516374 ], [ 105.2341306, -5.551666 ], [ 105.2340778, -5.5516706 ], [ 105.2340742, -5.5516449 ], [ 105.23406, -5.5516438 ], [ 105.2340535, -5.5515774 ] ] ] } },
{ "type": "Feature", "properties": { "point_id": 197, "footprint_id": 1011, "id_bangunan": "Blok C (SDI-C67-067)", "fungsi_bangunan": "Rumah Tinggal", "jumlah_lantai": 1, "tinggi_lantai": 4.0, "tinggi_total": 4.0, "luas_m2": 63.7, "jarak_match_m": 0.0, "metode_match": "within", "status_match": "OK", "blok": "C", "klas_fungsi": "Hunian", "material": "Kayu", "struktur": "Rangka Kayu", "tipe_atap": "Pelana", "penutup_atap": "Genteng", "dinding": "Kayu", "kondisi": "Rusak Ringan", "keyakinan": "Tinggi", "taksonomi": "W/LPB/RSH2/RMT1/EWW/CV2/HEX:1", "kode_singkat": "W \\LPB\\HEX:1", "koefisien": 1.0, "nilai_exposure": 528532705.70586002, "kelas_exposure": "Rp14.611.983,05 - Rp638.909.581,39", "exposure_rank": 1, "kelas_gempa": "Rendah", "kelas_tsunami": "Rendah" }, "geometry": { "type": "Polygon", "coordinates": [ [ [ 105.2339336, -5.5515813 ], [ 105.2340055, -5.5515734 ], [ 105.2340134, -5.551645 ], [ 105.2339415, -5.5516529 ], [ 105.2339336, -5.5515813 ] ] ] } },
{ "type": "Feature", "properties": { "point_id": 198, "footprint_id": 702, "id_bangunan": "Blok C (SDI-C68-068)", "fungsi_bangunan": "Rumah Tinggal", "jumlah_lantai": 1, "tinggi_lantai": 4.0, "tinggi_total": 4.0, "luas_m2": 103.98, "jarak_match_m": 8.4, "metode_match": "optimal_nearest", "status_match": "OK", "blok": "C", "klas_fungsi": "Hunian", "material": "Pasang Bata", "struktur": "Rangka Beton Bertulang", "tipe_atap": "Pelana", "penutup_atap": "Genteng", "dinding": "Bata Ekspos", "kondisi": "Baik", "keyakinan": "Tinggi", "taksonomi": "MUR/LFINF/RSH2/RMT1/EWMA/CV1/HEX:1", "kode_singkat": "MUR \\LFINF\\HEX:1", "koefisien": 1.0, "nilai_exposure": 783896982.06106007, "kelas_exposure": "> Rp638.909.581,39 - Rp1.136.724.268,30", "exposure_rank": 2, "kelas_gempa": "Sedang", "kelas_tsunami": "Sedang" }, "geometry": { "type": "Polygon", "coordinates": [ [ [ 105.2336109, -5.5514207 ], [ 105.2336642, -5.5514012 ], [ 105.2336742, -5.5514226 ], [ 105.2336966, -5.5514164 ], [ 105.2337218, -5.5514735 ], [ 105.2336989, -5.5514821 ], [ 105.2337089, -5.5515088 ], [ 105.2336866, -5.5515178 ], [ 105.2336847, -5.5515126 ], [ 105.2336466, -5.5515268 ], [ 105.2336109, -5.5514207 ] ] ] } },
{ "type": "Feature", "properties": { "point_id": 199, "footprint_id": 748, "id_bangunan": "Blok C (SDI-C69-069)", "fungsi_bangunan": "Rumah Tinggal", "jumlah_lantai": 1, "tinggi_lantai": 4.0, "tinggi_total": 4.0, "luas_m2": 157.4, "jarak_match_m": 7.76, "metode_match": "optimal_nearest", "status_match": "OK", "blok": "C", "klas_fungsi": "Hunian", "material": "Pasang Bata", "struktur": "Dinding Pemikul", "tipe_atap": "Pelana", "penutup_atap": "Genteng", "dinding": "Bata Plaster", "kondisi": "Baik", "keyakinan": "Tinggi", "taksonomi": "MUR/LFINF/RSH2/RMT1/EWMA/CV1/HEX:1", "kode_singkat": "MUR \\LFINF\\HEX:1", "koefisien": 1.0, "nilai_exposure": 1054643194.19894, "kelas_exposure": "> Rp638.909.581,39 - Rp1.136.724.268,30", "exposure_rank": 2, "kelas_gempa": "Tinggi", "kelas_tsunami": "Tinggi" }, "geometry": { "type": "Polygon", "coordinates": [ [ [ 105.2334456, -5.5515961 ], [ 105.2334006, -5.5514576 ], [ 105.2334456, -5.5514462 ], [ 105.2334492, -5.5514605 ], [ 105.2334891, -5.5514491 ], [ 105.2334927, -5.5514612 ], [ 105.2335034, -5.5514605 ], [ 105.2335377, -5.5515633 ], [ 105.2334456, -5.5515961 ] ] ] } },
{ "type": "Feature", "properties": { "point_id": 200, "footprint_id": 1012, "id_bangunan": "Blok C (SDI-C70-070)", "fungsi_bangunan": "Rumah Tinggal", "jumlah_lantai": 1, "tinggi_lantai": 4.0, "tinggi_total": 4.0, "luas_m2": 273.78, "jarak_match_m": 0.0, "metode_match": "within", "status_match": "OK", "blok": "C", "klas_fungsi": "Hunian", "material": "Beton Bertulang", "struktur": "Dinding Pemikul", "tipe_atap": "Kombinasi", "penutup_atap": "Genteng", "dinding": "Bata Plaster", "kondisi": "Baik", "keyakinan": "Tinggi", "taksonomi": "MCF/LWAL/RSH8/RMT1/EWMA/CV1/HEX:1", "kode_singkat": "MCF \\LWAL\\HEX:1", "koefisien": 1.0, "nilai_exposure": 729203856.9993999, "kelas_exposure": "> Rp638.909.581,39 - Rp1.136.724.268,30", "exposure_rank": 2, "kelas_gempa": "Sedang", "kelas_tsunami": "Sedang" }, "geometry": { "type": "MultiPolygon", "coordinates": [ [ [ [ 105.2336549, -5.55188 ], [ 105.2335921, -5.5519105 ], [ 105.2335872, -5.5519005 ], [ 105.233571, -5.5519078 ], [ 105.2335862, -5.5519328 ], [ 105.2335561, -5.5519512 ], [ 105.2335378, -5.5519213 ], [ 105.2335641, -5.5519052 ], [ 105.233553, -5.5518806 ], [ 105.2334963, -5.5517672 ], [ 105.2335812, -5.5517247 ], [ 105.2336419, -5.5518462 ], [ 105.2336405, -5.5518469 ], [ 105.2336516, -5.5518716 ], [ 105.2336509, -5.5518719 ], [ 105.2336549, -5.55188 ] ] ], [ [ [ 105.2341186, -5.5515712 ], [ 105.2341277, -5.5516269 ], [ 105.2341279, -5.5516269 ], [ 105.2341281, -5.5516294 ], [ 105.2341292, -5.5516358 ], [ 105.2341287, -5.5516359 ], [ 105.2341309, -5.5516644 ], [ 105.2340901, -5.5516676 ], [ 105.2340881, -5.5516425 ], [ 105.2340673, -5.5516459 ], [ 105.2340568, -5.5515813 ], [ 105.2341186, -5.5515712 ] ] ] ] } },
{ "type": "Feature", "properties": { "point_id": 201, "footprint_id": 745, "id_bangunan": "Blok C (SDI-C71-071)", "fungsi_bangunan": "Rumah Tinggal", "jumlah_lantai": 1, "tinggi_lantai": 4.0, "tinggi_total": 4.0, "luas_m2": 145.26, "jarak_match_m": 4.91, "metode_match": "optimal_nearest", "status_match": "OK", "blok": "C", "klas_fungsi": "Hunian", "material": "Pasang Bata", "struktur": "Dinding Pemikul", "tipe_atap": "Kombinasi", "penutup_atap": "Genteng", "dinding": "Bata Plaster", "kondisi": "Baik", "keyakinan": "Tinggi", "taksonomi": "MCF/LWAL/RSH8/RMT1/EWMA/CV1/HEX:1", "kode_singkat": "MCF \\LWAL\\HEX:1", "koefisien": 1.0, "nilai_exposure": 467428467.51280802, "kelas_exposure": "Rp14.611.983,05 - Rp638.909.581,39", "exposure_rank": 1, "kelas_gempa": "Rendah", "kelas_tsunami": "Rendah" }, "geometry": { "type": "Polygon", "coordinates": [ [ [ 105.2335198, -5.551871 ], [ 105.2334434, -5.5519052 ], [ 105.2333756, -5.5517589 ], [ 105.2334342, -5.5517425 ], [ 105.2334641, -5.5518024 ], [ 105.2334827, -5.5517967 ], [ 105.2334877, -5.551806 ], [ 105.233497, -5.5518024 ], [ 105.2335191, -5.5518517 ], [ 105.233512, -5.551856 ], [ 105.2335198, -5.551871 ] ] ] } },
{ "type": "Feature", "properties": { "point_id": 202, "footprint_id": 1014, "id_bangunan": "Blok C (SDI-C72-072)", "fungsi_bangunan": "Rumah Tinggal", "jumlah_lantai": 1, "tinggi_lantai": 4.0, "tinggi_total": 4.0, "luas_m2": 93.11, "jarak_match_m": 0.0, "metode_match": "within", "status_match": "OK", "blok": "C", "klas_fungsi": "Hunian", "material": "Pasang Bata", "struktur": "Dinding Pemikul", "tipe_atap": "Pelana", "penutup_atap": "Seng", "dinding": "Bata Plaster", "kondisi": "Baik", "keyakinan": "Tinggi", "taksonomi": "MUR/LFINF/RSH2/RMT2/EWMA/CV1/HEX:1", "kode_singkat": "MUR \\LFINF\\HEX:1", "koefisien": 1.0, "nilai_exposure": 729203856.9993999, "kelas_exposure": "> Rp638.909.581,39 - Rp1.136.724.268,30", "exposure_rank": 2, "kelas_gempa": "Sedang", "kelas_tsunami": "Sedang" }, "geometry": { "type": "Polygon", "coordinates": [ [ [ 105.2334213, -5.5518934 ], [ 105.2333479, -5.5519248 ], [ 105.2333358, -5.5518965 ], [ 105.2333591, -5.5518865 ], [ 105.2333213, -5.5518132 ], [ 105.233375, -5.5517856 ], [ 105.2334174, -5.551868 ], [ 105.2334116, -5.5518709 ], [ 105.2334213, -5.5518934 ] ] ] } },
{ "type": "Feature", "properties": { "point_id": 203, "footprint_id": 1013, "id_bangunan": "Blok C (SDI-C73-073)", "fungsi_bangunan": "Rumah Tinggal", "jumlah_lantai": 1, "tinggi_lantai": 4.0, "tinggi_total": 4.0, "luas_m2": 145.88, "jarak_match_m": 0.0, "metode_match": "within", "status_match": "OK", "blok": "C", "klas_fungsi": "Hunian", "material": "Pasang Bata", "struktur": "Dinding Pemikul", "tipe_atap": "Pelana", "penutup_atap": "Genteng", "dinding": "Bata Plaster", "kondisi": "Baik", "keyakinan": "Tinggi", "taksonomi": "MUR/LFINF/RSH2/RMT1/EWMA/CV1/HEX:1", "kode_singkat": "MUR \\LFINF\\HEX:1", "koefisien": 1.0, "nilai_exposure": 1015300342.68058, "kelas_exposure": "> Rp638.909.581,39 - Rp1.136.724.268,30", "exposure_rank": 2, "kelas_gempa": "Tinggi", "kelas_tsunami": "Tinggi" }, "geometry": { "type": "Polygon", "coordinates": [ [ [ 105.2334374, -5.5517442 ], [ 105.2334635, -5.5518028 ], [ 105.2334665, -5.5518014 ], [ 105.2334675, -5.5518037 ], [ 105.2334998, -5.5517937 ], [ 105.2335235, -5.5518703 ], [ 105.2335018, -5.5518771 ], [ 105.2334415, -5.5519052 ], [ 105.2334126, -5.5518434 ], [ 105.2334124, -5.5518435 ], [ 105.2334062, -5.5518295 ], [ 105.2333796, -5.55177 ], [ 105.2334374, -5.5517442 ] ] ] } },
{ "type": "Feature", "properties": { "point_id": 204, "footprint_id": 1006, "id_bangunan": "Blok C (SDI-C74-074)", "fungsi_bangunan": "Rumah Tinggal", "jumlah_lantai": 1, "tinggi_lantai": 4.0, "tinggi_total": 4.0, "luas_m2": 202.25, "jarak_match_m": 6.06, "metode_match": "optimal_nearest", "status_match": "OK", "blok": "C", "klas_fungsi": "Hunian", "material": "Pasang Bata", "struktur": "Dinding Pemikul", "tipe_atap": "Pelana", "penutup_atap": "Seng", "dinding": "Bata Plaster", "kondisi": "Baik", "keyakinan": "Tinggi", "taksonomi": "MUR/LFINF/RSH2/RMT2/EWMA/CV1/HEX:1", "kode_singkat": "MUR \\LFINF\\HEX:1", "koefisien": 1.0, "nilai_exposure": 961841198.09078002, "kelas_exposure": "> Rp638.909.581,39 - Rp1.136.724.268,30", "exposure_rank": 2, "kelas_gempa": "Tinggi", "kelas_tsunami": "Tinggi" }, "geometry": { "type": "Polygon", "coordinates": [ [ [ 105.234129, -5.5512738 ], [ 105.2342212, -5.5512629 ], [ 105.234242, -5.5514396 ], [ 105.2341498, -5.5514504 ], [ 105.234129, -5.5512738 ] ] ] } },
{ "type": "Feature", "properties": { "point_id": 205, "footprint_id": 707, "id_bangunan": "Blok C (SDI-C75-075)", "fungsi_bangunan": "Rumah Tinggal", "jumlah_lantai": 1, "tinggi_lantai": 4.0, "tinggi_total": 4.0, "luas_m2": 191.6, "jarak_match_m": 0.0, "metode_match": "within", "status_match": "OK", "blok": "C", "klas_fungsi": "Hunian", "material": "Pasang Bata", "struktur": "Dinding Pemikul", "tipe_atap": "Kombinasi", "penutup_atap": "Seng", "dinding": "Bata Plaster", "kondisi": "Baik", "keyakinan": "Tinggi", "taksonomi": "MUR/LFINF/RSH8/RMT2/EWMA/CV1/HEX:1", "kode_singkat": "MUR \\LFINF\\HEX:1", "koefisien": 1.0, "nilai_exposure": 646865751.02656007, "kelas_exposure": "> Rp638.909.581,39 - Rp1.136.724.268,30", "exposure_rank": 2, "kelas_gempa": "Sedang", "kelas_tsunami": "Sedang" }, "geometry": { "type": "Polygon", "coordinates": [ [ [ 105.2342481, -5.551276 ], [ 105.2343428, -5.5512727 ], [ 105.2343452, -5.5513027 ], [ 105.2343961, -5.5513032 ], [ 105.2343994, -5.5513817 ], [ 105.2343485, -5.5513817 ], [ 105.2343485, -5.5513917 ], [ 105.2343385, -5.5513917 ], [ 105.23434, -5.5513983 ], [ 105.2343219, -5.5513988 ], [ 105.2343214, -5.5513936 ], [ 105.2342514, -5.551395 ], [ 105.2342481, -5.551276 ] ] ] } },
{ "type": "Feature", "properties": { "point_id": 206, "footprint_id": 816, "id_bangunan": "Blok C (SDI-C76-076)", "fungsi_bangunan": "Rumah Tinggal", "jumlah_lantai": 1, "tinggi_lantai": 4.0, "tinggi_total": 4.0, "luas_m2": 47.9, "jarak_match_m": 7.19, "metode_match": "optimal_nearest", "status_match": "OK", "blok": "C", "klas_fungsi": "Hunian", "material": "Pasang Bata", "struktur": "Dinding Pemikul", "tipe_atap": "Kombinasi", "penutup_atap": "Genteng", "dinding": "Bata Plaster", "kondisi": "Baik", "keyakinan": "Tinggi", "taksonomi": "MUR/LWAL/RSH8/RMT1/EWMA/CV1/HEX:1", "kode_singkat": "MUR \\LWAL\\HEX:1", "koefisien": 1.0, "nilai_exposure": 1385121276.13872, "kelas_exposure": "> Rp1.136.724.268,30 - Rp1.856.590.180,23", "exposure_rank": 3, "kelas_gempa": "Tinggi", "kelas_tsunami": "Tinggi" }, "geometry": { "type": "Polygon", "coordinates": [ [ [ 105.2362157, -5.5536413 ], [ 105.2362728, -5.5536199 ], [ 105.2362985, -5.5536827 ], [ 105.2362728, -5.5536963 ], [ 105.2362307, -5.553682 ], [ 105.2362157, -5.5536413 ] ] ] } },
{ "type": "Feature", "properties": { "point_id": 207, "footprint_id": 785, "id_bangunan": "Blok C (SDI-C78-078)", "fungsi_bangunan": "Rumah Tinggal", "jumlah_lantai": 1, "tinggi_lantai": 4.0, "tinggi_total": 4.0, "luas_m2": 275.92, "jarak_match_m": 0.17, "metode_match": "optimal_nearest", "status_match": "OK", "blok": "C", "klas_fungsi": "Hunian", "material": "Pasang Bata", "struktur": "Dinding Pemikul", "tipe_atap": "Kombinasi", "penutup_atap": "Genteng dan Seng", "dinding": "Campuran", "kondisi": "Baik", "keyakinan": "Tinggi", "taksonomi": "MUR/LWAL/RSH8/RMT1+RMT6/EWO/CV1/HEX:1", "kode_singkat": "MUR \\LWAL\\HEX:1", "koefisien": 1.0, "nilai_exposure": 1066664514.7463, "kelas_exposure": "> Rp638.909.581,39 - Rp1.136.724.268,30", "exposure_rank": 2, "kelas_gempa": "Tinggi", "kelas_tsunami": "Tinggi" }, "geometry": { "type": "Polygon", "coordinates": [ [ [ 105.2357562, -5.5534961 ], [ 105.2358258, -5.5534509 ], [ 105.2358383, -5.5534693 ], [ 105.2358716, -5.5534521 ], [ 105.2358615, -5.5534342 ], [ 105.2359174, -5.5534033 ], [ 105.235965, -5.5534806 ], [ 105.2359233, -5.5535056 ], [ 105.2359626, -5.5535573 ], [ 105.2358829, -5.5536073 ], [ 105.2358496, -5.5535562 ], [ 105.2358234, -5.5535704 ], [ 105.2358068, -5.5535437 ], [ 105.2357824, -5.5535514 ], [ 105.2357562, -5.5534961 ] ] ] } },
{ "type": "Feature", "properties": { "point_id": 208, "footprint_id": 784, "id_bangunan": "Blok C (SDI-C79-079)", "fungsi_bangunan": "Rumah Tinggal", "jumlah_lantai": 1, "tinggi_lantai": 4.0, "tinggi_total": 4.0, "luas_m2": 212.48, "jarak_match_m": 1.33, "metode_match": "optimal_nearest", "status_match": "OK", "blok": "C", "klas_fungsi": "Hunian", "material": "Beton Bertulang", "struktur": "Rangka Beton Bertulang", "tipe_atap": "Kombinasi", "penutup_atap": "Genteng dan Seng", "dinding": "Bata Plaster", "kondisi": "Baik", "keyakinan": "Tinggi", "taksonomi": "CR/LFM/RSH8/RMT1+RMT6/EWMA/CV1/HEX:1", "kode_singkat": "CR \\LFM\\HEX:1", "koefisien": 1.0, "nilai_exposure": 1066664514.7463, "kelas_exposure": "> Rp638.909.581,39 - Rp1.136.724.268,30", "exposure_rank": 2, "kelas_gempa": "Tinggi", "kelas_tsunami": "Tinggi" }, "geometry": { "type": "Polygon", "coordinates": [ [ [ 105.2357437, -5.5533485 ], [ 105.2357818, -5.5533277 ], [ 105.2357883, -5.5533384 ], [ 105.235852, -5.5533004 ], [ 105.2359007, -5.5533795 ], [ 105.235874, -5.5533991 ], [ 105.2358692, -5.5533938 ], [ 105.2357336, -5.5534723 ], [ 105.2357068, -5.5534223 ], [ 105.2357235, -5.553414 ], [ 105.2357044, -5.5533783 ], [ 105.2357437, -5.5533485 ] ] ] } },
{ "type": "Feature", "properties": { "point_id": 209, "footprint_id": 783, "id_bangunan": "Blok C (SDI-C80-080)", "fungsi_bangunan": "Rumah Tinggal", "jumlah_lantai": 1, "tinggi_lantai": 4.0, "tinggi_total": 4.0, "luas_m2": 97.3, "jarak_match_m": 2.84, "metode_match": "optimal_nearest", "status_match": "OK", "blok": "C", "klas_fungsi": "Hunian", "material": "Pasang Bata", "struktur": "Dinding Pemikul", "tipe_atap": "Pelana", "penutup_atap": "Seng", "dinding": "Bata Plaster", "kondisi": "Baik", "keyakinan": "Tinggi", "taksonomi": "MUR/LWAL/RSH2/RMT2/EWMA/CV1/HEX:1", "kode_singkat": "MUR \\LWAL\\HEX:1", "koefisien": 1.0, "nilai_exposure": 816985750.65437996, "kelas_exposure": "> Rp638.909.581,39 - Rp1.136.724.268,30", "exposure_rank": 2, "kelas_gempa": "Sedang", "kelas_tsunami": "Sedang" }, "geometry": { "type": "Polygon", "coordinates": [ [ [ 105.235711, -5.5532676 ], [ 105.2357919, -5.5532224 ], [ 105.23583, -5.5532873 ], [ 105.2357966, -5.5533051 ], [ 105.2357919, -5.5533004 ], [ 105.2357235, -5.5533361 ], [ 105.2357027, -5.5532998 ], [ 105.2357068, -5.553298 ], [ 105.2356961, -5.5532795 ], [ 105.235711, -5.5532676 ] ] ] } },
{ "type": "Feature", "properties": { "point_id": 210, "footprint_id": 810, "id_bangunan": "Blok C (SDI-C81-081)", "fungsi_bangunan": "Rumah Tinggal", "jumlah_lantai": 1, "tinggi_lantai": 4.0, "tinggi_total": 4.0, "luas_m2": 162.75, "jarak_match_m": 3.74, "metode_match": "optimal_nearest", "status_match": "OK", "blok": "C", "klas_fungsi": "Hunian", "material": "Beton Bertulang", "struktur": "Dinding Pemikul", "tipe_atap": "Pelana", "penutup_atap": "Genteng", "dinding": "Bata Plaster", "kondisi": "Baik", "keyakinan": "Tinggi", "taksonomi": "MCF/LWAL/RSH2/RMT1/EWMA/CV1/HEX:1", "kode_singkat": "MCF \\LWAL\\HEX:1", "koefisien": 1.0, "nilai_exposure": 1385121276.13872, "kelas_exposure": "> Rp1.136.724.268,30 - Rp1.856.590.180,23", "exposure_rank": 3, "kelas_gempa": "Tinggi", "kelas_tsunami": "Tinggi" }, "geometry": { "type": "Polygon", "coordinates": [ [ [ 105.2361307, -5.5531809 ], [ 105.2363085, -5.5531445 ], [ 105.2363135, -5.5531687 ], [ 105.2362985, -5.5531723 ], [ 105.2363113, -5.5532308 ], [ 105.2362514, -5.5532458 ], [ 105.2362506, -5.5532323 ], [ 105.2361607, -5.5532544 ], [ 105.236155, -5.5532223 ], [ 105.2361371, -5.5532266 ], [ 105.2361307, -5.5531809 ] ] ] } },
{ "type": "Feature", "properties": { "point_id": 211, "footprint_id": 786, "id_bangunan": "Blok C (SDI-C83-083)", "fungsi_bangunan": "Rumah Tinggal", "jumlah_lantai": 1, "tinggi_lantai": 4.0, "tinggi_total": 4.0, "luas_m2": 384.42, "jarak_match_m": 9.96, "metode_match": "optimal_nearest", "status_match": "OK", "blok": "C", "klas_fungsi": "Hunian", "material": "Pasang Bata", "struktur": "Dinding Pemikul", "tipe_atap": "Pelana", "penutup_atap": "Genteng", "dinding": "Bata Ekspos", "kondisi": "Baik", "keyakinan": "Tinggi", "taksonomi": "MUR/LFINF/RSH2/RMT1/EWMA/CV1/HEX:1", "kode_singkat": "MUR \\LFINF\\HEX:1", "koefisien": 1.09, "nilai_exposure": 1445800752.919981, "kelas_exposure": "> Rp1.136.724.268,30 - Rp1.856.590.180,23", "exposure_rank": 3, "kelas_gempa": "Tinggi", "kelas_tsunami": "Tinggi" }, "geometry": { "type": "Polygon", "coordinates": [ [ [ 105.2360191, -5.5538221 ], [ 105.2359959, -5.5538328 ], [ 105.2359222, -5.5536989 ], [ 105.2359501, -5.5536841 ], [ 105.2359341, -5.5536591 ], [ 105.2360185, -5.5536145 ], [ 105.236031, -5.5536359 ], [ 105.2360667, -5.5536174 ], [ 105.2361548, -5.5537697 ], [ 105.2360286, -5.5538381 ], [ 105.2360191, -5.5538221 ] ] ] } },
{ "type": "Feature", "properties": { "point_id": 212, "footprint_id": 782, "id_bangunan": "Blok C (SDI-C84-084)", "fungsi_bangunan": "Rumah Tinggal", "jumlah_lantai": 2, "tinggi_lantai": 4.0, "tinggi_total": 8.0, "luas_m2": 264.23, "jarak_match_m": 0.0, "metode_match": "within", "status_match": "OK", "blok": "C", "klas_fungsi": "Hunian", "material": "Beton Bertulang", "struktur": "Rangka Beton Bertulang", "tipe_atap": "Kombinasi", "penutup_atap": "Seng", "dinding": "Bata Plaster", "kondisi": "Baik", "keyakinan": "Tinggi", "taksonomi": "MCF/LWAL/RSH8/RMT2/EWMA/CV1/HEX:2", "kode_singkat": "MCF \\LWAL\\HEX:2", "koefisien": 1.09, "nilai_exposure": 1181697318.4100649, "kelas_exposure": "> Rp1.136.724.268,30 - Rp1.856.590.180,23", "exposure_rank": 3, "kelas_gempa": "Tinggi", "kelas_tsunami": "Tinggi" }, "geometry": { "type": "Polygon", "coordinates": [ [ [ 105.2356557, -5.5531094 ], [ 105.2357437, -5.5530666 ], [ 105.2357592, -5.5530975 ], [ 105.2357657, -5.5530951 ], [ 105.2357746, -5.553113 ], [ 105.2357812, -5.5531094 ], [ 105.2357901, -5.5531308 ], [ 105.2358014, -5.5531261 ], [ 105.2357901, -5.5531047 ], [ 105.2358317, -5.5530815 ], [ 105.2358454, -5.5531023 ], [ 105.2358722, -5.5530904 ], [ 105.23589, -5.5531237 ], [ 105.2358698, -5.5531326 ], [ 105.2358728, -5.5531374 ], [ 105.2357919, -5.5531832 ], [ 105.2357877, -5.5531737 ], [ 105.2357134, -5.5532093 ], [ 105.2357205, -5.5532212 ], [ 105.2356485, -5.5532587 ], [ 105.2356271, -5.5532147 ], [ 105.2356539, -5.553201 ], [ 105.2356491, -5.5531921 ], [ 105.2356896, -5.5531719 ], [ 105.2356557, -5.5531094 ] ] ] } },
{ "type": "Feature", "properties": { "point_id": 213, "footprint_id": 781, "id_bangunan": "Blok C (SDI-C85-085)", "fungsi_bangunan": "Rumah Tinggal", "jumlah_lantai": 2, "tinggi_lantai": 4.0, "tinggi_total": 8.0, "luas_m2": 215.96, "jarak_match_m": 1.95, "metode_match": "optimal_nearest", "status_match": "OK", "blok": "C", "klas_fungsi": "Hunian", "material": "Beton Bertulang", "struktur": "Rangka Beton Bertulang", "tipe_atap": "Kombinasi", "penutup_atap": "Seng", "dinding": "Bata Plaster", "kondisi": "Baik", "keyakinan": "Tinggi", "taksonomi": "MCF/LWAL/RSH8/RMT2/EWMA/CV1/HEX:2", "kode_singkat": "MCF \\LWAL\\HEX:2", "koefisien": 1.0, "nilai_exposure": 692535438.92435992, "kelas_exposure": "> Rp638.909.581,39 - Rp1.136.724.268,30", "exposure_rank": 2, "kelas_gempa": "Sedang", "kelas_tsunami": "Sedang" }, "geometry": { "type": "Polygon", "coordinates": [ [ [ 105.2355962, -5.5530006 ], [ 105.2356884, -5.552947 ], [ 105.2356973, -5.5529613 ], [ 105.2357431, -5.5529381 ], [ 105.2357485, -5.5529476 ], [ 105.2357746, -5.5529351 ], [ 105.2358062, -5.5529976 ], [ 105.2357342, -5.5530345 ], [ 105.2357389, -5.5530452 ], [ 105.2356444, -5.553091 ], [ 105.2355962, -5.5530006 ] ] ] } },
{ "type": "Feature", "properties": { "point_id": 214, "footprint_id": 780, "id_bangunan": "Blok C (SDI-C86-086)", "fungsi_bangunan": "Rumah Tinggal", "jumlah_lantai": 1, "tinggi_lantai": 4.0, "tinggi_total": 4.0, "luas_m2": 137.96, "jarak_match_m": 0.0, "metode_match": "within", "status_match": "OK", "blok": "C", "klas_fungsi": "Hunian", "material": "Beton Bertulang", "struktur": "Dinding Pemikul", "tipe_atap": "Kombinasi", "penutup_atap": "Genteng dan Seng", "dinding": "Bata Plaster", "kondisi": "Baik", "keyakinan": "Tinggi", "taksonomi": "MCF/LWAL/RSH8/RMT1+RMT6/EWMA/CV1/HEX:1", "kode_singkat": "MCF \\LWAL\\HEX:1", "koefisien": 1.0, "nilai_exposure": 1869585472.71506, "kelas_exposure": "> Rp1.856.590.180,23 - < Rp11.941.713.042,64", "exposure_rank": 4, "kelas_gempa": "Tinggi", "kelas_tsunami": "Tinggi" }, "geometry": { "type": "Polygon", "coordinates": [ [ [ 105.2354962, -5.5528596 ], [ 105.2356075, -5.5528114 ], [ 105.2356461, -5.5528953 ], [ 105.2355317, -5.5529437 ], [ 105.2354962, -5.5528596 ] ] ] } },
{ "type": "Feature", "properties": { "point_id": 215, "footprint_id": 813, "id_bangunan": "Blok C (SDI-C89-089)", "fungsi_bangunan": "Rumah Tinggal", "jumlah_lantai": 1, "tinggi_lantai": 4.0, "tinggi_total": 4.0, "luas_m2": 113.6, "jarak_match_m": 5.06, "metode_match": "optimal_nearest", "status_match": "OK", "blok": "C", "klas_fungsi": "Hunian", "material": "Pasang Bata", "struktur": "Dinding Pemikul", "tipe_atap": "Pelana", "penutup_atap": "Genteng dan Seng", "dinding": "Bata Plaster", "kondisi": "Baik", "keyakinan": "Tinggi", "taksonomi": "MUR/LFM/RSH2/RMT1+RMT6/EWMA/CV1/HEX:1", "kode_singkat": "MUR \\LFM\\HEX:1", "koefisien": 1.0, "nilai_exposure": 1869585472.71506, "kelas_exposure": "> Rp1.856.590.180,23 - < Rp11.941.713.042,64", "exposure_rank": 4, "kelas_gempa": "Tinggi", "kelas_tsunami": "Tinggi" }, "geometry": { "type": "Polygon", "coordinates": [ [ [ 105.236337, -5.5534793 ], [ 105.2364291, -5.5534557 ], [ 105.2364519, -5.5535578 ], [ 105.2364305, -5.5535642 ], [ 105.2364341, -5.5535813 ], [ 105.2363906, -5.5535899 ], [ 105.2363756, -5.5535242 ], [ 105.2363463, -5.5535285 ], [ 105.236337, -5.5534793 ] ] ] } },
{ "type": "Feature", "properties": { "point_id": 216, "footprint_id": 815, "id_bangunan": "Blok C (SDI-C90-090)", "fungsi_bangunan": "Rumah Tinggal", "jumlah_lantai": 1, "tinggi_lantai": 4.0, "tinggi_total": 4.0, "luas_m2": 138.49, "jarak_match_m": 3.76, "metode_match": "optimal_nearest", "status_match": "OK", "blok": "C", "klas_fungsi": "Hunian", "material": "Pasang Bata", "struktur": "Dinding Pemikul", "tipe_atap": "Kombinasi", "penutup_atap": "Seng", "dinding": "Bata Ekspos", "kondisi": "Baik", "keyakinan": "Tinggi", "taksonomi": "MUR/LFINF/RSH8/RMT2/EWMA/CV1/HEX:1", "kode_singkat": "MUR \\LFINF\\HEX:1", "koefisien": 1.0, "nilai_exposure": 622710884.99052, "kelas_exposure": "Rp14.611.983,05 - Rp638.909.581,39", "exposure_rank": 1, "kelas_gempa": "Sedang", "kelas_tsunami": "Sedang" }, "geometry": { "type": "Polygon", "coordinates": [ [ [ 105.2364351, -5.5534827 ], [ 105.2365212, -5.5534735 ], [ 105.2365419, -5.5536042 ], [ 105.2365355, -5.5536049 ], [ 105.236539, -5.553622 ], [ 105.2364805, -5.5536299 ], [ 105.2364762, -5.5536077 ], [ 105.2364705, -5.5536077 ], [ 105.2364641, -5.5535521 ], [ 105.2364502, -5.5535501 ], [ 105.2364351, -5.5534827 ] ] ] } },
{ "type": "Feature", "properties": { "point_id": 217, "footprint_id": 855, "id_bangunan": "Blok C (SDI-C91-091)", "fungsi_bangunan": "Rumah Tinggal", "jumlah_lantai": 1, "tinggi_lantai": 4.0, "tinggi_total": 4.0, "luas_m2": 124.05, "jarak_match_m": 1.65, "metode_match": "optimal_nearest", "status_match": "OK", "blok": null, "klas_fungsi": null, "material": null, "struktur": null, "tipe_atap": null, "penutup_atap": null, "dinding": null, "kondisi": null, "keyakinan": null, "taksonomi": null, "kode_singkat": null, "koefisien": null, "nilai_exposure": null, "kelas_exposure": null, "exposure_rank": 0, "kelas_gempa": "Tidak Terdampak", "kelas_tsunami": "Tidak Terdampak" }, "geometry": { "type": "Polygon", "coordinates": [ [ [ 105.2369545, -5.553382 ], [ 105.2369515, -5.5533701 ], [ 105.2369854, -5.5533582 ], [ 105.2369878, -5.5533671 ], [ 105.2370496, -5.5533487 ], [ 105.2370669, -5.5533975 ], [ 105.2370496, -5.5534028 ], [ 105.2370556, -5.5534153 ], [ 105.2369342, -5.5534635 ], [ 105.2369134, -5.5534022 ], [ 105.2369217, -5.5533998 ], [ 105.2369205, -5.5533927 ], [ 105.2369545, -5.553382 ] ] ] } },
{ "type": "Feature", "properties": { "point_id": 218, "footprint_id": 854, "id_bangunan": "Blok C (SDI-C92-092)", "fungsi_bangunan": "Rumah Tinggal", "jumlah_lantai": 1, "tinggi_lantai": 4.0, "tinggi_total": 4.0, "luas_m2": 184.01, "jarak_match_m": 10.27, "metode_match": "optimal_nearest", "status_match": "OK", "blok": null, "klas_fungsi": null, "material": null, "struktur": null, "tipe_atap": null, "penutup_atap": null, "dinding": null, "kondisi": null, "keyakinan": null, "taksonomi": null, "kode_singkat": null, "koefisien": null, "nilai_exposure": null, "kelas_exposure": null, "exposure_rank": 0, "kelas_gempa": "Tidak Terdampak", "kelas_tsunami": "Tidak Terdampak" }, "geometry": { "type": "Polygon", "coordinates": [ [ [ 105.2368783, -5.5532648 ], [ 105.2370056, -5.5532166 ], [ 105.2370133, -5.5532428 ], [ 105.2370371, -5.5532351 ], [ 105.2370597, -5.5532993 ], [ 105.2370484, -5.5533035 ], [ 105.2370514, -5.5533106 ], [ 105.2370342, -5.5533166 ], [ 105.2370401, -5.553332 ], [ 105.2370062, -5.5533415 ], [ 105.2370009, -5.5533273 ], [ 105.2369634, -5.553338 ], [ 105.2369527, -5.5533112 ], [ 105.2369003, -5.5533314 ], [ 105.2368973, -5.5533225 ], [ 105.236886, -5.5533273 ], [ 105.2368688, -5.5532755 ], [ 105.2368807, -5.5532713 ], [ 105.2368783, -5.5532648 ] ] ] } },
{ "type": "Feature", "properties": { "point_id": 219, "footprint_id": 490, "id_bangunan": "Blok C (SDI-C93-093)", "fungsi_bangunan": "Rumah Tinggal", "jumlah_lantai": 1, "tinggi_lantai": 4.0, "tinggi_total": 4.0, "luas_m2": 471.73, "jarak_match_m": 2302.31, "metode_match": "optimal_nearest", "status_match": "PERLU_CEK", "blok": "C", "klas_fungsi": "Hunian", "material": "Pasang Bata", "struktur": "Dinding Pemikul", "tipe_atap": "Kombinasi", "penutup_atap": "Genteng", "dinding": "Bata Ekspos", "kondisi": "Baik", "keyakinan": "Tinggi", "taksonomi": "MUR/LFINF/RSH8/RMT1/EWMA/CV1/HEX:1", "kode_singkat": "MUR \\LFINF\\HEX:1", "koefisien": 1.0, "nilai_exposure": 581525868.16815996, "kelas_exposure": "Rp14.611.983,05 - Rp638.909.581,39", "exposure_rank": 1, "kelas_gempa": "Sedang", "kelas_tsunami": "Sedang" }, "geometry": { "type": "Polygon", "coordinates": [ [ [ 105.2443978, -5.5427074 ], [ 105.2446738, -5.5426722 ], [ 105.2446976, -5.5428036 ], [ 105.2444273, -5.5428502 ], [ 105.2443978, -5.5427074 ] ] ] } },
{ "type": "Feature", "properties": { "point_id": 220, "footprint_id": 851, "id_bangunan": "Blok C (SDI-C94-094)", "fungsi_bangunan": "Rumah Tinggal", "jumlah_lantai": 1, "tinggi_lantai": 4.0, "tinggi_total": 4.0, "luas_m2": 115.84, "jarak_match_m": 8.13, "metode_match": "optimal_nearest", "status_match": "OK", "blok": "C", "klas_fungsi": "Hunian", "material": "Pasang Bata", "struktur": "Dinding Pemikul", "tipe_atap": "Kombinasi", "penutup_atap": "Genteng dan Seng", "dinding": "Bata Plaster", "kondisi": "Baik", "keyakinan": "Tinggi", "taksonomi": "MUR/LFM/RSH8/RMT1+RMT6/EWMA/CV1/HEX:1", "kode_singkat": "MUR \\LFM\\HEX:1", "koefisien": 1.0, "nilai_exposure": 1056699972.8763, "kelas_exposure": "> Rp638.909.581,39 - Rp1.136.724.268,30", "exposure_rank": 2, "kelas_gempa": "Tinggi", "kelas_tsunami": "Tinggi" }, "geometry": { "type": "Polygon", "coordinates": [ [ [ 105.2367641, -5.5530501 ], [ 105.2368777, -5.5530233 ], [ 105.2368783, -5.5530263 ], [ 105.2369003, -5.5530203 ], [ 105.2369092, -5.5530554 ], [ 105.2368843, -5.5530631 ], [ 105.2368914, -5.5530911 ], [ 105.2367891, -5.5531185 ], [ 105.2367873, -5.5531101 ], [ 105.2367611, -5.5531173 ], [ 105.2367534, -5.5530905 ], [ 105.2367742, -5.5530846 ], [ 105.2367641, -5.5530501 ] ] ] } },
{ "type": "Feature", "properties": { "point_id": 221, "footprint_id": 814, "id_bangunan": "Blok C (SDI-C95-095)", "fungsi_bangunan": "Rumah Tinggal", "jumlah_lantai": 1, "tinggi_lantai": 4.0, "tinggi_total": 4.0, "luas_m2": 120.34, "jarak_match_m": 30.71, "metode_match": "optimal_nearest", "status_match": "PERLU_CEK", "blok": "C", "klas_fungsi": "Hunian", "material": "Pasang Bata", "struktur": "Dinding Pemikul", "tipe_atap": "Pelana", "penutup_atap": "Seng", "dinding": "Bata Ekspos", "kondisi": "Baik", "keyakinan": "Tinggi", "taksonomi": "MUR/LFINF/RSH2/RMT2/EWMA/CV1/HEX:1", "kode_singkat": "MUR \\LFINF\\HEX:1", "koefisien": 1.0, "nilai_exposure": 691287909.61808002, "kelas_exposure": "> Rp638.909.581,39 - Rp1.136.724.268,30", "exposure_rank": 2, "kelas_gempa": "Sedang", "kelas_tsunami": "Sedang" }, "geometry": { "type": "Polygon", "coordinates": [ [ [ 105.2364291, -5.5534557 ], [ 105.236337, -5.5534793 ], [ 105.236322, -5.5534293 ], [ 105.236347, -5.55342 ], [ 105.236337, -5.55339 ], [ 105.2364334, -5.5533665 ], [ 105.2364569, -5.5534471 ], [ 105.2364291, -5.5534557 ] ] ] } },
{ "type": "Feature", "properties": { "point_id": 222, "footprint_id": 811, "id_bangunan": "Blok C (SDI-C96-096)", "fungsi_bangunan": "Rumah Tinggal", "jumlah_lantai": 1, "tinggi_lantai": 4.0, "tinggi_total": 4.0, "luas_m2": 204.3, "jarak_match_m": 7.3, "metode_match": "optimal_nearest", "status_match": "OK", "blok": null, "klas_fungsi": null, "material": null, "struktur": null, "tipe_atap": null, "penutup_atap": null, "dinding": null, "kondisi": null, "keyakinan": null, "taksonomi": null, "kode_singkat": null, "koefisien": null, "nilai_exposure": null, "kelas_exposure": null, "exposure_rank": 0, "kelas_gempa": "Tidak Terdampak", "kelas_tsunami": "Tidak Terdampak" }, "geometry": { "type": "Polygon", "coordinates": [ [ [ 105.2363077, -5.5533279 ], [ 105.2362456, -5.5533386 ], [ 105.2362378, -5.5533101 ], [ 105.2362449, -5.5533079 ], [ 105.2362385, -5.5532672 ], [ 105.2363913, -5.553233 ], [ 105.2364212, -5.5533508 ], [ 105.2363206, -5.55337 ], [ 105.2363077, -5.5533279 ] ] ] } },
{ "type": "Feature", "properties": { "point_id": 223, "footprint_id": 491, "id_bangunan": "Blok C (SDI-C97-097)", "fungsi_bangunan": "Rumah Tinggal", "jumlah_lantai": 1, "tinggi_lantai": 4.0, "tinggi_total": 4.0, "luas_m2": 174.11, "jarak_match_m": 35355.96, "metode_match": "optimal_nearest", "status_match": "PERLU_CEK", "blok": "C", "klas_fungsi": "Hunian", "material": "Beton Bertulang", "struktur": "Rangka Beton Bertulang", "tipe_atap": "Kombinasi", "penutup_atap": "Genteng dan Seng", "dinding": "Bata Ekspos", "kondisi": "Baik", "keyakinan": "Tinggi", "taksonomi": "MCF/LFINF/RSH8/RMT1+RMT6/EWMA/CV1/HEX:1", "kode_singkat": "MCF \\LFINF\\HEX:1", "koefisien": 1.0, "nilai_exposure": 601293982.41041994, "kelas_exposure": "Rp14.611.983,05 - Rp638.909.581,39", "exposure_rank": 1, "kelas_gempa": "Sedang", "kelas_tsunami": "Sedang" }, "geometry": { "type": "Polygon", "coordinates": [ [ [ 105.2447395, -5.5426846 ], [ 105.2447918, -5.542676 ], [ 105.2448679, -5.5426617 ], [ 105.2448689, -5.5426598 ], [ 105.2448879, -5.5427664 ], [ 105.2447575, -5.5427921 ], [ 105.2447395, -5.5426846 ] ] ] } },
{ "type": "Feature", "properties": { "point_id": 224, "footprint_id": 834, "id_bangunan": "Blok C (SDI-C98-098)", "fungsi_bangunan": "Rumah Tinggal", "jumlah_lantai": 1, "tinggi_lantai": 4.0, "tinggi_total": 4.0, "luas_m2": 119.78, "jarak_match_m": 2.07, "metode_match": "optimal_nearest", "status_match": "OK", "blok": "C", "klas_fungsi": "Hunian", "material": "Pasang Bata", "struktur": "Dinding Pemikul", "tipe_atap": "Pelana", "penutup_atap": "Genteng dan Seng", "dinding": "Bata Plaster", "kondisi": "Baik", "keyakinan": "Tinggi", "taksonomi": "MUR/LFINF/RSH2/RMT1+RMT6/EWMA/CV1/HEX:1", "kode_singkat": "MUR \\LFINF\\HEX:1", "koefisien": 1.0, "nilai_exposure": 1292963162.0676401, "kelas_exposure": "> Rp1.136.724.268,30 - Rp1.856.590.180,23", "exposure_rank": 3, "kelas_gempa": "Tinggi", "kelas_tsunami": "Tinggi" }, "geometry": { "type": "Polygon", "coordinates": [ [ [ 105.2366936, -5.5527322 ], [ 105.2368071, -5.5526958 ], [ 105.2368356, -5.5527822 ], [ 105.2368099, -5.5527879 ], [ 105.23679, -5.5527964 ], [ 105.2367842, -5.5527807 ], [ 105.2367129, -5.552805 ], [ 105.2366936, -5.5527322 ] ] ] } },
{ "type": "Feature", "properties": { "point_id": 225, "footprint_id": 808, "id_bangunan": "Blok C (SDI-C99-099)", "fungsi_bangunan": "Rumah Tinggal", "jumlah_lantai": 1, "tinggi_lantai": 4.0, "tinggi_total": 4.0, "luas_m2": 137.71, "jarak_match_m": 8.19, "metode_match": "optimal_nearest", "status_match": "OK", "blok": "C", "klas_fungsi": "Hunian", "material": "Pasang Bata", "struktur": "Dinding Pemikul", "tipe_atap": "Kombinasi", "penutup_atap": "Seng", "dinding": "Bata Ekspos", "kondisi": "Baik", "keyakinan": "Tinggi", "taksonomi": "MUR/LFINF/RSH8/RMT2/EWMA/CV1/HEX:1", "kode_singkat": "MUR \\LFINF\\HEX:1", "koefisien": 1.0, "nilai_exposure": 1202493952.9314802, "kelas_exposure": "> Rp1.136.724.268,30 - Rp1.856.590.180,23", "exposure_rank": 3, "kelas_gempa": "Tinggi", "kelas_tsunami": "Tinggi" }, "geometry": { "type": "Polygon", "coordinates": [ [ [ 105.2364005, -5.553046 ], [ 105.2364541, -5.553188 ], [ 105.2364141, -5.5532009 ], [ 105.2364113, -5.5531909 ], [ 105.2363827, -5.5532016 ], [ 105.2363634, -5.5531452 ], [ 105.2363513, -5.553148 ], [ 105.2363227, -5.5530759 ], [ 105.2364005, -5.553046 ] ] ] } },
{ "type": "Feature", "properties": { "point_id": 226, "footprint_id": 833, "id_bangunan": "Blok C (SDI-C100-100)", "fungsi_bangunan": "Rumah Tinggal", "jumlah_lantai": 1, "tinggi_lantai": 4.0, "tinggi_total": 4.0, "luas_m2": 239.54, "jarak_match_m": 7.48, "metode_match": "optimal_nearest", "status_match": "OK", "blok": "C", "klas_fungsi": "Hunian", "material": "Pasang Bata", "struktur": "Dinding Pemikul", "tipe_atap": "Kombinasi", "penutup_atap": "Seng", "dinding": "Bata Plaster", "kondisi": "Baik", "keyakinan": "Tinggi", "taksonomi": "MUR/LWAL/RSH8/RMT2/EWMA/CV1/HEX:1", "kode_singkat": "MUR \\LWAL\\HEX:1", "koefisien": 1.0, "nilai_exposure": 1166584333.9252999, "kelas_exposure": "> Rp1.136.724.268,30 - Rp1.856.590.180,23", "exposure_rank": 3, "kelas_gempa": "Tinggi", "kelas_tsunami": "Tinggi" }, "geometry": { "type": "Polygon", "coordinates": [ [ [ 105.2364944, -5.5526316 ], [ 105.2367293, -5.5525502 ], [ 105.2367621, -5.5526173 ], [ 105.2366393, -5.5526708 ], [ 105.2366458, -5.5526815 ], [ 105.2366065, -5.5526937 ], [ 105.2365951, -5.552663 ], [ 105.2365194, -5.5526965 ], [ 105.2364944, -5.5526316 ] ] ] } },
{ "type": "Feature", "properties": { "point_id": 227, "footprint_id": 803, "id_bangunan": "Blok C (SDI-C101-101)", "fungsi_bangunan": "Rumah Tinggal", "jumlah_lantai": 1, "tinggi_lantai": 4.0, "tinggi_total": 4.0, "luas_m2": 99.15, "jarak_match_m": 28.41, "metode_match": "optimal_nearest", "status_match": "PERLU_CEK", "blok": "C", "klas_fungsi": "Hunian", "material": "Pasang Bata", "struktur": "Dinding Pemikul", "tipe_atap": "Kombinasi", "penutup_atap": "Seng", "dinding": "Bata Ekspos", "kondisi": "Baik", "keyakinan": "Tinggi", "taksonomi": "MUR/LFINF/RSH8/RMT2/EWMA/CV1/HEX:1", "kode_singkat": "MUR \\LFINF\\HEX:1", "koefisien": 1.0, "nilai_exposure": 781112381.33928001, "kelas_exposure": "> Rp638.909.581,39 - Rp1.136.724.268,30", "exposure_rank": 2, "kelas_gempa": "Sedang", "kelas_tsunami": "Sedang" }, "geometry": { "type": "Polygon", "coordinates": [ [ [ 105.2362414, -5.5522736 ], [ 105.236317, -5.5522507 ], [ 105.2363306, -5.5523064 ], [ 105.2363477, -5.5523028 ], [ 105.236362, -5.552355 ], [ 105.2362999, -5.5523685 ], [ 105.236292, -5.5523278 ], [ 105.2362549, -5.552335 ], [ 105.2362414, -5.5522736 ] ] ] } },
{ "type": "Feature", "properties": { "point_id": 228, "footprint_id": 727, "id_bangunan": "SDI-C104-104", "fungsi_bangunan": "Rumah Tinggal", "jumlah_lantai": 1, "tinggi_lantai": 4.0, "tinggi_total": 4.0, "luas_m2": 155.6, "jarak_match_m": 0.0, "metode_match": "within", "status_match": "OK", "blok": null, "klas_fungsi": null, "material": null, "struktur": null, "tipe_atap": null, "penutup_atap": null, "dinding": null, "kondisi": null, "keyakinan": null, "taksonomi": null, "kode_singkat": null, "koefisien": null, "nilai_exposure": null, "kelas_exposure": null, "exposure_rank": 0, "kelas_gempa": "Tidak Terdampak", "kelas_tsunami": "Tidak Terdampak" }, "geometry": { "type": "Polygon", "coordinates": [ [ [ 105.2351935, -5.5523869 ], [ 105.2353006, -5.5523398 ], [ 105.2353242, -5.5523891 ], [ 105.2353335, -5.5523862 ], [ 105.235347, -5.5524105 ], [ 105.2353349, -5.5524148 ], [ 105.2353406, -5.5524319 ], [ 105.2352042, -5.5524869 ], [ 105.2351978, -5.5524712 ], [ 105.2352057, -5.5524697 ], [ 105.2352021, -5.5524619 ], [ 105.23522, -5.552454 ], [ 105.2351935, -5.5523869 ] ] ] } },
{ "type": "Feature", "properties": { "point_id": 229, "footprint_id": 725, "id_bangunan": "SDI-C105-105", "fungsi_bangunan": "Rumah Tinggal", "jumlah_lantai": 1, "tinggi_lantai": 4.0, "tinggi_total": 4.0, "luas_m2": 100.9, "jarak_match_m": 0.0, "metode_match": "within", "status_match": "OK", "blok": "C", "klas_fungsi": "Hunian", "material": "Pasang Bata", "struktur": "Dinding Pemikul", "tipe_atap": "Pelana", "penutup_atap": "Genteng", "dinding": "Bata Ekspos", "kondisi": "Baik", "keyakinan": "Tinggi", "taksonomi": "MUR/LWAL/RSH2/RMT1/EWMA/CV1/HEX:1", "kode_singkat": "MUR \\LWAL\\HEX:1", "koefisien": 1.0, "nilai_exposure": 1352835763.0013399, "kelas_exposure": "> Rp1.136.724.268,30 - Rp1.856.590.180,23", "exposure_rank": 3, "kelas_gempa": "Tinggi", "kelas_tsunami": "Tinggi" }, "geometry": { "type": "Polygon", "coordinates": [ [ [ 105.2354891, -5.552277 ], [ 105.2355883, -5.5522363 ], [ 105.2355933, -5.5522492 ], [ 105.2356218, -5.5522392 ], [ 105.2356411, -5.5522841 ], [ 105.2355076, -5.5523341 ], [ 105.2354891, -5.552277 ] ] ] } },
{ "type": "Feature", "properties": { "point_id": 230, "footprint_id": 726, "id_bangunan": "SDI-C106-106", "fungsi_bangunan": "Rumah Tinggal", "jumlah_lantai": 1, "tinggi_lantai": 4.0, "tinggi_total": 4.0, "luas_m2": 269.49, "jarak_match_m": 0.0, "metode_match": "within", "status_match": "OK", "blok": "C", "klas_fungsi": "Hunian", "material": "Pasang Bata", "struktur": "Rangka Beton Bertulang", "tipe_atap": "Pelana", "penutup_atap": "Genteng", "dinding": "Bata Plaster", "kondisi": "Baik", "keyakinan": "Tinggi", "taksonomi": "MCF/LFINF/RSH2/RMT1/EWMA/CV1/HEX:1", "kode_singkat": "MCF \\LFINF\\HEX:1", "koefisien": 1.0, "nilai_exposure": 714062486.99611998, "kelas_exposure": "> Rp638.909.581,39 - Rp1.136.724.268,30", "exposure_rank": 2, "kelas_gempa": "Sedang", "kelas_tsunami": "Sedang" }, "geometry": { "type": "Polygon", "coordinates": [ [ [ 105.2355141, -5.5524398 ], [ 105.2355583, -5.5524169 ], [ 105.2355305, -5.552357 ], [ 105.2357025, -5.5522863 ], [ 105.2357432, -5.5523755 ], [ 105.2356718, -5.5524055 ], [ 105.2356761, -5.5524155 ], [ 105.2355326, -5.5524812 ], [ 105.2355141, -5.5524398 ] ] ] } },
{ "type": "Feature", "properties": { "point_id": 231, "footprint_id": 724, "id_bangunan": "SDI-C107-107", "fungsi_bangunan": "Rumah Tinggal", "jumlah_lantai": 1, "tinggi_lantai": 4.0, "tinggi_total": 4.0, "luas_m2": 142.24, "jarak_match_m": 0.0, "metode_match": "within", "status_match": "OK", "blok": "C", "klas_fungsi": "Hunian", "material": "Pasang Bata", "struktur": "Rangka Beton Bertulang", "tipe_atap": "Limasan", "penutup_atap": "Genteng", "dinding": "Bata Plaster", "kondisi": "Baik", "keyakinan": "Tinggi", "taksonomi": "MCF/LFINF/RSH3/RMT1/EWMA/CV1/HEX:1", "kode_singkat": "MCF \\LFINF\\HEX:1", "koefisien": 1.0, "nilai_exposure": 694202689.41659999, "kelas_exposure": "> Rp638.909.581,39 - Rp1.136.724.268,30", "exposure_rank": 2, "kelas_gempa": "Sedang", "kelas_tsunami": "Sedang" }, "geometry": { "type": "Polygon", "coordinates": [ [ [ 105.2354006, -5.5522877 ], [ 105.2353756, -5.5522192 ], [ 105.2355069, -5.5521735 ], [ 105.2355326, -5.552247 ], [ 105.2354712, -5.5522692 ], [ 105.2354791, -5.5522863 ], [ 105.235432, -5.5523006 ], [ 105.235427, -5.5522827 ], [ 105.2354006, -5.5522877 ] ] ] } },
{ "type": "Feature", "properties": { "point_id": 232, "footprint_id": 759, "id_bangunan": "SDI-C108-108", "fungsi_bangunan": "Rumah Tinggal", "jumlah_lantai": 1, "tinggi_lantai": 4.0, "tinggi_total": 4.0, "luas_m2": 138.29, "jarak_match_m": 1.17, "metode_match": "optimal_nearest", "status_match": "OK", "blok": "C", "klas_fungsi": "Hunian", "material": "Pasang Bata", "struktur": "Dinding Pemikul", "tipe_atap": "Pelana", "penutup_atap": "Seng", "dinding": "Campuran", "kondisi": "Baik", "keyakinan": "Tinggi", "taksonomi": "MUR/LWAL/RSH2/RMT2/EWO/CV1/HEX:1", "kode_singkat": "MUR \\LWAL\\HEX:1", "koefisien": 1.0, "nilai_exposure": 1169066965.0710399, "kelas_exposure": "> Rp1.136.724.268,30 - Rp1.856.590.180,23", "exposure_rank": 3, "kelas_gempa": "Tinggi", "kelas_tsunami": "Tinggi" }, "geometry": { "type": "Polygon", "coordinates": [ [ [ 105.2351718, -5.5526808 ], [ 105.2352254, -5.5526623 ], [ 105.2352289, -5.5526701 ], [ 105.2352554, -5.5526616 ], [ 105.235296, -5.5527858 ], [ 105.2352168, -5.5528086 ], [ 105.2351718, -5.5526808 ] ] ] } },
{ "type": "Feature", "properties": { "point_id": 233, "footprint_id": 761, "id_bangunan": "SDI-C109-109", "fungsi_bangunan": "Rumah Tinggal", "jumlah_lantai": 1, "tinggi_lantai": 4.0, "tinggi_total": 4.0, "luas_m2": 232.88, "jarak_match_m": 0.0, "metode_match": "within", "status_match": "OK", "blok": "C", "klas_fungsi": "Hunian", "material": "Pasang Bata", "struktur": "Rangka Beton Bertulang", "tipe_atap": "Limasan", "penutup_atap": "Genteng", "dinding": "Bata Plaster", "kondisi": "Baik", "keyakinan": "Tinggi", "taksonomi": "MCF/LFINF/RSH3/RMT1/EWMA/CV1/HEX:1", "kode_singkat": "MCF \\LFINF\\HEX:1", "koefisien": 1.0, "nilai_exposure": 974951595.59516001, "kelas_exposure": "> Rp638.909.581,39 - Rp1.136.724.268,30", "exposure_rank": 2, "kelas_gempa": "Tinggi", "kelas_tsunami": "Tinggi" }, "geometry": { "type": "Polygon", "coordinates": [ [ [ 105.2350719, -5.5526972 ], [ 105.2351176, -5.5528186 ], [ 105.2351133, -5.5528229 ], [ 105.235129, -5.5528629 ], [ 105.235109, -5.5528721 ], [ 105.2351176, -5.552895 ], [ 105.2351005, -5.5529035 ], [ 105.2350798, -5.5529093 ], [ 105.2350755, -5.5528978 ], [ 105.2350498, -5.5529057 ], [ 105.2349977, -5.5527608 ], [ 105.2349591, -5.5527751 ], [ 105.2349463, -5.5527415 ], [ 105.2350719, -5.5526972 ] ] ] } },
{ "type": "Feature", "properties": { "point_id": 234, "footprint_id": 773, "id_bangunan": "SDI-C110-110", "fungsi_bangunan": "Rumah Tinggal", "jumlah_lantai": 1, "tinggi_lantai": 4.0, "tinggi_total": 4.0, "luas_m2": 194.21, "jarak_match_m": 0.0, "metode_match": "within", "status_match": "OK", "blok": "C", "klas_fungsi": "Hunian", "material": "Pasang Bata", "struktur": "Dinding Pemikul", "tipe_atap": "Pelana", "penutup_atap": "Genteng", "dinding": "Bata Plaster", "kondisi": "Baik", "keyakinan": "Tinggi", "taksonomi": "MUR/LWAL/RSH2/RMT1/EWMA/CV1/HEX:1", "kode_singkat": "MUR \\LWAL\\HEX:1", "koefisien": 1.0, "nilai_exposure": 1212629486.8948801, "kelas_exposure": "> Rp1.136.724.268,30 - Rp1.856.590.180,23", "exposure_rank": 3, "kelas_gempa": "Tinggi", "kelas_tsunami": "Tinggi" }, "geometry": { "type": "Polygon", "coordinates": [ [ [ 105.2351211, -5.5530427 ], [ 105.2351877, -5.5530141 ], [ 105.235205, -5.5530683 ], [ 105.2352347, -5.5530587 ], [ 105.2352615, -5.553117 ], [ 105.2352686, -5.5531147 ], [ 105.2352847, -5.5531599 ], [ 105.2351829, -5.5531991 ], [ 105.2351211, -5.5530427 ] ] ] } },
{ "type": "Feature", "properties": { "point_id": 235, "footprint_id": 772, "id_bangunan": "SDI-C111-111", "fungsi_bangunan": "Rumah Tinggal", "jumlah_lantai": 1, "tinggi_lantai": 4.0, "tinggi_total": 4.0, "luas_m2": 241.56, "jarak_match_m": 0.0, "metode_match": "within", "status_match": "OK", "blok": "C", "klas_fungsi": "Hunian", "material": "Pasang Bata", "struktur": "Rangka Beton Bertulang", "tipe_atap": "Pelana", "penutup_atap": "Genteng", "dinding": "Bata Plaster", "kondisi": "Baik", "keyakinan": "Tinggi", "taksonomi": "MCF/LFINF/RSH2/RMT1/EWMA/CV1/HEX:1", "kode_singkat": "MCF \\LFINF\\HEX:1", "koefisien": 1.0, "nilai_exposure": 967486145.28524005, "kelas_exposure": "> Rp638.909.581,39 - Rp1.136.724.268,30", "exposure_rank": 2, "kelas_gempa": "Tinggi", "kelas_tsunami": "Tinggi" }, "geometry": { "type": "Polygon", "coordinates": [ [ [ 105.2349831, -5.553095 ], [ 105.2350979, -5.553048 ], [ 105.235152, -5.5531848 ], [ 105.2350973, -5.5532027 ], [ 105.2351151, -5.5532396 ], [ 105.2350658, -5.5532687 ], [ 105.2349831, -5.553095 ] ] ] } },
{ "type": "Feature", "properties": { "point_id": 236, "footprint_id": 771, "id_bangunan": "SDI-C112-112", "fungsi_bangunan": "Rumah Tinggal", "jumlah_lantai": 1, "tinggi_lantai": 4.0, "tinggi_total": 4.0, "luas_m2": 192.73, "jarak_match_m": 0.0, "metode_match": "within", "status_match": "OK", "blok": "C", "klas_fungsi": "Hunian", "material": "Pasang Bata", "struktur": "Rangka Beton Bertulang", "tipe_atap": "Limasan", "penutup_atap": "Genteng", "dinding": "Bata Plaster", "kondisi": "Baik", "keyakinan": "Tinggi", "taksonomi": "MCF/LFINF/RSH3/RMT1/EWMA/CV1/HEX:1", "kode_singkat": "MCF \\LFINF\\HEX:1", "koefisien": 1.0, "nilai_exposure": 801502381.02780008, "kelas_exposure": "> Rp638.909.581,39 - Rp1.136.724.268,30", "exposure_rank": 2, "kelas_gempa": "Sedang", "kelas_tsunami": "Sedang" }, "geometry": { "type": "Polygon", "coordinates": [ [ [ 105.234926, -5.5531777 ], [ 105.234948, -5.5531676 ], [ 105.2349385, -5.5531497 ], [ 105.234973, -5.5531325 ], [ 105.2350741, -5.5533098 ], [ 105.2349979, -5.5533538 ], [ 105.234992, -5.5533419 ], [ 105.2349837, -5.553349 ], [ 105.2349503, -5.5532812 ], [ 105.2349682, -5.5532717 ], [ 105.234926, -5.5531777 ] ] ] } },
{ "type": "Feature", "properties": { "point_id": 237, "footprint_id": 762, "id_bangunan": "SDI-C113-113", "fungsi_bangunan": "Rumah Tinggal", "jumlah_lantai": 1, "tinggi_lantai": 4.0, "tinggi_total": 4.0, "luas_m2": 159.66, "jarak_match_m": 0.0, "metode_match": "within", "status_match": "OK", "blok": "C", "klas_fungsi": "Hunian", "material": "Pasang Bata", "struktur": "Dinding Pemikul", "tipe_atap": "Pelana", "penutup_atap": "Seng", "dinding": "Bata Ekspos", "kondisi": "Baik", "keyakinan": "Tinggi", "taksonomi": "MUR/LWAL/RSH2/RMT2/EWMA/CV1/HEX:1", "kode_singkat": "MUR \\LWAL\\HEX:1", "koefisien": 1.0, "nilai_exposure": 171424836.576902, "kelas_exposure": "Rp14.611.983,05 - Rp638.909.581,39", "exposure_rank": 1, "kelas_gempa": "Rendah", "kelas_tsunami": "Rendah" }, "geometry": { "type": "Polygon", "coordinates": [ [ [ 105.2348485, -5.5529321 ], [ 105.2348028, -5.5528557 ], [ 105.2349141, -5.5527915 ], [ 105.2349691, -5.5528678 ], [ 105.2349099, -5.5529043 ], [ 105.2349163, -5.552915 ], [ 105.2348777, -5.5529378 ], [ 105.2348663, -5.5529214 ], [ 105.2348485, -5.5529321 ] ] ] } },
{ "type": "Feature", "properties": { "point_id": 238, "footprint_id": 769, "id_bangunan": "SDI-C114-114", "fungsi_bangunan": "Rumah Tinggal", "jumlah_lantai": 1, "tinggi_lantai": 4.0, "tinggi_total": 4.0, "luas_m2": 34.15, "jarak_match_m": 0.23, "metode_match": "optimal_nearest", "status_match": "OK", "blok": "C", "klas_fungsi": "Hunian", "material": "Pasang Bata", "struktur": "Dinding Pemikul", "tipe_atap": "Pelana", "penutup_atap": "Genteng", "dinding": "Campuran", "kondisi": "Baik", "keyakinan": "Tinggi", "taksonomi": "MUR/LWAL/RSH2/RMT1/EWO/CV1/HEX:1", "kode_singkat": "MUR \\LWAL\\HEX:1", "koefisien": 1.0, "nilai_exposure": 480860716.3981061, "kelas_exposure": "Rp14.611.983,05 - Rp638.909.581,39", "exposure_rank": 1, "kelas_gempa": "Rendah", "kelas_tsunami": "Rendah" }, "geometry": { "type": "Polygon", "coordinates": [ [ [ 105.2348355, -5.5533205 ], [ 105.2348647, -5.5533074 ], [ 105.23487, -5.5533211 ], [ 105.234879, -5.5533181 ], [ 105.2348921, -5.5533538 ], [ 105.2348308, -5.5533776 ], [ 105.2348195, -5.5533478 ], [ 105.2348433, -5.5533407 ], [ 105.2348355, -5.5533205 ] ] ] } },
{ "type": "Feature", "properties": { "point_id": 239, "footprint_id": 794, "id_bangunan": "SDI-C116-116", "fungsi_bangunan": "Rumah Tinggal", "jumlah_lantai": 1, "tinggi_lantai": 4.0, "tinggi_total": 4.0, "luas_m2": 95.79, "jarak_match_m": 0.0, "metode_match": "within", "status_match": "OK", "blok": "C", "klas_fungsi": "Hunian", "material": "Pasang Bata", "struktur": "Dinding Pemikul", "tipe_atap": "Pelana", "penutup_atap": "Genteng", "dinding": "Bata Plaster", "kondisi": "Baik", "keyakinan": "Tinggi", "taksonomi": "MUR/LWAL/RSH2/RMT1/EWMA/CV1/HEX:1", "kode_singkat": "MUR \\LWAL\\HEX:1", "koefisien": 1.0, "nilai_exposure": 494180077.56453598, "kelas_exposure": "Rp14.611.983,05 - Rp638.909.581,39", "exposure_rank": 1, "kelas_gempa": "Rendah", "kelas_tsunami": "Rendah" }, "geometry": { "type": "Polygon", "coordinates": [ [ [ 105.2350149, -5.5533787 ], [ 105.2350851, -5.5533426 ], [ 105.2351281, -5.5534398 ], [ 105.235061, -5.5534679 ], [ 105.2350149, -5.5533787 ] ] ] } },
{ "type": "Feature", "properties": { "point_id": 240, "footprint_id": 763, "id_bangunan": "SDI-C117-117", "fungsi_bangunan": "Rumah Tinggal", "jumlah_lantai": 1, "tinggi_lantai": 4.0, "tinggi_total": 4.0, "luas_m2": 98.44, "jarak_match_m": 0.12, "metode_match": "optimal_nearest", "status_match": "OK", "blok": "C", "klas_fungsi": "Hunian", "material": "Pasang Bata", "struktur": "Rangka Beton Bertulang", "tipe_atap": "Limasan", "penutup_atap": "Genteng", "dinding": "Bata Ekspos", "kondisi": "Sedang", "keyakinan": "Tinggi", "taksonomi": "MCF/LFINF/RSH3/RMT1/EWMA/CV2/HEX:1", "kode_singkat": "MCF \\LFINF\\HEX:1", "koefisien": 1.0, "nilai_exposure": 2666413051.3822598, "kelas_exposure": "> Rp1.856.590.180,23 - < Rp11.941.713.042,64", "exposure_rank": 4, "kelas_gempa": "Tinggi", "kelas_tsunami": "Tinggi" }, "geometry": { "type": "Polygon", "coordinates": [ [ [ 105.2347402, -5.5527146 ], [ 105.2347551, -5.5527057 ], [ 105.2348229, -5.5526604 ], [ 105.2348307, -5.5526735 ], [ 105.234836, -5.5526688 ], [ 105.2348402, -5.5526747 ], [ 105.2348473, -5.55267 ], [ 105.234861, -5.5526884 ], [ 105.2348467, -5.5526979 ], [ 105.2348616, -5.5527241 ], [ 105.2348051, -5.5527586 ], [ 105.2348104, -5.5527634 ], [ 105.2347795, -5.552786 ], [ 105.2347402, -5.5527146 ] ] ] } },
{ "type": "Feature", "properties": { "point_id": 241, "footprint_id": 395, "id_bangunan": "Blok D (SDI-D01-001)", "fungsi_bangunan": "Rumah Tinggal", "jumlah_lantai": 1, "tinggi_lantai": 4.0, "tinggi_total": 4.0, "luas_m2": 175.21, "jarak_match_m": 0.0, "metode_match": "within", "status_match": "OK", "blok": "D", "klas_fungsi": "Hunian", "material": "Pasang Bata", "struktur": "Dinding Pemikul", "tipe_atap": "Kombinasi", "penutup_atap": "Genteng dan Seng", "dinding": "Bata Plaster", "kondisi": "Baik", "keyakinan": "Tinggi", "taksonomi": "MUR/LFINF/RSH8/RMT1+RMT6/EWMA/CV1/HEX:1", "kode_singkat": "MUR \\LFINF\\HEX:1", "koefisien": 1.0, "nilai_exposure": 2666413051.3822598, "kelas_exposure": "> Rp1.856.590.180,23 - < Rp11.941.713.042,64", "exposure_rank": 4, "kelas_gempa": "Tinggi", "kelas_tsunami": "Tinggi" }, "geometry": { "type": "Polygon", "coordinates": [ [ [ 105.241858, -5.5531025 ], [ 105.2418322, -5.5530481 ], [ 105.2418469, -5.5530412 ], [ 105.2418138, -5.5529634 ], [ 105.2418819, -5.552936 ], [ 105.2418969, -5.5529738 ], [ 105.2419152, -5.5529677 ], [ 105.2419231, -5.5529855 ], [ 105.2419297, -5.5529831 ], [ 105.2419331, -5.5529915 ], [ 105.2419616, -5.5530679 ], [ 105.2419398, -5.5530752 ], [ 105.241858, -5.5531025 ] ] ] } },
{ "type": "Feature", "properties": { "point_id": 242, "footprint_id": 393, "id_bangunan": "Blok D (SDI-D02-002)", "fungsi_bangunan": "Rumah Tinggal", "jumlah_lantai": 1, "tinggi_lantai": 4.0, "tinggi_total": 4.0, "luas_m2": 245.38, "jarak_match_m": 0.0, "metode_match": "within", "status_match": "OK", "blok": "D", "klas_fungsi": "Hunian", "material": "Beton Bertulang", "struktur": "Dinding Pemikul", "tipe_atap": "Kombinasi", "penutup_atap": "Seng", "dinding": "Bata Plaster", "kondisi": "Baik", "keyakinan": "Tinggi", "taksonomi": "MCF/LWAL/RSH8/RMT2/EWMA/CV1/HEX:1", "kode_singkat": "MCF \\LWAL\\HEX:1", "koefisien": 1.0, "nilai_exposure": 2666413051.3822598, "kelas_exposure": "> Rp1.856.590.180,23 - < Rp11.941.713.042,64", "exposure_rank": 4, "kelas_gempa": "Tinggi", "kelas_tsunami": "Tinggi" }, "geometry": { "type": "Polygon", "coordinates": [ [ [ 105.2418831, -5.5531955 ], [ 105.2418448, -5.5532069 ], [ 105.2418148, -5.553117 ], [ 105.2420071, -5.5530527 ], [ 105.2420456, -5.5531448 ], [ 105.2419837, -5.5531669 ], [ 105.2419814, -5.5531622 ], [ 105.2419709, -5.5531655 ], [ 105.2418831, -5.5531955 ] ] ] } },
{ "type": "Feature", "properties": { "point_id": 243, "footprint_id": 392, "id_bangunan": "Blok D (SDI-D03-003)", "fungsi_bangunan": "Rumah Tinggal", "jumlah_lantai": 1, "tinggi_lantai": 4.0, "tinggi_total": 4.0, "luas_m2": 110.57, "jarak_match_m": 0.0, "metode_match": "within", "status_match": "OK", "blok": "D", "klas_fungsi": "Hunian", "material": "Pasang Bata", "struktur": "Dinding Pemikul", "tipe_atap": "Pelana", "penutup_atap": "Genteng", "dinding": "Bata Plaster", "kondisi": "Baik", "keyakinan": "Tinggi", "taksonomi": "MCF/LFM/RSH2/RMT1/EWMA/CV1/HEX:1", "kode_singkat": "MCF \\LFM\\HEX:1", "koefisien": 1.0, "nilai_exposure": 1454510338.0445602, "kelas_exposure": "> Rp1.136.724.268,30 - Rp1.856.590.180,23", "exposure_rank": 3, "kelas_gempa": "Tinggi", "kelas_tsunami": "Tinggi" }, "geometry": { "type": "Polygon", "coordinates": [ [ [ 105.2419135, -5.5532869 ], [ 105.2418831, -5.5531955 ], [ 105.2419709, -5.5531655 ], [ 105.2420032, -5.5532562 ], [ 105.2419135, -5.5532869 ] ] ] } },
{ "type": "Feature", "properties": { "point_id": 244, "footprint_id": 388, "id_bangunan": "Blok D (SDI-D04-004)", "fungsi_bangunan": "Rumah Tinggal", "jumlah_lantai": 1, "tinggi_lantai": 4.0, "tinggi_total": 4.0, "luas_m2": 68.97, "jarak_match_m": 0.89, "metode_match": "optimal_nearest", "status_match": "OK", "blok": "D", "klas_fungsi": "Hunian", "material": "Pasang Bata", "struktur": "Dinding Pemikul", "tipe_atap": "Kombinasi", "penutup_atap": "Genteng", "dinding": "Bata Plaster", "kondisi": "Baik", "keyakinan": "Tinggi", "taksonomi": "MUR/LWAL/RSH8/RMT1/EWMA/CV1/HEX:1", "kode_singkat": "MUR \\LWAL\\HEX:1", "koefisien": 1.0, "nilai_exposure": 712090692.26522005, "kelas_exposure": "> Rp638.909.581,39 - Rp1.136.724.268,30", "exposure_rank": 2, "kelas_gempa": "Sedang", "kelas_tsunami": "Sedang" }, "geometry": { "type": "Polygon", "coordinates": [ [ [ 105.2422267, -5.5531898 ], [ 105.2422398, -5.5532088 ], [ 105.2422657, -5.5532495 ], [ 105.2421996, -5.5532923 ], [ 105.242166, -5.5532426 ], [ 105.2421615, -5.5532331 ], [ 105.2422267, -5.5531898 ] ] ] } },
{ "type": "Feature", "properties": { "point_id": 245, "footprint_id": 372, "id_bangunan": "Blok D (SDI-D05-005)", "fungsi_bangunan": "Rumah Tinggal", "jumlah_lantai": 1, "tinggi_lantai": 4.0, "tinggi_total": 4.0, "luas_m2": 141.85, "jarak_match_m": 3.14, "metode_match": "optimal_nearest", "status_match": "OK", "blok": "D", "klas_fungsi": "Hunian", "material": "Beton Bertulang", "struktur": "Dinding Pemikul", "tipe_atap": "Pelana", "penutup_atap": "Genteng", "dinding": "Bata Ekspos", "kondisi": "Baik", "keyakinan": "Tinggi", "taksonomi": "MCF/LWAL/RSH2/RMT1/EWMA/CV1/HEX:1", "kode_singkat": "MCF \\LWAL\\HEX:1", "koefisien": 1.0, "nilai_exposure": 765834049.38585997, "kelas_exposure": "> Rp638.909.581,39 - Rp1.136.724.268,30", "exposure_rank": 2, "kelas_gempa": "Sedang", "kelas_tsunami": "Sedang" }, "geometry": { "type": "Polygon", "coordinates": [ [ [ 105.2421877, -5.5539217 ], [ 105.2422664, -5.5538427 ], [ 105.2423161, -5.5538889 ], [ 105.2423114, -5.5538943 ], [ 105.2423378, -5.5539177 ], [ 105.2422633, -5.5539959 ], [ 105.2421877, -5.5539217 ] ] ] } },
{ "type": "Feature", "properties": { "point_id": 246, "footprint_id": 373, "id_bangunan": "Blok D (SDI-D06-006)", "fungsi_bangunan": "Rumah Tinggal", "jumlah_lantai": 1, "tinggi_lantai": 4.0, "tinggi_total": 4.0, "luas_m2": 152.56, "jarak_match_m": 1.95, "metode_match": "optimal_nearest", "status_match": "OK", "blok": "D", "klas_fungsi": "Hunian", "material": "Beton Bertulang", "struktur": "Dinding Pemikul", "tipe_atap": "Pelana", "penutup_atap": "Genteng", "dinding": "Bata Plaster", "kondisi": "Baik", "keyakinan": "Tinggi", "taksonomi": "MCF/LWAL/RSH2/RMT1/EWMA/CV1/HEX:1", "kode_singkat": "MCF \\LWAL\\HEX:1", "koefisien": 1.0, "nilai_exposure": 529695348.14745998, "kelas_exposure": "Rp14.611.983,05 - Rp638.909.581,39", "exposure_rank": 1, "kelas_gempa": "Rendah", "kelas_tsunami": "Rendah" }, "geometry": { "type": "Polygon", "coordinates": [ [ [ 105.2423407, -5.5538172 ], [ 105.2424251, -5.5537435 ], [ 105.2424423, -5.5537592 ], [ 105.2424584, -5.5537459 ], [ 105.2424849, -5.5537754 ], [ 105.2424787, -5.5537806 ], [ 105.2425015, -5.553802 ], [ 105.2424332, -5.5538682 ], [ 105.2424387, -5.5538736 ], [ 105.2424147, -5.5538931 ], [ 105.2423407, -5.5538172 ] ] ] } },
{ "type": "Feature", "properties": { "point_id": 247, "footprint_id": 379, "id_bangunan": "Blok D (SDI-D07-007)", "fungsi_bangunan": "Rumah Tinggal", "jumlah_lantai": 1, "tinggi_lantai": 4.0, "tinggi_total": 4.0, "luas_m2": 105.52, "jarak_match_m": 0.0, "metode_match": "within", "status_match": "OK", "blok": "D", "klas_fungsi": "Hunian", "material": "Pasang Bata", "struktur": "Dinding Pemikul", "tipe_atap": "Pelana", "penutup_atap": "Genteng", "dinding": "Bata Ekspos", "kondisi": "Baik", "keyakinan": "Tinggi", "taksonomi": "CR/LWAL/RSH2/RMT1/EWMA/CV1/HEX:1", "kode_singkat": "CR \\LWAL\\HEX:1", "koefisien": 1.0, "nilai_exposure": 11941713042.6366, "kelas_exposure": "> Rp1.856.590.180,23 - < Rp11.941.713.042,64", "exposure_rank": 4, "kelas_gempa": "Tinggi", "kelas_tsunami": "Tinggi" }, "geometry": { "type": "Polygon", "coordinates": [ [ [ 105.2427171, -5.5534383 ], [ 105.2428135, -5.5533653 ], [ 105.2428584, -5.5534181 ], [ 105.2427611, -5.5534947 ], [ 105.2427171, -5.5534383 ] ] ] } },
{ "type": "Feature", "properties": { "point_id": 248, "footprint_id": 378, "id_bangunan": "Blok D (SDI-D08-008)", "fungsi_bangunan": "Rumah Tinggal", "jumlah_lantai": 1, "tinggi_lantai": 4.0, "tinggi_total": 4.0, "luas_m2": 120.72, "jarak_match_m": 0.0, "metode_match": "within", "status_match": "OK", "blok": "D", "klas_fungsi": "Hunian", "material": "Beton Bertulang", "struktur": "Dinding Pemikul", "tipe_atap": "Pelana", "penutup_atap": "Genteng", "dinding": "Bata Plaster", "kondisi": "Baik", "keyakinan": "Tinggi", "taksonomi": "MCF/LFM/RSH2/RMT1/EWMA/CV1/HEX:1", "kode_singkat": "MCF \\LFM\\HEX:1", "koefisien": 1.0, "nilai_exposure": 549609955.52771997, "kelas_exposure": "Rp14.611.983,05 - Rp638.909.581,39", "exposure_rank": 1, "kelas_gempa": "Rendah", "kelas_tsunami": "Rendah" }, "geometry": { "type": "Polygon", "coordinates": [ [ [ 105.2427421, -5.553712 ], [ 105.242793, -5.5537821 ], [ 105.2427109, -5.5538307 ], [ 105.2427019, -5.5538131 ], [ 105.2426909, -5.5538205 ], [ 105.2426878, -5.5538174 ], [ 105.242675, -5.5538259 ], [ 105.2426398, -5.5537714 ], [ 105.2427421, -5.553712 ] ] ] } },
{ "type": "Feature", "properties": { "point_id": 249, "footprint_id": 370, "id_bangunan": "Blok D (SDI-D09-009)", "fungsi_bangunan": "Rumah Tinggal", "jumlah_lantai": 1, "tinggi_lantai": 4.0, "tinggi_total": 4.0, "luas_m2": 109.48, "jarak_match_m": 0.0, "metode_match": "within", "status_match": "OK", "blok": "D", "klas_fungsi": "Hunian", "material": "Pasang Bata", "struktur": "Dinding Pemikul", "tipe_atap": "Pelana", "penutup_atap": "Genteng", "dinding": "Bata Ekspos", "kondisi": "Baik", "keyakinan": "Tinggi", "taksonomi": "MUR/LWAL/RSH2/RMT1/EWMA/CV1/HEX:1", "kode_singkat": "MUR \\LWAL\\HEX:1", "koefisien": 1.0, "nilai_exposure": 11941713042.6366, "kelas_exposure": "> Rp1.856.590.180,23 - < Rp11.941.713.042,64", "exposure_rank": 4, "kelas_gempa": "Tinggi", "kelas_tsunami": "Tinggi" }, "geometry": { "type": "Polygon", "coordinates": [ [ [ 105.2424903, -5.5541235 ], [ 105.2425393, -5.5540787 ], [ 105.2426143, -5.5541637 ], [ 105.2425884, -5.5541894 ], [ 105.2425741, -5.5541739 ], [ 105.2425327, -5.5542158 ], [ 105.2424872, -5.5541627 ], [ 105.2425098, -5.5541442 ], [ 105.2424903, -5.5541235 ] ] ] } },
{ "type": "Feature", "properties": { "point_id": 250, "footprint_id": 369, "id_bangunan": "Blok D (SDI-D10-010)", "fungsi_bangunan": "Rumah Tinggal", "jumlah_lantai": 1, "tinggi_lantai": 4.0, "tinggi_total": 4.0, "luas_m2": 113.1, "jarak_match_m": 0.12, "metode_match": "optimal_nearest", "status_match": "OK", "blok": "D", "klas_fungsi": "Hunian", "material": "Pasang Bata", "struktur": "Dinding Pemikul", "tipe_atap": "Pelana", "penutup_atap": "Genteng", "dinding": "Bata Ekspos", "kondisi": "Baik", "keyakinan": "Tinggi", "taksonomi": "MUR/LWAL/RSH2/RMT1/EWMA/CV1/HEX:1", "kode_singkat": "MUR \\LWAL\\HEX:1", "koefisien": 1.0, "nilai_exposure": 11941713042.6366, "kelas_exposure": "> Rp1.856.590.180,23 - < Rp11.941.713.042,64", "exposure_rank": 4, "kelas_gempa": "Tinggi", "kelas_tsunami": "Tinggi" }, "geometry": { "type": "Polygon", "coordinates": [ [ [ 105.243111, -5.5542304 ], [ 105.2431011, -5.5542197 ], [ 105.2430616, -5.5542611 ], [ 105.2430228, -5.5542235 ], [ 105.2430145, -5.5542214 ], [ 105.2431206, -5.5541198 ], [ 105.2431651, -5.5541668 ], [ 105.243111, -5.5542304 ] ] ] } },
{ "type": "Feature", "properties": { "point_id": 251, "footprint_id": 233, "id_bangunan": "Blok D (SDI-D11-011)", "fungsi_bangunan": "Rumah Tinggal", "jumlah_lantai": 1, "tinggi_lantai": 4.0, "tinggi_total": 4.0, "luas_m2": 101.82, "jarak_match_m": 1.13, "metode_match": "optimal_nearest", "status_match": "OK", "blok": "D", "klas_fungsi": "Hunian", "material": "Kayu", "struktur": "Rangka Kayu", "tipe_atap": "Limasan", "penutup_atap": "Seng", "dinding": "Kayu", "kondisi": "Baik", "keyakinan": "Tinggi", "taksonomi": "W/LPB/RSH3/RMT2/EWW/CV1/HEX:1", "kode_singkat": "W \\LPB\\HEX:1", "koefisien": 1.0, "nilai_exposure": 11941713042.6366, "kelas_exposure": "> Rp1.856.590.180,23 - < Rp11.941.713.042,64", "exposure_rank": 4, "kelas_gempa": "Tinggi", "kelas_tsunami": "Tinggi" }, "geometry": { "type": "Polygon", "coordinates": [ [ [ 105.2434014, -5.5540475 ], [ 105.2434928, -5.5540018 ], [ 105.2435292, -5.5540746 ], [ 105.2434378, -5.5541203 ], [ 105.2434014, -5.5540475 ] ] ] } },
{ "type": "Feature", "properties": { "point_id": 252, "footprint_id": 232, "id_bangunan": "Blok D (SDI-D12-012)", "fungsi_bangunan": "Rumah Tinggal", "jumlah_lantai": 1, "tinggi_lantai": 4.0, "tinggi_total": 4.0, "luas_m2": 275.07, "jarak_match_m": 0.0, "metode_match": "within", "status_match": "OK", "blok": "D", "klas_fungsi": "Hunian", "material": "Beton Bertulang", "struktur": "Dinding Pemikul", "tipe_atap": "Limasan", "penutup_atap": "Genteng", "dinding": "Bata Plaster", "kondisi": "Baik", "keyakinan": "Tinggi", "taksonomi": "MCF/LWAL/RSH3/RMT1/EWMA/CV1/HEX:1", "kode_singkat": "MCF \\LWAL\\HEX:1", "koefisien": 1.0, "nilai_exposure": 11941713042.6366, "kelas_exposure": "> Rp1.856.590.180,23 - < Rp11.941.713.042,64", "exposure_rank": 4, "kelas_gempa": "Tinggi", "kelas_tsunami": "Tinggi" }, "geometry": { "type": "Polygon", "coordinates": [ [ [ 105.2437362, -5.554161 ], [ 105.2436919, -5.5540711 ], [ 105.2436484, -5.5540918 ], [ 105.2436684, -5.5541317 ], [ 105.2435999, -5.5541653 ], [ 105.2435449, -5.5540561 ], [ 105.2437184, -5.5539868 ], [ 105.2437883, -5.5541317 ], [ 105.2437362, -5.554161 ] ] ] } },
{ "type": "Feature", "properties": { "point_id": 253, "footprint_id": 230, "id_bangunan": "Blok D (SDI-D13-013)", "fungsi_bangunan": "Rumah Tinggal", "jumlah_lantai": 1, "tinggi_lantai": 4.0, "tinggi_total": 4.0, "luas_m2": 205.6, "jarak_match_m": 18.81, "metode_match": "optimal_nearest", "status_match": "PERLU_CEK", "blok": "D", "klas_fungsi": "Hunian", "material": "Beton Bertulang", "struktur": "Dinding Pemikul", "tipe_atap": "Pelana", "penutup_atap": "Seng", "dinding": "Bata Plaster", "kondisi": "Baik", "keyakinan": "Tinggi", "taksonomi": "MCF/LWAL/RSH2/RMT2/EWMA/CV1/HEX:1", "kode_singkat": "MCF \\LWAL\\HEX:1", "koefisien": 1.0, "nilai_exposure": 11941713042.6366, "kelas_exposure": "> Rp1.856.590.180,23 - < Rp11.941.713.042,64", "exposure_rank": 4, "kelas_gempa": "Tinggi", "kelas_tsunami": "Tinggi" }, "geometry": { "type": "Polygon", "coordinates": [ [ [ 105.2440259, -5.5543464 ], [ 105.2441037, -5.554285 ], [ 105.2442087, -5.554418 ], [ 105.2441309, -5.5544794 ], [ 105.2440259, -5.5543464 ] ] ] } },
{ "type": "Feature", "properties": { "point_id": 254, "footprint_id": 228, "id_bangunan": "Blok D (SDI-D14-014)", "fungsi_bangunan": "Rumah Tinggal", "jumlah_lantai": 1, "tinggi_lantai": 4.0, "tinggi_total": 4.0, "luas_m2": 92.72, "jarak_match_m": 7.46, "metode_match": "optimal_nearest", "status_match": "OK", "blok": "D", "klas_fungsi": "Hunian", "material": "Beton Bertulang", "struktur": "Dinding Pemikul", "tipe_atap": "Pelana", "penutup_atap": "Genteng", "dinding": "Bata Plaster", "kondisi": "Baik", "keyakinan": "Tinggi", "taksonomi": "MCF/LWAL/RSH2/RMT1/EWMA/CV1/HEX:1", "kode_singkat": "MCF \\LWAL\\HEX:1", "koefisien": 1.0, "nilai_exposure": 11941713042.6366, "kelas_exposure": "> Rp1.856.590.180,23 - < Rp11.941.713.042,64", "exposure_rank": 4, "kelas_gempa": "Tinggi", "kelas_tsunami": "Tinggi" }, "geometry": { "type": "Polygon", "coordinates": [ [ [ 105.2441781, -5.554695 ], [ 105.2441085, -5.5546183 ], [ 105.2441637, -5.5545696 ], [ 105.2442324, -5.554646 ], [ 105.2441781, -5.554695 ] ] ] } },
{ "type": "Feature", "properties": { "point_id": 255, "footprint_id": 226, "id_bangunan": "Blok D (SDI-D15-015)", "fungsi_bangunan": "Rumah Tinggal", "jumlah_lantai": 1, "tinggi_lantai": 4.0, "tinggi_total": 4.0, "luas_m2": 247.47, "jarak_match_m": 0.0, "metode_match": "within", "status_match": "OK", "blok": "D", "klas_fungsi": "Hunian", "material": "Beton Bertulang", "struktur": "Dinding Pemikul", "tipe_atap": "Kombinasi", "penutup_atap": "Genteng dan Seng", "dinding": "Bata Plaster", "kondisi": "Baik", "keyakinan": "Tinggi", "taksonomi": "MCF/LWAL/RSH8/RMT1+RMT6/EWMA/CV1/HEX:1", "kode_singkat": "MCF \\LWAL\\HEX:1", "koefisien": 1.0, "nilai_exposure": 11941713042.6366, "kelas_exposure": "> Rp1.856.590.180,23 - < Rp11.941.713.042,64", "exposure_rank": 4, "kelas_gempa": "Tinggi", "kelas_tsunami": "Tinggi" }, "geometry": { "type": "Polygon", "coordinates": [ [ [ 105.243985, -5.5548054 ], [ 105.2439185, -5.5547265 ], [ 105.2440685, -5.5546003 ], [ 105.2441349, -5.5546793 ], [ 105.243985, -5.5548054 ] ] ] } },
{ "type": "Feature", "properties": { "point_id": 256, "footprint_id": 229, "id_bangunan": "Blok D (SDI-D16-016)", "fungsi_bangunan": "Rumah Tinggal", "jumlah_lantai": 1, "tinggi_lantai": 4.0, "tinggi_total": 4.0, "luas_m2": 98.99, "jarak_match_m": 1.82, "metode_match": "optimal_nearest", "status_match": "OK", "blok": "D", "klas_fungsi": "Hunian", "material": "Pasang Bata", "struktur": "Dinding Pemikul", "tipe_atap": "Limasan", "penutup_atap": "Genteng", "dinding": "Bata Plaster", "kondisi": "Baik", "keyakinan": "Tinggi", "taksonomi": "MUR/LWAL/RSH3/RMT1/EWMA/CV1/HEX:1", "kode_singkat": "MUR \\LWAL\\HEX:1", "koefisien": 1.0, "nilai_exposure": 11941713042.6366, "kelas_exposure": "> Rp1.856.590.180,23 - < Rp11.941.713.042,64", "exposure_rank": 4, "kelas_gempa": "Tinggi", "kelas_tsunami": "Tinggi" }, "geometry": { "type": "Polygon", "coordinates": [ [ [ 105.2439517, -5.5544138 ], [ 105.244004, -5.5543709 ], [ 105.2440797, -5.5544634 ], [ 105.2440274, -5.5545063 ], [ 105.2439517, -5.5544138 ] ] ] } },
{ "type": "Feature", "properties": { "point_id": 257, "footprint_id": 227, "id_bangunan": "Blok D (SDI-D17-017)", "fungsi_bangunan": "Rumah Tinggal", "jumlah_lantai": 1, "tinggi_lantai": 4.0, "tinggi_total": 4.0, "luas_m2": 128.93, "jarak_match_m": 4.11, "metode_match": "optimal_nearest", "status_match": "OK", "blok": "D", "klas_fungsi": "Hunian", "material": "Pasang Bata", "struktur": "Dinding Pemikul", "tipe_atap": "Kombinasi", "penutup_atap": "Genteng dan Seng", "dinding": "Bata Ekspos", "kondisi": "Baik", "keyakinan": "Tinggi", "taksonomi": "MUR/LWAL/RSH8/RMT1+RMT6/EWMA/CV1/HEX:1", "kode_singkat": "MUR \\LWAL\\HEX:1", "koefisien": 1.0, "nilai_exposure": 784000724.26662004, "kelas_exposure": "> Rp638.909.581,39 - Rp1.136.724.268,30", "exposure_rank": 2, "kelas_gempa": "Sedang", "kelas_tsunami": "Sedang" }, "geometry": { "type": "Polygon", "coordinates": [ [ [ 105.2441349, -5.5546793 ], [ 105.2441896, -5.5547364 ], [ 105.2440935, -5.5548285 ], [ 105.2440388, -5.5547714 ], [ 105.2441349, -5.5546793 ] ] ] } },
{ "type": "Feature", "properties": { "point_id": 258, "footprint_id": 224, "id_bangunan": "Blok D (SDI-D18-018)", "fungsi_bangunan": "Rumah Tinggal", "jumlah_lantai": 1, "tinggi_lantai": 4.0, "tinggi_total": 4.0, "luas_m2": 156.18, "jarak_match_m": 0.83, "metode_match": "optimal_nearest", "status_match": "OK", "blok": "D", "klas_fungsi": "Hunian", "material": "Pasang Bata", "struktur": "Dinding Pemikul", "tipe_atap": "Kombinasi", "penutup_atap": "Genteng", "dinding": "Bata Plaster", "kondisi": "Baik", "keyakinan": "Tinggi", "taksonomi": "MUR/LWAL/RSH8/RMT1/EWMA/CV1/HEX:1", "kode_singkat": "MUR \\LWAL\\HEX:1", "koefisien": 1.0, "nilai_exposure": 679456931.92879999, "kelas_exposure": "> Rp638.909.581,39 - Rp1.136.724.268,30", "exposure_rank": 2, "kelas_gempa": "Sedang", "kelas_tsunami": "Sedang" }, "geometry": { "type": "Polygon", "coordinates": [ [ [ 105.2440683, -5.5551314 ], [ 105.2439886, -5.5550341 ], [ 105.2440672, -5.5549698 ], [ 105.2441468, -5.5550672 ], [ 105.2440683, -5.5551314 ] ] ] } },
{ "type": "Feature", "properties": { "point_id": 259, "footprint_id": 223, "id_bangunan": "Blok D (SDI-D19-019)", "fungsi_bangunan": "Rumah Tinggal", "jumlah_lantai": 1, "tinggi_lantai": 4.0, "tinggi_total": 4.0, "luas_m2": 31.84, "jarak_match_m": 3.25, "metode_match": "optimal_nearest", "status_match": "OK", "blok": "D", "klas_fungsi": "Hunian", "material": "Pasang Bata", "struktur": "Dinding Pemikul", "tipe_atap": "Pelana", "penutup_atap": "Seng", "dinding": "Bata Plaster", "kondisi": "Baik", "keyakinan": "Tinggi", "taksonomi": "MCF/LWAL/RSH2/RMT2/EWMA/CV1/HEX:1", "kode_singkat": "MCF \\LWAL\\HEX:1", "koefisien": 1.0, "nilai_exposure": 11941713042.6366, "kelas_exposure": "> Rp1.856.590.180,23 - < Rp11.941.713.042,64", "exposure_rank": 4, "kelas_gempa": "Tinggi", "kelas_tsunami": "Tinggi" }, "geometry": { "type": "Polygon", "coordinates": [ [ [ 105.2441748, -5.555176 ], [ 105.2441275, -5.5552084 ], [ 105.2441019, -5.5551709 ], [ 105.2441492, -5.5551385 ], [ 105.2441748, -5.555176 ] ] ] } },
{ "type": "Feature", "properties": { "point_id": 260, "footprint_id": 225, "id_bangunan": "Blok D (SDI-D20-020)", "fungsi_bangunan": "Rumah Tinggal", "jumlah_lantai": 1, "tinggi_lantai": 4.0, "tinggi_total": 4.0, "luas_m2": 342.65, "jarak_match_m": 0.72, "metode_match": "optimal_nearest", "status_match": "OK", "blok": "D", "klas_fungsi": "Hunian", "material": "Beton Bertulang", "struktur": "Dinding Pemikul", "tipe_atap": "Pelana", "penutup_atap": "Genteng", "dinding": "Bata Ekspos", "kondisi": "Baik", "keyakinan": "Tinggi", "taksonomi": "MUR/LWAL/RSH2/RMT1/EWMA/CV1/HEX:1", "kode_singkat": "MUR \\LWAL\\HEX:1", "koefisien": 1.0, "nilai_exposure": 998717622.82260001, "kelas_exposure": "> Rp638.909.581,39 - Rp1.136.724.268,30", "exposure_rank": 2, "kelas_gempa": "Tinggi", "kelas_tsunami": "Tinggi" }, "geometry": { "type": "Polygon", "coordinates": [ [ [ 105.244211, -5.5550362 ], [ 105.2443966, -5.5548911 ], [ 105.2444698, -5.5549846 ], [ 105.2442842, -5.5551298 ], [ 105.244211, -5.5550362 ] ] ] } },
{ "type": "Feature", "properties": { "point_id": 261, "footprint_id": 221, "id_bangunan": "Blok D (SDI-D22-022)", "fungsi_bangunan": "Rumah Tinggal", "jumlah_lantai": 1, "tinggi_lantai": 4.0, "tinggi_total": 4.0, "luas_m2": 198.95, "jarak_match_m": 0.0, "metode_match": "within", "status_match": "OK", "blok": "D", "klas_fungsi": "Hunian", "material": "Beton Bertulang", "struktur": "Rangka Beton Bertulang", "tipe_atap": "Kombinasi", "penutup_atap": "Genteng", "dinding": "Bata Ekspos", "kondisi": "Baik", "keyakinan": "Tinggi", "taksonomi": "MCF/LWAL/RSH8/RMT1/EWMA/CV1/HEX:1", "kode_singkat": "MCF \\LWAL\\HEX:1", "koefisien": 1.0, "nilai_exposure": 998717622.82260001, "kelas_exposure": "> Rp638.909.581,39 - Rp1.136.724.268,30", "exposure_rank": 2, "kelas_gempa": "Tinggi", "kelas_tsunami": "Tinggi" }, "geometry": { "type": "Polygon", "coordinates": [ [ [ 105.2442158, -5.5553931 ], [ 105.2441754, -5.5552962 ], [ 105.2443181, -5.5552367 ], [ 105.2443585, -5.5553337 ], [ 105.2442158, -5.5553931 ] ] ] } },
{ "type": "Feature", "properties": { "point_id": 262, "footprint_id": 220, "id_bangunan": "Blok D (SDI-D23-023)", "fungsi_bangunan": "Rumah Tinggal", "jumlah_lantai": 1, "tinggi_lantai": 4.0, "tinggi_total": 4.0, "luas_m2": 106.96, "jarak_match_m": 2.9, "metode_match": "optimal_nearest", "status_match": "OK", "blok": "D", "klas_fungsi": "Hunian", "material": "Pasang Bata", "struktur": "Dinding Pemikul", "tipe_atap": "Pelana", "penutup_atap": "Genteng", "dinding": "Bata Plaster", "kondisi": "Baik", "keyakinan": "Tinggi", "taksonomi": "MUR/LWAL/RSH2/RMT1/EWMA/CV1/HEX:1", "kode_singkat": "MUR \\LWAL\\HEX:1", "koefisien": 1.0, "nilai_exposure": 450291018.36497599, "kelas_exposure": "Rp14.611.983,05 - Rp638.909.581,39", "exposure_rank": 1, "kelas_gempa": "Rendah", "kelas_tsunami": "Rendah" }, "geometry": { "type": "Polygon", "coordinates": [ [ [ 105.2440659, -5.5552837 ], [ 105.2441349, -5.5552599 ], [ 105.2441739, -5.555373 ], [ 105.2441049, -5.5553968 ], [ 105.2440659, -5.5552837 ] ] ] } },
{ "type": "Feature", "properties": { "point_id": 263, "footprint_id": 219, "id_bangunan": "Blok D (SDI-D24-024)", "fungsi_bangunan": "Rumah Tinggal", "jumlah_lantai": 1, "tinggi_lantai": 4.0, "tinggi_total": 4.0, "luas_m2": 89.7, "jarak_match_m": 0.0, "metode_match": "within", "status_match": "OK", "blok": "D", "klas_fungsi": "Hunian", "material": "Beton Bertulang", "struktur": "Dinding Pemikul", "tipe_atap": "Kombinasi", "penutup_atap": "Genteng", "dinding": "Bata Plaster", "kondisi": "Baik", "keyakinan": "Tinggi", "taksonomi": "MUR/LWAL/RSH8/RMT1/EWMA/CV1/HEX:1", "kode_singkat": "MUR \\LWAL\\HEX:1", "koefisien": 1.0, "nilai_exposure": 998717622.82260001, "kelas_exposure": "> Rp638.909.581,39 - Rp1.136.724.268,30", "exposure_rank": 2, "kelas_gempa": "Tinggi", "kelas_tsunami": "Tinggi" }, "geometry": { "type": "Polygon", "coordinates": [ [ [ 105.2444085, -5.5551718 ], [ 105.2445108, -5.5551338 ], [ 105.2445342, -5.5551967 ], [ 105.2444319, -5.5552347 ], [ 105.2444085, -5.5551718 ] ] ] } },
{ "type": "Feature", "properties": { "point_id": 264, "footprint_id": 217, "id_bangunan": "Blok D (SDI-D25-025)", "fungsi_bangunan": "Rumah Tinggal", "jumlah_lantai": 1, "tinggi_lantai": 4.0, "tinggi_total": 4.0, "luas_m2": 131.15, "jarak_match_m": 9.63, "metode_match": "optimal_nearest", "status_match": "OK", "blok": "D", "klas_fungsi": "Hunian", "material": "Beton Bertulang", "struktur": "Dinding Pemikul", "tipe_atap": "Pelana", "penutup_atap": "Genteng", "dinding": "Bata Plaster", "kondisi": "Baik", "keyakinan": "Tinggi", "taksonomi": "MCF/LWAL/RSH2/RMT1/EWMA/CV1/HEX:1", "kode_singkat": "MCF \\LWAL\\HEX:1", "koefisien": 1.0, "nilai_exposure": 591914866.62526, "kelas_exposure": "Rp14.611.983,05 - Rp638.909.581,39", "exposure_rank": 1, "kelas_gempa": "Sedang", "kelas_tsunami": "Sedang" }, "geometry": { "type": "Polygon", "coordinates": [ [ [ 105.2442372, -5.5554752 ], [ 105.2443728, -5.5554062 ], [ 105.2444047, -5.555469 ], [ 105.2442691, -5.555538 ], [ 105.2442372, -5.5554752 ] ] ] } },
{ "type": "Feature", "properties": { "point_id": 265, "footprint_id": 218, "id_bangunan": "Blok D (SDI-D26-026)", "fungsi_bangunan": "Rumah Tinggal", "jumlah_lantai": 1, "tinggi_lantai": 4.0, "tinggi_total": 4.0, "luas_m2": 117.91, "jarak_match_m": 0.0, "metode_match": "within", "status_match": "OK", "blok": "D", "klas_fungsi": "Hunian", "material": "Beton Bertulang", "struktur": "Dinding Pemikul", "tipe_atap": "Kombinasi", "penutup_atap": "Genteng", "dinding": "Bata Plaster", "kondisi": "Baik", "keyakinan": "Tinggi", "taksonomi": "MCF/LWAL/RSH8/RMT1/EWMA/CV1/HEX:1", "kode_singkat": "MCF \\LWAL\\HEX:1", "koefisien": 1.0, "nilai_exposure": 858814688.30838001, "kelas_exposure": "> Rp638.909.581,39 - Rp1.136.724.268,30", "exposure_rank": 2, "kelas_gempa": "Sedang", "kelas_tsunami": "Sedang" }, "geometry": { "type": "Polygon", "coordinates": [ [ [ 105.2444347, -5.5553158 ], [ 105.2445608, -5.555273 ], [ 105.2445841, -5.5553414 ], [ 105.2444579, -5.5553843 ], [ 105.2444347, -5.5553158 ] ] ] } },
{ "type": "Feature", "properties": { "point_id": 266, "footprint_id": 215, "id_bangunan": "Blok D (SDI-D27-027)", "fungsi_bangunan": "Rumah Tinggal", "jumlah_lantai": 1, "tinggi_lantai": 4.0, "tinggi_total": 4.0, "luas_m2": 171.08, "jarak_match_m": 0.0, "metode_match": "within", "status_match": "OK", "blok": "D", "klas_fungsi": "Hunian", "material": "Beton Bertulang", "struktur": "Dinding Pemikul", "tipe_atap": "Kombinasi", "penutup_atap": "Genteng", "dinding": "Bata Plaster", "kondisi": "Baik", "keyakinan": "Tinggi", "taksonomi": "MCF/LWAL/RSH8/RMT1/EWMA/CV1/HEX:1", "kode_singkat": "MCF \\LWAL\\HEX:1", "koefisien": 1.0, "nilai_exposure": 847329674.94301999, "kelas_exposure": "> Rp638.909.581,39 - Rp1.136.724.268,30", "exposure_rank": 2, "kelas_gempa": "Sedang", "kelas_tsunami": "Sedang" }, "geometry": { "type": "Polygon", "coordinates": [ [ [ 105.2442967, -5.5555442 ], [ 105.2444204, -5.5554871 ], [ 105.2444634, -5.5555802 ], [ 105.2443397, -5.5556373 ], [ 105.2442967, -5.5555442 ] ] ] } },
{ "type": "Feature", "properties": { "point_id": 267, "footprint_id": 214, "id_bangunan": "Blok D (SDI-D28-028)", "fungsi_bangunan": "Rumah Tinggal", "jumlah_lantai": 1, "tinggi_lantai": 4.0, "tinggi_total": 4.0, "luas_m2": 178.22, "jarak_match_m": 17.0, "metode_match": "optimal_nearest", "status_match": "PERLU_CEK", "blok": "D", "klas_fungsi": "Hunian", "material": "Beton Bertulang", "struktur": "Dinding Pemikul", "tipe_atap": "Kombinasi", "penutup_atap": "Genteng dan Beton", "dinding": "Bata Plaster", "kondisi": "Baik", "keyakinan": "Tinggi", "taksonomi": "MCF/LWAL/RSH8/RMT1+RMT6/EWMA/CV1/HEX:1", "kode_singkat": "MCF \\LWAL\\HEX:1", "koefisien": 1.0, "nilai_exposure": 847329674.94301999, "kelas_exposure": "> Rp638.909.581,39 - Rp1.136.724.268,30", "exposure_rank": 2, "kelas_gempa": "Sedang", "kelas_tsunami": "Sedang" }, "geometry": { "type": "Polygon", "coordinates": [ [ [ 105.2445108, -5.5555585 ], [ 105.24448, -5.5554609 ], [ 105.2446156, -5.5554181 ], [ 105.2446465, -5.5555157 ], [ 105.2445108, -5.5555585 ] ] ] } },
{ "type": "Feature", "properties": { "point_id": 268, "footprint_id": 213, "id_bangunan": "Blok D (SDI-D29-029)", "fungsi_bangunan": "Rumah Tinggal", "jumlah_lantai": 1, "tinggi_lantai": 4.0, "tinggi_total": 4.0, "luas_m2": 168.79, "jarak_match_m": 4.61, "metode_match": "optimal_nearest", "status_match": "OK", "blok": "D", "klas_fungsi": "Hunian", "material": "Beton Bertulang", "struktur": "Dinding Pemikul", "tipe_atap": "Pelana", "penutup_atap": "Genteng", "dinding": "Bata Plaster", "kondisi": "Baik", "keyakinan": "Tinggi", "taksonomi": "MCF/LWAL/RSH2/RMT1/EWMA/CV1/HEX:1", "kode_singkat": "MCF \\LWAL\\HEX:1", "koefisien": 1.0, "nilai_exposure": 573819356.87090003, "kelas_exposure": "Rp14.611.983,05 - Rp638.909.581,39", "exposure_rank": 1, "kelas_gempa": "Rendah", "kelas_tsunami": "Rendah" }, "geometry": { "type": "Polygon", "coordinates": [ [ [ 105.2445679, -5.5557013 ], [ 105.2445486, -5.5556104 ], [ 105.2446937, -5.5555795 ], [ 105.2447131, -5.5556703 ], [ 105.2445679, -5.5557013 ] ] ] } },
{ "type": "Feature", "properties": { "point_id": 269, "footprint_id": 216, "id_bangunan": "Blok D (SDI-D30-030)", "fungsi_bangunan": "Rumah Tinggal", "jumlah_lantai": 1, "tinggi_lantai": 4.0, "tinggi_total": 4.0, "luas_m2": 114.31, "jarak_match_m": 0.0, "metode_match": "within", "status_match": "OK", "blok": "D", "klas_fungsi": "Hunian", "material": "Pasang Bata", "struktur": "Dinding Pemikul", "tipe_atap": "Pelana", "penutup_atap": "Seng", "dinding": "Bata Ekspos", "kondisi": "Baik", "keyakinan": "Tinggi", "taksonomi": "MUR/LWAL/RSH2/RMT2/EWMA/CV1/HEX:1", "kode_singkat": "MUR \\LWAL\\HEX:1", "koefisien": 1.0, "nilai_exposure": 485431709.96184194, "kelas_exposure": "Rp14.611.983,05 - Rp638.909.581,39", "exposure_rank": 1, "kelas_gempa": "Rendah", "kelas_tsunami": "Rendah" }, "geometry": { "type": "Polygon", "coordinates": [ [ [ 105.2444656, -5.5556156 ], [ 105.2445037, -5.5557322 ], [ 105.2444313, -5.5557558 ], [ 105.2443933, -5.5556392 ], [ 105.2444656, -5.5556156 ] ] ] } },
{ "type": "Feature", "properties": { "point_id": 270, "footprint_id": 211, "id_bangunan": "Blok D (SDI-D31-031)", "fungsi_bangunan": "Rumah Tinggal", "jumlah_lantai": 1, "tinggi_lantai": 4.0, "tinggi_total": 4.0, "luas_m2": 96.7, "jarak_match_m": 0.0, "metode_match": "within", "status_match": "OK", "blok": "D", "klas_fungsi": "Hunian", "material": "Pasang Bata", "struktur": "Dinding Pemikul", "tipe_atap": "Pelana", "penutup_atap": "Genteng", "dinding": "Bata Plaster", "kondisi": "Baik", "keyakinan": "Tinggi", "taksonomi": "MUR/LWAL/RSH2/RMT1/EWMA/CV1/HEX:1", "kode_singkat": "MUR \\LWAL\\HEX:1", "koefisien": 1.0, "nilai_exposure": 527541778.78483999, "kelas_exposure": "Rp14.611.983,05 - Rp638.909.581,39", "exposure_rank": 1, "kelas_gempa": "Rendah", "kelas_tsunami": "Rendah" }, "geometry": { "type": "Polygon", "coordinates": [ [ [ 105.2446845, -5.5559654 ], [ 105.2446813, -5.5558918 ], [ 105.2447883, -5.555887 ], [ 105.2447916, -5.5559606 ], [ 105.2446845, -5.5559654 ] ] ] } },
{ "type": "Feature", "properties": { "point_id": 271, "footprint_id": 212, "id_bangunan": "Blok D (SDI-D32-032)", "fungsi_bangunan": "Rumah Tinggal", "jumlah_lantai": 1, "tinggi_lantai": 4.0, "tinggi_total": 4.0, "luas_m2": 105.09, "jarak_match_m": 0.0, "metode_match": "within", "status_match": "OK", "blok": "D", "klas_fungsi": "Hunian", "material": "Campuran", "struktur": "Campuran", "tipe_atap": "Kombinasi", "penutup_atap": "Seng", "dinding": "Campuran", "kondisi": "Baik", "keyakinan": "Tinggi", "taksonomi": "MIX/LPB/RSH8/RMT2/EWO/CV1/HEX:1", "kode_singkat": "MIX \\LPB\\HEX:1", "koefisien": 1.0, "nilai_exposure": 481607265.86577398, "kelas_exposure": "Rp14.611.983,05 - Rp638.909.581,39", "exposure_rank": 1, "kelas_gempa": "Rendah", "kelas_tsunami": "Rendah" }, "geometry": { "type": "Polygon", "coordinates": [ [ [ 105.2446369, -5.5558845 ], [ 105.2446322, -5.555806 ], [ 105.2447411, -5.5557994 ], [ 105.2447459, -5.5558779 ], [ 105.2446369, -5.5558845 ] ] ] } },
{ "type": "Feature", "properties": { "point_id": 272, "footprint_id": 210, "id_bangunan": "Blok D (SDI-D33-033)", "fungsi_bangunan": "Rumah Tinggal", "jumlah_lantai": 1, "tinggi_lantai": 4.0, "tinggi_total": 4.0, "luas_m2": 95.94, "jarak_match_m": 2.03, "metode_match": "optimal_nearest", "status_match": "OK", "blok": "D", "klas_fungsi": "Hunian", "material": "Pasang Bata", "struktur": "Dinding Pemikul", "tipe_atap": "Pelana", "penutup_atap": "Seng", "dinding": "Bata Ekspos", "kondisi": "Baik", "keyakinan": "Tinggi", "taksonomi": "MUR/LFM/RSH2/RMT2/EWMA/CV1/HEX:1", "kode_singkat": "MUR \\LFM\\HEX:1", "koefisien": 1.0, "nilai_exposure": 736324126.81823993, "kelas_exposure": "> Rp638.909.581,39 - Rp1.136.724.268,30", "exposure_rank": 2, "kelas_gempa": "Sedang", "kelas_tsunami": "Sedang" }, "geometry": { "type": "Polygon", "coordinates": [ [ [ 105.2446131, -5.5561581 ], [ 105.2445981, -5.5560808 ], [ 105.2446956, -5.5560617 ], [ 105.2447107, -5.5561391 ], [ 105.2446131, -5.5561581 ] ] ] } },
{ "type": "Feature", "properties": { "point_id": 273, "footprint_id": 204, "id_bangunan": "Blok D (SDI-D35-035)", "fungsi_bangunan": "Rumah Tinggal", "jumlah_lantai": 1, "tinggi_lantai": 4.0, "tinggi_total": 4.0, "luas_m2": 146.68, "jarak_match_m": 0.0, "metode_match": "within", "status_match": "OK", "blok": "D", "klas_fungsi": "Hunian", "material": "Pasang Bata", "struktur": "Dinding Pemikul", "tipe_atap": "Pelana", "penutup_atap": "Genteng", "dinding": "Bata Plaster", "kondisi": "Baik", "keyakinan": "Tinggi", "taksonomi": "MUR/LWAL/RSH2/RMT1/EWMA/CV1/HEX:1", "kode_singkat": "MUR \\LWAL\\HEX:1", "koefisien": 1.0, "nilai_exposure": 1267785710.3902199, "kelas_exposure": "> Rp1.136.724.268,30 - Rp1.856.590.180,23", "exposure_rank": 3, "kelas_gempa": "Tinggi", "kelas_tsunami": "Tinggi" }, "geometry": { "type": "Polygon", "coordinates": [ [ [ 105.2445813, -5.5564663 ], [ 105.2447026, -5.5564139 ], [ 105.2447385, -5.5564972 ], [ 105.2446172, -5.5565495 ], [ 105.2445813, -5.5564663 ] ] ] } },
{ "type": "Feature", "properties": { "point_id": 274, "footprint_id": 205, "id_bangunan": "Blok D (SDI-D36-036)", "fungsi_bangunan": "Rumah Tinggal", "jumlah_lantai": 1, "tinggi_lantai": 4.0, "tinggi_total": 4.0, "luas_m2": 252.55, "jarak_match_m": 0.0, "metode_match": "within", "status_match": "OK", "blok": "D", "klas_fungsi": "Hunian", "material": "Beton Bertulang", "struktur": "Dinding Pemikul", "tipe_atap": "Pelana", "penutup_atap": "Genteng", "dinding": "Bata Plaster", "kondisi": "Baik", "keyakinan": "Tinggi", "taksonomi": "MCF/LWAL/RSH2/RMT1/EWMA/CV1/HEX:1", "kode_singkat": "MCF \\LWAL\\HEX:1", "koefisien": 1.0, "nilai_exposure": 490053198.06855601, "kelas_exposure": "Rp14.611.983,05 - Rp638.909.581,39", "exposure_rank": 1, "kelas_gempa": "Rendah", "kelas_tsunami": "Rendah" }, "geometry": { "type": "Polygon", "coordinates": [ [ [ 105.2446526, -5.5566828 ], [ 105.2445969, -5.5565631 ], [ 105.2447385, -5.5564972 ], [ 105.2447943, -5.5566169 ], [ 105.2446526, -5.5566828 ] ] ] } },
{ "type": "Feature", "properties": { "point_id": 275, "footprint_id": 352, "id_bangunan": "SDI-D50-050", "fungsi_bangunan": "Rumah Tinggal", "jumlah_lantai": 1, "tinggi_lantai": 4.0, "tinggi_total": 4.0, "luas_m2": 201.99, "jarak_match_m": 9.83, "metode_match": "optimal_nearest", "status_match": "OK", "blok": "D", "klas_fungsi": "Hunian", "material": "Pasang Bata", "struktur": "Dinding Pemikul", "tipe_atap": "Pelana", "penutup_atap": "Genteng", "dinding": "Bata Plaster", "kondisi": "Sedang", "keyakinan": "Tinggi", "taksonomi": "MCF/LFINF/RSH2/RMT1/EWMA/CV2/HEX:1", "kode_singkat": "MCF \\LFINF\\HEX:1", "koefisien": 1.0, "nilai_exposure": 995778494.90462005, "kelas_exposure": "> Rp638.909.581,39 - Rp1.136.724.268,30", "exposure_rank": 2, "kelas_gempa": "Tinggi", "kelas_tsunami": "Tinggi" }, "geometry": { "type": "Polygon", "coordinates": [ [ [ 105.2406722, -5.5535643 ], [ 105.2407221, -5.5535205 ], [ 105.2407864, -5.5535948 ], [ 105.240809, -5.5535738 ], [ 105.2408716, -5.5536538 ], [ 105.2408026, -5.5537164 ], [ 105.2407878, -5.5536971 ], [ 105.2407845, -5.5536995 ], [ 105.2407433, -5.5536509 ], [ 105.2406722, -5.5535643 ] ] ] } },
{ "type": "Feature", "properties": { "point_id": 276, "footprint_id": 354, "id_bangunan": "SDI-D52-052", "fungsi_bangunan": "Rumah Tinggal", "jumlah_lantai": 1, "tinggi_lantai": 4.0, "tinggi_total": 4.0, "luas_m2": 121.82, "jarak_match_m": 9.22, "metode_match": "optimal_nearest", "status_match": "OK", "blok": "D", "klas_fungsi": "Hunian", "material": "Pasang Bata", "struktur": "Rangka Beton Bertulang", "tipe_atap": "Kombinasi", "penutup_atap": "Genteng", "dinding": "Bata Ekspos", "kondisi": "Sedang Dibangun", "keyakinan": "Tinggi", "taksonomi": "MCF/LFINF/RSH8/RMT1/EWMA/CV5/HEX:1", "kode_singkat": "MCF \\LFINF\\HEX:1", "koefisien": 1.0, "nilai_exposure": 813449188.48526001, "kelas_exposure": "> Rp638.909.581,39 - Rp1.136.724.268,30", "exposure_rank": 2, "kelas_gempa": "Sedang", "kelas_tsunami": "Sedang" }, "geometry": { "type": "Polygon", "coordinates": [ [ [ 105.2408138, -5.5537842 ], [ 105.2408516, -5.5537528 ], [ 105.2408751, -5.5537794 ], [ 105.2409194, -5.5537461 ], [ 105.2409665, -5.5538058 ], [ 105.2408861, -5.5538722 ], [ 105.2408138, -5.5537842 ] ] ] } },
{ "type": "Feature", "properties": { "point_id": 277, "footprint_id": 368, "id_bangunan": "SDI-D53-053", "fungsi_bangunan": "Rumah Tinggal", "jumlah_lantai": 1, "tinggi_lantai": 4.0, "tinggi_total": 4.0, "luas_m2": 198.36, "jarak_match_m": 2.68, "metode_match": "optimal_nearest", "status_match": "OK", "blok": "D", "klas_fungsi": "Hunian", "material": "Pasang Bata", "struktur": "Rangka Beton Bertulang", "tipe_atap": "Kombinasi", "penutup_atap": "Spandek + Genteng", "dinding": "Bata Plaster", "kondisi": "Baik", "keyakinan": "Tinggi", "taksonomi": "MCF/LFINF/RSH8/RMT6/EWMA/CV1/HEX:1", "kode_singkat": "MCF \\LFINF\\HEX:1", "koefisien": 1.0, "nilai_exposure": 734931947.92879999, "kelas_exposure": "> Rp638.909.581,39 - Rp1.136.724.268,30", "exposure_rank": 2, "kelas_gempa": "Sedang", "kelas_tsunami": "Sedang" }, "geometry": { "type": "Polygon", "coordinates": [ [ [ 105.2409199, -5.5538677 ], [ 105.2410327, -5.5537697 ], [ 105.2410979, -5.5538517 ], [ 105.240987, -5.5539498 ], [ 105.2409798, -5.5539538 ], [ 105.2409413, -5.5539079 ], [ 105.2409472, -5.5539027 ], [ 105.2409199, -5.5538677 ] ] ] } },
{ "type": "Feature", "properties": { "point_id": 278, "footprint_id": 203, "id_bangunan": "Blok D (SDI-D37-037)", "fungsi_bangunan": "Rumah Tinggal", "jumlah_lantai": 1, "tinggi_lantai": 4.0, "tinggi_total": 4.0, "luas_m2": 146.4, "jarak_match_m": 0.0, "metode_match": "within", "status_match": "OK", "blok": "D", "klas_fungsi": "Hunian", "material": "Pasang Bata", "struktur": "Dinding Pemikul", "tipe_atap": "Pelana", "penutup_atap": "Genteng", "dinding": "Bata Ekspos", "kondisi": "Baik", "keyakinan": "Tinggi", "taksonomi": "MUR/LFINF/RSH2/RMT1/EWMA/CV1/HEX:1", "kode_singkat": "MUR \\LFINF\\HEX:1", "koefisien": 1.0, "nilai_exposure": 14611983.047100799, "kelas_exposure": "Rp14.611.983,05 - Rp638.909.581,39", "exposure_rank": 1, "kelas_gempa": "Rendah", "kelas_tsunami": "Rendah" }, "geometry": { "type": "Polygon", "coordinates": [ [ [ 105.2443814, -5.5568351 ], [ 105.2443467, -5.5567508 ], [ 105.244468, -5.5567009 ], [ 105.2445027, -5.5567851 ], [ 105.2443814, -5.5568351 ] ] ] } },
{ "type": "Feature", "properties": { "point_id": 279, "footprint_id": 346, "id_bangunan": "SDI-D54-054", "fungsi_bangunan": "Rumah Tinggal", "jumlah_lantai": 1, "tinggi_lantai": 4.0, "tinggi_total": 4.0, "luas_m2": 126.59, "jarak_match_m": 4.5, "metode_match": "optimal_nearest", "status_match": "OK", "blok": "D", "klas_fungsi": "Hunian", "material": "Pasang Bata", "struktur": "Rangka Beton Bertulang", "tipe_atap": "Kombinasi", "penutup_atap": "Genteng + Spandek Bata Plaster/Bata Ekspos Baik MCF LFINF Sedang", "dinding": "Bata Ekspos", "kondisi": "Baik", "keyakinan": "Tinggi", "taksonomi": "MCF/LFINF/RSH8/RMT1+RMT6/EWMA/CV1/HEX:1", "kode_singkat": "MCF \\LFINF\\HEX:1", "koefisien": 1.0, "nilai_exposure": 901271165.98684001, "kelas_exposure": "> Rp638.909.581,39 - Rp1.136.724.268,30", "exposure_rank": 2, "kelas_gempa": "Sedang", "kelas_tsunami": "Sedang" }, "geometry": { "type": "Polygon", "coordinates": [ [ [ 105.2411124, -5.5538108 ], [ 105.241129, -5.5537968 ], [ 105.2411145, -5.5537792 ], [ 105.241164, -5.5537392 ], [ 105.2411716, -5.5537471 ], [ 105.2411921, -5.5537309 ], [ 105.241259, -5.5538099 ], [ 105.2412087, -5.5538551 ], [ 105.241179, -5.5538199 ], [ 105.2411419, -5.5538487 ], [ 105.2411124, -5.5538108 ] ] ] } },
{ "type": "Feature", "properties": { "point_id": 280, "footprint_id": 202, "id_bangunan": "Blok D (SDI-D38-038)", "fungsi_bangunan": "Rumah Tinggal", "jumlah_lantai": 1, "tinggi_lantai": 4.0, "tinggi_total": 4.0, "luas_m2": 179.54, "jarak_match_m": 0.0, "metode_match": "within", "status_match": "OK", "blok": "D", "klas_fungsi": "Hunian", "material": "Pasang Bata", "struktur": "Dinding Pemikul", "tipe_atap": "Kombinasi", "penutup_atap": "Genteng", "dinding": "Bata Ekspos", "kondisi": "Baik", "keyakinan": "Tinggi", "taksonomi": "MUR/LFM/RSH8/RMT1/EWMA/CV1/HEX:1", "kode_singkat": "MUR \\LFM\\HEX:1", "koefisien": 1.0, "nilai_exposure": 535191567.90232003, "kelas_exposure": "Rp14.611.983,05 - Rp638.909.581,39", "exposure_rank": 1, "kelas_gempa": "Rendah", "kelas_tsunami": "Rendah" }, "geometry": { "type": "Polygon", "coordinates": [ [ [ 105.2446122, -5.5568803 ], [ 105.2445668, -5.556777 ], [ 105.2446857, -5.5567247 ], [ 105.2447312, -5.556828 ], [ 105.2446122, -5.5568803 ] ] ] } },
{ "type": "Feature", "properties": { "point_id": 281, "footprint_id": 200, "id_bangunan": "Blok D (SDI-D39-039)", "fungsi_bangunan": "Rumah Tinggal", "jumlah_lantai": 1, "tinggi_lantai": 4.0, "tinggi_total": 4.0, "luas_m2": 106.61, "jarak_match_m": 0.0, "metode_match": "within", "status_match": "OK", "blok": "D", "klas_fungsi": "Hunian", "material": "Campuran", "struktur": "Campuran", "tipe_atap": "Kombinasi", "penutup_atap": "Seng", "dinding": "Campuran", "kondisi": "Sedang", "keyakinan": "Tinggi", "taksonomi": "MIX/LFINF/RSH8/RMT2/EWO/CV2/HEX:1", "kode_singkat": "MIX \\LFINF\\HEX:1", "koefisien": 1.0, "nilai_exposure": 527779656.04802001, "kelas_exposure": "Rp14.611.983,05 - Rp638.909.581,39", "exposure_rank": 1, "kelas_gempa": "Rendah", "kelas_tsunami": "Rendah" }, "geometry": { "type": "Polygon", "coordinates": [ [ [ 105.2448525, -5.5570231 ], [ 105.2449493, -5.5569697 ], [ 105.2449873, -5.5570387 ], [ 105.2448906, -5.5570921 ], [ 105.2448525, -5.5570231 ] ] ] } },
{ "type": "Feature", "properties": { "point_id": 282, "footprint_id": 429, "id_bangunan": "SDI-D55-055", "fungsi_bangunan": "Rumah Tinggal", "jumlah_lantai": 1, "tinggi_lantai": 4.0, "tinggi_total": 4.0, "luas_m2": 105.14, "jarak_match_m": 3.56, "metode_match": "optimal_nearest", "status_match": "OK", "blok": null, "klas_fungsi": null, "material": null, "struktur": null, "tipe_atap": null, "penutup_atap": null, "dinding": null, "kondisi": null, "keyakinan": null, "taksonomi": null, "kode_singkat": null, "koefisien": null, "nilai_exposure": null, "kelas_exposure": null, "exposure_rank": 0, "kelas_gempa": "Tidak Terdampak", "kelas_tsunami": "Tidak Terdampak" }, "geometry": { "type": "Polygon", "coordinates": [ [ [ 105.2413503, -5.5536521 ], [ 105.2413456, -5.5536483 ], [ 105.241372, -5.5536207 ], [ 105.2413755, -5.553625 ], [ 105.2413958, -5.5536055 ], [ 105.2414607, -5.5536761 ], [ 105.2413948, -5.5537346 ], [ 105.2413908, -5.5537316 ], [ 105.2413327, -5.5536721 ], [ 105.2413503, -5.5536521 ] ] ] } },
{ "type": "Feature", "properties": { "point_id": 283, "footprint_id": 194, "id_bangunan": "Blok D (SDI-D40-040)", "fungsi_bangunan": "Rumah Tinggal", "jumlah_lantai": 1, "tinggi_lantai": 4.0, "tinggi_total": 4.0, "luas_m2": 154.93, "jarak_match_m": 12.19, "metode_match": "optimal_nearest", "status_match": "OK", "blok": "D", "klas_fungsi": "Hunian", "material": "Pasang Bata", "struktur": "Dinding Pemikul", "tipe_atap": "Tidak Terlihat", "penutup_atap": "Susah tidak ada", "dinding": "Bata Plaster", "kondisi": "Rusak Berat", "keyakinan": "Tinggi", "taksonomi": "MUR/LFM/RSH99/RMT99/EWMA/CV4/HEX:1", "kode_singkat": "MUR \\LFM\\HEX:1", "koefisien": 1.0, "nilai_exposure": 669515452.45084, "kelas_exposure": "> Rp638.909.581,39 - Rp1.136.724.268,30", "exposure_rank": 2, "kelas_gempa": "Sedang", "kelas_tsunami": "Sedang" }, "geometry": { "type": "Polygon", "coordinates": [ [ [ 105.2448787, -5.5579192 ], [ 105.2449168, -5.5579977 ], [ 105.2447863, -5.558061 ], [ 105.2447482, -5.5579824 ], [ 105.2448787, -5.5579192 ] ] ] } },
{ "type": "Feature", "properties": { "point_id": 284, "footprint_id": 195, "id_bangunan": "Blok D (SDI-D41-041)", "fungsi_bangunan": "Rumah Tinggal", "jumlah_lantai": 1, "tinggi_lantai": 4.0, "tinggi_total": 4.0, "luas_m2": 133.37, "jarak_match_m": 0.0, "metode_match": "within", "status_match": "OK", "blok": "D", "klas_fungsi": "Hunian", "material": "Kayu", "struktur": "Rangka Kayu", "tipe_atap": "Pelana", "penutup_atap": "Genteng", "dinding": "Kayu", "kondisi": "Baik", "keyakinan": "Tinggi", "taksonomi": "W/LPB/RSH2/RMT1/EWW/CV1/HEX:1", "kode_singkat": "W \\LPB\\HEX:1", "koefisien": 1.0, "nilai_exposure": 342763076.23716801, "kelas_exposure": "Rp14.611.983,05 - Rp638.909.581,39", "exposure_rank": 1, "kelas_gempa": "Rendah", "kelas_tsunami": "Rendah" }, "geometry": { "type": "Polygon", "coordinates": [ [ [ 105.245119, -5.5573443 ], [ 105.2452103, -5.5573388 ], [ 105.2452174, -5.5574578 ], [ 105.2451262, -5.5574633 ], [ 105.245119, -5.5573443 ] ] ] } },
{ "type": "Feature", "properties": { "point_id": 285, "footprint_id": 198, "id_bangunan": "Blok D (SDI-D42-042)", "fungsi_bangunan": "Rumah Tinggal", "jumlah_lantai": 1, "tinggi_lantai": 4.0, "tinggi_total": 4.0, "luas_m2": 68.28, "jarak_match_m": 0.0, "metode_match": "within", "status_match": "OK", "blok": "D", "klas_fungsi": "Hunian", "material": "Pasang Bata", "struktur": "Dinding Pemikul", "tipe_atap": "Pelana", "penutup_atap": "Genteng", "dinding": "Bata Ekspos", "kondisi": "Baik", "keyakinan": "Tinggi", "taksonomi": "MUR/LFM/RSH2/RMT1/EWMA/CV1/HEX:1", "kode_singkat": "MUR \\LFM\\HEX:1", "koefisien": 1.0, "nilai_exposure": 901271165.98684001, "kelas_exposure": "> Rp638.909.581,39 - Rp1.136.724.268,30", "exposure_rank": 2, "kelas_gempa": "Sedang", "kelas_tsunami": "Sedang" }, "geometry": { "type": "Polygon", "coordinates": [ [ [ 105.2448311, -5.5571992 ], [ 105.2449096, -5.5571611 ], [ 105.2449375, -5.5572186 ], [ 105.244859, -5.5572567 ], [ 105.2448311, -5.5571992 ] ] ] } },
{ "type": "Feature", "properties": { "point_id": 286, "footprint_id": 206, "id_bangunan": "Blok D (SDI-D43-043)", "fungsi_bangunan": "Rumah Tinggal", "jumlah_lantai": 1, "tinggi_lantai": 4.0, "tinggi_total": 4.0, "luas_m2": 103.66, "jarak_match_m": 11.61, "metode_match": "optimal_nearest", "status_match": "OK", "blok": "D", "klas_fungsi": "Hunian", "material": "Kayu", "struktur": "Rangka Kayu", "tipe_atap": "Kombinasi", "penutup_atap": "Genteng dan Seng", "dinding": "Kayu", "kondisi": "Baik", "keyakinan": "Tinggi", "taksonomi": "MIX/LPB/RSH8/RMT1+RMT6/EWW/CV1/HEX:1", "kode_singkat": "MIX \\LPB\\HEX:1", "koefisien": 1.0, "nilai_exposure": 984724566.71508002, "kelas_exposure": "> Rp638.909.581,39 - Rp1.136.724.268,30", "exposure_rank": 2, "kelas_gempa": "Tinggi", "kelas_tsunami": "Tinggi" }, "geometry": { "type": "Polygon", "coordinates": [ [ [ 105.2447959, -5.5568651 ], [ 105.2447712, -5.5567989 ], [ 105.2448835, -5.556757 ], [ 105.2449082, -5.5568232 ], [ 105.2447959, -5.5568651 ] ] ] } },
{ "type": "Feature", "properties": { "point_id": 287, "footprint_id": 381, "id_bangunan": "Blok D (SDI-D44-044)", "fungsi_bangunan": "Rumah Tinggal", "jumlah_lantai": 1, "tinggi_lantai": 4.0, "tinggi_total": 4.0, "luas_m2": 196.16, "jarak_match_m": 0.74, "metode_match": "optimal_nearest", "status_match": "OK", "blok": "D", "klas_fungsi": "Hunian", "material": "Pasang Bata", "struktur": "Dinding Pemikul", "tipe_atap": "Kombinasi", "penutup_atap": "Seng", "dinding": "Bata Ekspos", "kondisi": "Baik", "keyakinan": "Tinggi", "taksonomi": "MUR/LWAL/RSH8/RMT2/EWMA/CV1/HEX:1", "kode_singkat": "MUR \\LWAL\\HEX:1", "koefisien": 1.09, "nilai_exposure": 553825230.66175687, "kelas_exposure": "Rp14.611.983,05 - Rp638.909.581,39", "exposure_rank": 1, "kelas_gempa": "Rendah", "kelas_tsunami": "Rendah" }, "geometry": { "type": "Polygon", "coordinates": [ [ [ 105.2422802, -5.5534044 ], [ 105.2422959, -5.553383 ], [ 105.2422771, -5.5533663 ], [ 105.2423671, -5.5532666 ], [ 105.2424454, -5.5533392 ], [ 105.242339, -5.5534532 ], [ 105.2422802, -5.5534044 ] ] ] } },
{ "type": "Feature", "properties": { "point_id": 288, "footprint_id": 391, "id_bangunan": "Blok D (SDI-D45-045)", "fungsi_bangunan": "Rumah Tinggal", "jumlah_lantai": 2, "tinggi_lantai": 4.0, "tinggi_total": 8.0, "luas_m2": 53.75, "jarak_match_m": 0.0, "metode_match": "within", "status_match": "OK", "blok": "D", "klas_fungsi": "Hunian", "material": "Beton Bertulang", "struktur": "Dinding Pemikul", "tipe_atap": "Kombinasi", "penutup_atap": "Seeng dan Genteng", "dinding": "Bata Plaster", "kondisi": "Baik", "keyakinan": "Tinggi", "taksonomi": "MCF/LWAL/RSH8//EWMA/CV1/HEX:2", "kode_singkat": "MCF \\LWAL\\HEX:2", "koefisien": 1.0, "nilai_exposure": 824256724.66833997, "kelas_exposure": "> Rp638.909.581,39 - Rp1.136.724.268,30", "exposure_rank": 2, "kelas_gempa": "Sedang", "kelas_tsunami": "Sedang" }, "geometry": { "type": "Polygon", "coordinates": [ [ [ 105.2421527, -5.5526405 ], [ 105.2422203, -5.552601 ], [ 105.2422495, -5.55265 ], [ 105.2421791, -5.5526876 ], [ 105.2421527, -5.5526405 ] ] ] } },
{ "type": "Feature", "properties": { "point_id": 289, "footprint_id": 398, "id_bangunan": "Blok D (SDI-D46-046)", "fungsi_bangunan": "Rumah Tinggal", "jumlah_lantai": 1, "tinggi_lantai": 4.0, "tinggi_total": 4.0, "luas_m2": 164.19, "jarak_match_m": 3.23, "metode_match": "optimal_nearest", "status_match": "OK", "blok": "D", "klas_fungsi": "Hunian", "material": "Pasang Bata", "struktur": "Dinding Pemikul", "tipe_atap": "Kombinasi", "penutup_atap": "Seng dan genteng", "dinding": "Bata Plaster", "kondisi": "Baik", "keyakinan": "Tinggi", "taksonomi": "MUR/LFM/RSH8/RMT2/EWMA/CV1/HEX:1", "kode_singkat": "MUR \\LFM\\HEX:1", "koefisien": 1.0, "nilai_exposure": 1136724268.2953999, "kelas_exposure": "> Rp638.909.581,39 - Rp1.136.724.268,30", "exposure_rank": 2, "kelas_gempa": "Tinggi", "kelas_tsunami": "Tinggi" }, "geometry": { "type": "Polygon", "coordinates": [ [ [ 105.2422712, -5.5525895 ], [ 105.2423301, -5.552558 ], [ 105.242342, -5.5525776 ], [ 105.2423462, -5.552577 ], [ 105.2423914, -5.5526555 ], [ 105.2423872, -5.5526591 ], [ 105.2424134, -5.5527067 ], [ 105.2423343, -5.552743 ], [ 105.2422712, -5.5525895 ] ] ] } },
{ "type": "Feature", "properties": { "point_id": 290, "footprint_id": 409, "id_bangunan": "Blok D (SDI-D47-047)", "fungsi_bangunan": "Rumah Tinggal", "jumlah_lantai": 1, "tinggi_lantai": 4.0, "tinggi_total": 4.0, "luas_m2": 226.44, "jarak_match_m": 0.0, "metode_match": "within", "status_match": "OK", "blok": "D", "klas_fungsi": "Hunian", "material": "Pasang Bata", "struktur": "Dinding Pemikul", "tipe_atap": "Kombinasi", "penutup_atap": "genteng dan seng", "dinding": "Bata Plaster", "kondisi": "Baik", "keyakinan": "Tinggi", "taksonomi": "MUR/LFM/RSH8/RMT1+RMT6/EWMA/CV1/HEX:1", "kode_singkat": "MUR \\LFM\\HEX:1", "koefisien": 1.0, "nilai_exposure": 1037707400.57256, "kelas_exposure": "> Rp638.909.581,39 - Rp1.136.724.268,30", "exposure_rank": 2, "kelas_gempa": "Tinggi", "kelas_tsunami": "Tinggi" }, "geometry": { "type": "Polygon", "coordinates": [ [ [ 105.2426753, -5.5525387 ], [ 105.2425396, -5.55234 ], [ 105.2425741, -5.5523162 ], [ 105.2425783, -5.5523234 ], [ 105.2426069, -5.5523031 ], [ 105.2427395, -5.5524881 ], [ 105.2426753, -5.5525387 ] ] ] } },
{ "type": "Feature", "properties": { "point_id": 291, "footprint_id": 399, "id_bangunan": "Blok D (SDI-D48-048)", "fungsi_bangunan": "Rumah Tinggal", "jumlah_lantai": 1, "tinggi_lantai": 4.0, "tinggi_total": 4.0, "luas_m2": 206.71, "jarak_match_m": 0.0, "metode_match": "within", "status_match": "OK", "blok": "D", "klas_fungsi": "Hunian", "material": "Pasang Bata", "struktur": "Dinding Pemikul", "tipe_atap": "Kombinasi", "penutup_atap": "Genteng", "dinding": "Bata Plaster", "kondisi": "Baik", "keyakinan": "Tinggi", "taksonomi": "MCF/LWAL/RSH8/RMT1/EWMA/CV1/HEX:1", "kode_singkat": "MCF \\LWAL\\HEX:1", "koefisien": 1.09, "nilai_exposure": 1932074833.2070961, "kelas_exposure": "> Rp1.856.590.180,23 - < Rp11.941.713.042,64", "exposure_rank": 4, "kelas_gempa": "Tinggi", "kelas_tsunami": "Tinggi" }, "geometry": { "type": "Polygon", "coordinates": [ [ [ 105.2426424, -5.5523248 ], [ 105.2427126, -5.552276 ], [ 105.2427299, -5.5523016 ], [ 105.2427555, -5.5522831 ], [ 105.2427641, -5.5522971 ], [ 105.2427677, -5.5522945 ], [ 105.2428359, -5.5523933 ], [ 105.2427734, -5.5524349 ], [ 105.2427477, -5.5523937 ], [ 105.2427036, -5.552424 ], [ 105.2426424, -5.5523248 ] ] ] } },
{ "type": "Feature", "properties": { "point_id": 292, "footprint_id": 273, "id_bangunan": "SDI-D01-056", "fungsi_bangunan": "Rumah Tinggal", "jumlah_lantai": 2, "tinggi_lantai": 4.0, "tinggi_total": 8.0, "luas_m2": 38.95, "jarak_match_m": 6.9, "metode_match": "optimal_nearest", "status_match": "OK", "blok": "D", "klas_fungsi": "Hunian", "material": "Pasang Bata", "struktur": "Dinding Pemikul", "tipe_atap": "Kombinasi", "penutup_atap": "Genteng", "dinding": "Bata Plaster", "kondisi": "Baik", "keyakinan": "Tinggi", "taksonomi": "MUR/LWAL/RSH8/RMT1/EWMA/CV1/HEX:2", "kode_singkat": "MUR \\LWAL\\HEX:2", "koefisien": 1.0, "nilai_exposure": 641399979.54957998, "kelas_exposure": "> Rp638.909.581,39 - Rp1.136.724.268,30", "exposure_rank": 2, "kelas_gempa": "Sedang", "kelas_tsunami": "Sedang" }, "geometry": { "type": "Polygon", "coordinates": [ [ [ 105.2403498, -5.5544077 ], [ 105.2403894, -5.5543758 ], [ 105.2404004, -5.5543691 ], [ 105.2404287, -5.5544138 ], [ 105.2403835, -5.5544474 ], [ 105.2403498, -5.5544077 ] ] ] } },
{ "type": "Feature", "properties": { "point_id": 293, "footprint_id": 267, "id_bangunan": "SDI-D57-057", "fungsi_bangunan": "Rumah Tinggal", "jumlah_lantai": 1, "tinggi_lantai": 4.0, "tinggi_total": 4.0, "luas_m2": 127.77, "jarak_match_m": 2.59, "metode_match": "optimal_nearest", "status_match": "OK", "blok": "D", "klas_fungsi": "Hunian", "material": "Pasang Bata", "struktur": "Dinding Pemikul", "tipe_atap": "Pelana", "penutup_atap": "Genteng", "dinding": "Campuran", "kondisi": "Sedang", "keyakinan": "Tinggi", "taksonomi": "MUR/LWAL/RSH2/RMT1/EWO/CV2/HEX:1", "kode_singkat": "MUR \\LWAL\\HEX:1", "koefisien": 1.0, "nilai_exposure": 906209400.26198006, "kelas_exposure": "> Rp638.909.581,39 - Rp1.136.724.268,30", "exposure_rank": 2, "kelas_gempa": "Sedang", "kelas_tsunami": "Sedang" }, "geometry": { "type": "Polygon", "coordinates": [ [ [ 105.2400594, -5.5543194 ], [ 105.240117, -5.5542782 ], [ 105.2401983, -5.5543867 ], [ 105.240136, -5.5544376 ], [ 105.2400594, -5.5543194 ] ] ] } },
{ "type": "Feature", "properties": { "point_id": 294, "footprint_id": 341, "id_bangunan": "SDI-D59-059", "fungsi_bangunan": "Rumah Tinggal", "jumlah_lantai": 1, "tinggi_lantai": 4.0, "tinggi_total": 4.0, "luas_m2": 180.52, "jarak_match_m": 1.66, "metode_match": "optimal_nearest", "status_match": "OK", "blok": "D", "klas_fungsi": "Hunian", "material": "Pasang Bata", "struktur": "Dinding Pemikul", "tipe_atap": "Pelana", "penutup_atap": "Genteng", "dinding": "Bata Plaster", "kondisi": "Baik", "keyakinan": "Tinggi", "taksonomi": "MUR/LWAL/RSH2/RMT1/EWMA/CV1/HEX:1", "kode_singkat": "MUR \\LWAL\\HEX:1", "koefisien": 1.0, "nilai_exposure": 1771349249.3089399, "kelas_exposure": "> Rp1.136.724.268,30 - Rp1.856.590.180,23", "exposure_rank": 3, "kelas_gempa": "Tinggi", "kelas_tsunami": "Tinggi" }, "geometry": { "type": "Polygon", "coordinates": [ [ [ 105.2404825, -5.5538579 ], [ 105.240578, -5.5537792 ], [ 105.2406555, -5.5538646 ], [ 105.2405784, -5.553945 ], [ 105.2405663, -5.5539369 ], [ 105.2405613, -5.5539319 ], [ 105.2405577, -5.5539355 ], [ 105.2404825, -5.5538579 ] ] ] } },
{ "type": "Feature", "properties": { "point_id": 295, "footprint_id": 364, "id_bangunan": "SDI-D60-060", "fungsi_bangunan": "Rumah Tinggal", "jumlah_lantai": 1, "tinggi_lantai": 4.0, "tinggi_total": 4.0, "luas_m2": 199.33, "jarak_match_m": 6.06, "metode_match": "optimal_nearest", "status_match": "OK", "blok": "D", "klas_fungsi": "Hunian", "material": "Beton Bertulang", "struktur": "Rangka Beton Bertulang", "tipe_atap": "Kombinasi", "penutup_atap": "Genteng", "dinding": "Bata Plaster", "kondisi": "Baik", "keyakinan": "Tinggi", "taksonomi": "MCF/LFM/RSH8/RMT1/EWMA/CV1/HEX:1", "kode_singkat": "MCF \\LFM\\HEX:1", "koefisien": 1.0, "nilai_exposure": 1771349249.3089399, "kelas_exposure": "> Rp1.136.724.268,30 - Rp1.856.590.180,23", "exposure_rank": 3, "kelas_gempa": "Tinggi", "kelas_tsunami": "Tinggi" }, "geometry": { "type": "Polygon", "coordinates": [ [ [ 105.2409663, -5.5539884 ], [ 105.2410386, -5.5539323 ], [ 105.2410665, -5.5539568 ], [ 105.2411107, -5.5539285 ], [ 105.2411393, -5.5539585 ], [ 105.2411297, -5.5539673 ], [ 105.2411533, -5.5539953 ], [ 105.241047, -5.5540892 ], [ 105.2409663, -5.5539884 ] ] ] } },
{ "type": "Feature", "properties": { "point_id": 296, "footprint_id": 347, "id_bangunan": "SDI-D61-061", "fungsi_bangunan": "Rumah Tinggal", "jumlah_lantai": 1, "tinggi_lantai": 4.0, "tinggi_total": 4.0, "luas_m2": 35.45, "jarak_match_m": 13.56, "metode_match": "optimal_nearest", "status_match": "OK", "blok": "D", "klas_fungsi": "Hunian", "material": "Pasang Bata", "struktur": "Dinding Pemikul", "tipe_atap": "Pelana", "penutup_atap": "Genteng", "dinding": "Bata Ekspos", "kondisi": "Sedang Dibangun", "keyakinan": "Tinggi", "taksonomi": "MUR/LWAL/RSH2/RMT1/EWMA/CV5/HEX:1", "kode_singkat": "MUR \\LWAL\\HEX:1", "koefisien": 1.0, "nilai_exposure": 358505628.31866997, "kelas_exposure": "Rp14.611.983,05 - Rp638.909.581,39", "exposure_rank": 1, "kelas_gempa": "Rendah", "kelas_tsunami": "Rendah" }, "geometry": { "type": "Polygon", "coordinates": [ [ [ 105.2412513, -5.5538167 ], [ 105.241259, -5.5538099 ], [ 105.2412148, -5.5537578 ], [ 105.2412404, -5.5537373 ], [ 105.2412937, -5.5537975 ], [ 105.2412611, -5.553828 ], [ 105.2412513, -5.5538167 ] ] ] } },
{ "type": "Feature", "properties": { "point_id": 297, "footprint_id": 361, "id_bangunan": "SDI-D62-062", "fungsi_bangunan": "Rumah Tinggal", "jumlah_lantai": 1, "tinggi_lantai": 4.0, "tinggi_total": 4.0, "luas_m2": 71.42, "jarak_match_m": 5.36, "metode_match": "optimal_nearest", "status_match": "OK", "blok": "D", "klas_fungsi": "Hunian", "material": "Campuran", "struktur": "Dinding Pemikul", "tipe_atap": "Pelana", "penutup_atap": "Asbes", "dinding": "Bata Plaster", "kondisi": "Sedang", "keyakinan": "Tinggi", "taksonomi": "MUR/LWAL/RSH2/RMT6/EWMA/CV2/HEX:1", "kode_singkat": "MUR \\LWAL\\HEX:1", "koefisien": 1.0, "nilai_exposure": 1081201674.84882, "kelas_exposure": "> Rp638.909.581,39 - Rp1.136.724.268,30", "exposure_rank": 2, "kelas_gempa": "Tinggi", "kelas_tsunami": "Tinggi" }, "geometry": { "type": "Polygon", "coordinates": [ [ [ 105.2413451, -5.5540407 ], [ 105.2413889, -5.5539974 ], [ 105.2414548, -5.5540657 ], [ 105.2414098, -5.5541085 ], [ 105.2413451, -5.5540407 ] ] ] } },
{ "type": "Feature", "properties": { "point_id": 298, "footprint_id": 348, "id_bangunan": "SDI-D63-063", "fungsi_bangunan": "Rumah Tinggal", "jumlah_lantai": 1, "tinggi_lantai": 4.0, "tinggi_total": 4.0, "luas_m2": 215.38, "jarak_match_m": 7.15, "metode_match": "optimal_nearest", "status_match": "OK", "blok": "D", "klas_fungsi": "Hunian", "material": "Pasang Bata", "struktur": "Dinding Pemikul", "tipe_atap": "Pelana", "penutup_atap": "Seng", "dinding": "Bata Plaster", "kondisi": "Baik", "keyakinan": "Tinggi", "taksonomi": "MUR/LWAL/RSH2/RMT2/EWMA/CV1/HEX:1", "kode_singkat": "MUR \\LWAL\\HEX:1", "koefisien": 1.0, "nilai_exposure": 787148459.44422007, "kelas_exposure": "> Rp638.909.581,39 - Rp1.136.724.268,30", "exposure_rank": 2, "kelas_gempa": "Sedang", "kelas_tsunami": "Sedang" }, "geometry": { "type": "Polygon", "coordinates": [ [ [ 105.2412718, -5.5538299 ], [ 105.2413532, -5.553768 ], [ 105.2413917, -5.5538203 ], [ 105.2414191, -5.5537999 ], [ 105.2414638, -5.5538491 ], [ 105.24143, -5.5538801 ], [ 105.2413463, -5.5539507 ], [ 105.241332, -5.5539324 ], [ 105.2413156, -5.5539436 ], [ 105.2412906, -5.5539115 ], [ 105.2413696, -5.5538472 ], [ 105.2413644, -5.5538403 ], [ 105.2413153, -5.5538798 ], [ 105.2412999, -5.5538598 ], [ 105.2412975, -5.5538634 ], [ 105.2412718, -5.5538299 ] ] ] } },
{ "type": "Feature", "properties": { "point_id": 299, "footprint_id": 362, "id_bangunan": "SDI-D64-064", "fungsi_bangunan": "Rumah Tinggal", "jumlah_lantai": 1, "tinggi_lantai": 4.0, "tinggi_total": 4.0, "luas_m2": 156.8, "jarak_match_m": 0.0, "metode_match": "within", "status_match": "OK", "blok": "D", "klas_fungsi": "Hunian", "material": "Beton Bertulang", "struktur": "Rangka Beton Bertulang", "tipe_atap": "Kombinasi", "penutup_atap": "Genteng + Spandek", "dinding": "Campuran", "kondisi": "Baik", "keyakinan": "Tinggi", "taksonomi": "MCF/LFM/RSH8/RMT1+RMT6/EWO/CV1/HEX:1", "kode_singkat": "MCF \\LFM\\HEX:1", "koefisien": 1.0, "nilai_exposure": 811450291.96912003, "kelas_exposure": "> Rp638.909.581,39 - Rp1.136.724.268,30", "exposure_rank": 2, "kelas_gempa": "Sedang", "kelas_tsunami": "Sedang" }, "geometry": { "type": "Polygon", "coordinates": [ [ [ 105.241411, -5.5537466 ], [ 105.2414712, -5.5536876 ], [ 105.2415821, -5.5538027 ], [ 105.2415545, -5.553828 ], [ 105.2415373, -5.5538106 ], [ 105.2414945, -5.5538472 ], [ 105.241411, -5.5537466 ] ] ] } },
{ "type": "Feature", "properties": { "point_id": 300, "footprint_id": 351, "id_bangunan": "SDI-D65-065", "fungsi_bangunan": "Rumah Tinggal", "jumlah_lantai": 1, "tinggi_lantai": 4.0, "tinggi_total": 4.0, "luas_m2": 161.64, "jarak_match_m": 0.0, "metode_match": "within", "status_match": "OK", "blok": "D", "klas_fungsi": "Hunian", "material": "Pasang Bata", "struktur": "Dinding Pemikul", "tipe_atap": "Pelana", "penutup_atap": "Seng", "dinding": "Bata Plaster", "kondisi": "Baik", "keyakinan": "Tinggi", "taksonomi": "MUR/LWAL/RSH2/RMT2/EWMA/CV1/HEX:1", "kode_singkat": "MUR \\LWAL\\HEX:1", "koefisien": 1.0, "nilai_exposure": 512476537.71407998, "kelas_exposure": "Rp14.611.983,05 - Rp638.909.581,39", "exposure_rank": 1, "kelas_gempa": "Rendah", "kelas_tsunami": "Rendah" }, "geometry": { "type": "Polygon", "coordinates": [ [ [ 105.2412195, -5.5543021 ], [ 105.2411816, -5.5542652 ], [ 105.2411742, -5.5542697 ], [ 105.2411659, -5.5542611 ], [ 105.2411719, -5.5542547 ], [ 105.2411564, -5.554239 ], [ 105.241174, -5.5542207 ], [ 105.2411588, -5.5542035 ], [ 105.2411945, -5.5541702 ], [ 105.2412083, -5.5541855 ], [ 105.2412266, -5.5541652 ], [ 105.2412432, -5.554185 ], [ 105.2412773, -5.5541531 ], [ 105.2413222, -5.5541988 ], [ 105.2412195, -5.5543021 ] ] ] } },
{ "type": "Feature", "properties": { "point_id": 301, "footprint_id": 363, "id_bangunan": "SDI-D66-066", "fungsi_bangunan": "Rumah Tinggal", "jumlah_lantai": 1, "tinggi_lantai": 4.0, "tinggi_total": 4.0, "luas_m2": 102.09, "jarak_match_m": 7.94, "metode_match": "optimal_nearest", "status_match": "OK", "blok": "D", "klas_fungsi": "Hunian", "material": "Bambu", "struktur": "Tidak Diketahui", "tipe_atap": "Pelana", "penutup_atap": "Seng", "dinding": "Campuran", "kondisi": "Sedang", "keyakinan": "Tinggi", "taksonomi": "MIX/LPB/RSH2/RMT2/EWO/CV2/HEX:1", "kode_singkat": "MIX \\LPB\\HEX:1", "koefisien": 1.0, "nilai_exposure": 433996118.65832603, "kelas_exposure": "Rp14.611.983,05 - Rp638.909.581,39", "exposure_rank": 1, "kelas_gempa": "Rendah", "kelas_tsunami": "Rendah" }, "geometry": { "type": "Polygon", "coordinates": [ [ [ 105.2410762, -5.5540848 ], [ 105.2411657, -5.5540084 ], [ 105.2412092, -5.5540636 ], [ 105.2411207, -5.554141 ], [ 105.2410762, -5.5540848 ] ] ] } },
{ "type": "Feature", "properties": { "point_id": 302, "footprint_id": 270, "id_bangunan": "BLOK D (SDI-D67-067)", "fungsi_bangunan": "Rumah Tinggal", "jumlah_lantai": 1, "tinggi_lantai": 4.0, "tinggi_total": 4.0, "luas_m2": 86.45, "jarak_match_m": 1.16, "metode_match": "optimal_nearest", "status_match": "OK", "blok": "D", "klas_fungsi": "Hunian", "material": "Pasang Bata", "struktur": "Rangka Beton Bertulang", "tipe_atap": "Limasan", "penutup_atap": "Genteng", "dinding": "Bata Plaster", "kondisi": "Sedang", "keyakinan": "Tinggi", "taksonomi": "MCF/LFINF/RSH3/RMT1/EWMA/CV2/HEX:1", "kode_singkat": "MCF \\LFINF\\HEX:1", "koefisien": 1.0, "nilai_exposure": 2013776540.5256801, "kelas_exposure": "> Rp1.856.590.180,23 - < Rp11.941.713.042,64", "exposure_rank": 4, "kelas_gempa": "Tinggi", "kelas_tsunami": "Tinggi" }, "geometry": { "type": "Polygon", "coordinates": [ [ [ 105.2400016, -5.5542477 ], [ 105.2400706, -5.5541895 ], [ 105.2401224, -5.5542539 ], [ 105.2400473, -5.5543051 ], [ 105.2400016, -5.5542477 ] ] ] } },
{ "type": "Feature", "properties": { "point_id": 303, "footprint_id": 265, "id_bangunan": "BLOK D (SDI-D69-069)", "fungsi_bangunan": "Rumah Tinggal", "jumlah_lantai": 1, "tinggi_lantai": 4.0, "tinggi_total": 4.0, "luas_m2": 165.86, "jarak_match_m": 4.08, "metode_match": "optimal_nearest", "status_match": "OK", "blok": "D", "klas_fungsi": "Hunian", "material": "Pasang Bata", "struktur": "Rangka Beton Bertulang", "tipe_atap": "Kombinasi", "penutup_atap": "Genteng", "dinding": "Bata Plaster", "kondisi": "Baik", "keyakinan": "Tinggi", "taksonomi": "MCF/LFINF/RSH8/RMT1/EWMA/CV1/HEX:1", "kode_singkat": "MCF \\LFINF\\HEX:1", "koefisien": 1.0, "nilai_exposure": 1058154120.07142, "kelas_exposure": "> Rp638.909.581,39 - Rp1.136.724.268,30", "exposure_rank": 2, "kelas_gempa": "Tinggi", "kelas_tsunami": "Tinggi" }, "geometry": { "type": "Polygon", "coordinates": [ [ [ 105.240323, -5.5548757 ], [ 105.2402531, -5.5547724 ], [ 105.2403028, -5.5547405 ], [ 105.2403152, -5.5547596 ], [ 105.2403887, -5.5547132 ], [ 105.2404277, -5.554765 ], [ 105.2404132, -5.5547769 ], [ 105.2403606, -5.5548164 ], [ 105.2403751, -5.5548409 ], [ 105.240323, -5.5548757 ] ] ] } },
{ "type": "Feature", "properties": { "point_id": 304, "footprint_id": 288, "id_bangunan": "BLOK D (SDI-D70-070)", "fungsi_bangunan": "Rumah Tinggal", "jumlah_lantai": 1, "tinggi_lantai": 4.0, "tinggi_total": 4.0, "luas_m2": 88.51, "jarak_match_m": 8.3, "metode_match": "optimal_nearest", "status_match": "OK", "blok": "D", "klas_fungsi": "Hunian", "material": "Pasang Bata", "struktur": "Rangka Beton Bertulang", "tipe_atap": "Pelana", "penutup_atap": "Genteng", "dinding": "Bata Plaster", "kondisi": "Baik", "keyakinan": "Tinggi", "taksonomi": "MCF/LFINF/RSH2/RMT1/EWMA/CV1/HEX:1", "kode_singkat": "MCF \\LFINF\\HEX:1", "koefisien": 1.0, "nilai_exposure": 546580613.23492002, "kelas_exposure": "Rp14.611.983,05 - Rp638.909.581,39", "exposure_rank": 1, "kelas_gempa": "Rendah", "kelas_tsunami": "Rendah" }, "geometry": { "type": "Polygon", "coordinates": [ [ [ 105.2408441, -5.5549274 ], [ 105.24091, -5.5548867 ], [ 105.2409597, -5.5549652 ], [ 105.2409024, -5.5550093 ], [ 105.2408441, -5.5549274 ] ] ] } },
{ "type": "Feature", "properties": { "point_id": 305, "footprint_id": 289, "id_bangunan": "BLOK D (SDI-D71-071)", "fungsi_bangunan": "Rumah Tinggal", "jumlah_lantai": 1, "tinggi_lantai": 4.0, "tinggi_total": 4.0, "luas_m2": 137.68, "jarak_match_m": 5.58, "metode_match": "optimal_nearest", "status_match": "OK", "blok": "D", "klas_fungsi": "Hunian", "material": "Pasang Bata", "struktur": "Rangka Beton Bertulang", "tipe_atap": "Kombinasi", "penutup_atap": "Genteng", "dinding": "Campuran", "kondisi": "Sedang", "keyakinan": "Tinggi", "taksonomi": "MCF/LFINF/RSH8/RMT1/EWO/CV2/HEX:1", "kode_singkat": "MCF \\LFINF\\HEX:1", "koefisien": 1.0, "nilai_exposure": 195608230.42305601, "kelas_exposure": "Rp14.611.983,05 - Rp638.909.581,39", "exposure_rank": 1, "kelas_gempa": "Rendah", "kelas_tsunami": "Rendah" }, "geometry": { "type": "Polygon", "coordinates": [ [ [ 105.2408279, -5.5547489 ], [ 105.2407837, -5.5547033 ], [ 105.2408158, -5.5546771 ], [ 105.240802, -5.5546595 ], [ 105.2408417, -5.5546233 ], [ 105.2408586, -5.5546416 ], [ 105.2408629, -5.5546366 ], [ 105.2409367, -5.5547235 ], [ 105.2408795, -5.5547687 ], [ 105.2408479, -5.5547311 ], [ 105.2408279, -5.5547489 ] ] ] } },
{ "type": "Feature", "properties": { "point_id": 306, "footprint_id": 262, "id_bangunan": "BLOK D (SDI-D72-072)", "fungsi_bangunan": "Rumah Tinggal", "jumlah_lantai": 1, "tinggi_lantai": 4.0, "tinggi_total": 4.0, "luas_m2": 38.97, "jarak_match_m": 1.46, "metode_match": "optimal_nearest", "status_match": "OK", "blok": "D", "klas_fungsi": "Hunian", "material": "Pasang Bata", "struktur": "Rangka Beton Bertulang", "tipe_atap": "Kombinasi", "penutup_atap": "Genteng", "dinding": "Bata Plaster", "kondisi": "Sedang", "keyakinan": "Tinggi", "taksonomi": "MCF/LFINF/RSH8/RMT1/EWMA/CV2/HEX:1", "kode_singkat": "MCF \\LFINF\\HEX:1", "koefisien": 1.0, "nilai_exposure": 712745047.77930009, "kelas_exposure": "> Rp638.909.581,39 - Rp1.136.724.268,30", "exposure_rank": 2, "kelas_gempa": "Sedang", "kelas_tsunami": "Sedang" }, "geometry": { "type": "Polygon", "coordinates": [ [ [ 105.2405393, -5.554949 ], [ 105.2405874, -5.5549102 ], [ 105.2406202, -5.5549497 ], [ 105.2405695, -5.5549887 ], [ 105.2405393, -5.554949 ] ] ] } },
{ "type": "Feature", "properties": { "point_id": 307, "footprint_id": 261, "id_bangunan": "BLOK D (SDI-D73-073)", "fungsi_bangunan": "Rumah Tinggal", "jumlah_lantai": 1, "tinggi_lantai": 4.0, "tinggi_total": 4.0, "luas_m2": 180.75, "jarak_match_m": 7.17, "metode_match": "optimal_nearest", "status_match": "OK", "blok": "D", "klas_fungsi": "Hunian", "material": "Pasang Bata", "struktur": "Rangka Beton Bertulang", "tipe_atap": "Pelana", "penutup_atap": "Genteng", "dinding": "Campuran", "kondisi": "Sedang", "keyakinan": "Tinggi", "taksonomi": "MCF/LFINF/RSH2/RMT1/EWO/CV2/HEX:1", "kode_singkat": "MCF \\LFINF\\HEX:1", "koefisien": 1.0, "nilai_exposure": 546580613.23492002, "kelas_exposure": "Rp14.611.983,05 - Rp638.909.581,39", "exposure_rank": 1, "kelas_gempa": "Rendah", "kelas_tsunami": "Rendah" }, "geometry": { "type": "Polygon", "coordinates": [ [ [ 105.2404425, -5.5550374 ], [ 105.2404753, -5.555011 ], [ 105.2404891, -5.5550252 ], [ 105.2405179, -5.5550014 ], [ 105.2405377, -5.5550214 ], [ 105.240595, -5.5549791 ], [ 105.2406443, -5.5550369 ], [ 105.2405132, -5.5551297 ], [ 105.2404425, -5.5550374 ] ] ] } },
{ "type": "Feature", "properties": { "point_id": 308, "footprint_id": 338, "id_bangunan": "BLOK D (SDI-D74-074)", "fungsi_bangunan": "Rumah Tinggal", "jumlah_lantai": 1, "tinggi_lantai": 4.0, "tinggi_total": 4.0, "luas_m2": 108.88, "jarak_match_m": 4.9, "metode_match": "optimal_nearest", "status_match": "OK", "blok": "D", "klas_fungsi": "Hunian", "material": "Pasang Bata", "struktur": "Rangka Beton Bertulang", "tipe_atap": "Kombinasi", "penutup_atap": "Genteng", "dinding": "Bata Plaster", "kondisi": "Baik", "keyakinan": "Tinggi", "taksonomi": "MCF/LFINF/RSH8/RMT1/EWMA/CV1/HEX:1", "kode_singkat": "MCF \\LFINF\\HEX:1", "koefisien": 1.0, "nilai_exposure": 2682640262.9676204, "kelas_exposure": "> Rp1.856.590.180,23 - < Rp11.941.713.042,64", "exposure_rank": 4, "kelas_gempa": "Tinggi", "kelas_tsunami": "Tinggi" }, "geometry": { "type": "Polygon", "coordinates": [ [ [ 105.2409244, -5.5548063 ], [ 105.2409415, -5.5547937 ], [ 105.2409396, -5.5547915 ], [ 105.2409955, -5.5547487 ], [ 105.2409982, -5.5547518 ], [ 105.2410167, -5.5547375 ], [ 105.2410741, -5.5548127 ], [ 105.2410429, -5.5548362 ], [ 105.2410262, -5.5548141 ], [ 105.2409632, -5.5548569 ], [ 105.2409244, -5.5548063 ] ] ] } },
{ "type": "Feature", "properties": { "point_id": 309, "footprint_id": 337, "id_bangunan": "BLOK D (SDI-D75-075)", "fungsi_bangunan": "Rumah Tinggal", "jumlah_lantai": 1, "tinggi_lantai": 4.0, "tinggi_total": 4.0, "luas_m2": 183.35, "jarak_match_m": 8.47, "metode_match": "optimal_nearest", "status_match": "OK", "blok": "D", "klas_fungsi": "Hunian", "material": "Pasang Bata", "struktur": "Rangka Beton Bertulang", "tipe_atap": "Kombinasi", "penutup_atap": "Genteng", "dinding": "Bata Plaster", "kondisi": "Sedang", "keyakinan": "Tinggi", "taksonomi": "MCF/LFINF/RSH8/RMT1/EWMA/CV2/HEX:1", "kode_singkat": "MCF \\LFINF\\HEX:1", "koefisien": 1.0, "nilai_exposure": 2682640262.9676204, "kelas_exposure": "> Rp1.856.590.180,23 - < Rp11.941.713.042,64", "exposure_rank": 4, "kelas_gempa": "Tinggi", "kelas_tsunami": "Tinggi" }, "geometry": { "type": "Polygon", "coordinates": [ [ [ 105.2409139, -5.554609 ], [ 105.2409882, -5.5545432 ], [ 105.2409932, -5.554548 ], [ 105.2410091, -5.5545357 ], [ 105.2410248, -5.5545529 ], [ 105.2410598, -5.5545233 ], [ 105.2411048, -5.5545755 ], [ 105.241061, -5.554614 ], [ 105.2410695, -5.554623 ], [ 105.2410417, -5.5546457 ], [ 105.2410251, -5.5546278 ], [ 105.2410136, -5.5546395 ], [ 105.2410227, -5.5546495 ], [ 105.2409865, -5.5546813 ], [ 105.2409415, -5.5546302 ], [ 105.2409358, -5.554634 ], [ 105.2409139, -5.554609 ] ] ] } },
{ "type": "Feature", "properties": { "point_id": 310, "footprint_id": 295, "id_bangunan": "Blok D (SDI-D78-078)", "fungsi_bangunan": "Rumah Tinggal", "jumlah_lantai": 1, "tinggi_lantai": 4.0, "tinggi_total": 4.0, "luas_m2": 40.11, "jarak_match_m": 2.01, "metode_match": "optimal_nearest", "status_match": "OK", "blok": "D", "klas_fungsi": "Hunian", "material": "Pasang Bata", "struktur": "Rangka Beton Bertulang", "tipe_atap": "Kombinasi", "penutup_atap": "Genteng", "dinding": "Bata Plaster", "kondisi": "Sedang", "keyakinan": "Tinggi", "taksonomi": "MCF/LFINF/RSH8/RMT1/EWMA/CV2/HEX:1", "kode_singkat": "MCF \\LFINF\\HEX:1", "koefisien": 1.0, "nilai_exposure": 639986839.85093999, "kelas_exposure": "> Rp638.909.581,39 - Rp1.136.724.268,30", "exposure_rank": 2, "kelas_gempa": "Sedang", "kelas_tsunami": "Sedang" }, "geometry": { "type": "Polygon", "coordinates": [ [ [ 105.2412935, -5.5545933 ], [ 105.2412778, -5.5545795 ], [ 105.2412856, -5.5545688 ], [ 105.241259, -5.5545479 ], [ 105.2412973, -5.5545069 ], [ 105.2413377, -5.5545376 ], [ 105.2412935, -5.5545933 ] ] ] } },
{ "type": "Feature", "properties": { "point_id": 311, "footprint_id": 296, "id_bangunan": "Blok D (SDI-D79-079)", "fungsi_bangunan": "Rumah Tinggal", "jumlah_lantai": 1, "tinggi_lantai": 4.0, "tinggi_total": 4.0, "luas_m2": 127.49, "jarak_match_m": 3.47, "metode_match": "optimal_nearest", "status_match": "OK", "blok": "D", "klas_fungsi": "Hunian", "material": "Pasang Bata", "struktur": "Rangka Beton Bertulang", "tipe_atap": "Kombinasi", "penutup_atap": "Genteng", "dinding": "Bata Plaster", "kondisi": "Baik", "keyakinan": "Tinggi", "taksonomi": "MCF/LFINF/RSH8/RMT1/EWMA/CV1/HEX:1", "kode_singkat": "MCF \\LFINF\\HEX:1", "koefisien": 1.0, "nilai_exposure": 919134458.02602005, "kelas_exposure": "> Rp638.909.581,39 - Rp1.136.724.268,30", "exposure_rank": 2, "kelas_gempa": "Tinggi", "kelas_tsunami": "Tinggi" }, "geometry": { "type": "Polygon", "coordinates": [ [ [ 105.2413582, -5.5544934 ], [ 105.2413924, -5.5544508 ], [ 105.2414184, -5.5544203 ], [ 105.241504, -5.5544872 ], [ 105.2414424, -5.5545617 ], [ 105.2413582, -5.5544934 ] ] ] } },
{ "type": "Feature", "properties": { "point_id": 312, "footprint_id": 349, "id_bangunan": "Blok D (SDI-D80-080)", "fungsi_bangunan": "Rumah Tinggal", "jumlah_lantai": 1, "tinggi_lantai": 4.0, "tinggi_total": 4.0, "luas_m2": 96.12, "jarak_match_m": 2.19, "metode_match": "optimal_nearest", "status_match": "OK", "blok": "D", "klas_fungsi": "Hunian", "material": "Pasang Bata", "struktur": "Rangka Beton Bertulang", "tipe_atap": "Kombinasi", "penutup_atap": "Genteng", "dinding": "Bata Plaster", "kondisi": "Sedang", "keyakinan": "Tinggi", "taksonomi": "MCF/LFINF/RSH8/RMT1/EWMA/CV2/HEX:1", "kode_singkat": "MCF \\LFINF\\HEX:1", "koefisien": 1.0, "nilai_exposure": 1058154120.07142, "kelas_exposure": "> Rp638.909.581,39 - Rp1.136.724.268,30", "exposure_rank": 2, "kelas_gempa": "Tinggi", "kelas_tsunami": "Tinggi" }, "geometry": { "type": "Polygon", "coordinates": [ [ [ 105.2413382, -5.5543071 ], [ 105.2413901, -5.5542538 ], [ 105.2414669, -5.5543351 ], [ 105.2414407, -5.5543654 ], [ 105.2414327, -5.5543587 ], [ 105.2414112, -5.5543784 ], [ 105.2413382, -5.5543071 ] ] ] } },
{ "type": "Feature", "properties": { "point_id": 313, "footprint_id": 297, "id_bangunan": "Blok D (SDI-D81-081)", "fungsi_bangunan": "Rumah Tinggal", "jumlah_lantai": 1, "tinggi_lantai": 4.0, "tinggi_total": 4.0, "luas_m2": 145.98, "jarak_match_m": 13.81, "metode_match": "optimal_nearest", "status_match": "OK", "blok": "D", "klas_fungsi": "Hunian", "material": "Pasang Bata", "struktur": "Rangka Beton Bertulang", "tipe_atap": "Limasan", "penutup_atap": "Genteng", "dinding": "Bata Plaster", "kondisi": "Sedang", "keyakinan": "Tinggi", "taksonomi": "MCF/LFINF/RSH3/RMT1/EWMA/CV2/HEX:1", "kode_singkat": "MCF \\LFINF\\HEX:1", "koefisien": 1.0, "nilai_exposure": 1058154120.07142, "kelas_exposure": "> Rp638.909.581,39 - Rp1.136.724.268,30", "exposure_rank": 2, "kelas_gempa": "Tinggi", "kelas_tsunami": "Tinggi" }, "geometry": { "type": "Polygon", "coordinates": [ [ [ 105.2406734, -5.5548824 ], [ 105.2406032, -5.5548056 ], [ 105.2406986, -5.5547368 ], [ 105.2407666, -5.5548072 ], [ 105.2406734, -5.5548824 ] ] ] } },
{ "type": "Feature", "properties": { "point_id": 314, "footprint_id": 287, "id_bangunan": "Blok D (SDI-D82-082)", "fungsi_bangunan": "Rumah Tinggal", "jumlah_lantai": 1, "tinggi_lantai": 4.0, "tinggi_total": 4.0, "luas_m2": 122.28, "jarak_match_m": 2.06, "metode_match": "optimal_nearest", "status_match": "OK", "blok": "D", "klas_fungsi": "Hunian", "material": "Pasang Bata", "struktur": "Rangka Beton Bertulang", "tipe_atap": "Limasan", "penutup_atap": "Genteng", "dinding": "Bata Plaster", "kondisi": "Sedang", "keyakinan": "Tinggi", "taksonomi": "MCF/LFINF/RSH3/RMT1/EWMA/CV2/HEX:1", "kode_singkat": "MCF \\LFINF\\HEX:1", "koefisien": 1.0, "nilai_exposure": 94706886.812151998, "kelas_exposure": "Rp14.611.983,05 - Rp638.909.581,39", "exposure_rank": 1, "kelas_gempa": "Rendah", "kelas_tsunami": "Rendah" }, "geometry": { "type": "Polygon", "coordinates": [ [ [ 105.2407991, -5.5550754 ], [ 105.2407627, -5.5550221 ], [ 105.2408151, -5.5549859 ], [ 105.2407972, -5.5549567 ], [ 105.2408441, -5.5549274 ], [ 105.2409024, -5.5550093 ], [ 105.2407991, -5.5550754 ] ] ] } },
{ "type": "Feature", "properties": { "point_id": 315, "footprint_id": 258, "id_bangunan": "Blok D (SDI-D83-083)", "fungsi_bangunan": "Rumah Tinggal", "jumlah_lantai": 1, "tinggi_lantai": 4.0, "tinggi_total": 4.0, "luas_m2": 18.87, "jarak_match_m": 3.88, "metode_match": "optimal_nearest", "status_match": "OK", "blok": "D", "klas_fungsi": "Hunian", "material": "Pasang Bata", "struktur": "Rangka Beton Bertulang", "tipe_atap": "Pelana", "penutup_atap": "Genteng", "dinding": "Bata Plaster", "kondisi": "Baik", "keyakinan": "Tinggi", "taksonomi": "MCF/LFINF/RSH2/RMT1/EWMA/CV1/HEX:1", "kode_singkat": "MCF \\LFINF\\HEX:1", "koefisien": 1.0, "nilai_exposure": 94706886.812151998, "kelas_exposure": "Rp14.611.983,05 - Rp638.909.581,39", "exposure_rank": 1, "kelas_gempa": "Rendah", "kelas_tsunami": "Rendah" }, "geometry": { "type": "Polygon", "coordinates": [ [ [ 105.2407236, -5.555158 ], [ 105.2407562, -5.5551354 ], [ 105.2407769, -5.5551732 ], [ 105.2407428, -5.5551894 ], [ 105.2407236, -5.555158 ] ] ] } },
{ "type": "Feature", "properties": { "point_id": 316, "footprint_id": 260, "id_bangunan": "Blok D (SDI-D84-084)", "fungsi_bangunan": "Rumah Tinggal", "jumlah_lantai": 1, "tinggi_lantai": 4.0, "tinggi_total": 4.0, "luas_m2": 141.98, "jarak_match_m": 12.76, "metode_match": "optimal_nearest", "status_match": "OK", "blok": "D", "klas_fungsi": "Hunian", "material": "Pasang Bata", "struktur": "Rangka Beton Bertulang", "tipe_atap": "Pelana", "penutup_atap": "Genteng", "dinding": "Bata Ekspos", "kondisi": "Baik", "keyakinan": "Tinggi", "taksonomi": "MCF/LFINF/RSH2/RMT1/EWMA/CV1/HEX:1", "kode_singkat": "MCF \\LFINF\\HEX:1", "koefisien": 1.0, "nilai_exposure": 559209051.01603997, "kelas_exposure": "Rp14.611.983,05 - Rp638.909.581,39", "exposure_rank": 1, "kelas_gempa": "Rendah", "kelas_tsunami": "Rendah" }, "geometry": { "type": "Polygon", "coordinates": [ [ [ 105.240502, -5.5551559 ], [ 105.2406314, -5.5550595 ], [ 105.2406483, -5.5550847 ], [ 105.2406583, -5.555079 ], [ 105.2406833, -5.5551133 ], [ 105.2406717, -5.555123 ], [ 105.240578, -5.5551875 ], [ 105.2405541, -5.5552025 ], [ 105.2405403, -5.555178 ], [ 105.2405243, -5.5551885 ], [ 105.240502, -5.5551559 ] ] ] } },
{ "type": "Feature", "properties": { "point_id": 317, "footprint_id": 286, "id_bangunan": "Blok D (SDI-D86-086)", "fungsi_bangunan": "Rumah Tinggal", "jumlah_lantai": 1, "tinggi_lantai": 4.0, "tinggi_total": 4.0, "luas_m2": 111.4, "jarak_match_m": 7.1, "metode_match": "optimal_nearest", "status_match": "OK", "blok": "D", "klas_fungsi": "Hunian", "material": "Pasang Bata", "struktur": "Rangka Beton Bertulang", "tipe_atap": "Pelana", "penutup_atap": "Genteng", "dinding": "Bata Plaster", "kondisi": "Baik", "keyakinan": "Tinggi", "taksonomi": "MCF/LFINF/RSH2/RMT1/EWMA/CV1/HEX:1", "kode_singkat": "MCF \\LFINF\\HEX:1", "koefisien": 1.0, "nilai_exposure": 360209234.29397202, "kelas_exposure": "Rp14.611.983,05 - Rp638.909.581,39", "exposure_rank": 1, "kelas_gempa": "Rendah", "kelas_tsunami": "Rendah" }, "geometry": { "type": "Polygon", "coordinates": [ [ [ 105.2409033, -5.5551668 ], [ 105.24086, -5.5551082 ], [ 105.2409657, -5.5550354 ], [ 105.2410064, -5.5550918 ], [ 105.2409033, -5.5551668 ] ] ] } },
{ "type": "Feature", "properties": { "point_id": 318, "footprint_id": 256, "id_bangunan": "Blok D (SDI-D88-088)", "fungsi_bangunan": "Rumah Tinggal", "jumlah_lantai": 1, "tinggi_lantai": 4.0, "tinggi_total": 4.0, "luas_m2": 173.38, "jarak_match_m": 10.03, "metode_match": "optimal_nearest", "status_match": "OK", "blok": "D", "klas_fungsi": "Hunian", "material": "Pasang Bata", "struktur": "Dinding Pemikul", "tipe_atap": "Pelana", "penutup_atap": "Genteng", "dinding": "Campuran", "kondisi": "Sedang", "keyakinan": "Tinggi", "taksonomi": "MCF/LFINF/RSH2/RMT1/EWO/CV2/HEX:1", "kode_singkat": "MCF \\LFINF\\HEX:1", "koefisien": 1.0, "nilai_exposure": 666564798.36688006, "kelas_exposure": "> Rp638.909.581,39 - Rp1.136.724.268,30", "exposure_rank": 2, "kelas_gempa": "Sedang", "kelas_tsunami": "Sedang" }, "geometry": { "type": "Polygon", "coordinates": [ [ [ 105.2407417, -5.5555838 ], [ 105.2407098, -5.5555263 ], [ 105.2408661, -5.5554373 ], [ 105.2408692, -5.5554452 ], [ 105.240888, -5.555433 ], [ 105.2409163, -5.5554961 ], [ 105.2409002, -5.5555051 ], [ 105.2408149, -5.5555527 ], [ 105.2408128, -5.55555 ], [ 105.2408111, -5.5555478 ], [ 105.2407417, -5.5555838 ] ] ] } },
{ "type": "Feature", "properties": { "point_id": 319, "footprint_id": 285, "id_bangunan": "Blok D (SDI-D89-089)", "fungsi_bangunan": "Rumah Tinggal", "jumlah_lantai": 1, "tinggi_lantai": 4.0, "tinggi_total": 4.0, "luas_m2": 132.78, "jarak_match_m": 4.07, "metode_match": "optimal_nearest", "status_match": "OK", "blok": "D", "klas_fungsi": "Hunian", "material": "Pasang Bata", "struktur": "Dinding Pemikul", "tipe_atap": "Pelana", "penutup_atap": "Genteng", "dinding": "Bata Ekspos", "kondisi": "Sedang", "keyakinan": "Tinggi", "taksonomi": "MUR/LWAL/RSH2/RMT1/EWMA/CV2/HEX:1", "kode_singkat": "MUR \\LWAL\\HEX:1", "koefisien": 1.0, "nilai_exposure": 360209234.29397202, "kelas_exposure": "Rp14.611.983,05 - Rp638.909.581,39", "exposure_rank": 1, "kelas_gempa": "Rendah", "kelas_tsunami": "Rendah" }, "geometry": { "type": "Polygon", "coordinates": [ [ [ 105.2409745, -5.5553341 ], [ 105.2409386, -5.5552753 ], [ 105.2409857, -5.5552446 ], [ 105.2409569, -5.5552013 ], [ 105.241003, -5.5551696 ], [ 105.241073, -5.5552639 ], [ 105.2409745, -5.5553341 ] ] ] } },
{ "type": "Feature", "properties": { "point_id": 320, "footprint_id": 255, "id_bangunan": "Blok D (SDI-D90-090)", "fungsi_bangunan": "Rumah Tinggal", "jumlah_lantai": 1, "tinggi_lantai": 4.0, "tinggi_total": 4.0, "luas_m2": 71.75, "jarak_match_m": 3.56, "metode_match": "optimal_nearest", "status_match": "OK", "blok": "D", "klas_fungsi": "Hunian", "material": "Pasang Bata", "struktur": "Dinding Pemikul", "tipe_atap": "Pelana", "penutup_atap": "Genteng", "dinding": "Bata Plaster", "kondisi": "Baik", "keyakinan": "Tinggi", "taksonomi": "MCF/LWAL/RSH2/RMT1/EWMA/CV1/HEX:1", "kode_singkat": "MCF \\LWAL\\HEX:1", "koefisien": 1.0, "nilai_exposure": 360209234.29397202, "kelas_exposure": "Rp14.611.983,05 - Rp638.909.581,39", "exposure_rank": 1, "kelas_gempa": "Rendah", "kelas_tsunami": "Rendah" }, "geometry": { "type": "Polygon", "coordinates": [ [ [ 105.2409934, -5.5553517 ], [ 105.2410726, -5.5552993 ], [ 105.2411052, -5.55534 ], [ 105.2410719, -5.5553724 ], [ 105.2410317, -5.5554071 ], [ 105.2409934, -5.5553517 ] ] ] } },
{ "type": "Feature", "properties": { "point_id": 321, "footprint_id": 253, "id_bangunan": "Blok D (SDI-D91-091)", "fungsi_bangunan": "Rumah Tinggal", "jumlah_lantai": 1, "tinggi_lantai": 4.0, "tinggi_total": 4.0, "luas_m2": 154.17, "jarak_match_m": 13.16, "metode_match": "optimal_nearest", "status_match": "OK", "blok": "D", "klas_fungsi": "Hunian", "material": "Pasang Bata", "struktur": "Dinding Pemikul", "tipe_atap": "Pelana", "penutup_atap": "Asbes", "dinding": "Bata Plaster", "kondisi": "Sedang", "keyakinan": "Tinggi", "taksonomi": "MUR/LWAL/RSH2/RMT6/EWMA/CV2/HEX:1", "kode_singkat": "MUR \\LWAL\\HEX:1", "koefisien": 1.0, "nilai_exposure": 381538447.48997611, "kelas_exposure": "Rp14.611.983,05 - Rp638.909.581,39", "exposure_rank": 1, "kelas_gempa": "Rendah", "kelas_tsunami": "Rendah" }, "geometry": { "type": "Polygon", "coordinates": [ [ [ 105.2408007, -5.5556436 ], [ 105.240764, -5.555581 ], [ 105.2409163, -5.5554961 ], [ 105.2409515, -5.5555596 ], [ 105.2408007, -5.5556436 ] ] ] } },
{ "type": "Feature", "properties": { "point_id": 322, "footprint_id": 252, "id_bangunan": "Blok D (SDI-D92-092)", "fungsi_bangunan": "Rumah Tinggal", "jumlah_lantai": 1, "tinggi_lantai": 4.0, "tinggi_total": 4.0, "luas_m2": 59.62, "jarak_match_m": 11.49, "metode_match": "optimal_nearest", "status_match": "OK", "blok": "D", "klas_fungsi": "Hunian", "material": "Pasang Bata", "struktur": "Dinding Pemikul", "tipe_atap": "Pelana", "penutup_atap": "Asbes", "dinding": "Campuran", "kondisi": "Sedang", "keyakinan": "Tinggi", "taksonomi": "MUR/LWAL/RSH2/RMT6/EWO/CV2/HEX:1", "kode_singkat": "MUR \\LWAL\\HEX:1", "koefisien": 1.0, "nilai_exposure": 381538447.48997611, "kelas_exposure": "Rp14.611.983,05 - Rp638.909.581,39", "exposure_rank": 1, "kelas_gempa": "Rendah", "kelas_tsunami": "Rendah" }, "geometry": { "type": "Polygon", "coordinates": [ [ [ 105.2409276, -5.5556976 ], [ 105.2409384, -5.5556895 ], [ 105.2409948, -5.5556534 ], [ 105.2410227, -5.5557067 ], [ 105.2409476, -5.5557473 ], [ 105.2409226, -5.5557013 ], [ 105.2409276, -5.5556976 ] ] ] } },
{ "type": "Feature", "properties": { "point_id": 323, "footprint_id": 251, "id_bangunan": "Blok D (SDI-D93-093)", "fungsi_bangunan": "Rumah Tinggal", "jumlah_lantai": 1, "tinggi_lantai": 4.0, "tinggi_total": 4.0, "luas_m2": 103.61, "jarak_match_m": 6.09, "metode_match": "optimal_nearest", "status_match": "OK", "blok": "D", "klas_fungsi": "Hunian", "material": "Pasang Bata", "struktur": "Dinding Pemikul", "tipe_atap": "Pelana", "penutup_atap": "Genteng", "dinding": "Campuran", "kondisi": "Sedang Dibangun", "keyakinan": "Tinggi", "taksonomi": "MUR/LWAL/RSH2/RMT1/EWO/CV5/HEX:1", "kode_singkat": "MUR \\LWAL\\HEX:1", "koefisien": 1.0, "nilai_exposure": 1528456707.4238801, "kelas_exposure": "> Rp1.136.724.268,30 - Rp1.856.590.180,23", "exposure_rank": 3, "kelas_gempa": "Tinggi", "kelas_tsunami": "Tinggi" }, "geometry": { "type": "Polygon", "coordinates": [ [ [ 105.2408873, -5.5556063 ], [ 105.2409446, -5.5555751 ], [ 105.2410024, -5.5555449 ], [ 105.2410165, -5.5555701 ], [ 105.2409679, -5.5555982 ], [ 105.2409948, -5.5556534 ], [ 105.2409384, -5.5556895 ], [ 105.2408873, -5.5556063 ] ] ] } },
{ "type": "Feature", "properties": { "point_id": 324, "footprint_id": 247, "id_bangunan": "Blok D (SDI-D94-094)", "fungsi_bangunan": "Rumah Tinggal", "jumlah_lantai": 1, "tinggi_lantai": 4.0, "tinggi_total": 4.0, "luas_m2": 149.32, "jarak_match_m": 7.63, "metode_match": "optimal_nearest", "status_match": "OK", "blok": "D", "klas_fungsi": "Hunian", "material": "Pasang Bata", "struktur": "Rangka Beton Bertulang", "tipe_atap": "Pelana", "penutup_atap": "Genteng", "dinding": "Bata Plaster", "kondisi": "Baik", "keyakinan": "Tinggi", "taksonomi": "MCF/LFINF/RSH2/RMT1/EWMA/CV1/HEX:1", "kode_singkat": "MCF \\LFINF\\HEX:1", "koefisien": 1.0, "nilai_exposure": 816555686.64696002, "kelas_exposure": "> Rp638.909.581,39 - Rp1.136.724.268,30", "exposure_rank": 2, "kelas_gempa": "Sedang", "kelas_tsunami": "Sedang" }, "geometry": { "type": "Polygon", "coordinates": [ [ [ 105.2409485, -5.5558345 ], [ 105.2410968, -5.5557693 ], [ 105.2411294, -5.5558354 ], [ 105.2411134, -5.5558434 ], [ 105.2409961, -5.555905 ], [ 105.2409747, -5.5558595 ], [ 105.2409628, -5.5558654 ], [ 105.2409485, -5.5558345 ] ] ] } },
{ "type": "Feature", "properties": { "point_id": 325, "footprint_id": 278, "id_bangunan": "Blok D (SDI-D95-095)", "fungsi_bangunan": "Rumah Tinggal", "jumlah_lantai": 1, "tinggi_lantai": 4.0, "tinggi_total": 4.0, "luas_m2": 104.75, "jarak_match_m": 5.93, "metode_match": "optimal_nearest", "status_match": "OK", "blok": "D", "klas_fungsi": "Hunian", "material": "Pasang Bata", "struktur": "Rangka Beton Bertulang", "tipe_atap": "Pelana", "penutup_atap": "Genteng", "dinding": "Bata Plaster", "kondisi": "Baik", "keyakinan": "Tinggi", "taksonomi": "MCF/LFINF/RSH2/RMT1/EWMA/CV1/HEX:1", "kode_singkat": "MCF \\LFINF\\HEX:1", "koefisien": 1.0, "nilai_exposure": 381538447.48997611, "kelas_exposure": "Rp14.611.983,05 - Rp638.909.581,39", "exposure_rank": 1, "kelas_gempa": "Rendah", "kelas_tsunami": "Rendah" }, "geometry": { "type": "Polygon", "coordinates": [ [ [ 105.2411437, -5.5556176 ], [ 105.2412143, -5.5555726 ], [ 105.2412046, -5.5555593 ], [ 105.2412312, -5.55554 ], [ 105.2412798, -5.5556142 ], [ 105.2411853, -5.5556742 ], [ 105.2411437, -5.5556176 ] ] ] } },
{ "type": "Feature", "properties": { "point_id": 326, "footprint_id": 280, "id_bangunan": "Blok D (SDI-D96-096)", "fungsi_bangunan": "Rumah Tinggal", "jumlah_lantai": 1, "tinggi_lantai": 4.0, "tinggi_total": 4.0, "luas_m2": 76.0, "jarak_match_m": 3.29, "metode_match": "optimal_nearest", "status_match": "OK", "blok": "D", "klas_fungsi": "Hunian", "material": "Pasang Bata", "struktur": "Rangka Beton Bertulang", "tipe_atap": "Pelana", "penutup_atap": "Genteng", "dinding": "Bata Plaster", "kondisi": "Sedang", "keyakinan": "Tinggi", "taksonomi": "MCF/LFINF/RSH2/RMT1/EWMA/CV2/HEX:1", "kode_singkat": "MCF \\LFINF\\HEX:1", "koefisien": 1.0, "nilai_exposure": 1528456707.4238801, "kelas_exposure": "> Rp1.136.724.268,30 - Rp1.856.590.180,23", "exposure_rank": 3, "kelas_gempa": "Tinggi", "kelas_tsunami": "Tinggi" }, "geometry": { "type": "Polygon", "coordinates": [ [ [ 105.2410818, -5.5555486 ], [ 105.2410425, -5.5554912 ], [ 105.2411154, -5.5554401 ], [ 105.2411546, -5.5554988 ], [ 105.2410818, -5.5555486 ] ] ] } },
{ "type": "Feature", "properties": { "point_id": 327, "footprint_id": 276, "id_bangunan": "Blok D (SDI-D97-097)", "fungsi_bangunan": "Rumah Tinggal", "jumlah_lantai": 1, "tinggi_lantai": 4.0, "tinggi_total": 4.0, "luas_m2": 139.96, "jarak_match_m": 6.88, "metode_match": "optimal_nearest", "status_match": "OK", "blok": "D", "klas_fungsi": "Hunian", "material": "Pasang Bata", "struktur": "Rangka Beton Bertulang", "tipe_atap": "Pelana", "penutup_atap": "Genteng", "dinding": "Bata Plaster", "kondisi": "Baik", "keyakinan": "Tinggi", "taksonomi": "MCF/LFINF/RSH2/RMT1/EWMA/CV1/HEX:1", "kode_singkat": "MCF \\LFINF\\HEX:1", "koefisien": 1.0, "nilai_exposure": 1528456707.4238801, "kelas_exposure": "> Rp1.136.724.268,30 - Rp1.856.590.180,23", "exposure_rank": 3, "kelas_gempa": "Tinggi", "kelas_tsunami": "Tinggi" }, "geometry": { "type": "Polygon", "coordinates": [ [ [ 105.24124, -5.5557884 ], [ 105.2413243, -5.5557325 ], [ 105.241309, -5.5557135 ], [ 105.2413585, -5.5556806 ], [ 105.2414092, -5.5557525 ], [ 105.2412712, -5.5558403 ], [ 105.24124, -5.5557884 ] ] ] } },
{ "type": "Feature", "properties": { "point_id": 328, "footprint_id": 245, "id_bangunan": "Blok D (SDI-D98-098)", "fungsi_bangunan": "Rumah Tinggal", "jumlah_lantai": 1, "tinggi_lantai": 4.0, "tinggi_total": 4.0, "luas_m2": 113.41, "jarak_match_m": 10.25, "metode_match": "optimal_nearest", "status_match": "OK", "blok": "D", "klas_fungsi": "Hunian", "material": "Pasang Bata", "struktur": "Rangka Beton Bertulang", "tipe_atap": "Pelana", "penutup_atap": "Genteng", "dinding": "Bata Plaster", "kondisi": "Baik", "keyakinan": "Tinggi", "taksonomi": "MCF/LFINF/RSH2/RMT1/EWMA/CV1/HEX:1", "kode_singkat": "MCF \\LFINF\\HEX:1", "koefisien": 1.0, "nilai_exposure": 1528456707.4238801, "kelas_exposure": "> Rp1.136.724.268,30 - Rp1.856.590.180,23", "exposure_rank": 3, "kelas_gempa": "Tinggi", "kelas_tsunami": "Tinggi" }, "geometry": { "type": "Polygon", "coordinates": [ [ [ 105.2411491, -5.5559034 ], [ 105.241029, -5.5559654 ], [ 105.2409961, -5.555905 ], [ 105.2411134, -5.5558434 ], [ 105.2411491, -5.5559034 ] ] ] } },
{ "type": "Feature", "properties": { "point_id": 329, "footprint_id": 277, "id_bangunan": "Blok D (SDI-D99-099)", "fungsi_bangunan": "Rumah Tinggal", "jumlah_lantai": 1, "tinggi_lantai": 4.0, "tinggi_total": 4.0, "luas_m2": 164.52, "jarak_match_m": 6.7, "metode_match": "optimal_nearest", "status_match": "OK", "blok": "D", "klas_fungsi": "Hunian", "material": "Pasang Bata", "struktur": "Dinding Pemikul", "tipe_atap": "Pelana", "penutup_atap": "Genteng", "dinding": "Bata Plaster", "kondisi": "Baik", "keyakinan": "Tinggi", "taksonomi": "MUR/LWAL/RSH2/RMT1/EWMA/CV1/HEX:1", "kode_singkat": "MUR \\LWAL\\HEX:1", "koefisien": 1.09, "nilai_exposure": 201336209.86985725, "kelas_exposure": "Rp14.611.983,05 - Rp638.909.581,39", "exposure_rank": 1, "kelas_gempa": "Rendah", "kelas_tsunami": "Rendah" }, "geometry": { "type": "Polygon", "coordinates": [ [ [ 105.2411953, -5.5556811 ], [ 105.2413233, -5.5555988 ], [ 105.2413745, -5.5556699 ], [ 105.2413585, -5.5556806 ], [ 105.241309, -5.5557135 ], [ 105.2412443, -5.555752 ], [ 105.2411953, -5.5556811 ] ] ] } },
{ "type": "Feature", "properties": { "point_id": 330, "footprint_id": 190, "id_bangunan": "Blok D (SDI-D100-100)", "fungsi_bangunan": "Rumah Tinggal", "jumlah_lantai": 2, "tinggi_lantai": 4.0, "tinggi_total": 8.0, "luas_m2": 130.49, "jarak_match_m": 13.21, "metode_match": "optimal_nearest", "status_match": "OK", "blok": "D", "klas_fungsi": "Hunian", "material": "Pasang Bata", "struktur": "Rangka Beton Bertulang", "tipe_atap": "Pelana", "penutup_atap": "Genteng", "dinding": "Bata Plaster", "kondisi": "Sedang", "keyakinan": "Tinggi", "taksonomi": "MCF/LFINF/RSH2/RMT1/EWMA/CV2/HEX:2", "kode_singkat": "MCF \\LFINF\\HEX:2", "koefisien": 1.0, "nilai_exposure": 184712119.146658, "kelas_exposure": "Rp14.611.983,05 - Rp638.909.581,39", "exposure_rank": 1, "kelas_gempa": "Rendah", "kelas_tsunami": "Rendah" }, "geometry": { "type": "Polygon", "coordinates": [ [ [ 105.2413769, -5.5562701 ], [ 105.2414213, -5.5563221 ], [ 105.2413029, -5.5564234 ], [ 105.2412584, -5.5563715 ], [ 105.2413769, -5.5562701 ] ] ] } },
{ "type": "Feature", "properties": { "point_id": 331, "footprint_id": 242, "id_bangunan": "Blok D (SDI-D101-101)", "fungsi_bangunan": "Rumah Tinggal", "jumlah_lantai": 1, "tinggi_lantai": 4.0, "tinggi_total": 4.0, "luas_m2": 36.8, "jarak_match_m": 0.0, "metode_match": "within", "status_match": "OK", "blok": null, "klas_fungsi": null, "material": null, "struktur": null, "tipe_atap": null, "penutup_atap": null, "dinding": null, "kondisi": null, "keyakinan": null, "taksonomi": null, "kode_singkat": null, "koefisien": null, "nilai_exposure": null, "kelas_exposure": null, "exposure_rank": 0, "kelas_gempa": "Tidak Terdampak", "kelas_tsunami": "Tidak Terdampak" }, "geometry": { "type": "Polygon", "coordinates": [ [ [ 105.2413787, -5.5560812 ], [ 105.2414113, -5.5560622 ], [ 105.2414149, -5.5560653 ], [ 105.2414535, -5.5561302 ], [ 105.2414209, -5.5561474 ], [ 105.2413787, -5.5560812 ] ] ] } },
{ "type": "Feature", "properties": { "point_id": 332, "footprint_id": 241, "id_bangunan": "Blok D (SDI-D102-102)", "fungsi_bangunan": "Rumah Tinggal", "jumlah_lantai": 1, "tinggi_lantai": 4.0, "tinggi_total": 4.0, "luas_m2": 218.79, "jarak_match_m": 10.27, "metode_match": "optimal_nearest", "status_match": "OK", "blok": "D", "klas_fungsi": "Hunian", "material": "Pasang Bata", "struktur": "Dinding Pemikul", "tipe_atap": "Limasan", "penutup_atap": "Genteng", "dinding": "Bata Plaster", "kondisi": "Sedang", "keyakinan": "Tinggi", "taksonomi": "MUR/LWAL/RSH3/RMT1/EWMA/CV2/HEX:1", "kode_singkat": "MUR \\LWAL\\HEX:1", "koefisien": 1.0, "nilai_exposure": 644807255.34353995, "kelas_exposure": "> Rp638.909.581,39 - Rp1.136.724.268,30", "exposure_rank": 2, "kelas_gempa": "Sedang", "kelas_tsunami": "Sedang" }, "geometry": { "type": "Polygon", "coordinates": [ [ [ 105.2412009, -5.5561574 ], [ 105.2411487, -5.5560713 ], [ 105.2411456, -5.5560671 ], [ 105.2412619, -5.5559823 ], [ 105.2413312, -5.5560928 ], [ 105.2412197, -5.5561628 ], [ 105.2412119, -5.5561506 ], [ 105.2412009, -5.5561574 ] ] ] } },
{ "type": "Feature", "properties": { "point_id": 333, "footprint_id": 188, "id_bangunan": "Blok D (SDI-D103-103)", "fungsi_bangunan": "Rumah Tinggal", "jumlah_lantai": 1, "tinggi_lantai": 4.0, "tinggi_total": 4.0, "luas_m2": 128.45, "jarak_match_m": 3.24, "metode_match": "optimal_nearest", "status_match": "OK", "blok": "D", "klas_fungsi": "Hunian", "material": "Pasang Bata", "struktur": "Rangka Beton Bertulang", "tipe_atap": "Pelana", "penutup_atap": "Genteng", "dinding": "Bata Plaster", "kondisi": "Baik", "keyakinan": "Tinggi", "taksonomi": "MCF/LWAL/RSH2/RMT1/EWMA/CV1/HEX:1", "kode_singkat": "MCF \\LWAL\\HEX:1", "koefisien": 1.0, "nilai_exposure": 2068057148.99494, "kelas_exposure": "> Rp1.856.590.180,23 - < Rp11.941.713.042,64", "exposure_rank": 4, "kelas_gempa": "Tinggi", "kelas_tsunami": "Tinggi" }, "geometry": { "type": "Polygon", "coordinates": [ [ [ 105.2418092, -5.5564101 ], [ 105.2418568, -5.5564839 ], [ 105.2417564, -5.5565487 ], [ 105.2417088, -5.5564749 ], [ 105.2418092, -5.5564101 ] ] ] } },
{ "type": "Feature", "properties": { "point_id": 334, "footprint_id": 189, "id_bangunan": "Blok D (SDI-D105-105)", "fungsi_bangunan": "Rumah Tinggal", "jumlah_lantai": 1, "tinggi_lantai": 4.0, "tinggi_total": 4.0, "luas_m2": 411.96, "jarak_match_m": 3.97, "metode_match": "optimal_nearest", "status_match": "OK", "blok": "D", "klas_fungsi": "Hunian", "material": "Pasang Bata", "struktur": "Dinding Pemikul", "tipe_atap": "Pelana", "penutup_atap": "Genteng", "dinding": "Bata Plaster", "kondisi": "Rusak Ringan", "keyakinan": "Tinggi", "taksonomi": "MUR/LWAL/RSH2/RMT1/EWMA/CV2/HEX:1", "kode_singkat": "MUR \\LWAL\\HEX:1", "koefisien": 1.0, "nilai_exposure": 735172329.11276007, "kelas_exposure": "> Rp638.909.581,39 - Rp1.136.724.268,30", "exposure_rank": 2, "kelas_gempa": "Sedang", "kelas_tsunami": "Sedang" }, "geometry": { "type": "Polygon", "coordinates": [ [ [ 105.2415332, -5.5562269 ], [ 105.2417568, -5.5560627 ], [ 105.2418286, -5.5561605 ], [ 105.2416049, -5.5563247 ], [ 105.2415332, -5.5562269 ] ] ] } },
{ "type": "Feature", "properties": { "point_id": 335, "footprint_id": 1185, "id_bangunan": "SDI-A68-068", "fungsi_bangunan": "Rumah Tinggal", "jumlah_lantai": 1, "tinggi_lantai": 4.0, "tinggi_total": 4.0, "luas_m2": 133.74, "jarak_match_m": 0.0, "metode_match": "within", "status_match": "OK", "blok": "A", "klas_fungsi": "Hunian", "material": "Pasang Bata", "struktur": "Rangka Beton Bertulang", "tipe_atap": "Pelana", "penutup_atap": "Genteng", "dinding": "Bata Plaster", "kondisi": "Sedang", "keyakinan": "Tinggi", "taksonomi": "MCF/LFINF/RSH2/RMT1/EWMA/CV2/HEX:1", "kode_singkat": "MCF \\LFINF\\HEX:1", "koefisien": 1.0, "nilai_exposure": 950144393.80188, "kelas_exposure": "> Rp638.909.581,39 - Rp1.136.724.268,30", "exposure_rank": 2, "kelas_gempa": "Tinggi", "kelas_tsunami": "Tinggi" }, "geometry": { "type": "Polygon", "coordinates": [ [ [ 105.2278496, -5.545875 ], [ 105.2278194, -5.5458907 ], [ 105.2277928, -5.5458399 ], [ 105.227823, -5.5458241 ], [ 105.2277919, -5.5457645 ], [ 105.2278556, -5.5457312 ], [ 105.2279134, -5.5458417 ], [ 105.2278496, -5.545875 ] ] ] } },
{ "type": "Feature", "properties": { "point_id": 336, "footprint_id": 1226, "id_bangunan": "SDI-A69-069", "fungsi_bangunan": "Rumah Tinggal", "jumlah_lantai": 1, "tinggi_lantai": 4.0, "tinggi_total": 4.0, "luas_m2": 189.27, "jarak_match_m": 0.0, "metode_match": "within", "status_match": "OK", "blok": "A", "klas_fungsi": "Hunian", "material": "Pasang Bata", "struktur": "Rangka Beton Bertulang", "tipe_atap": "Pelana", "penutup_atap": "Genteng", "dinding": "Bata Plaster", "kondisi": "Baik", "keyakinan": "Tinggi", "taksonomi": "MCF/LFINF/RSH2/RMT1/EWMA/CV1/HEX:1", "kode_singkat": "MCF \\LFINF\\HEX:1", "koefisien": 1.0, "nilai_exposure": 453098831.81374002, "kelas_exposure": "Rp14.611.983,05 - Rp638.909.581,39", "exposure_rank": 1, "kelas_gempa": "Rendah", "kelas_tsunami": "Rendah" }, "geometry": { "type": "Polygon", "coordinates": [ [ [ 105.2281633, -5.5454144 ], [ 105.2281549, -5.5454376 ], [ 105.2281216, -5.5454256 ], [ 105.2280963, -5.5454953 ], [ 105.2280365, -5.5454736 ], [ 105.2280617, -5.5454039 ], [ 105.2280701, -5.5453807 ], [ 105.2280312, -5.5453666 ], [ 105.2280513, -5.5453111 ], [ 105.2281834, -5.5453589 ], [ 105.2281633, -5.5454144 ] ] ] } },
{ "type": "Feature", "properties": { "point_id": 337, "footprint_id": 1187, "id_bangunan": "SDI-A70-070", "fungsi_bangunan": "Rumah Tinggal", "jumlah_lantai": 1, "tinggi_lantai": 4.0, "tinggi_total": 4.0, "luas_m2": 90.26, "jarak_match_m": 0.0, "metode_match": "within", "status_match": "OK", "blok": "A", "klas_fungsi": "Hunian", "material": "Pasang Bata", "struktur": "Dinding Pemikul", "tipe_atap": "Pelana", "penutup_atap": "Genteng", "dinding": "Bata Plaster", "kondisi": "Sedang", "keyakinan": "Tinggi", "taksonomi": "MCF/LFINF/RSH2/RMT1/EWMA/CV2/HEX:1", "kode_singkat": "MCF \\LFINF\\HEX:1", "koefisien": 1.0, "nilai_exposure": 386601221.25839603, "kelas_exposure": "Rp14.611.983,05 - Rp638.909.581,39", "exposure_rank": 1, "kelas_gempa": "Rendah", "kelas_tsunami": "Rendah" }, "geometry": { "type": "Polygon", "coordinates": [ [ [ 105.2277716, -5.5457408 ], [ 105.2277194, -5.5456644 ], [ 105.2277852, -5.5456195 ], [ 105.2278374, -5.5456959 ], [ 105.2277716, -5.5457408 ] ] ] } },
{ "type": "Feature", "properties": { "point_id": 338, "footprint_id": 1236, "id_bangunan": "SDI-A71-071", "fungsi_bangunan": "Rumah Tinggal", "jumlah_lantai": 1, "tinggi_lantai": 4.0, "tinggi_total": 4.0, "luas_m2": 77.01, "jarak_match_m": 0.0, "metode_match": "within", "status_match": "OK", "blok": "A", "klas_fungsi": "Hunian", "material": "Kayu", "struktur": "Rangka Kayu", "tipe_atap": "Pelana", "penutup_atap": "Asbes", "dinding": "Campuran", "kondisi": "Sedang", "keyakinan": "Tinggi", "taksonomi": "W/LPB/RSH2/RMT6/EWO/CV2/HEX:1", "kode_singkat": "W \\LPB\\HEX:1", "koefisien": 1.0, "nilai_exposure": 683450304.90629995, "kelas_exposure": "> Rp638.909.581,39 - Rp1.136.724.268,30", "exposure_rank": 2, "kelas_gempa": "Sedang", "kelas_tsunami": "Sedang" }, "geometry": { "type": "Polygon", "coordinates": [ [ [ 105.2270198, -5.5462702 ], [ 105.2270883, -5.5462759 ], [ 105.2270807, -5.5463671 ], [ 105.2270122, -5.5463614 ], [ 105.2270198, -5.5462702 ] ] ] } },
{ "type": "Feature", "properties": { "point_id": 339, "footprint_id": 1235, "id_bangunan": "SDI-A72-072", "fungsi_bangunan": "Rumah Tinggal", "jumlah_lantai": 1, "tinggi_lantai": 4.0, "tinggi_total": 4.0, "luas_m2": 136.15, "jarak_match_m": 0.0, "metode_match": "within", "status_match": "OK", "blok": "A", "klas_fungsi": "Hunian", "material": "Pasang Bata", "struktur": "Rangka Beton Bertulang", "tipe_atap": "Pelana", "penutup_atap": "Genteng", "dinding": "Bata Plaster", "kondisi": "Sedang", "keyakinan": "Tinggi", "taksonomi": "MCF/LFINF/RSH2/RMT1/EWMA/CV2/HEX:1", "kode_singkat": "MCF \\LFINF\\HEX:1", "koefisien": 1.0, "nilai_exposure": 802285727.95187998, "kelas_exposure": "> Rp638.909.581,39 - Rp1.136.724.268,30", "exposure_rank": 2, "kelas_gempa": "Sedang", "kelas_tsunami": "Sedang" }, "geometry": { "type": "Polygon", "coordinates": [ [ [ 105.2270233, -5.5464223 ], [ 105.2271859, -5.5464459 ], [ 105.2271761, -5.5465129 ], [ 105.2270136, -5.5464893 ], [ 105.2270233, -5.5464223 ] ] ] } },
{ "type": "Feature", "properties": { "point_id": 340, "footprint_id": 1239, "id_bangunan": "SDI-A75-075", "fungsi_bangunan": "Rumah Tinggal", "jumlah_lantai": 1, "tinggi_lantai": 4.0, "tinggi_total": 4.0, "luas_m2": 94.36, "jarak_match_m": 0.8, "metode_match": "optimal_nearest", "status_match": "OK", "blok": "A", "klas_fungsi": "Hunian", "material": "Pasang Bata", "struktur": "Rangka Beton Bertulang", "tipe_atap": "Pelana", "penutup_atap": "Genteng", "dinding": "Bata Ekspos", "kondisi": "Baik", "keyakinan": "Tinggi", "taksonomi": "MCF/LFINF/RSH2/RMT1/EWMA/CV1/HEX:1", "kode_singkat": "MCF \\LFINF\\HEX:1", "koefisien": 1.0, "nilai_exposure": 929829314.16462004, "kelas_exposure": "> Rp638.909.581,39 - Rp1.136.724.268,30", "exposure_rank": 2, "kelas_gempa": "Tinggi", "kelas_tsunami": "Tinggi" }, "geometry": { "type": "Polygon", "coordinates": [ [ [ 105.2268789, -5.5468704 ], [ 105.2268724, -5.546797 ], [ 105.2269704, -5.5467941 ], [ 105.22698, -5.5468674 ], [ 105.2269552, -5.5468674 ], [ 105.2269546, -5.5468785 ], [ 105.2268789, -5.5468704 ] ] ] } },
{ "type": "Feature", "properties": { "point_id": 341, "footprint_id": 1061, "id_bangunan": "SDI-A76-076", "fungsi_bangunan": "Rumah Tinggal", "jumlah_lantai": 1, "tinggi_lantai": 4.0, "tinggi_total": 4.0, "luas_m2": 210.02, "jarak_match_m": 0.0, "metode_match": "within", "status_match": "OK", "blok": "A", "klas_fungsi": "Hunian", "material": "Pasang Bata", "struktur": "Rangka Beton Bertulang", "tipe_atap": "Pelana", "penutup_atap": "Asbes", "dinding": "Bata Plaster", "kondisi": "Baik", "keyakinan": "Tinggi", "taksonomi": "MCF/LFINF/RSH2/RMT6/EWMA/CV1/HEX:1", "kode_singkat": "MCF \\LFINF\\HEX:1", "koefisien": 1.0, "nilai_exposure": 656191393.00867999, "kelas_exposure": "> Rp638.909.581,39 - Rp1.136.724.268,30", "exposure_rank": 2, "kelas_gempa": "Sedang", "kelas_tsunami": "Sedang" }, "geometry": { "type": "Polygon", "coordinates": [ [ [ 105.227279, -5.5465909 ], [ 105.2274274, -5.5465699 ], [ 105.2274434, -5.5466832 ], [ 105.2272949, -5.5467042 ], [ 105.227279, -5.5465909 ] ] ] } },
{ "type": "Feature", "properties": { "point_id": 342, "footprint_id": 1234, "id_bangunan": "SDI-A77-077", "fungsi_bangunan": "Rumah Tinggal", "jumlah_lantai": 1, "tinggi_lantai": 4.0, "tinggi_total": 4.0, "luas_m2": 130.72, "jarak_match_m": 0.0, "metode_match": "within", "status_match": "OK", "blok": "A", "klas_fungsi": "Hunian", "material": "Pasang Bata", "struktur": "Rangka Beton Bertulang", "tipe_atap": "Pelana", "penutup_atap": "Genteng", "dinding": "Campuran", "kondisi": "Sedang", "keyakinan": "Tinggi", "taksonomi": "MCF/LFINF/RSH2/RMT1/EWO/CV2/HEX:1", "kode_singkat": "MCF \\LFINF\\HEX:1", "koefisien": 1.0, "nilai_exposure": 334386306.90015203, "kelas_exposure": "Rp14.611.983,05 - Rp638.909.581,39", "exposure_rank": 1, "kelas_gempa": "Rendah", "kelas_tsunami": "Rendah" }, "geometry": { "type": "Polygon", "coordinates": [ [ [ 105.2266678, -5.54663 ], [ 105.2267336, -5.546539 ], [ 105.2268107, -5.5465947 ], [ 105.2267449, -5.5466857 ], [ 105.2266678, -5.54663 ] ] ] } },
{ "type": "Feature", "properties": { "point_id": 343, "footprint_id": 1232, "id_bangunan": "SDI-A78-078", "fungsi_bangunan": "Rumah Tinggal", "jumlah_lantai": 1, "tinggi_lantai": 4.0, "tinggi_total": 4.0, "luas_m2": 66.61, "jarak_match_m": 0.0, "metode_match": "within", "status_match": "OK", "blok": "A", "klas_fungsi": "Hunian", "material": "Bambu", "struktur": "Rangka Kayu", "tipe_atap": "Pelana", "penutup_atap": "Genteng", "dinding": "Campuran", "kondisi": "Sedang", "keyakinan": "Tinggi", "taksonomi": "W/LPB/RSH2/RMT1/EWO/CV2/HEX:1", "kode_singkat": "W \\LPB\\HEX:1", "koefisien": 1.0, "nilai_exposure": 285345059.64344603, "kelas_exposure": "Rp14.611.983,05 - Rp638.909.581,39", "exposure_rank": 1, "kelas_gempa": "Rendah", "kelas_tsunami": "Rendah" }, "geometry": { "type": "Polygon", "coordinates": [ [ [ 105.2266214, -5.5467007 ], [ 105.2266693, -5.54665 ], [ 105.2267261, -5.5467036 ], [ 105.2266782, -5.5467542 ], [ 105.2266214, -5.5467007 ] ] ] } },
{ "type": "Feature", "properties": { "point_id": 344, "footprint_id": 1067, "id_bangunan": "SDI-A79-079", "fungsi_bangunan": "Rumah Tinggal", "jumlah_lantai": 1, "tinggi_lantai": 4.0, "tinggi_total": 4.0, "luas_m2": 59.25, "jarak_match_m": 0.53, "metode_match": "optimal_nearest", "status_match": "OK", "blok": "A", "klas_fungsi": "Hunian", "material": "Kayu", "struktur": "Rangka Kayu", "tipe_atap": "Pelana", "penutup_atap": "Asbes", "dinding": "Kayu", "kondisi": "Sedang", "keyakinan": "Tinggi", "taksonomi": "W/LPB/RSH2/RMT6/EWW/CV2/HEX:1", "kode_singkat": "W \\LPB\\HEX:1", "koefisien": 1.0, "nilai_exposure": 798844054.94221997, "kelas_exposure": "> Rp638.909.581,39 - Rp1.136.724.268,30", "exposure_rank": 2, "kelas_gempa": "Sedang", "kelas_tsunami": "Sedang" }, "geometry": { "type": "Polygon", "coordinates": [ [ [ 105.2265342, -5.5467577 ], [ 105.2265849, -5.5467134 ], [ 105.2266322, -5.5467676 ], [ 105.2265815, -5.5468119 ], [ 105.2265342, -5.5467577 ] ] ] } },
{ "type": "Feature", "properties": { "point_id": 345, "footprint_id": 1068, "id_bangunan": "SDI-A81-081", "fungsi_bangunan": "Rumah Tinggal", "jumlah_lantai": 1, "tinggi_lantai": 4.0, "tinggi_total": 4.0, "luas_m2": 27.53, "jarak_match_m": 6.36, "metode_match": "optimal_nearest", "status_match": "OK", "blok": "A", "klas_fungsi": "Hunian", "material": "Pasang Bata", "struktur": "Rangka Beton Bertulang", "tipe_atap": "Pelana", "penutup_atap": "Genteng", "dinding": "Campuran", "kondisi": "Sedang", "keyakinan": "Tinggi", "taksonomi": "MCF/LFINF/RSH2/RMT1/EWO/CV2/HEX:1", "kode_singkat": "MCF \\LFINF\\HEX:1", "koefisien": 1.0, "nilai_exposure": 440337904.93761998, "kelas_exposure": "Rp14.611.983,05 - Rp638.909.581,39", "exposure_rank": 1, "kelas_gempa": "Rendah", "kelas_tsunami": "Rendah" }, "geometry": { "type": "Polygon", "coordinates": [ [ [ 105.2266263, -5.5467898 ], [ 105.2266657, -5.5468163 ], [ 105.2266393, -5.5468556 ], [ 105.2265999, -5.5468291 ], [ 105.2266263, -5.5467898 ] ] ] } },
{ "type": "Feature", "properties": { "point_id": 346, "footprint_id": 1177, "id_bangunan": "SDI-A86-086", "fungsi_bangunan": "Rumah Tinggal", "jumlah_lantai": 1, "tinggi_lantai": 4.0, "tinggi_total": 4.0, "luas_m2": 16.81, "jarak_match_m": 2.52, "metode_match": "optimal_nearest", "status_match": "OK", "blok": "A", "klas_fungsi": "Hunian", "material": "Pasang Bata", "struktur": "Rangka Beton Bertulang", "tipe_atap": "Pelana", "penutup_atap": "Genteng", "dinding": "Bata Ekspos", "kondisi": "Baik", "keyakinan": "Tinggi", "taksonomi": "MCF/LFINF/RSH2/RMT1/EWMA/CV1/HEX:1", "kode_singkat": "MCF \\LFINF\\HEX:1", "koefisien": 1.0, "nilai_exposure": 325389418.38530201, "kelas_exposure": "Rp14.611.983,05 - Rp638.909.581,39", "exposure_rank": 1, "kelas_gempa": "Rendah", "kelas_tsunami": "Rendah" }, "geometry": { "type": "Polygon", "coordinates": [ [ [ 105.2258138, -5.5451141 ], [ 105.2258345, -5.5451206 ], [ 105.2258158, -5.5451808 ], [ 105.225795, -5.5451744 ], [ 105.2258138, -5.5451141 ] ] ] } },
{ "type": "Feature", "properties": { "point_id": 347, "footprint_id": 1176, "id_bangunan": "SDI-A87-087", "fungsi_bangunan": "Rumah Tinggal", "jumlah_lantai": 1, "tinggi_lantai": 4.0, "tinggi_total": 4.0, "luas_m2": 132.89, "jarak_match_m": 12.95, "metode_match": "optimal_nearest", "status_match": "OK", "blok": "A", "klas_fungsi": "Hunian", "material": "Kayu", "struktur": "Rangka Kayu", "tipe_atap": "Pelana", "penutup_atap": "Asbes", "dinding": "Seng/Papan", "kondisi": "Baik", "keyakinan": "Tinggi", "taksonomi": "W/LPB/RSH2/RMT6/EWW/CV1/HEX:1", "kode_singkat": "W \\LPB\\HEX:1", "koefisien": 1.0, "nilai_exposure": 449610948.37980402, "kelas_exposure": "Rp14.611.983,05 - Rp638.909.581,39", "exposure_rank": 1, "kelas_gempa": "Rendah", "kelas_tsunami": "Rendah" }, "geometry": { "type": "Polygon", "coordinates": [ [ [ 105.2257589, -5.5450211 ], [ 105.2258353, -5.5450449 ], [ 105.225795, -5.5451744 ], [ 105.2257186, -5.5451506 ], [ 105.2257589, -5.5450211 ] ] ] } },
{ "type": "Feature", "properties": { "point_id": 348, "footprint_id": 1135, "id_bangunan": "SDI-A88-088", "fungsi_bangunan": "Rumah Tinggal", "jumlah_lantai": 1, "tinggi_lantai": 4.0, "tinggi_total": 4.0, "luas_m2": 226.05, "jarak_match_m": 0.0, "metode_match": "within", "status_match": "OK", "blok": "A", "klas_fungsi": "Hunian", "material": "Pasang Bata", "struktur": "Rangka Beton Bertulang", "tipe_atap": "Pelana", "penutup_atap": "Seng", "dinding": "Bata Plaster", "kondisi": "Baik", "keyakinan": "Tinggi", "taksonomi": "MCF/LFINF/RSH2/RMT2/EWMA/CV1/HEX:1", "kode_singkat": "MCF \\LFINF\\HEX:1", "koefisien": 1.0, "nilai_exposure": 675153583.74029994, "kelas_exposure": "> Rp638.909.581,39 - Rp1.136.724.268,30", "exposure_rank": 2, "kelas_gempa": "Sedang", "kelas_tsunami": "Sedang" }, "geometry": { "type": "Polygon", "coordinates": [ [ [ 105.2254537, -5.5446203 ], [ 105.2254513, -5.5446327 ], [ 105.2254566, -5.5446336 ], [ 105.2254513, -5.5446645 ], [ 105.2254461, -5.5446688 ], [ 105.225479, -5.5446711 ], [ 105.2254735, -5.5447517 ], [ 105.2254647, -5.5447511 ], [ 105.2254612, -5.5448031 ], [ 105.2253749, -5.5447972 ], [ 105.2253785, -5.5447452 ], [ 105.2253573, -5.5447437 ], [ 105.2253624, -5.5446699 ], [ 105.2253473, -5.5446704 ], [ 105.2253523, -5.5446231 ], [ 105.2254056, -5.544627 ], [ 105.2254056, -5.5446198 ], [ 105.2254537, -5.5446203 ] ] ] } },
{ "type": "Feature", "properties": { "point_id": 349, "footprint_id": 1110, "id_bangunan": "SDI-A90-090", "fungsi_bangunan": "Rumah Tinggal", "jumlah_lantai": 1, "tinggi_lantai": 4.0, "tinggi_total": 4.0, "luas_m2": 98.83, "jarak_match_m": 3.77, "metode_match": "optimal_nearest", "status_match": "OK", "blok": "A", "klas_fungsi": "Hunian", "material": "Pasang Bata", "struktur": "Rangka Beton Bertulang", "tipe_atap": "Pelana", "penutup_atap": "Genteng", "dinding": "Campuran", "kondisi": "Baik", "keyakinan": "Tinggi", "taksonomi": "MCF/LFINF/RSH2/RMT1/EWO/CV1/HEX:1", "kode_singkat": "MCF \\LFINF\\HEX:1", "koefisien": 1.0, "nilai_exposure": 468972046.35330403, "kelas_exposure": "Rp14.611.983,05 - Rp638.909.581,39", "exposure_rank": 1, "kelas_gempa": "Rendah", "kelas_tsunami": "Rendah" }, "geometry": { "type": "Polygon", "coordinates": [ [ [ 105.2256009, -5.5438643 ], [ 105.22568, -5.5439006 ], [ 105.2256413, -5.5439849 ], [ 105.2255622, -5.5439486 ], [ 105.2256009, -5.5438643 ] ] ] } },
{ "type": "Feature", "properties": { "point_id": 350, "footprint_id": 1107, "id_bangunan": "SDI-A91-091", "fungsi_bangunan": "Rumah Tinggal", "jumlah_lantai": 1, "tinggi_lantai": 4.0, "tinggi_total": 4.0, "luas_m2": 112.47, "jarak_match_m": 0.0, "metode_match": "within", "status_match": "OK", "blok": "A", "klas_fungsi": "Hunian", "material": "Kayu", "struktur": "Rangka Kayu", "tipe_atap": "Pelana", "penutup_atap": "Genteng", "dinding": "Seng/Papan", "kondisi": "Sedang", "keyakinan": "Tinggi", "taksonomi": "W/LPB/RSH2/RMT1/EWW/CV2/HEX:1", "kode_singkat": "W \\LPB\\HEX:1", "koefisien": 1.0, "nilai_exposure": 320849675.70055997, "kelas_exposure": "Rp14.611.983,05 - Rp638.909.581,39", "exposure_rank": 1, "kelas_gempa": "Rendah", "kelas_tsunami": "Rendah" }, "geometry": { "type": "Polygon", "coordinates": [ [ [ 105.2252995, -5.5438061 ], [ 105.2253274, -5.5437097 ], [ 105.2254153, -5.5437351 ], [ 105.2253873, -5.5438316 ], [ 105.2252995, -5.5438061 ] ] ] } },
{ "type": "Feature", "properties": { "point_id": 351, "footprint_id": 1101, "id_bangunan": "SDI-A92-092", "fungsi_bangunan": "Rumah Tinggal", "jumlah_lantai": 1, "tinggi_lantai": 4.0, "tinggi_total": 4.0, "luas_m2": 59.48, "jarak_match_m": 0.0, "metode_match": "within", "status_match": "OK", "blok": "A", "klas_fungsi": "Hunian", "material": "Pasang Bata", "struktur": "Rangka Beton Bertulang", "tipe_atap": "Pelana", "penutup_atap": "Genteng", "dinding": "Bata Ekspos", "kondisi": "Baik", "keyakinan": "Tinggi", "taksonomi": "MCF/LFINF/RSH2/RMT1/EWMA/CV1/HEX:1", "kode_singkat": "MCF \\LFINF\\HEX:1", "koefisien": 1.0, "nilai_exposure": 670970204.03388, "kelas_exposure": "> Rp638.909.581,39 - Rp1.136.724.268,30", "exposure_rank": 2, "kelas_gempa": "Sedang", "kelas_tsunami": "Sedang" }, "geometry": { "type": "Polygon", "coordinates": [ [ [ 105.2253469, -5.5439143 ], [ 105.2252856, -5.5438934 ], [ 105.2253098, -5.5438224 ], [ 105.225371, -5.5438432 ], [ 105.2253469, -5.5439143 ] ] ] } },
{ "type": "Feature", "properties": { "point_id": 352, "footprint_id": 1092, "id_bangunan": "SDI-A93-093", "fungsi_bangunan": "Rumah Tinggal", "jumlah_lantai": 1, "tinggi_lantai": 4.0, "tinggi_total": 4.0, "luas_m2": 17.68, "jarak_match_m": 0.0, "metode_match": "within", "status_match": "OK", "blok": "A", "klas_fungsi": "Hunian", "material": "Pasang Bata", "struktur": "Rangka Beton Bertulang", "tipe_atap": "Pelana", "penutup_atap": "Genteng", "dinding": "Bata Ekspos", "kondisi": "Baik", "keyakinan": "Tinggi", "taksonomi": "MCF/LFINF/RSH2/RMT1/EWMA/CV1/HEX:1", "kode_singkat": "MCF \\LFINF\\HEX:1", "koefisien": 1.0, "nilai_exposure": 486242174.97511798, "kelas_exposure": "Rp14.611.983,05 - Rp638.909.581,39", "exposure_rank": 1, "kelas_gempa": "Rendah", "kelas_tsunami": "Rendah" }, "geometry": { "type": "Polygon", "coordinates": [ [ [ 105.2248055, -5.5439929 ], [ 105.2248216, -5.5439366 ], [ 105.2248453, -5.5439434 ], [ 105.2248291, -5.5439997 ], [ 105.2248055, -5.5439929 ] ] ] } },
{ "type": "Feature", "properties": { "point_id": 353, "footprint_id": 1106, "id_bangunan": "SDI-A94-094", "fungsi_bangunan": "Rumah Tinggal", "jumlah_lantai": 1, "tinggi_lantai": 4.0, "tinggi_total": 4.0, "luas_m2": 76.32, "jarak_match_m": 0.47, "metode_match": "optimal_nearest", "status_match": "OK", "blok": "A", "klas_fungsi": "Hunian", "material": "Pasang Bata", "struktur": "Rangka Beton Bertulang", "tipe_atap": "Pelana", "penutup_atap": "Genteng", "dinding": "Bata Ekspos", "kondisi": "Baik", "keyakinan": "Tinggi", "taksonomi": "MCF/LFINF/RSH2/RMT1/EWMA/CV1/HEX:1", "kode_singkat": "MCF \\LFINF\\HEX:1", "koefisien": 1.0, "nilai_exposure": 640849482.44904006, "kelas_exposure": "> Rp638.909.581,39 - Rp1.136.724.268,30", "exposure_rank": 2, "kelas_gempa": "Sedang", "kelas_tsunami": "Sedang" }, "geometry": { "type": "Polygon", "coordinates": [ [ [ 105.2252856, -5.5438934 ], [ 105.2252154, -5.5438726 ], [ 105.2252541, -5.5437864 ], [ 105.2253142, -5.5438125 ], [ 105.2252856, -5.5438934 ] ] ] } },
{ "type": "Feature", "properties": { "point_id": 354, "footprint_id": 1229, "id_bangunan": "SDI-A96-096", "fungsi_bangunan": "Rumah Tinggal", "jumlah_lantai": 1, "tinggi_lantai": 4.0, "tinggi_total": 4.0, "luas_m2": 127.66, "jarak_match_m": 0.0, "metode_match": "within", "status_match": "OK", "blok": "A", "klas_fungsi": "Hunian", "material": "Pasang Bata", "struktur": "Rangka Beton Bertulang", "tipe_atap": "Pelana", "penutup_atap": "Genteng", "dinding": "Campuran", "kondisi": "Sedang", "keyakinan": "Tinggi", "taksonomi": "MCF/LFINF/RSH2/RMT1/EWO/CV2/HEX:1", "kode_singkat": "MCF \\LFINF\\HEX:1", "koefisien": 1.0, "nilai_exposure": 698399169.24474001, "kelas_exposure": "> Rp638.909.581,39 - Rp1.136.724.268,30", "exposure_rank": 2, "kelas_gempa": "Sedang", "kelas_tsunami": "Sedang" }, "geometry": { "type": "Polygon", "coordinates": [ [ [ 105.2272211, -5.5445882 ], [ 105.2273097, -5.5446089 ], [ 105.2272835, -5.5447206 ], [ 105.227195, -5.5446999 ], [ 105.2272211, -5.5445882 ] ] ] } },
{ "type": "Feature", "properties": { "point_id": 355, "footprint_id": 184, "id_bangunan": "BLOK D (SDI-D106-106)", "fungsi_bangunan": "Rumah Tinggal", "jumlah_lantai": 1, "tinggi_lantai": 4.0, "tinggi_total": 4.0, "luas_m2": 170.14, "jarak_match_m": 12.21, "metode_match": "optimal_nearest", "status_match": "OK", "blok": "D", "klas_fungsi": "Hunian", "material": "Pasang Bata", "struktur": "Rangka Beton Bertulang", "tipe_atap": "Pelana", "penutup_atap": "Genteng", "dinding": "Bata Plaster", "kondisi": "Baik", "keyakinan": "Tinggi", "taksonomi": "MUR/LWAL/RSH2/RMT1/EWMA/CV1/HEX:1", "kode_singkat": "MUR \\LWAL\\HEX:1", "koefisien": 1.0, "nilai_exposure": 698399169.24474001, "kelas_exposure": "> Rp638.909.581,39 - Rp1.136.724.268,30", "exposure_rank": 2, "kelas_gempa": "Sedang", "kelas_tsunami": "Sedang" }, "geometry": { "type": "Polygon", "coordinates": [ [ [ 105.2416279, -5.556866 ], [ 105.2417509, -5.5567933 ], [ 105.2418003, -5.5568771 ], [ 105.2416774, -5.5569497 ], [ 105.2416279, -5.556866 ] ] ] } },
{ "type": "Feature", "properties": { "point_id": 356, "footprint_id": 185, "id_bangunan": "Blok D (SDI-D107-107)", "fungsi_bangunan": "Rumah Tinggal", "jumlah_lantai": 1, "tinggi_lantai": 4.0, "tinggi_total": 4.0, "luas_m2": 139.12, "jarak_match_m": 1.47, "metode_match": "optimal_nearest", "status_match": "OK", "blok": "D", "klas_fungsi": "Hunian", "material": "Pasang Bata", "struktur": "Dinding Pemikul", "tipe_atap": "Pelana", "penutup_atap": "Seng", "dinding": "Bata Plaster", "kondisi": "Sedang", "keyakinan": "Tinggi", "taksonomi": "MUR/LWAL/RSH2/RMT2/EWMA/CV2/HEX:1", "kode_singkat": "MUR \\LWAL\\HEX:1", "koefisien": 1.0, "nilai_exposure": 954507475.03564, "kelas_exposure": "> Rp638.909.581,39 - Rp1.136.724.268,30", "exposure_rank": 2, "kelas_gempa": "Tinggi", "kelas_tsunami": "Tinggi" }, "geometry": { "type": "Polygon", "coordinates": [ [ [ 105.2418258, -5.5566766 ], [ 105.2419483, -5.556595 ], [ 105.2419911, -5.5566592 ], [ 105.2418687, -5.5567409 ], [ 105.2418258, -5.5566766 ] ] ] } },
{ "type": "Feature", "properties": { "point_id": 357, "footprint_id": 186, "id_bangunan": "Blok D (SDI-D108-108)", "fungsi_bangunan": "Rumah Tinggal", "jumlah_lantai": 1, "tinggi_lantai": 4.0, "tinggi_total": 4.0, "luas_m2": 190.14, "jarak_match_m": 5.69, "metode_match": "optimal_nearest", "status_match": "OK", "blok": "D", "klas_fungsi": "Hunian", "material": "Pasang Bata", "struktur": "Dinding Pemikul", "tipe_atap": "Pelana", "penutup_atap": "Genteng", "dinding": "Bata Plaster", "kondisi": "Baik", "keyakinan": "Tinggi", "taksonomi": "MUR/LWAL/RSH2/RMT1/EWMA/CV1/HEX:1", "kode_singkat": "MUR \\LWAL\\HEX:1", "koefisien": 1.0, "nilai_exposure": 492735710.165748, "kelas_exposure": "Rp14.611.983,05 - Rp638.909.581,39", "exposure_rank": 1, "kelas_gempa": "Rendah", "kelas_tsunami": "Rendah" }, "geometry": { "type": "Polygon", "coordinates": [ [ [ 105.2419115, -5.556491 ], [ 105.2419709, -5.5565789 ], [ 105.2418495, -5.5566609 ], [ 105.2417901, -5.556573 ], [ 105.2419115, -5.556491 ] ] ] } },
{ "type": "Feature", "properties": { "point_id": 358, "footprint_id": 176, "id_bangunan": "Blok D (SDI-D109-109)", "fungsi_bangunan": "Rumah Tinggal", "jumlah_lantai": 1, "tinggi_lantai": 4.0, "tinggi_total": 4.0, "luas_m2": 98.15, "jarak_match_m": 2.72, "metode_match": "optimal_nearest", "status_match": "OK", "blok": null, "klas_fungsi": null, "material": null, "struktur": null, "tipe_atap": null, "penutup_atap": null, "dinding": null, "kondisi": null, "keyakinan": null, "taksonomi": null, "kode_singkat": null, "koefisien": null, "nilai_exposure": null, "kelas_exposure": null, "exposure_rank": 0, "kelas_gempa": "Tidak Terdampak", "kelas_tsunami": "Tidak Terdampak" }, "geometry": { "type": "Polygon", "coordinates": [ [ [ 105.2422129, -5.5576638 ], [ 105.2423414, -5.5576376 ], [ 105.2423536, -5.5576975 ], [ 105.2422251, -5.5577237 ], [ 105.2422129, -5.5576638 ] ] ] } },
{ "type": "Feature", "properties": { "point_id": 359, "footprint_id": 182, "id_bangunan": "Blok D (SDI-D111-111)", "fungsi_bangunan": "Rumah Tinggal", "jumlah_lantai": 1, "tinggi_lantai": 4.0, "tinggi_total": 4.0, "luas_m2": 125.93, "jarak_match_m": 12.7, "metode_match": "optimal_nearest", "status_match": "OK", "blok": null, "klas_fungsi": null, "material": null, "struktur": null, "tipe_atap": null, "penutup_atap": null, "dinding": null, "kondisi": null, "keyakinan": null, "taksonomi": null, "kode_singkat": null, "koefisien": null, "nilai_exposure": null, "kelas_exposure": null, "exposure_rank": 0, "kelas_gempa": "Tidak Terdampak", "kelas_tsunami": "Tidak Terdampak" }, "geometry": { "type": "Polygon", "coordinates": [ [ [ 105.2417659, -5.5571049 ], [ 105.2418767, -5.5570527 ], [ 105.2419125, -5.5571287 ], [ 105.2418017, -5.5571809 ], [ 105.2417659, -5.5571049 ] ] ] } },
{ "type": "Feature", "properties": { "point_id": 360, "footprint_id": 183, "id_bangunan": "Blok D (SDI-D112-112)", "fungsi_bangunan": "Rumah Tinggal", "jumlah_lantai": 1, "tinggi_lantai": 4.0, "tinggi_total": 4.0, "luas_m2": 153.27, "jarak_match_m": 12.92, "metode_match": "optimal_nearest", "status_match": "OK", "blok": "D", "klas_fungsi": "Hunian", "material": "Pasang Bata", "struktur": "Rangka Beton Bertulang", "tipe_atap": "Pelana", "penutup_atap": "Genteng", "dinding": "Bata Ekspos", "kondisi": "Sedang", "keyakinan": "Tinggi", "taksonomi": "MUR/LWAL/RSH2/RMT1/EWMA/CV2/HEX:1", "kode_singkat": "MUR \\LWAL\\HEX:1", "koefisien": 1.0, "nilai_exposure": 1323709771.8057799, "kelas_exposure": "> Rp1.136.724.268,30 - Rp1.856.590.180,23", "exposure_rank": 3, "kelas_gempa": "Tinggi", "kelas_tsunami": "Tinggi" }, "geometry": { "type": "Polygon", "coordinates": [ [ [ 105.2417221, -5.5570192 ], [ 105.2418458, -5.5569612 ], [ 105.2418847, -5.5570441 ], [ 105.241761, -5.5571021 ], [ 105.2417221, -5.5570192 ] ] ] } },
{ "type": "Feature", "properties": { "point_id": 361, "footprint_id": 174, "id_bangunan": "Blok D (SDI-D113-113)", "fungsi_bangunan": "Rumah Tinggal", "jumlah_lantai": 1, "tinggi_lantai": 4.0, "tinggi_total": 4.0, "luas_m2": 260.05, "jarak_match_m": 7.7, "metode_match": "optimal_nearest", "status_match": "OK", "blok": "D", "klas_fungsi": "Hunian", "material": "Pasang Bata", "struktur": "Rangka Beton Bertulang", "tipe_atap": "Pelana", "penutup_atap": "Genteng", "dinding": "Bata Ekspos", "kondisi": "Sedang", "keyakinan": "Tinggi", "taksonomi": "MUR/LWAL/RSH2/RMT1/EWMA/CV2/HEX:1", "kode_singkat": "MUR \\LWAL\\HEX:1", "koefisien": 1.0, "nilai_exposure": 1323709771.8057799, "kelas_exposure": "> Rp1.136.724.268,30 - Rp1.856.590.180,23", "exposure_rank": 3, "kelas_gempa": "Tinggi", "kelas_tsunami": "Tinggi" }, "geometry": { "type": "Polygon", "coordinates": [ [ [ 105.242032, -5.5582539 ], [ 105.2422106, -5.5582488 ], [ 105.242214, -5.5583676 ], [ 105.2420353, -5.5583727 ], [ 105.242032, -5.5582539 ] ] ] } },
{ "type": "Feature", "properties": { "point_id": 362, "footprint_id": 173, "id_bangunan": "Blok D (SDI-D114-114)", "fungsi_bangunan": "Rumah Tinggal", "jumlah_lantai": 1, "tinggi_lantai": 4.0, "tinggi_total": 4.0, "luas_m2": 263.69, "jarak_match_m": 4.22, "metode_match": "optimal_nearest", "status_match": "OK", "blok": "D", "klas_fungsi": "Hunian", "material": "Kayu", "struktur": "Rangka Kayu", "tipe_atap": "Pelana", "penutup_atap": "Seng", "dinding": "Kayu", "kondisi": "Baik", "keyakinan": "Tinggi", "taksonomi": "W/LFM/RSH2/RMT2/EWW/CV1/HEX:1", "kode_singkat": "W \\LFM\\HEX:1", "koefisien": 1.0, "nilai_exposure": 474294882.33365399, "kelas_exposure": "Rp14.611.983,05 - Rp638.909.581,39", "exposure_rank": 1, "kelas_gempa": "Rendah", "kelas_tsunami": "Rendah" }, "geometry": { "type": "Polygon", "coordinates": [ [ [ 105.241956, -5.5581706 ], [ 105.2422082, -5.5581635 ], [ 105.2422106, -5.5582488 ], [ 105.2419584, -5.5582559 ], [ 105.241956, -5.5581706 ] ] ] } },
{ "type": "Feature", "properties": { "point_id": 363, "footprint_id": 175, "id_bangunan": "Blok D (SDI-D115-115)", "fungsi_bangunan": "Rumah Tinggal", "jumlah_lantai": 1, "tinggi_lantai": 4.0, "tinggi_total": 4.0, "luas_m2": 44.92, "jarak_match_m": 44.9, "metode_match": "optimal_nearest", "status_match": "PERLU_CEK", "blok": "D", "klas_fungsi": "Hunian", "material": "Pasang Bata", "struktur": "Dinding Pemikul", "tipe_atap": "Pelana", "penutup_atap": "Genteng", "dinding": "Bata Plaster", "kondisi": "Baik", "keyakinan": "Tinggi", "taksonomi": "MUR/LWAL/RSH2/RMT1/EWMA/CV1/HEX:1", "kode_singkat": "MUR \\LWAL\\HEX:1", "koefisien": 1.0, "nilai_exposure": 624784594.12489998, "kelas_exposure": "Rp14.611.983,05 - Rp638.909.581,39", "exposure_rank": 1, "kelas_gempa": "Sedang", "kelas_tsunami": "Sedang" }, "geometry": { "type": "Polygon", "coordinates": [ [ [ 105.2419464, -5.5584038 ], [ 105.2420273, -5.558399 ], [ 105.24203, -5.5584442 ], [ 105.2419491, -5.558449 ], [ 105.2419464, -5.5584038 ] ] ] } },
{ "type": "Feature", "properties": { "point_id": 364, "footprint_id": 162, "id_bangunan": "Blok D (SDI-D117-117)", "fungsi_bangunan": "Rumah Tinggal", "jumlah_lantai": 1, "tinggi_lantai": 4.0, "tinggi_total": 4.0, "luas_m2": 105.85, "jarak_match_m": 45.62, "metode_match": "optimal_nearest", "status_match": "PERLU_CEK", "blok": "D", "klas_fungsi": "Hunian", "material": "Pasang Bata", "struktur": "Dinding Pemikul", "tipe_atap": "Pelana", "penutup_atap": "Genteng", "dinding": "Bata Plaster", "kondisi": "Baik", "keyakinan": "Tinggi", "taksonomi": "MUR/LWAL/RSH2/RMT1/EWMA/CV1/HEX:1", "kode_singkat": "MUR \\LWAL\\HEX:1", "koefisien": 1.0, "nilai_exposure": 624784594.12489998, "kelas_exposure": "Rp14.611.983,05 - Rp638.909.581,39", "exposure_rank": 1, "kelas_gempa": "Sedang", "kelas_tsunami": "Sedang" }, "geometry": { "type": "Polygon", "coordinates": [ [ [ 105.2420194, -5.5587529 ], [ 105.2419397, -5.5587416 ], [ 105.2419549, -5.5586352 ], [ 105.2420345, -5.5586465 ], [ 105.2420194, -5.5587529 ] ] ] } },
{ "type": "Feature", "properties": { "point_id": 365, "footprint_id": 170, "id_bangunan": "Blok D (SDI-D118-118)", "fungsi_bangunan": "Rumah Tinggal", "jumlah_lantai": 1, "tinggi_lantai": 4.0, "tinggi_total": 4.0, "luas_m2": 124.46, "jarak_match_m": 0.42, "metode_match": "optimal_nearest", "status_match": "OK", "blok": "D", "klas_fungsi": "Hunian", "material": "Pasang Bata", "struktur": "Dinding Pemikul", "tipe_atap": "Pelana", "penutup_atap": "Genteng", "dinding": "Bata Plaster", "kondisi": "Sedang", "keyakinan": "Tinggi", "taksonomi": "MUR/LWAL/RSH2/RMT1/EWMA/CV2/HEX:1", "kode_singkat": "MUR \\LWAL\\HEX:1", "koefisien": 1.0, "nilai_exposure": 903699446.61163998, "kelas_exposure": "> Rp638.909.581,39 - Rp1.136.724.268,30", "exposure_rank": 2, "kelas_gempa": "Sedang", "kelas_tsunami": "Sedang" }, "geometry": { "type": "Polygon", "coordinates": [ [ [ 105.2422677, -5.5582967 ], [ 105.2424008, -5.558309 ], [ 105.2423938, -5.5583848 ], [ 105.2422607, -5.5583724 ], [ 105.2422677, -5.5582967 ] ] ] } },
{ "type": "Feature", "properties": { "point_id": 366, "footprint_id": 169, "id_bangunan": "Blok D (SDI-D119-119)", "fungsi_bangunan": "Rumah Tinggal", "jumlah_lantai": 1, "tinggi_lantai": 4.0, "tinggi_total": 4.0, "luas_m2": 180.02, "jarak_match_m": 0.0, "metode_match": "within", "status_match": "OK", "blok": "D", "klas_fungsi": "Hunian", "material": "Kayu", "struktur": "Rangka Kayu", "tipe_atap": "Pelana", "penutup_atap": "Seng", "dinding": "Kayu", "kondisi": "Rusak Ringan", "keyakinan": "Tinggi", "taksonomi": "W/LWAL/RSH2/RMT2/EWW/CV2/HEX:1", "kode_singkat": "W \\LWAL\\HEX:1", "koefisien": 1.0, "nilai_exposure": 624784594.12489998, "kelas_exposure": "Rp14.611.983,05 - Rp638.909.581,39", "exposure_rank": 1, "kelas_gempa": "Sedang", "kelas_tsunami": "Sedang" }, "geometry": { "type": "Polygon", "coordinates": [ [ [ 105.2423938, -5.5583848 ], [ 105.2423872, -5.558501 ], [ 105.2422611, -5.5584938 ], [ 105.2422677, -5.5583776 ], [ 105.2423938, -5.5583848 ] ] ] } },
{ "type": "Feature", "properties": { "point_id": 367, "footprint_id": 168, "id_bangunan": "Blok D (SDI-D120-120)", "fungsi_bangunan": "Rumah Tinggal", "jumlah_lantai": 1, "tinggi_lantai": 4.0, "tinggi_total": 4.0, "luas_m2": 116.46, "jarak_match_m": 16.11, "metode_match": "optimal_nearest", "status_match": "PERLU_CEK", "blok": "D", "klas_fungsi": "Hunian", "material": "Pasang Bata", "struktur": "Dinding Pemikul", "tipe_atap": "Pelana", "penutup_atap": "Genteng", "dinding": "Bata Plaster", "kondisi": "Sedang", "keyakinan": "Tinggi", "taksonomi": "MUR/LWAL/RSH2/RMT1/EWMA/CV2/HEX:1", "kode_singkat": "MUR \\LWAL\\HEX:1", "koefisien": 1.0, "nilai_exposure": 624784594.12489998, "kelas_exposure": "Rp14.611.983,05 - Rp638.909.581,39", "exposure_rank": 1, "kelas_gempa": "Sedang", "kelas_tsunami": "Sedang" }, "geometry": { "type": "Polygon", "coordinates": [ [ [ 105.2423914, -5.55843 ], [ 105.2424866, -5.55843 ], [ 105.2424866, -5.5585299 ], [ 105.2423914, -5.5585299 ], [ 105.2423914, -5.55843 ] ] ] } },
{ "type": "Feature", "properties": { "point_id": 368, "footprint_id": 178, "id_bangunan": "Blok D (SDI-D121-121)", "fungsi_bangunan": "Rumah Tinggal", "jumlah_lantai": 1, "tinggi_lantai": 4.0, "tinggi_total": 4.0, "luas_m2": 162.7, "jarak_match_m": 13.87, "metode_match": "optimal_nearest", "status_match": "OK", "blok": "D", "klas_fungsi": "Hunian", "material": "Pasang Bata", "struktur": "Rangka Beton Bertulang", "tipe_atap": "Pelana", "penutup_atap": "Genteng", "dinding": "Bata Ekspos", "kondisi": "Baik", "keyakinan": "Tinggi", "taksonomi": "MUR/LFM/RSH2/RMT1/EWMA/CV1/HEX:1", "kode_singkat": "MUR \\LFM\\HEX:1", "koefisien": 1.0, "nilai_exposure": 240051936.65374401, "kelas_exposure": "Rp14.611.983,05 - Rp638.909.581,39", "exposure_rank": 1, "kelas_gempa": "Rendah", "kelas_tsunami": "Rendah" }, "geometry": { "type": "Polygon", "coordinates": [ [ [ 105.2420523, -5.5583782 ], [ 105.2421047, -5.5583776 ], [ 105.2421059, -5.5584228 ], [ 105.2422111, -5.5584251 ], [ 105.2422082, -5.5584895 ], [ 105.2420559, -5.558499 ], [ 105.2420523, -5.5583782 ] ] ] } },
{ "type": "Feature", "properties": { "point_id": 369, "footprint_id": 181, "id_bangunan": "Blok D (SDI-D122-122)", "fungsi_bangunan": "Rumah Tinggal", "jumlah_lantai": 1, "tinggi_lantai": 4.0, "tinggi_total": 4.0, "luas_m2": 57.5, "jarak_match_m": 5.13, "metode_match": "optimal_nearest", "status_match": "OK", "blok": "D", "klas_fungsi": "Hunian", "material": "Pasang Bata", "struktur": "Dinding Pemikul", "tipe_atap": "Pelana", "penutup_atap": "Genteng", "dinding": "Bata Plaster", "kondisi": "Baik", "keyakinan": "Tinggi", "taksonomi": "MUR/LWAL/RSH2/RMT1/EWMA/CV1/HEX:1", "kode_singkat": "MUR \\LWAL\\HEX:1", "koefisien": 1.0, "nilai_exposure": 903699446.61163998, "kelas_exposure": "> Rp638.909.581,39 - Rp1.136.724.268,30", "exposure_rank": 2, "kelas_gempa": "Sedang", "kelas_tsunami": "Sedang" }, "geometry": { "type": "Polygon", "coordinates": [ [ [ 105.2423331, -5.5585573 ], [ 105.2423925, -5.5585604 ], [ 105.2423964, -5.558635 ], [ 105.242331, -5.5586332 ], [ 105.2423331, -5.5585573 ] ] ] } },
{ "type": "Feature", "properties": { "point_id": 370, "footprint_id": 179, "id_bangunan": "Blok D (SDI-D123-123)", "fungsi_bangunan": "Rumah Tinggal", "jumlah_lantai": 1, "tinggi_lantai": 4.0, "tinggi_total": 4.0, "luas_m2": 47.82, "jarak_match_m": 2.61, "metode_match": "optimal_nearest", "status_match": "OK", "blok": "D", "klas_fungsi": "Hunian", "material": "Pasang Bata", "struktur": "Dinding Pemikul", "tipe_atap": "Pelana", "penutup_atap": "Genteng", "dinding": "Bata Plaster", "kondisi": "Sedang", "keyakinan": "Tinggi", "taksonomi": "MUR/LWAL/RSH2/RMT1/EWMA/CV2/HEX:1", "kode_singkat": "MUR \\LWAL\\HEX:1", "koefisien": 1.0, "nilai_exposure": 903699446.61163998, "kelas_exposure": "> Rp638.909.581,39 - Rp1.136.724.268,30", "exposure_rank": 2, "kelas_gempa": "Sedang", "kelas_tsunami": "Sedang" }, "geometry": { "type": "Polygon", "coordinates": [ [ [ 105.2422612, -5.5585022 ], [ 105.2423436, -5.5585079 ], [ 105.2423417, -5.5585541 ], [ 105.2422579, -5.5585498 ], [ 105.2422612, -5.5585022 ] ] ] } },
{ "type": "Feature", "properties": { "point_id": 371, "footprint_id": 164, "id_bangunan": "Blok D (SDI-D124-124)", "fungsi_bangunan": "Rumah Tinggal", "jumlah_lantai": 1, "tinggi_lantai": 4.0, "tinggi_total": 4.0, "luas_m2": 180.84, "jarak_match_m": 13.33, "metode_match": "optimal_nearest", "status_match": "OK", "blok": "D", "klas_fungsi": "Hunian", "material": "Pasang Bata", "struktur": "Dinding Pemikul", "tipe_atap": "Pelana", "penutup_atap": "Genteng", "dinding": "Bata Plaster", "kondisi": "Rusak Berat", "keyakinan": "Tinggi", "taksonomi": "MUR/LWAL/RSH2/RMT1/EWMA/CV4/HEX:1", "kode_singkat": "MUR \\LWAL\\HEX:1", "koefisien": 1.0, "nilai_exposure": 903699446.61163998, "kelas_exposure": "> Rp638.909.581,39 - Rp1.136.724.268,30", "exposure_rank": 2, "kelas_gempa": "Sedang", "kelas_tsunami": "Sedang" }, "geometry": { "type": "Polygon", "coordinates": [ [ [ 105.2420488, -5.5585418 ], [ 105.2422114, -5.5585467 ], [ 105.2422087, -5.5586374 ], [ 105.242046, -5.5586326 ], [ 105.2420488, -5.5585418 ] ] ] } },
{ "type": "Feature", "properties": { "point_id": 372, "footprint_id": 165, "id_bangunan": "Blok D (SDI-D125-125)", "fungsi_bangunan": "Rumah Tinggal", "jumlah_lantai": 1, "tinggi_lantai": 4.0, "tinggi_total": 4.0, "luas_m2": 69.21, "jarak_match_m": 15.57, "metode_match": "optimal_nearest", "status_match": "PERLU_CEK", "blok": "D", "klas_fungsi": "Hunian", "material": "Pasang Bata", "struktur": "Dinding Pemikul", "tipe_atap": "Pelana", "penutup_atap": "Genteng", "dinding": "Bata Plaster", "kondisi": "Rusak Ringan", "keyakinan": "Tinggi", "taksonomi": "MUR/LWAL/RSH2/RMT1/EWMA/CV2/HEX:1", "kode_singkat": "MUR \\LWAL\\HEX:1", "koefisien": 1.0, "nilai_exposure": 676475097.35477996, "kelas_exposure": "> Rp638.909.581,39 - Rp1.136.724.268,30", "exposure_rank": 2, "kelas_gempa": "Sedang", "kelas_tsunami": "Sedang" }, "geometry": { "type": "Polygon", "coordinates": [ [ [ 105.2420559, -5.558499 ], [ 105.2421823, -5.5585011 ], [ 105.2421816, -5.5585458 ], [ 105.2420551, -5.5585437 ], [ 105.2420559, -5.558499 ] ] ] } },
{ "type": "Feature", "properties": { "point_id": 373, "footprint_id": 158, "id_bangunan": "Blok D (SDI-D126-126)", "fungsi_bangunan": "Rumah Tinggal", "jumlah_lantai": 1, "tinggi_lantai": 4.0, "tinggi_total": 4.0, "luas_m2": 156.94, "jarak_match_m": 10.22, "metode_match": "optimal_nearest", "status_match": "OK", "blok": "D", "klas_fungsi": "Hunian", "material": "Kayu", "struktur": "Dinding Pemikul", "tipe_atap": "Pelana", "penutup_atap": "Seng", "dinding": "Kayu", "kondisi": "Sedang", "keyakinan": "Tinggi", "taksonomi": "W/LWAL/RSH2/RMT2/EWW/CV2/HEX:1", "kode_singkat": "W \\LWAL\\HEX:1", "koefisien": 1.0, "nilai_exposure": 595761731.03328001, "kelas_exposure": "Rp14.611.983,05 - Rp638.909.581,39", "exposure_rank": 1, "kelas_gempa": "Sedang", "kelas_tsunami": "Sedang" }, "geometry": { "type": "Polygon", "coordinates": [ [ [ 105.242508, -5.5587226 ], [ 105.2426746, -5.5587155 ], [ 105.2426778, -5.5587923 ], [ 105.2425113, -5.5587995 ], [ 105.242508, -5.5587226 ] ] ] } },
{ "type": "Feature", "properties": { "point_id": 374, "footprint_id": 997, "id_bangunan": "Blok C (SDI-C118-118)", "fungsi_bangunan": "Rumah Tinggal", "jumlah_lantai": 1, "tinggi_lantai": 4.0, "tinggi_total": 4.0, "luas_m2": 118.68, "jarak_match_m": 0.0, "metode_match": "within", "status_match": "OK", "blok": "C", "klas_fungsi": "Hunian", "material": "Pasang Bata", "struktur": "Dinding Pemikul", "tipe_atap": "Limasan", "penutup_atap": "Genteng", "dinding": "Bata Plaster", "kondisi": "Baik", "keyakinan": "Tinggi", "taksonomi": "MCF/LFINF/RSH3/RMT1/EWMA/CV1/HEX:1", "kode_singkat": "MCF \\LFINF\\HEX:1", "koefisien": 1.0, "nilai_exposure": 676475097.35477996, "kelas_exposure": "> Rp638.909.581,39 - Rp1.136.724.268,30", "exposure_rank": 2, "kelas_gempa": "Sedang", "kelas_tsunami": "Sedang" }, "geometry": { "type": "Polygon", "coordinates": [ [ [ 105.2333722, -5.5510915 ], [ 105.2334176, -5.5511635 ], [ 105.2333642, -5.5511972 ], [ 105.2333678, -5.5512042 ], [ 105.2333624, -5.5512069 ], [ 105.233354, -5.5512111 ], [ 105.2333533, -5.5512098 ], [ 105.23335, -5.5512109 ], [ 105.2333508, -5.5512133 ], [ 105.2333449, -5.5512152 ], [ 105.2333441, -5.5512128 ], [ 105.2333405, -5.5512016 ], [ 105.2333279, -5.5512078 ], [ 105.2333204, -5.5511923 ], [ 105.2333145, -5.551195 ], [ 105.2333112, -5.5511876 ], [ 105.2333072, -5.5511902 ], [ 105.2333068, -5.5511895 ], [ 105.2332968, -5.5511943 ], [ 105.2332776, -5.5511545 ], [ 105.2332829, -5.551152 ], [ 105.2332785, -5.551145 ], [ 105.2332884, -5.5511388 ], [ 105.2332853, -5.551131 ], [ 105.2333111, -5.5511207 ], [ 105.2333123, -5.5511236 ], [ 105.2333148, -5.551122 ], [ 105.2333145, -5.551121 ], [ 105.2333181, -5.5511199 ], [ 105.2333191, -5.5511192 ], [ 105.2333193, -5.5511195 ], [ 105.2333205, -5.5511191 ], [ 105.2333218, -5.5511233 ], [ 105.2333722, -5.5510915 ] ] ] } },
{ "type": "Feature", "properties": { "point_id": 375, "footprint_id": 159, "id_bangunan": "Blok D (SDI-D127-127)", "fungsi_bangunan": "Rumah Tinggal", "jumlah_lantai": 1, "tinggi_lantai": 4.0, "tinggi_total": 4.0, "luas_m2": 237.07, "jarak_match_m": 23.21, "metode_match": "optimal_nearest", "status_match": "PERLU_CEK", "blok": "D", "klas_fungsi": "Hunian", "material": "Pasang Bata", "struktur": "Dinding Pemikul", "tipe_atap": "Limasan", "penutup_atap": "Genteng", "dinding": "Bata Ekspos", "kondisi": "Sedang", "keyakinan": "Tinggi", "taksonomi": "MUR/LWAL/RSH3/RMT1/EWMA/CV2/HEX:1", "kode_singkat": "MUR \\LWAL\\HEX:1", "koefisien": 1.0, "nilai_exposure": 1743872824.7219, "kelas_exposure": "> Rp1.136.724.268,30 - Rp1.856.590.180,23", "exposure_rank": 3, "kelas_gempa": "Tinggi", "kelas_tsunami": "Tinggi" }, "geometry": { "type": "Polygon", "coordinates": [ [ [ 105.2426103, -5.5585489 ], [ 105.2428007, -5.5585608 ], [ 105.2427943, -5.5586622 ], [ 105.242604, -5.5586503 ], [ 105.2426103, -5.5585489 ] ] ] } },
{ "type": "Feature", "properties": { "point_id": 376, "footprint_id": 870, "id_bangunan": "Blok C (SDI-C119-119)", "fungsi_bangunan": "Rumah Tinggal", "jumlah_lantai": 1, "tinggi_lantai": 4.0, "tinggi_total": 4.0, "luas_m2": 347.39, "jarak_match_m": 0.0, "metode_match": "within", "status_match": "OK", "blok": "C", "klas_fungsi": "Hunian", "material": "Pasang Bata", "struktur": "Dinding Pemikul", "tipe_atap": "Pelana", "penutup_atap": "Genteng", "dinding": "Bata Ekspos", "kondisi": "Baik", "keyakinan": "Tinggi", "taksonomi": "MUR/LWAL/RSH2/RMT1/EWMA/CV1/HEX:1", "kode_singkat": "MUR \\LWAL\\HEX:1", "koefisien": 1.0, "nilai_exposure": 288629214.32655203, "kelas_exposure": "Rp14.611.983,05 - Rp638.909.581,39", "exposure_rank": 1, "kelas_gempa": "Rendah", "kelas_tsunami": "Rendah" }, "geometry": { "type": "Polygon", "coordinates": [ [ [ 105.2334627, -5.5505944 ], [ 105.2335074, -5.5506077 ], [ 105.2336017, -5.5505801 ], [ 105.2336017, -5.5506315 ], [ 105.2335531, -5.550819 ], [ 105.2335074, -5.5508095 ], [ 105.2334675, -5.5507942 ], [ 105.2334598, -5.5507647 ], [ 105.2334275, -5.5507562 ], [ 105.2334627, -5.5505944 ] ] ] } },
{ "type": "Feature", "properties": { "point_id": 377, "footprint_id": 167, "id_bangunan": "Blok D (SDI-D128-128)", "fungsi_bangunan": "Rumah Tinggal", "jumlah_lantai": 1, "tinggi_lantai": 4.0, "tinggi_total": 4.0, "luas_m2": 134.76, "jarak_match_m": 2.62, "metode_match": "optimal_nearest", "status_match": "OK", "blok": "D", "klas_fungsi": "Hunian", "material": "Kayu", "struktur": "Rangka Kayu", "tipe_atap": "Pelana", "penutup_atap": "Seng", "dinding": "Kayu", "kondisi": "Rusak Ringan", "keyakinan": "Tinggi", "taksonomi": "W/LPB/RSH2/RMT2/EWW/CV2/HEX:1", "kode_singkat": "W \\LPB\\HEX:1", "koefisien": 1.0, "nilai_exposure": 226728642.30878001, "kelas_exposure": "Rp14.611.983,05 - Rp638.909.581,39", "exposure_rank": 1, "kelas_gempa": "Rendah", "kelas_tsunami": "Rendah" }, "geometry": { "type": "Polygon", "coordinates": [ [ [ 105.242389, -5.5587464 ], [ 105.2423866, -5.5586417 ], [ 105.2424917, -5.5586394 ], [ 105.2424941, -5.5587441 ], [ 105.242389, -5.5587464 ] ] ] } },
{ "type": "Feature", "properties": { "point_id": 378, "footprint_id": 180, "id_bangunan": "Blok D (SDI-D129-129)", "fungsi_bangunan": "Rumah Tinggal", "jumlah_lantai": 1, "tinggi_lantai": 4.0, "tinggi_total": 4.0, "luas_m2": 45.17, "jarak_match_m": 0.0, "metode_match": "within", "status_match": "OK", "blok": "D", "klas_fungsi": "Hunian", "material": "Pasang Bata", "struktur": "Dinding Pemikul", "tipe_atap": "Pelana", "penutup_atap": "Genteng", "dinding": "Bata Plaster", "kondisi": "Baik", "keyakinan": "Tinggi", "taksonomi": "MUR/LWAL/RSH2/RMT1/EWMA/CV1/HEX:1", "kode_singkat": "MUR \\LWAL\\HEX:1", "koefisien": 1.0, "nilai_exposure": 698559308.12826002, "kelas_exposure": "> Rp638.909.581,39 - Rp1.136.724.268,30", "exposure_rank": 2, "kelas_gempa": "Sedang", "kelas_tsunami": "Sedang" }, "geometry": { "type": "Polygon", "coordinates": [ [ [ 105.2422665, -5.5585555 ], [ 105.2423331, -5.5585573 ], [ 105.2423307, -5.5586131 ], [ 105.2422646, -5.5586107 ], [ 105.2422665, -5.5585555 ] ] ] } },
{ "type": "Feature", "properties": { "point_id": 379, "footprint_id": 979, "id_bangunan": "Blok C (SDI-C120-120)", "fungsi_bangunan": "Rumah Tinggal", "jumlah_lantai": 1, "tinggi_lantai": 4.0, "tinggi_total": 4.0, "luas_m2": 139.16, "jarak_match_m": 0.0, "metode_match": "within", "status_match": "OK", "blok": "C", "klas_fungsi": "Hunian", "material": "Pasang Bata", "struktur": "Dinding Pemikul", "tipe_atap": "Pelana", "penutup_atap": "Genteng", "dinding": "Bata Ekspos", "kondisi": "Rusak Ringan", "keyakinan": "Tinggi", "taksonomi": "MUR/LWAL/RSH2/RMT1/EWMA/CV2/HEX:1", "kode_singkat": "MUR \\LWAL\\HEX:1", "koefisien": 1.0, "nilai_exposure": 833759228.19311988, "kelas_exposure": "> Rp638.909.581,39 - Rp1.136.724.268,30", "exposure_rank": 2, "kelas_gempa": "Sedang", "kelas_tsunami": "Sedang" }, "geometry": { "type": "Polygon", "coordinates": [ [ [ 105.2314264, -5.5520649 ], [ 105.2313804, -5.552092 ], [ 105.2313352, -5.5520153 ], [ 105.2313739, -5.5519925 ], [ 105.2313659, -5.5519767 ], [ 105.2314435, -5.551937 ], [ 105.231474, -5.5519967 ], [ 105.2314446, -5.5520118 ], [ 105.231459, -5.5520353 ], [ 105.2314223, -5.5520579 ], [ 105.2314264, -5.5520649 ] ] ] } },
{ "type": "Feature", "properties": { "point_id": 380, "footprint_id": 161, "id_bangunan": "Blok D (SDI-D130-130)", "fungsi_bangunan": "Rumah Tinggal", "jumlah_lantai": 1, "tinggi_lantai": 4.0, "tinggi_total": 4.0, "luas_m2": 114.13, "jarak_match_m": 15.57, "metode_match": "optimal_nearest", "status_match": "PERLU_CEK", "blok": "D", "klas_fungsi": "Hunian", "material": "Pasang Bata", "struktur": "Dinding Pemikul", "tipe_atap": "Pelana", "penutup_atap": "Genteng", "dinding": "Bata Plaster", "kondisi": "Sedang", "keyakinan": "Tinggi", "taksonomi": "MUR/LWAL/RSH2/RMT1/EWMA/CV2/HEX:1", "kode_singkat": "MUR \\LWAL\\HEX:1", "koefisien": 1.0, "nilai_exposure": 2144938916.96436, "kelas_exposure": "> Rp1.856.590.180,23 - < Rp11.941.713.042,64", "exposure_rank": 4, "kelas_gempa": "Tinggi", "kelas_tsunami": "Tinggi" }, "geometry": { "type": "Polygon", "coordinates": [ [ [ 105.2418917, -5.5588083 ], [ 105.2418956, -5.5587453 ], [ 105.242043, -5.5587544 ], [ 105.2420391, -5.5588174 ], [ 105.2418917, -5.5588083 ] ] ] } },
{ "type": "Feature", "properties": { "point_id": 381, "footprint_id": 980, "id_bangunan": "Blok C (SDI-C121-121)", "fungsi_bangunan": "Rumah Tinggal", "jumlah_lantai": 1, "tinggi_lantai": 4.0, "tinggi_total": 4.0, "luas_m2": 61.28, "jarak_match_m": 5.71, "metode_match": "optimal_nearest", "status_match": "OK", "blok": "C", "klas_fungsi": "Hunian", "material": "Kayu", "struktur": "Rangka Kayu", "tipe_atap": "Pelana", "penutup_atap": "Seng", "dinding": "Kayu", "kondisi": "Baik", "keyakinan": "Tinggi", "taksonomi": "W/LPB/RSH2/RMT2/EWW/CV1/HEX:1", "kode_singkat": "W \\LPB\\HEX:1", "koefisien": 1.0, "nilai_exposure": 453767814.27902597, "kelas_exposure": "Rp14.611.983,05 - Rp638.909.581,39", "exposure_rank": 1, "kelas_gempa": "Rendah", "kelas_tsunami": "Rendah" }, "geometry": { "type": "Polygon", "coordinates": [ [ [ 105.2316539, -5.5518143 ], [ 105.231661, -5.5518285 ], [ 105.2316357, -5.5518411 ], [ 105.2316279, -5.5518255 ], [ 105.2316229, -5.5518277 ], [ 105.2316083, -5.5517939 ], [ 105.2316146, -5.5517912 ], [ 105.2316098, -5.5517823 ], [ 105.2316943, -5.551737 ], [ 105.2317088, -5.5517641 ], [ 105.2316838, -5.5517775 ], [ 105.2316925, -5.5517977 ], [ 105.2316539, -5.5518143 ] ] ] } },
{ "type": "Feature", "properties": { "point_id": 382, "footprint_id": 156, "id_bangunan": "Blok D (SDI-D131-131)", "fungsi_bangunan": "Rumah Tinggal", "jumlah_lantai": 1, "tinggi_lantai": 4.0, "tinggi_total": 4.0, "luas_m2": 90.39, "jarak_match_m": 3.24, "metode_match": "optimal_nearest", "status_match": "OK", "blok": "D", "klas_fungsi": "Hunian", "material": "Pasang Bata", "struktur": "Dinding Pemikul", "tipe_atap": "Pelana", "penutup_atap": "Genteng", "dinding": "Bata Plaster", "kondisi": "Baik", "keyakinan": "Tinggi", "taksonomi": "MUR/LWAL/RSH2/RMT1/EWMA/CV1/HEX:1", "kode_singkat": "MUR \\LWAL\\HEX:1", "koefisien": 1.0, "nilai_exposure": 2144938916.96436, "kelas_exposure": "> Rp1.856.590.180,23 - < Rp11.941.713.042,64", "exposure_rank": 4, "kelas_gempa": "Tinggi", "kelas_tsunami": "Tinggi" }, "geometry": { "type": "Polygon", "coordinates": [ [ [ 105.2422225, -5.5589011 ], [ 105.2422891, -5.5588821 ], [ 105.2423184, -5.5589845 ], [ 105.2422517, -5.5590036 ], [ 105.2422225, -5.5589011 ] ] ] } },
{ "type": "Feature", "properties": { "point_id": 383, "footprint_id": 981, "id_bangunan": "Blok C (SDI-C122-122)", "fungsi_bangunan": "Rumah Tinggal", "jumlah_lantai": 1, "tinggi_lantai": 4.0, "tinggi_total": 4.0, "luas_m2": 427.28, "jarak_match_m": 0.0, "metode_match": "within", "status_match": "OK", "blok": "C", "klas_fungsi": "Hunian", "material": "Beton Bertulang", "struktur": "Rangka Beton Bertulang", "tipe_atap": "Limasan", "penutup_atap": "Genteng", "dinding": "Bata Plaster", "kondisi": "Baik", "keyakinan": "Tinggi", "taksonomi": "MCF/LFINF/RSH3/RMT1/EWMA/CV1/HEX:1", "kode_singkat": "MCF \\LFINF\\HEX:1", "koefisien": 1.0, "nilai_exposure": 272116425.65236598, "kelas_exposure": "Rp14.611.983,05 - Rp638.909.581,39", "exposure_rank": 1, "kelas_gempa": "Rendah", "kelas_tsunami": "Rendah" }, "geometry": { "type": "Polygon", "coordinates": [ [ [ 105.2318333, -5.5519097 ], [ 105.2318676, -5.551976 ], [ 105.2317555, -5.5520341 ], [ 105.2317474, -5.5520383 ], [ 105.2317468, -5.5520371 ], [ 105.231726, -5.5520442 ], [ 105.2317145, -5.5520107 ], [ 105.2317303, -5.5520053 ], [ 105.2317129, -5.5519717 ], [ 105.2317329, -5.5519613 ], [ 105.2316674, -5.5519949 ], [ 105.2316457, -5.5519526 ], [ 105.2317112, -5.551919 ], [ 105.2317085, -5.5519137 ], [ 105.2316831, -5.5519276 ], [ 105.2316564, -5.5518789 ], [ 105.2316831, -5.5518642 ], [ 105.2316665, -5.5518319 ], [ 105.2317822, -5.5517725 ], [ 105.2318486, -5.5519019 ], [ 105.2318333, -5.5519097 ] ] ] } },
{ "type": "Feature", "properties": { "point_id": 384, "footprint_id": 163, "id_bangunan": "Blok D (SDI-D132-132)", "fungsi_bangunan": "Rumah Tinggal", "jumlah_lantai": 1, "tinggi_lantai": 4.0, "tinggi_total": 4.0, "luas_m2": 307.06, "jarak_match_m": 7.18, "metode_match": "optimal_nearest", "status_match": "OK", "blok": "D", "klas_fungsi": "Hunian", "material": "Pasang Bata", "struktur": "Dinding Pemikul", "tipe_atap": "Pelana", "penutup_atap": "Genteng", "dinding": "Bata Plaster", "kondisi": "Sedang", "keyakinan": "Tinggi", "taksonomi": "MUR/LWAL/RSH2/RMT1/EWMA/CV2/HEX:1", "kode_singkat": "MUR \\LWAL\\HEX:1", "koefisien": 1.0, "nilai_exposure": 1092298673.13236, "kelas_exposure": "> Rp638.909.581,39 - Rp1.136.724.268,30", "exposure_rank": 2, "kelas_gempa": "Tinggi", "kelas_tsunami": "Tinggi" }, "geometry": { "type": "Polygon", "coordinates": [ [ [ 105.242041, -5.5587861 ], [ 105.2420463, -5.5586319 ], [ 105.2422087, -5.5586374 ], [ 105.2422034, -5.5587917 ], [ 105.242041, -5.5587861 ] ] ] } },
{ "type": "Feature", "properties": { "point_id": 385, "footprint_id": 982, "id_bangunan": "Blok C (SDI-C123-123)", "fungsi_bangunan": "Rumah Tinggal", "jumlah_lantai": 1, "tinggi_lantai": 4.0, "tinggi_total": 4.0, "luas_m2": 217.59, "jarak_match_m": 0.0, "metode_match": "within", "status_match": "OK", "blok": "C", "klas_fungsi": "Hunian", "material": "Beton Bertulang", "struktur": "Rangka Beton Bertulang", "tipe_atap": "Limasan", "penutup_atap": "Genteng", "dinding": "Bata Plaster", "kondisi": "Baik", "keyakinan": "Tinggi", "taksonomi": "MCF/LFINF/RSH3/RMT1/EWMA/CV1/HEX:1", "kode_singkat": "MCF \\LFINF\\HEX:1", "koefisien": 1.0, "nilai_exposure": 2772097112.0668602, "kelas_exposure": "> Rp1.856.590.180,23 - < Rp11.941.713.042,64", "exposure_rank": 4, "kelas_gempa": "Tinggi", "kelas_tsunami": "Tinggi" }, "geometry": { "type": "Polygon", "coordinates": [ [ [ 105.2316104, -5.5522189 ], [ 105.2316329, -5.5522525 ], [ 105.2316566, -5.5522352 ], [ 105.2316869, -5.5522765 ], [ 105.2316616, -5.5522951 ], [ 105.23168, -5.5523224 ], [ 105.2315721, -5.5523949 ], [ 105.2315025, -5.5522914 ], [ 105.2316104, -5.5522189 ] ] ] } },
{ "type": "Feature", "properties": { "point_id": 386, "footprint_id": 1038, "id_bangunan": "Blok C (SDI-C124-124)", "fungsi_bangunan": "Rumah Tinggal", "jumlah_lantai": 1, "tinggi_lantai": 4.0, "tinggi_total": 4.0, "luas_m2": 48.33, "jarak_match_m": 3.8, "metode_match": "optimal_nearest", "status_match": "OK", "blok": "C", "klas_fungsi": "Hunian", "material": "Pasang Bata", "struktur": "Dinding Pemikul", "tipe_atap": "Pelana", "penutup_atap": "Genteng", "dinding": "Bata Plaster", "kondisi": "Baik", "keyakinan": "Tinggi", "taksonomi": "MUR/LWAL/RSH2/RMT1/EWMA/CV1/HEX:1", "kode_singkat": "MUR \\LWAL\\HEX:1", "koefisien": 1.0, "nilai_exposure": 1070040724.11966, "kelas_exposure": "> Rp638.909.581,39 - Rp1.136.724.268,30", "exposure_rank": 2, "kelas_gempa": "Tinggi", "kelas_tsunami": "Tinggi" }, "geometry": { "type": "Polygon", "coordinates": [ [ [ 105.2316811, -5.5523323 ], [ 105.2317114, -5.5523773 ], [ 105.2316511, -5.552418 ], [ 105.2316208, -5.552373 ], [ 105.2316811, -5.5523323 ] ] ] } },
{ "type": "Feature", "properties": { "point_id": 387, "footprint_id": 154, "id_bangunan": "Blok D (SDI-D134-134)", "fungsi_bangunan": "Rumah Tinggal", "jumlah_lantai": 1, "tinggi_lantai": 4.0, "tinggi_total": 4.0, "luas_m2": 213.16, "jarak_match_m": 0.0, "metode_match": "within", "status_match": "OK", "blok": "D", "klas_fungsi": "Hunian", "material": "Pasang Bata", "struktur": "Dinding Pemikul", "tipe_atap": "Pelana", "penutup_atap": "Genteng", "dinding": "Bata Plaster", "kondisi": "Baik", "keyakinan": "Tinggi", "taksonomi": "MUR/LWAL/RSH2/RMT1/EWMA/CV1/HEX:1", "kode_singkat": "MUR \\LWAL\\HEX:1", "koefisien": 1.0, "nilai_exposure": 2772097112.0668602, "kelas_exposure": "> Rp1.856.590.180,23 - < Rp11.941.713.042,64", "exposure_rank": 4, "kelas_gempa": "Tinggi", "kelas_tsunami": "Tinggi" }, "geometry": { "type": "Polygon", "coordinates": [ [ [ 105.2422581, -5.559239 ], [ 105.2421653, -5.5592818 ], [ 105.242094, -5.5591272 ], [ 105.2421868, -5.5590843 ], [ 105.2422581, -5.559239 ] ] ] } },
{ "type": "Feature", "properties": { "point_id": 388, "footprint_id": 992, "id_bangunan": "Blok C (SDI-C125-125)", "fungsi_bangunan": "Rumah Tinggal", "jumlah_lantai": 1, "tinggi_lantai": 4.0, "tinggi_total": 4.0, "luas_m2": 552.21, "jarak_match_m": 0.0, "metode_match": "within", "status_match": "OK", "blok": "C", "klas_fungsi": "Hunian", "material": "Beton Bertulang", "struktur": "Rangka Beton Bertulang", "tipe_atap": "Limasan", "penutup_atap": "Genteng", "dinding": "Bata Plaster", "kondisi": "Baik", "keyakinan": "Tinggi", "taksonomi": "MCF/LFINF/RSH3/RMT1/EWMA/CV1/HEX:1", "kode_singkat": "MCF \\LFINF\\HEX:1", "koefisien": 1.0, "nilai_exposure": 833759228.19311988, "kelas_exposure": "> Rp638.909.581,39 - Rp1.136.724.268,30", "exposure_rank": 2, "kelas_gempa": "Sedang", "kelas_tsunami": "Sedang" }, "geometry": { "type": "Polygon", "coordinates": [ [ [ 105.2318693, -5.5525172 ], [ 105.2318223, -5.5525509 ], [ 105.2318169, -5.5525433 ], [ 105.2316962, -5.5526133 ], [ 105.2316645, -5.5525587 ], [ 105.2316624, -5.5525598 ], [ 105.2316076, -5.5524551 ], [ 105.231647, -5.5524344 ], [ 105.2316439, -5.5524293 ], [ 105.2318092, -5.5523284 ], [ 105.2318341, -5.5523691 ], [ 105.2319029, -5.5524724 ], [ 105.2318584, -5.552502 ], [ 105.2318693, -5.5525172 ] ] ] } },
{ "type": "Feature", "properties": { "point_id": 389, "footprint_id": 157, "id_bangunan": "Blok D (SDI-D135-135)", "fungsi_bangunan": "Rumah Tinggal", "jumlah_lantai": 1, "tinggi_lantai": 4.0, "tinggi_total": 4.0, "luas_m2": 86.09, "jarak_match_m": 9.47, "metode_match": "optimal_nearest", "status_match": "OK", "blok": "D", "klas_fungsi": "Hunian", "material": "Pasang Bata", "struktur": "Dinding Pemikul", "tipe_atap": "Pelana", "penutup_atap": "Seng", "dinding": "Bata Plaster", "kondisi": "Sedang", "keyakinan": "Tinggi", "taksonomi": "MUR/LWAL/RSH2/RMT2/EWMA/CV2/HEX:1", "kode_singkat": "MUR \\LWAL\\HEX:1", "koefisien": 1.0, "nilai_exposure": 833759228.19311988, "kelas_exposure": "> Rp638.909.581,39 - Rp1.136.724.268,30", "exposure_rank": 2, "kelas_gempa": "Sedang", "kelas_tsunami": "Sedang" }, "geometry": { "type": "Polygon", "coordinates": [ [ [ 105.2418941, -5.5589915 ], [ 105.2419512, -5.5589392 ], [ 105.2420125, -5.5590061 ], [ 105.2419554, -5.5590584 ], [ 105.2418941, -5.5589915 ] ] ] } },
{ "type": "Feature", "properties": { "point_id": 390, "footprint_id": 160, "id_bangunan": "Blok D (SDI-D136-136)", "fungsi_bangunan": "Rumah Tinggal", "jumlah_lantai": 1, "tinggi_lantai": 4.0, "tinggi_total": 4.0, "luas_m2": 124.77, "jarak_match_m": 7.05, "metode_match": "optimal_nearest", "status_match": "OK", "blok": "D", "klas_fungsi": "Hunian", "material": "Pasang Bata", "struktur": "Dinding Pemikul", "tipe_atap": "Pelana", "penutup_atap": "Genteng", "dinding": "Bata Plaster", "kondisi": "Baik", "keyakinan": "Tinggi", "taksonomi": "MUR/LWAL/RSH2/RMT1/EWMA/CV1/HEX:1", "kode_singkat": "MUR \\LWAL\\HEX:1", "koefisien": 1.0, "nilai_exposure": 599733952.77289999, "kelas_exposure": "Rp14.611.983,05 - Rp638.909.581,39", "exposure_rank": 1, "kelas_gempa": "Sedang", "kelas_tsunami": "Sedang" }, "geometry": { "type": "Polygon", "coordinates": [ [ [ 105.242044, -5.5589011 ], [ 105.2419226, -5.5589082 ], [ 105.2419177, -5.5588246 ], [ 105.2420391, -5.5588174 ], [ 105.242044, -5.5589011 ] ] ] } },
{ "type": "Feature", "properties": { "point_id": 391, "footprint_id": 983, "id_bangunan": "Blok C (SDI-C126-126)", "fungsi_bangunan": "Rumah Tinggal", "jumlah_lantai": 1, "tinggi_lantai": 4.0, "tinggi_total": 4.0, "luas_m2": 119.47, "jarak_match_m": 2.39, "metode_match": "optimal_nearest", "status_match": "OK", "blok": "C", "klas_fungsi": "Hunian", "material": "Beton Bertulang", "struktur": "Rangka Beton Bertulang", "tipe_atap": "Limasan", "penutup_atap": "Genteng", "dinding": "Bata Plaster", "kondisi": "Baik", "keyakinan": "Tinggi", "taksonomi": "MCF/LFINF/RSH3/RMT1/EWMA/CV1/HEX:1", "kode_singkat": "MCF \\LFINF\\HEX:1", "koefisien": 1.0, "nilai_exposure": 833759228.19311988, "kelas_exposure": "> Rp638.909.581,39 - Rp1.136.724.268,30", "exposure_rank": 2, "kelas_gempa": "Sedang", "kelas_tsunami": "Sedang" }, "geometry": { "type": "Polygon", "coordinates": [ [ [ 105.2321522, -5.5524051 ], [ 105.2321606, -5.5524158 ], [ 105.2321738, -5.5524072 ], [ 105.2322128, -5.5524667 ], [ 105.2321027, -5.5525389 ], [ 105.2320637, -5.5524794 ], [ 105.2321338, -5.5524334 ], [ 105.232127, -5.5524247 ], [ 105.2321522, -5.5524051 ] ] ] } },
{ "type": "Feature", "properties": { "point_id": 392, "footprint_id": 155, "id_bangunan": "Blok D (SDI-D137-137)", "fungsi_bangunan": "Rumah Tinggal", "jumlah_lantai": 1, "tinggi_lantai": 4.0, "tinggi_total": 4.0, "luas_m2": 166.09, "jarak_match_m": 3.73, "metode_match": "optimal_nearest", "status_match": "OK", "blok": "D", "klas_fungsi": "Hunian", "material": "Pasang Bata", "struktur": "Dinding Pemikul", "tipe_atap": "Pelana", "penutup_atap": "Asbes", "dinding": "Bata Plaster", "kondisi": "Sedang", "keyakinan": "Tinggi", "taksonomi": "MUR/LWAL/RSH2/RMT6/EWMA/CV2/HEX:1", "kode_singkat": "MUR \\LWAL\\HEX:1", "koefisien": 1.0, "nilai_exposure": 728090256.61949992, "kelas_exposure": "> Rp638.909.581,39 - Rp1.136.724.268,30", "exposure_rank": 2, "kelas_gempa": "Sedang", "kelas_tsunami": "Sedang" }, "geometry": { "type": "Polygon", "coordinates": [ [ [ 105.2420321, -5.5589725 ], [ 105.2421392, -5.5589344 ], [ 105.2421792, -5.5590469 ], [ 105.2420721, -5.559085 ], [ 105.2420321, -5.5589725 ] ] ] } },
{ "type": "Feature", "properties": { "point_id": 393, "footprint_id": 300, "id_bangunan": "Blok D (SDI-D139-139)", "fungsi_bangunan": "Rumah Tinggal", "jumlah_lantai": 1, "tinggi_lantai": 4.0, "tinggi_total": 4.0, "luas_m2": 30.77, "jarak_match_m": 13.8, "metode_match": "optimal_nearest", "status_match": "OK", "blok": "D", "klas_fungsi": "Hunian", "material": "Pasang Bata", "struktur": "Rangka Beton Bertulang", "tipe_atap": "Pelana", "penutup_atap": "Genteng", "dinding": "Bata Plaster", "kondisi": "Sedang", "keyakinan": "Tinggi", "taksonomi": "MUR/LWAL/RSH2/RMT1/EWMA/CV2/HEX:1", "kode_singkat": "MUR \\LWAL\\HEX:1", "koefisien": 1.0, "nilai_exposure": 1325106797.05844, "kelas_exposure": "> Rp1.136.724.268,30 - Rp1.856.590.180,23", "exposure_rank": 3, "kelas_gempa": "Tinggi", "kelas_tsunami": "Tinggi" }, "geometry": { "type": "Polygon", "coordinates": [ [ [ 105.2405841, -5.5544298 ], [ 105.2405425, -5.5543768 ], [ 105.2405718, -5.5543532 ], [ 105.2406134, -5.5544103 ], [ 105.2406096, -5.5544132 ], [ 105.2405841, -5.5544298 ] ] ] } },
{ "type": "Feature", "properties": { "point_id": 394, "footprint_id": 1026, "id_bangunan": "Blok C (SDI-C128-128)", "fungsi_bangunan": "Rumah Tinggal", "jumlah_lantai": 1, "tinggi_lantai": 4.0, "tinggi_total": 4.0, "luas_m2": 263.97, "jarak_match_m": 0.0, "metode_match": "within", "status_match": "OK", "blok": null, "klas_fungsi": null, "material": null, "struktur": null, "tipe_atap": null, "penutup_atap": null, "dinding": null, "kondisi": null, "keyakinan": null, "taksonomi": null, "kode_singkat": null, "koefisien": null, "nilai_exposure": null, "kelas_exposure": null, "exposure_rank": 0, "kelas_gempa": "Tidak Terdampak", "kelas_tsunami": "Tidak Terdampak" }, "geometry": { "type": "Polygon", "coordinates": [ [ [ 105.232537, -5.553 ], [ 105.2325113, -5.5530163 ], [ 105.2325223, -5.5530339 ], [ 105.2325018, -5.5530466 ], [ 105.2325247, -5.5530846 ], [ 105.2324954, -5.5531022 ], [ 105.2324704, -5.5530607 ], [ 105.2324958, -5.5530454 ], [ 105.2324871, -5.5530315 ], [ 105.2324773, -5.5530377 ], [ 105.2324613, -5.5530124 ], [ 105.2323767, -5.5530695 ], [ 105.2323224, -5.552989 ], [ 105.2324094, -5.5529303 ], [ 105.2324071, -5.5529267 ], [ 105.2324668, -5.5528889 ], [ 105.232537, -5.553 ] ] ] } },
{ "type": "Feature", "properties": { "point_id": 395, "footprint_id": 371, "id_bangunan": "Blok D (SDI-D140-140)", "fungsi_bangunan": "Rumah Tinggal", "jumlah_lantai": 1, "tinggi_lantai": 4.0, "tinggi_total": 4.0, "luas_m2": 116.22, "jarak_match_m": 49.8, "metode_match": "optimal_nearest", "status_match": "PERLU_CEK", "blok": "D", "klas_fungsi": "Hunian", "material": "Pasang Bata", "struktur": "Rangka Beton Bertulang", "tipe_atap": "Pelana", "penutup_atap": "Genteng", "dinding": "Bata Plaster", "kondisi": "Baik", "keyakinan": "Tinggi", "taksonomi": "MUR/LWAL/RSH2/RMT1/EWMA/CV1/HEX:1", "kode_singkat": "MUR \\LWAL\\HEX:1", "koefisien": 1.0, "nilai_exposure": 920475939.21759999, "kelas_exposure": "> Rp638.909.581,39 - Rp1.136.724.268,30", "exposure_rank": 2, "kelas_gempa": "Tinggi", "kelas_tsunami": "Tinggi" }, "geometry": { "type": "Polygon", "coordinates": [ [ [ 105.2423452, -5.5540772 ], [ 105.2423975, -5.5540253 ], [ 105.2424161, -5.5540425 ], [ 105.2424294, -5.5540296 ], [ 105.2424775, -5.5540782 ], [ 105.2424622, -5.5540929 ], [ 105.2424803, -5.5541074 ], [ 105.2424356, -5.5541552 ], [ 105.2423452, -5.5540772 ] ] ] } },
{ "type": "Feature", "properties": { "point_id": 396, "footprint_id": 1027, "id_bangunan": "Blok C (SDI-C129-129)", "fungsi_bangunan": "Rumah Tinggal", "jumlah_lantai": 1, "tinggi_lantai": 4.0, "tinggi_total": 4.0, "luas_m2": 183.36, "jarak_match_m": 0.0, "metode_match": "within", "status_match": "OK", "blok": "C", "klas_fungsi": "Hunian", "material": "Beton Bertulang", "struktur": "Rangka Beton Bertulang", "tipe_atap": "Limasan", "penutup_atap": "Genteng", "dinding": "Bata Ekspos", "kondisi": "Baik", "keyakinan": "Tinggi", "taksonomi": "MCF/LFINF/RSH3/RMT1/EWMA/CV1/HEX:1", "kode_singkat": "MCF \\LFINF\\HEX:1", "koefisien": 1.09, "nilai_exposure": 1405629381.0820537, "kelas_exposure": "> Rp1.136.724.268,30 - Rp1.856.590.180,23", "exposure_rank": 3, "kelas_gempa": "Tinggi", "kelas_tsunami": "Tinggi" }, "geometry": { "type": "Polygon", "coordinates": [ [ [ 105.2322235, -5.5531732 ], [ 105.2322422, -5.553197 ], [ 105.2322506, -5.5531912 ], [ 105.2322746, -5.5532265 ], [ 105.2322684, -5.5532307 ], [ 105.2322281, -5.5532626 ], [ 105.2322464, -5.5532917 ], [ 105.2321637, -5.5533437 ], [ 105.2321031, -5.5532474 ], [ 105.2321858, -5.5531954 ], [ 105.2321889, -5.5532002 ], [ 105.2322235, -5.5531732 ] ] ] } },
{ "type": "Feature", "properties": { "point_id": 397, "footprint_id": 153, "id_bangunan": "Blok D (SDI-D141-141)", "fungsi_bangunan": "Rumah Tinggal", "jumlah_lantai": 2, "tinggi_lantai": 4.0, "tinggi_total": 8.0, "luas_m2": 256.89, "jarak_match_m": 0.78, "metode_match": "optimal_nearest", "status_match": "OK", "blok": "D", "klas_fungsi": "Hunian", "material": "Campuran", "struktur": "Rangka Kayu", "tipe_atap": "Limasan", "penutup_atap": "Genteng", "dinding": "Campuran", "kondisi": "Rusak Berat", "keyakinan": "Tinggi", "taksonomi": "MIX/LFM/RSH3/RMT1/EWO/CV4/HEX:2", "kode_singkat": "MIX \\LFM\\HEX:2", "koefisien": 1.0, "nilai_exposure": 1228552031.0809, "kelas_exposure": "> Rp1.136.724.268,30 - Rp1.856.590.180,23", "exposure_rank": 3, "kelas_gempa": "Tinggi", "kelas_tsunami": "Tinggi" }, "geometry": { "type": "Polygon", "coordinates": [ [ [ 105.2421511, -5.5593484 ], [ 105.2422878, -5.5593075 ], [ 105.2423299, -5.5594484 ], [ 105.2421932, -5.5594893 ], [ 105.2421511, -5.5593484 ] ] ] } },
{ "type": "Feature", "properties": { "point_id": 398, "footprint_id": 1030, "id_bangunan": "Blok C (SDI-C130-130)", "fungsi_bangunan": "Rumah Tinggal", "jumlah_lantai": 1, "tinggi_lantai": 4.0, "tinggi_total": 4.0, "luas_m2": 244.73, "jarak_match_m": 0.0, "metode_match": "within", "status_match": "OK", "blok": "C", "klas_fungsi": "Hunian", "material": "Pasang Bata", "struktur": "Dinding Pemikul", "tipe_atap": "Pelana", "penutup_atap": "Genteng", "dinding": "Bata Ekspos", "kondisi": "Baik", "keyakinan": "Tinggi", "taksonomi": "MUR/LWAL/RSH2/RMT1/EWMA/CV1/HEX:1", "kode_singkat": "MUR \\LWAL\\HEX:1", "koefisien": 1.0, "nilai_exposure": 470625050.51726401, "kelas_exposure": "Rp14.611.983,05 - Rp638.909.581,39", "exposure_rank": 1, "kelas_gempa": "Rendah", "kelas_tsunami": "Rendah" }, "geometry": { "type": "Polygon", "coordinates": [ [ [ 105.2324663, -5.5534161 ], [ 105.2325004, -5.553485 ], [ 105.2324495, -5.5535102 ], [ 105.2324551, -5.5535224 ], [ 105.2322962, -5.5535963 ], [ 105.2322605, -5.5535195 ], [ 105.2323377, -5.5534836 ], [ 105.2323333, -5.5534731 ], [ 105.2324098, -5.553441 ], [ 105.2324108, -5.5534435 ], [ 105.2324663, -5.5534161 ] ] ] } },
{ "type": "Feature", "properties": { "point_id": 399, "footprint_id": 1031, "id_bangunan": "Blok C (SDI-C131-131)", "fungsi_bangunan": "Rumah Tinggal", "jumlah_lantai": 1, "tinggi_lantai": 4.0, "tinggi_total": 4.0, "luas_m2": 93.75, "jarak_match_m": 1.36, "metode_match": "optimal_nearest", "status_match": "OK", "blok": "C", "klas_fungsi": "Hunian", "material": "Pasang Bata", "struktur": "Dinding Pemikul", "tipe_atap": "Pelana", "penutup_atap": "Genteng", "dinding": "Campuran", "kondisi": "Baik", "keyakinan": "Tinggi", "taksonomi": "MUR/LWAL/RSH2/RMT1/EWO/CV1/HEX:1", "kode_singkat": "MUR \\LWAL\\HEX:1", "koefisien": 1.0, "nilai_exposure": 438867745.55191201, "kelas_exposure": "Rp14.611.983,05 - Rp638.909.581,39", "exposure_rank": 1, "kelas_gempa": "Rendah", "kelas_tsunami": "Rendah" }, "geometry": { "type": "Polygon", "coordinates": [ [ [ 105.232779, -5.5535733 ], [ 105.2326837, -5.5536119 ], [ 105.2326558, -5.5535429 ], [ 105.2327511, -5.5535043 ], [ 105.232779, -5.5535733 ] ] ] } },
{ "type": "Feature", "properties": { "point_id": 400, "footprint_id": 1023, "id_bangunan": "Blok C (SDI-C133-133)", "fungsi_bangunan": "Rumah Tinggal", "jumlah_lantai": 1, "tinggi_lantai": 4.0, "tinggi_total": 4.0, "luas_m2": 87.42, "jarak_match_m": 1.59, "metode_match": "optimal_nearest", "status_match": "OK", "blok": "C", "klas_fungsi": "Hunian", "material": "Kayu", "struktur": "Campuran", "tipe_atap": "Pelana", "penutup_atap": "Genteng", "dinding": "Campuran", "kondisi": "Baik", "keyakinan": "Tinggi", "taksonomi": "W/LPB/RSH2/RMT1/EWO/CV1/HEX:1", "kode_singkat": "W \\LPB\\HEX:1", "koefisien": 1.0, "nilai_exposure": 805428720.36399996, "kelas_exposure": "> Rp638.909.581,39 - Rp1.136.724.268,30", "exposure_rank": 2, "kelas_gempa": "Sedang", "kelas_tsunami": "Sedang" }, "geometry": { "type": "Polygon", "coordinates": [ [ [ 105.2329454, -5.5520342 ], [ 105.2328983, -5.5520591 ], [ 105.2328852, -5.5520343 ], [ 105.2328371, -5.5520554 ], [ 105.2328156, -5.5520066 ], [ 105.2329144, -5.5519632 ], [ 105.2329359, -5.552012 ], [ 105.2329341, -5.5520128 ], [ 105.2329454, -5.5520342 ] ] ] } },
{ "type": "Feature", "properties": { "point_id": 401, "footprint_id": 1039, "id_bangunan": "Blok B (SDI-B96-096)", "fungsi_bangunan": "Rumah Tinggal", "jumlah_lantai": 1, "tinggi_lantai": 4.0, "tinggi_total": 4.0, "luas_m2": 160.44, "jarak_match_m": 0.53, "metode_match": "optimal_nearest", "status_match": "OK", "blok": "B", "klas_fungsi": "Hunian", "material": "Pasang Bata", "struktur": "Dinding Pemikul", "tipe_atap": "Pelana", "penutup_atap": "Genteng", "dinding": "Bata Ekspos", "kondisi": "Baik", "keyakinan": "Tinggi", "taksonomi": "MUR/LWAL/RSH2/RMT1/EWMA/CV1/HEX:1", "kode_singkat": "MUR \\LWAL\\HEX:1", "koefisien": 1.0, "nilai_exposure": 911408863.33430004, "kelas_exposure": "> Rp638.909.581,39 - Rp1.136.724.268,30", "exposure_rank": 2, "kelas_gempa": "Tinggi", "kelas_tsunami": "Tinggi" }, "geometry": { "type": "Polygon", "coordinates": [ [ [ 105.2315659, -5.5502966 ], [ 105.2315945, -5.5502776 ], [ 105.231623, -5.5502452 ], [ 105.2316801, -5.5502795 ], [ 105.2316687, -5.5502928 ], [ 105.2317353, -5.5503652 ], [ 105.231682, -5.5504185 ], [ 105.2315659, -5.5502966 ] ] ] } },
{ "type": "Feature", "properties": { "point_id": 402, "footprint_id": 681, "id_bangunan": "Blok B (SDI-B97-097)", "fungsi_bangunan": "Rumah Tinggal", "jumlah_lantai": 1, "tinggi_lantai": 4.0, "tinggi_total": 4.0, "luas_m2": 220.41, "jarak_match_m": 0.0, "metode_match": "within", "status_match": "OK", "blok": null, "klas_fungsi": null, "material": null, "struktur": null, "tipe_atap": null, "penutup_atap": null, "dinding": null, "kondisi": null, "keyakinan": null, "taksonomi": null, "kode_singkat": null, "koefisien": null, "nilai_exposure": null, "kelas_exposure": null, "exposure_rank": 0, "kelas_gempa": "Tidak Terdampak", "kelas_tsunami": "Tidak Terdampak" }, "geometry": { "type": "Polygon", "coordinates": [ [ [ 105.2312421, -5.5511114 ], [ 105.2312471, -5.5511158 ], [ 105.2313114, -5.5510683 ], [ 105.2313822, -5.5511438 ], [ 105.2313411, -5.5511801 ], [ 105.2313685, -5.5512116 ], [ 105.2313203, -5.5512538 ], [ 105.2312935, -5.5512277 ], [ 105.2312578, -5.5512592 ], [ 105.2312114, -5.551208 ], [ 105.2312656, -5.5511545 ], [ 105.2312364, -5.5511188 ], [ 105.2312421, -5.5511114 ] ] ] } },
{ "type": "Feature", "properties": { "point_id": 403, "footprint_id": 955, "id_bangunan": "Blok B (SDI-B98-098)", "fungsi_bangunan": "Rumah Tinggal", "jumlah_lantai": 1, "tinggi_lantai": 4.0, "tinggi_total": 4.0, "luas_m2": 180.62, "jarak_match_m": 0.0, "metode_match": "within", "status_match": "OK", "blok": "B", "klas_fungsi": "Hunian", "material": "Beton Bertulang", "struktur": "Rangka Beton Bertulang", "tipe_atap": "Pelana", "penutup_atap": "Genteng", "dinding": "Bata Ekspos", "kondisi": "Baik", "keyakinan": "Tinggi", "taksonomi": "MCF/LFINF/RSH2/RMT1/EWMA/CV1/HEX:1", "kode_singkat": "MCF \\LFINF\\HEX:1", "koefisien": 1.09, "nilai_exposure": 1247662987.9666612, "kelas_exposure": "> Rp1.136.724.268,30 - Rp1.856.590.180,23", "exposure_rank": 3, "kelas_gempa": "Tinggi", "kelas_tsunami": "Tinggi" }, "geometry": { "type": "Polygon", "coordinates": [ [ [ 105.2315394, -5.5509399 ], [ 105.2315557, -5.5509624 ], [ 105.2315746, -5.5509482 ], [ 105.2316424, -5.551038 ], [ 105.2316369, -5.5510422 ], [ 105.2316466, -5.5510535 ], [ 105.2316193, -5.551077 ], [ 105.2316081, -5.5510639 ], [ 105.2315585, -5.5511014 ], [ 105.2314956, -5.5510181 ], [ 105.2314907, -5.5510116 ], [ 105.2314908, -5.5510115 ], [ 105.2314735, -5.5509874 ], [ 105.2315394, -5.5509399 ] ] ] } },
{ "type": "Feature", "properties": { "point_id": 404, "footprint_id": 957, "id_bangunan": "Blok B (SDI-B99-099)", "fungsi_bangunan": "Rumah Tinggal", "jumlah_lantai": 2, "tinggi_lantai": 4.0, "tinggi_total": 8.0, "luas_m2": 228.02, "jarak_match_m": 0.0, "metode_match": "within", "status_match": "OK", "blok": "B", "klas_fungsi": "Hunian", "material": "Beton Bertulang", "struktur": "Rangka Beton Bertulang", "tipe_atap": "Limasan", "penutup_atap": "Genteng", "dinding": "Bata Ekspos", "kondisi": "Baik", "keyakinan": "Tinggi", "taksonomi": "MCF/LFINF/RSH3/RMT1/EWMA/CV1/HEX:2", "kode_singkat": "MCF \\LFINF\\HEX:2", "koefisien": 1.0, "nilai_exposure": 821961118.07032001, "kelas_exposure": "> Rp638.909.581,39 - Rp1.136.724.268,30", "exposure_rank": 2, "kelas_gempa": "Sedang", "kelas_tsunami": "Sedang" }, "geometry": { "type": "Polygon", "coordinates": [ [ [ 105.231351, -5.5513291 ], [ 105.2313458, -5.5513181 ], [ 105.2314223, -5.5512818 ], [ 105.2314107, -5.5512606 ], [ 105.2314499, -5.5512391 ], [ 105.2314965, -5.5513239 ], [ 105.2315019, -5.5513338 ], [ 105.2315012, -5.5513342 ], [ 105.2315085, -5.5513502 ], [ 105.2314677, -5.5513688 ], [ 105.2314672, -5.5513677 ], [ 105.2313873, -5.5514056 ], [ 105.2313822, -5.5513948 ], [ 105.2313273, -5.5514241 ], [ 105.2313269, -5.5514232 ], [ 105.2313235, -5.5514251 ], [ 105.2312911, -5.5513695 ], [ 105.2312964, -5.5513664 ], [ 105.2312963, -5.5513661 ], [ 105.2313022, -5.551363 ], [ 105.2313423, -5.5513415 ], [ 105.2313392, -5.5513342 ], [ 105.231351, -5.5513291 ] ], [ [ 105.231351, -5.5513291 ], [ 105.2313538, -5.5513354 ], [ 105.231354, -5.5513353 ], [ 105.231351, -5.5513291 ] ] ] } },
{ "type": "Feature", "properties": { "point_id": 405, "footprint_id": 958, "id_bangunan": "Blok B (SDI-B100-100)", "fungsi_bangunan": "Rumah Tinggal", "jumlah_lantai": 1, "tinggi_lantai": 4.0, "tinggi_total": 4.0, "luas_m2": 153.93, "jarak_match_m": 0.0, "metode_match": "within", "status_match": "OK", "blok": "B", "klas_fungsi": "Hunian", "material": "Pasang Bata", "struktur": "Dinding Pemikul", "tipe_atap": "Pelana", "penutup_atap": "Genteng", "dinding": "Bata Ekspos", "kondisi": "Baik", "keyakinan": "Tinggi", "taksonomi": "MCF/LWAL/RSH2/RMT1/EWMA/CV1/HEX:1", "kode_singkat": "MCF \\LWAL\\HEX:1", "koefisien": 1.0, "nilai_exposure": 1257933234.75424, "kelas_exposure": "> Rp1.136.724.268,30 - Rp1.856.590.180,23", "exposure_rank": 3, "kelas_gempa": "Tinggi", "kelas_tsunami": "Tinggi" }, "geometry": { "type": "Polygon", "coordinates": [ [ [ 105.2313992, -5.5515055 ], [ 105.2313884, -5.5515137 ], [ 105.2313655, -5.5514833 ], [ 105.231376, -5.5514753 ], [ 105.2313628, -5.5514512 ], [ 105.2314268, -5.5514162 ], [ 105.2314177, -5.5513973 ], [ 105.2314993, -5.5513578 ], [ 105.2315352, -5.5514318 ], [ 105.2314693, -5.5514637 ], [ 105.2314708, -5.5514664 ], [ 105.2313992, -5.5515055 ] ] ] } },
{ "type": "Feature", "properties": { "point_id": 406, "footprint_id": 937, "id_bangunan": "Blok B (SDI-B101-101)", "fungsi_bangunan": "Rumah Tinggal", "jumlah_lantai": 1, "tinggi_lantai": 4.0, "tinggi_total": 4.0, "luas_m2": 250.58, "jarak_match_m": 0.0, "metode_match": "within", "status_match": "OK", "blok": "B", "klas_fungsi": "Hunian", "material": "Beton Bertulang", "struktur": "Rangka Beton Bertulang", "tipe_atap": "Limasan", "penutup_atap": "Genteng", "dinding": "Bata Plaster", "kondisi": "Baik", "keyakinan": "Tinggi", "taksonomi": "MCF/LFINF/RSH3/RMT1/EWMA/CV1/HEX:1", "kode_singkat": "MCF \\LFINF\\HEX:1", "koefisien": 1.0, "nilai_exposure": 796737001.13051999, "kelas_exposure": "> Rp638.909.581,39 - Rp1.136.724.268,30", "exposure_rank": 2, "kelas_gempa": "Sedang", "kelas_tsunami": "Sedang" }, "geometry": { "type": "Polygon", "coordinates": [ [ [ 105.2310268, -5.5516692 ], [ 105.2310492, -5.5516576 ], [ 105.231059, -5.5516526 ], [ 105.23104, -5.5516227 ], [ 105.2310435, -5.5516165 ], [ 105.2310818, -5.5515908 ], [ 105.231142, -5.5515534 ], [ 105.2312072, -5.5515215 ], [ 105.2312267, -5.5515529 ], [ 105.2312524, -5.5515931 ], [ 105.2311715, -5.5516464 ], [ 105.2310954, -5.5516983 ], [ 105.2310525, -5.5517205 ], [ 105.2310268, -5.5516692 ] ] ] } },
{ "type": "Feature", "properties": { "point_id": 407, "footprint_id": 969, "id_bangunan": "Blok B (SDI-B102-102)", "fungsi_bangunan": "Rumah Tinggal", "jumlah_lantai": 1, "tinggi_lantai": 4.0, "tinggi_total": 4.0, "luas_m2": 158.71, "jarak_match_m": 0.0, "metode_match": "within", "status_match": "OK", "blok": "B", "klas_fungsi": "Hunian", "material": "Beton Bertulang", "struktur": "Rangka Beton Bertulang", "tipe_atap": "Pelana", "penutup_atap": "Genteng", "dinding": "Bata Plaster", "kondisi": "Baik", "keyakinan": "Tinggi", "taksonomi": "MCF/LFINF/RSH2/RMT1/EWMA/CV1/HEX:1", "kode_singkat": "MCF \\LFINF\\HEX:1", "koefisien": 1.0, "nilai_exposure": 789166270.60751998, "kelas_exposure": "> Rp638.909.581,39 - Rp1.136.724.268,30", "exposure_rank": 2, "kelas_gempa": "Sedang", "kelas_tsunami": "Sedang" }, "geometry": { "type": "Polygon", "coordinates": [ [ [ 105.2309118, -5.5514599 ], [ 105.230931, -5.5514971 ], [ 105.2309445, -5.551491 ], [ 105.230963, -5.5515319 ], [ 105.2308411, -5.5515872 ], [ 105.2308226, -5.5515463 ], [ 105.2308375, -5.5515395 ], [ 105.2308227, -5.551511 ], [ 105.2308088, -5.5514868 ], [ 105.2309067, -5.5514306 ], [ 105.2309206, -5.5514549 ], [ 105.2309118, -5.5514599 ] ] ] } },
{ "type": "Feature", "properties": { "point_id": 408, "footprint_id": 936, "id_bangunan": "Blok B (SDI-C103-103)", "fungsi_bangunan": "Rumah Tinggal", "jumlah_lantai": 1, "tinggi_lantai": 4.0, "tinggi_total": 4.0, "luas_m2": 157.2, "jarak_match_m": 0.0, "metode_match": "within", "status_match": "OK", "blok": "B", "klas_fungsi": "Hunian", "material": "Kayu", "struktur": "Rangka Kayu", "tipe_atap": "Pelana", "penutup_atap": "Genteng", "dinding": "Kayu", "kondisi": "Baik", "keyakinan": "Tinggi", "taksonomi": "W/LPB/RSH2/RMT1/EWW/CV1/HEX:1", "kode_singkat": "W \\LPB\\HEX:1", "koefisien": 1.0, "nilai_exposure": 732099840.94404006, "kelas_exposure": "> Rp638.909.581,39 - Rp1.136.724.268,30", "exposure_rank": 2, "kelas_gempa": "Sedang", "kelas_tsunami": "Sedang" }, "geometry": { "type": "Polygon", "coordinates": [ [ [ 105.2310373, -5.5513672 ], [ 105.2311419, -5.5513115 ], [ 105.2311883, -5.5514061 ], [ 105.231139, -5.5514357 ], [ 105.2310841, -5.5514657 ], [ 105.2310373, -5.5513672 ] ] ] } },
{ "type": "Feature", "properties": { "point_id": 409, "footprint_id": 968, "id_bangunan": "Blok B (SDI-B104-104)", "fungsi_bangunan": "Rumah Tinggal", "jumlah_lantai": 1, "tinggi_lantai": 4.0, "tinggi_total": 4.0, "luas_m2": 145.84, "jarak_match_m": 0.0, "metode_match": "within", "status_match": "OK", "blok": "B", "klas_fungsi": "Hunian", "material": "Pasang Bata", "struktur": "Dinding Pemikul", "tipe_atap": "Pelana", "penutup_atap": "Genteng", "dinding": "Bata Plaster", "kondisi": "Baik", "keyakinan": "Tinggi", "taksonomi": "MUR/LWAL/RSH2/RMT1/EWMA/CV1/HEX:1", "kode_singkat": "MUR \\LWAL\\HEX:1", "koefisien": 1.0, "nilai_exposure": 1608671401.0315001, "kelas_exposure": "> Rp1.136.724.268,30 - Rp1.856.590.180,23", "exposure_rank": 3, "kelas_gempa": "Tinggi", "kelas_tsunami": "Tinggi" }, "geometry": { "type": "Polygon", "coordinates": [ [ [ 105.2307882, -5.551313 ], [ 105.2308133, -5.5513629 ], [ 105.2308176, -5.5513607 ], [ 105.2308377, -5.5514011 ], [ 105.2308242, -5.5514079 ], [ 105.2308439, -5.5514491 ], [ 105.2307841, -5.5514776 ], [ 105.2307484, -5.5514026 ], [ 105.2307338, -5.5514091 ], [ 105.2307068, -5.5513485 ], [ 105.2307401, -5.5513336 ], [ 105.2307414, -5.5513365 ], [ 105.2307882, -5.551313 ] ] ] } },
{ "type": "Feature", "properties": { "point_id": 410, "footprint_id": 985, "id_bangunan": "Blok B (SDI-B105-105)", "fungsi_bangunan": "Rumah Tinggal", "jumlah_lantai": 1, "tinggi_lantai": 4.0, "tinggi_total": 4.0, "luas_m2": 320.45, "jarak_match_m": 0.0, "metode_match": "within", "status_match": "OK", "blok": "B", "klas_fungsi": "Hunian", "material": "Pasang Bata", "struktur": "Dinding Pemikul", "tipe_atap": "Pelana", "penutup_atap": "Genteng", "dinding": "Bata Ekspos", "kondisi": "Baik", "keyakinan": "Tinggi", "taksonomi": "MUR/LWAL/RSH2/RMT1/EWMA/CV1/HEX:1", "kode_singkat": "MUR \\LWAL\\HEX:1", "koefisien": 1.0, "nilai_exposure": 1550928470.8116801, "kelas_exposure": "> Rp1.136.724.268,30 - Rp1.856.590.180,23", "exposure_rank": 3, "kelas_gempa": "Tinggi", "kelas_tsunami": "Tinggi" }, "geometry": { "type": "Polygon", "coordinates": [ [ [ 105.2307171, -5.5513924 ], [ 105.2307499, -5.5514641 ], [ 105.2306651, -5.5515029 ], [ 105.2306522, -5.5514749 ], [ 105.2306292, -5.5514858 ], [ 105.2306082, -5.5514416 ], [ 105.2306319, -5.5514304 ], [ 105.2306301, -5.5514265 ], [ 105.2306266, -5.5514278 ], [ 105.2305635, -5.5512667 ], [ 105.2306567, -5.5512303 ], [ 105.2307197, -5.5513914 ], [ 105.2307171, -5.5513924 ] ] ] } },
{ "type": "Feature", "properties": { "point_id": 411, "footprint_id": 971, "id_bangunan": "Blok B (SDI-B106-106)", "fungsi_bangunan": "Rumah Tinggal", "jumlah_lantai": 1, "tinggi_lantai": 4.0, "tinggi_total": 4.0, "luas_m2": 170.02, "jarak_match_m": 4.56, "metode_match": "optimal_nearest", "status_match": "OK", "blok": "B", "klas_fungsi": "Hunian", "material": "Beton Bertulang", "struktur": "Rangka Beton Bertulang", "tipe_atap": "Pelana", "penutup_atap": "Genteng", "dinding": "Bata Plaster", "kondisi": "Baik", "keyakinan": "Tinggi", "taksonomi": "MUR/LWAL/RSH2/RMT1/EWMA/CV1/HEX:1", "kode_singkat": "MUR \\LWAL\\HEX:1", "koefisien": 1.0, "nilai_exposure": 1608671401.0315001, "kelas_exposure": "> Rp1.136.724.268,30 - Rp1.856.590.180,23", "exposure_rank": 3, "kelas_gempa": "Tinggi", "kelas_tsunami": "Tinggi" }, "geometry": { "type": "Polygon", "coordinates": [ [ [ 105.2310102, -5.5513837 ], [ 105.2310172, -5.5513996 ], [ 105.2310438, -5.5513884 ], [ 105.2310752, -5.5514629 ], [ 105.2310477, -5.5514745 ], [ 105.2310205, -5.5514895 ], [ 105.2310262, -5.5514983 ], [ 105.2309706, -5.5515341 ], [ 105.2309625, -5.5515216 ], [ 105.2309622, -5.5515218 ], [ 105.2309591, -5.5515163 ], [ 105.2309416, -5.5514847 ], [ 105.2309385, -5.551486 ], [ 105.2309124, -5.5514265 ], [ 105.2310102, -5.5513837 ] ] ] } },
{ "type": "Feature", "properties": { "point_id": 412, "footprint_id": 931, "id_bangunan": "Blok B (SDI-B107-107)", "fungsi_bangunan": "Rumah Tinggal", "jumlah_lantai": 1, "tinggi_lantai": 4.0, "tinggi_total": 4.0, "luas_m2": 104.72, "jarak_match_m": 1.72, "metode_match": "optimal_nearest", "status_match": "OK", "blok": "B", "klas_fungsi": "Hunian", "material": "Kayu", "struktur": "Rangka Kayu", "tipe_atap": "Pelana", "penutup_atap": "Seng", "dinding": "Kayu", "kondisi": "Baik", "keyakinan": "Tinggi", "taksonomi": "W/LPB/RSH2/RMT2/EWW/CV1/HEX:1", "kode_singkat": "W \\LPB\\HEX:1", "koefisien": 1.0, "nilai_exposure": 1608671401.0315001, "kelas_exposure": "> Rp1.136.724.268,30 - Rp1.856.590.180,23", "exposure_rank": 3, "kelas_gempa": "Tinggi", "kelas_tsunami": "Tinggi" }, "geometry": { "type": "Polygon", "coordinates": [ [ [ 105.2305053, -5.5513277 ], [ 105.2305617, -5.5512981 ], [ 105.2305942, -5.551367 ], [ 105.2306146, -5.5514173 ], [ 105.2306163, -5.551432 ], [ 105.2305735, -5.5514502 ], [ 105.2305535, -5.551412 ], [ 105.2305417, -5.5514084 ], [ 105.2305053, -5.5513277 ] ] ] } },
{ "type": "Feature", "properties": { "point_id": 413, "footprint_id": 965, "id_bangunan": "Blok B (SDI-B109-109)", "fungsi_bangunan": "Rumah Tinggal", "jumlah_lantai": 1, "tinggi_lantai": 4.0, "tinggi_total": 4.0, "luas_m2": 154.56, "jarak_match_m": 4.61, "metode_match": "optimal_nearest", "status_match": "OK", "blok": "B", "klas_fungsi": "Hunian", "material": "Pasang Bata", "struktur": "Dinding Pemikul", "tipe_atap": "Pelana", "penutup_atap": "Genteng", "dinding": "Bata Plaster", "kondisi": "Baik", "keyakinan": "Tinggi", "taksonomi": "MUR/LWAL/RSH2/RMT1/EWMA/CV1/HEX:1", "kode_singkat": "MUR \\LWAL\\HEX:1", "koefisien": 1.0, "nilai_exposure": 870214527.29859996, "kelas_exposure": "> Rp638.909.581,39 - Rp1.136.724.268,30", "exposure_rank": 2, "kelas_gempa": "Sedang", "kelas_tsunami": "Sedang" }, "geometry": { "type": "Polygon", "coordinates": [ [ [ 105.2307728, -5.5512022 ], [ 105.2307984, -5.5512718 ], [ 105.2308092, -5.5512673 ], [ 105.2308268, -5.5513095 ], [ 105.2307958, -5.5513224 ], [ 105.2307906, -5.55131 ], [ 105.2307068, -5.5513409 ], [ 105.2306697, -5.5512402 ], [ 105.2307728, -5.5512022 ] ] ] } },
{ "type": "Feature", "properties": { "point_id": 414, "footprint_id": 930, "id_bangunan": "Blok B (SDI-B110-110)", "fungsi_bangunan": "Rumah Tinggal", "jumlah_lantai": 1, "tinggi_lantai": 4.0, "tinggi_total": 4.0, "luas_m2": 173.35, "jarak_match_m": 0.0, "metode_match": "within", "status_match": "OK", "blok": "B", "klas_fungsi": "Hunian", "material": "Pasang Bata", "struktur": "Dinding Pemikul", "tipe_atap": "Pelana", "penutup_atap": "Genteng", "dinding": "Bata Ekspos", "kondisi": "Baik", "keyakinan": "Tinggi", "taksonomi": "MUR/LWAL/RSH2/RMT1/EWMA/CV1/HEX:1", "kode_singkat": "MUR \\LWAL\\HEX:1", "koefisien": 1.0, "nilai_exposure": 849033331.08267999, "kelas_exposure": "> Rp638.909.581,39 - Rp1.136.724.268,30", "exposure_rank": 2, "kelas_gempa": "Sedang", "kelas_tsunami": "Sedang" }, "geometry": { "type": "Polygon", "coordinates": [ [ [ 105.2303954, -5.551362 ], [ 105.23047, -5.5513292 ], [ 105.2305093, -5.5514184 ], [ 105.2305239, -5.5514134 ], [ 105.2305293, -5.5514148 ], [ 105.2305417, -5.5514084 ], [ 105.2305535, -5.551412 ], [ 105.2305735, -5.5514502 ], [ 105.2304568, -5.5514955 ], [ 105.2303954, -5.551362 ] ] ] } },
{ "type": "Feature", "properties": { "point_id": 415, "footprint_id": 932, "id_bangunan": "Blok B (SDI-B111-111)", "fungsi_bangunan": "Rumah Tinggal", "jumlah_lantai": 1, "tinggi_lantai": 4.0, "tinggi_total": 4.0, "luas_m2": 169.13, "jarak_match_m": 0.0, "metode_match": "within", "status_match": "OK", "blok": "B", "klas_fungsi": "Hunian", "material": "Pasang Bata", "struktur": "Dinding Pemikul", "tipe_atap": "Pelana", "penutup_atap": "Genteng", "dinding": "Bata Plaster", "kondisi": "Baik", "keyakinan": "Tinggi", "taksonomi": "MUR/LWAL/RSH2/RMT1/EWMA/CV1/HEX:1", "kode_singkat": "MUR \\LWAL\\HEX:1", "koefisien": 1.0, "nilai_exposure": 775880493.02271998, "kelas_exposure": "> Rp638.909.581,39 - Rp1.136.724.268,30", "exposure_rank": 2, "kelas_gempa": "Sedang", "kelas_tsunami": "Sedang" }, "geometry": { "type": "Polygon", "coordinates": [ [ [ 105.2304128, -5.5511753 ], [ 105.2304009, -5.5511515 ], [ 105.2304859, -5.5511194 ], [ 105.2305496, -5.551261 ], [ 105.2304746, -5.5512967 ], [ 105.2304128, -5.5511753 ] ] ] } },
{ "type": "Feature", "properties": { "point_id": 416, "footprint_id": 967, "id_bangunan": "Blok B (SDI-B112-112)", "fungsi_bangunan": "Rumah Tinggal", "jumlah_lantai": 1, "tinggi_lantai": 4.0, "tinggi_total": 4.0, "luas_m2": 121.23, "jarak_match_m": 3.56, "metode_match": "optimal_nearest", "status_match": "OK", "blok": "B", "klas_fungsi": "Hunian", "material": "Beton Bertulang", "struktur": "Rangka Beton Bertulang", "tipe_atap": "Limasan", "penutup_atap": "Genteng", "dinding": "Bata Plaster", "kondisi": "Baik", "keyakinan": "Tinggi", "taksonomi": "MCF/LFINF/RSH3/RMT1/EWMA/CV1/HEX:1", "kode_singkat": "MCF \\LFINF\\HEX:1", "koefisien": 1.0, "nilai_exposure": 370308951.65173203, "kelas_exposure": "Rp14.611.983,05 - Rp638.909.581,39", "exposure_rank": 1, "kelas_gempa": "Rendah", "kelas_tsunami": "Rendah" }, "geometry": { "type": "Polygon", "coordinates": [ [ [ 105.2308668, -5.5512902 ], [ 105.2308848, -5.5513198 ], [ 105.2308865, -5.5513189 ], [ 105.2309298, -5.5514067 ], [ 105.2308607, -5.5514407 ], [ 105.2308207, -5.5513595 ], [ 105.2308023, -5.5513292 ], [ 105.2308668, -5.5512902 ] ] ] } },
{ "type": "Feature", "properties": { "point_id": 417, "footprint_id": 964, "id_bangunan": "Blok B (SDI-B113-113)", "fungsi_bangunan": "Rumah Tinggal", "jumlah_lantai": 1, "tinggi_lantai": 4.0, "tinggi_total": 4.0, "luas_m2": 73.77, "jarak_match_m": 0.0, "metode_match": "within", "status_match": "OK", "blok": "B", "klas_fungsi": "Hunian", "material": "Pasang Bata", "struktur": "Dinding Pemikul", "tipe_atap": "Pelana", "penutup_atap": "Genteng", "dinding": "Campuran", "kondisi": "Baik", "keyakinan": "Tinggi", "taksonomi": "MUR/LWAL/RSH2/RMT1/EWO/CV1/HEX:1", "kode_singkat": "MUR \\LWAL\\HEX:1", "koefisien": 1.0, "nilai_exposure": 1733414293.24582, "kelas_exposure": "> Rp1.136.724.268,30 - Rp1.856.590.180,23", "exposure_rank": 3, "kelas_gempa": "Tinggi", "kelas_tsunami": "Tinggi" }, "geometry": { "type": "Polygon", "coordinates": [ [ [ 105.2306319, -5.5511489 ], [ 105.2306933, -5.5511167 ], [ 105.2307336, -5.5511938 ], [ 105.2306722, -5.5512259 ], [ 105.2306319, -5.5511489 ] ] ] } },
{ "type": "Feature", "properties": { "point_id": 418, "footprint_id": 962, "id_bangunan": "Blok B (SDI-B114-114)", "fungsi_bangunan": "Rumah Tinggal", "jumlah_lantai": 1, "tinggi_lantai": 4.0, "tinggi_total": 4.0, "luas_m2": 345.3, "jarak_match_m": 0.0, "metode_match": "within", "status_match": "OK", "blok": "B", "klas_fungsi": "Hunian", "material": "Pasang Bata", "struktur": "Dinding Pemikul", "tipe_atap": "Pelana", "penutup_atap": "Genteng", "dinding": "Campuran", "kondisi": "Baik", "keyakinan": "Tinggi", "taksonomi": "MUR/LWAL/RSH2/RMT1/EWO/CV1/HEX:1", "kode_singkat": "MUR \\LWAL\\HEX:1", "koefisien": 1.0, "nilai_exposure": 1733414293.24582, "kelas_exposure": "> Rp1.136.724.268,30 - Rp1.856.590.180,23", "exposure_rank": 3, "kelas_gempa": "Tinggi", "kelas_tsunami": "Tinggi" }, "geometry": { "type": "Polygon", "coordinates": [ [ [ 105.23091, -5.5512001 ], [ 105.2309311, -5.5512378 ], [ 105.2309314, -5.5512376 ], [ 105.2309339, -5.5512428 ], [ 105.2309458, -5.5512677 ], [ 105.2308828, -5.5512977 ], [ 105.2308728, -5.5512769 ], [ 105.2308388, -5.5512959 ], [ 105.2307819, -5.5511942 ], [ 105.230877, -5.551141 ], [ 105.23087, -5.551128 ], [ 105.2310167, -5.5510486 ], [ 105.2310559, -5.5511212 ], [ 105.23091, -5.5512001 ] ] ] } },
{ "type": "Feature", "properties": { "point_id": 419, "footprint_id": 677, "id_bangunan": "Blok B (SDI-B115-115)", "fungsi_bangunan": "Rumah Tinggal", "jumlah_lantai": 1, "tinggi_lantai": 4.0, "tinggi_total": 4.0, "luas_m2": 185.94, "jarak_match_m": 6.22, "metode_match": "optimal_nearest", "status_match": "OK", "blok": "B", "klas_fungsi": "Hunian", "material": "Pasang Bata", "struktur": "Dinding Pemikul", "tipe_atap": "Pelana", "penutup_atap": "Genteng", "dinding": "Bata Ekspos", "kondisi": "Baik", "keyakinan": "Tinggi", "taksonomi": "MUR/LWAL/RSH2/RMT1/EWMA/CV1/HEX:1", "kode_singkat": "MUR \\LWAL\\HEX:1", "koefisien": 1.0, "nilai_exposure": 781401787.32617998, "kelas_exposure": "> Rp638.909.581,39 - Rp1.136.724.268,30", "exposure_rank": 2, "kelas_gempa": "Sedang", "kelas_tsunami": "Sedang" }, "geometry": { "type": "Polygon", "coordinates": [ [ [ 105.2307737, -5.5510648 ], [ 105.2308968, -5.5509967 ], [ 105.2309196, -5.5509848 ], [ 105.2309582, -5.5510481 ], [ 105.2309244, -5.551069 ], [ 105.2309339, -5.5510866 ], [ 105.2308825, -5.5511166 ], [ 105.2308801, -5.5511118 ], [ 105.2308168, -5.5511451 ], [ 105.2307737, -5.5510648 ] ] ] } },
{ "type": "Feature", "properties": { "point_id": 420, "footprint_id": 498, "id_bangunan": "Blok B (SDI-B116-116)", "fungsi_bangunan": "Rumah Tinggal", "jumlah_lantai": 1, "tinggi_lantai": 4.0, "tinggi_total": 4.0, "luas_m2": 77.81, "jarak_match_m": 0.0, "metode_match": "within", "status_match": "OK", "blok": "B", "klas_fungsi": "Hunian", "material": "Beton Bertulang", "struktur": "Rangka Beton Bertulang", "tipe_atap": "Limasan", "penutup_atap": "Genteng", "dinding": "Bata Plaster", "kondisi": "Baik", "keyakinan": "Tinggi", "taksonomi": "MCF/LFINF/RSH3/RMT1/EWMA/CV1/HEX:1", "kode_singkat": "MCF \\LFINF\\HEX:1", "koefisien": 1.0, "nilai_exposure": 611870987.38246, "kelas_exposure": "Rp14.611.983,05 - Rp638.909.581,39", "exposure_rank": 1, "kelas_gempa": "Sedang", "kelas_tsunami": "Sedang" }, "geometry": { "type": "Polygon", "coordinates": [ [ [ 105.2288032, -5.546792 ], [ 105.2288118, -5.5466892 ], [ 105.2288785, -5.5466989 ], [ 105.2288583, -5.5467267 ], [ 105.2288754, -5.5467377 ], [ 105.2288693, -5.5467458 ], [ 105.2288788, -5.546751 ], [ 105.2288555, -5.5467857 ], [ 105.2288512, -5.5467848 ], [ 105.2288331, -5.5468129 ], [ 105.2288032, -5.546792 ] ] ] } },
{ "type": "Feature", "properties": { "point_id": 421, "footprint_id": 18, "id_bangunan": "Blok B (SDI-B117-117)", "fungsi_bangunan": "Rumah Tinggal", "jumlah_lantai": 1, "tinggi_lantai": 4.0, "tinggi_total": 4.0, "luas_m2": 58.03, "jarak_match_m": 0.0, "metode_match": "within", "status_match": "OK", "blok": "B", "klas_fungsi": "Hunian", "material": "Pasang Bata", "struktur": "Dinding Pemikul", "tipe_atap": "Pelana", "penutup_atap": "Genteng", "dinding": "Bata Plaster", "kondisi": "Baik", "keyakinan": "Tinggi", "taksonomi": "MUR/LWAL/RSH2/RMT1/EWMA/CV1/HEX:1", "kode_singkat": "MUR \\LWAL\\HEX:1", "koefisien": 1.0, "nilai_exposure": 1254658588.53496, "kelas_exposure": "> Rp1.136.724.268,30 - Rp1.856.590.180,23", "exposure_rank": 3, "kelas_gempa": "Tinggi", "kelas_tsunami": "Tinggi" }, "geometry": { "type": "Polygon", "coordinates": [ [ [ 105.228945, -5.5465332 ], [ 105.229029, -5.5465774 ], [ 105.228999, -5.5466273 ], [ 105.2289233, -5.5465688 ], [ 105.228945, -5.5465332 ] ] ] } },
{ "type": "Feature", "properties": { "point_id": 422, "footprint_id": 1203, "id_bangunan": "Blok B (SDI-B118-118)", "fungsi_bangunan": "Rumah Tinggal", "jumlah_lantai": 1, "tinggi_lantai": 4.0, "tinggi_total": 4.0, "luas_m2": 59.64, "jarak_match_m": 5.4, "metode_match": "optimal_nearest", "status_match": "OK", "blok": "B", "klas_fungsi": "Hunian", "material": "Pasang Bata", "struktur": "Dinding Pemikul", "tipe_atap": "Pelana", "penutup_atap": "Genteng", "dinding": "Bata Ekspos", "kondisi": "Baik", "keyakinan": "Tinggi", "taksonomi": "MUR/LWAL/RSH2/RMT1/EWMA/CV1/HEX:1", "kode_singkat": "MUR \\LWAL\\HEX:1", "koefisien": 1.0, "nilai_exposure": 670564902.32603991, "kelas_exposure": "> Rp638.909.581,39 - Rp1.136.724.268,30", "exposure_rank": 2, "kelas_gempa": "Sedang", "kelas_tsunami": "Sedang" }, "geometry": { "type": "Polygon", "coordinates": [ [ [ 105.2288481, -5.5464896 ], [ 105.2288967, -5.5464449 ], [ 105.2289467, -5.5464991 ], [ 105.2288981, -5.5465439 ], [ 105.2288481, -5.5464896 ] ] ] } },
{ "type": "Feature", "properties": { "point_id": 423, "footprint_id": 1211, "id_bangunan": "Blok B (SDI-B119-119)", "fungsi_bangunan": "Rumah Tinggal", "jumlah_lantai": 1, "tinggi_lantai": 4.0, "tinggi_total": 4.0, "luas_m2": 133.58, "jarak_match_m": 0.0, "metode_match": "within", "status_match": "OK", "blok": "B", "klas_fungsi": "Hunian", "material": "Pasang Bata", "struktur": "Dinding Pemikul", "tipe_atap": "Pelana", "penutup_atap": "Genteng", "dinding": "Bata Ekspos", "kondisi": "Baik", "keyakinan": "Tinggi", "taksonomi": "MUR/LWAL/RSH2/RMT1/EWMA/CV1/HEX:1", "kode_singkat": "MUR \\LWAL\\HEX:1", "koefisien": 1.0, "nilai_exposure": 606331204.08767998, "kelas_exposure": "Rp14.611.983,05 - Rp638.909.581,39", "exposure_rank": 1, "kelas_gempa": "Sedang", "kelas_tsunami": "Sedang" }, "geometry": { "type": "Polygon", "coordinates": [ [ [ 105.2288345, -5.5463447 ], [ 105.2289145, -5.5462341 ], [ 105.2289793, -5.5462809 ], [ 105.2288993, -5.5463915 ], [ 105.2288345, -5.5463447 ] ] ] } },
{ "type": "Feature", "properties": { "point_id": 424, "footprint_id": 1210, "id_bangunan": "Blok B (SDI-B120-120)", "fungsi_bangunan": "Rumah Tinggal", "jumlah_lantai": 1, "tinggi_lantai": 4.0, "tinggi_total": 4.0, "luas_m2": 120.78, "jarak_match_m": 0.4, "metode_match": "optimal_nearest", "status_match": "OK", "blok": "B", "klas_fungsi": "Hunian", "material": "Beton Bertulang", "struktur": "Rangka Beton Bertulang", "tipe_atap": "Pelana", "penutup_atap": "Genteng", "dinding": "Bata Plaster", "kondisi": "Baik", "keyakinan": "Tinggi", "taksonomi": "MCF/LFINF/RSH2/RMT1/EWMA/CV1/HEX:1", "kode_singkat": "MCF \\LFINF\\HEX:1", "koefisien": 1.0, "nilai_exposure": 947710669.01719999, "kelas_exposure": "> Rp638.909.581,39 - Rp1.136.724.268,30", "exposure_rank": 2, "kelas_gempa": "Tinggi", "kelas_tsunami": "Tinggi" }, "geometry": { "type": "Polygon", "coordinates": [ [ [ 105.2289024, -5.5462348 ], [ 105.2288324, -5.5463262 ], [ 105.2287643, -5.546274 ], [ 105.2288343, -5.5461827 ], [ 105.2289024, -5.5462348 ] ] ] } },
{ "type": "Feature", "properties": { "point_id": 425, "footprint_id": 1047, "id_bangunan": "Blok B (SDI-B121-121)", "fungsi_bangunan": "Rumah Tinggal", "jumlah_lantai": 1, "tinggi_lantai": 4.0, "tinggi_total": 4.0, "luas_m2": 187.07, "jarak_match_m": 0.0, "metode_match": "within", "status_match": "OK", "blok": "B", "klas_fungsi": "Hunian", "material": "Beton Bertulang", "struktur": "Rangka Beton Bertulang", "tipe_atap": "Pelana", "penutup_atap": "Genteng", "dinding": "Bata Plaster", "kondisi": "Baik", "keyakinan": "Tinggi", "taksonomi": "MCF/LFINF/RSH2/RMT1/EWMA/CV1/HEX:1", "kode_singkat": "MCF \\LFINF\\HEX:1", "koefisien": 1.0, "nilai_exposure": 459676996.21905601, "kelas_exposure": "Rp14.611.983,05 - Rp638.909.581,39", "exposure_rank": 1, "kelas_gempa": "Rendah", "kelas_tsunami": "Rendah" }, "geometry": { "type": "Polygon", "coordinates": [ [ [ 105.2283734, -5.5459381 ], [ 105.2284753, -5.5458452 ], [ 105.22855, -5.5459271 ], [ 105.2284481, -5.54602 ], [ 105.2283734, -5.5459381 ] ] ] } },
{ "type": "Feature", "properties": { "point_id": 426, "footprint_id": 1217, "id_bangunan": "Blok B (SDI-B123-123)", "fungsi_bangunan": "Rumah Tinggal", "jumlah_lantai": 1, "tinggi_lantai": 4.0, "tinggi_total": 4.0, "luas_m2": 17.33, "jarak_match_m": 12.83, "metode_match": "optimal_nearest", "status_match": "OK", "blok": "B", "klas_fungsi": "Hunian", "material": "Pasang Bata", "struktur": "Dinding Pemikul", "tipe_atap": "Pelana", "penutup_atap": "Genteng", "dinding": "Bata Plaster", "kondisi": "Baik", "keyakinan": "Tinggi", "taksonomi": "MUR/LWAL/RSH2/RMT1/EWMA/CV1/HEX:1", "kode_singkat": "MUR \\LWAL\\HEX:1", "koefisien": 1.0, "nilai_exposure": 982062953.48831999, "kelas_exposure": "> Rp638.909.581,39 - Rp1.136.724.268,30", "exposure_rank": 2, "kelas_gempa": "Tinggi", "kelas_tsunami": "Tinggi" }, "geometry": { "type": "Polygon", "coordinates": [ [ [ 105.2290266, -5.5464561 ], [ 105.2290523, -5.5464775 ], [ 105.2290252, -5.54651 ], [ 105.2289995, -5.5464886 ], [ 105.2290266, -5.5464561 ] ] ] } },
{ "type": "Feature", "properties": { "point_id": 427, "footprint_id": 1213, "id_bangunan": "Blok B (SDI-B124-124)", "fungsi_bangunan": "Rumah Tinggal", "jumlah_lantai": 1, "tinggi_lantai": 4.0, "tinggi_total": 4.0, "luas_m2": 195.63, "jarak_match_m": 0.0, "metode_match": "within", "status_match": "OK", "blok": "B", "klas_fungsi": "Hunian", "material": "Beton Bertulang", "struktur": "Rangka Beton Bertulang", "tipe_atap": "Pelana", "penutup_atap": "Genteng", "dinding": "Bata Plaster", "kondisi": "Baik", "keyakinan": "Tinggi", "taksonomi": "MCF/LFINF/RSH2/RMT1/EWMA/CV1/HEX:1", "kode_singkat": "MCF \\LFINF\\HEX:1", "koefisien": 1.0, "nilai_exposure": 459676996.21905601, "kelas_exposure": "Rp14.611.983,05 - Rp638.909.581,39", "exposure_rank": 1, "kelas_gempa": "Rendah", "kelas_tsunami": "Rendah" }, "geometry": { "type": "Polygon", "coordinates": [ [ [ 105.2293228, -5.5462978 ], [ 105.2293185, -5.5463971 ], [ 105.2293009, -5.5463963 ], [ 105.2293002, -5.5464132 ], [ 105.2292615, -5.5464115 ], [ 105.2292622, -5.5463946 ], [ 105.2291643, -5.5463904 ], [ 105.2291686, -5.5462912 ], [ 105.2293228, -5.5462978 ] ] ] } },
{ "type": "Feature", "properties": { "point_id": 428, "footprint_id": 1214, "id_bangunan": "Blok B (SDI-B125-125)", "fungsi_bangunan": "Rumah Tinggal", "jumlah_lantai": 1, "tinggi_lantai": 4.0, "tinggi_total": 4.0, "luas_m2": 91.57, "jarak_match_m": 0.0, "metode_match": "within", "status_match": "OK", "blok": "B", "klas_fungsi": "Hunian", "material": "Pasang Bata", "struktur": "Dinding Pemikul", "tipe_atap": "Pelana", "penutup_atap": "Genteng", "dinding": "Bata Plaster", "kondisi": "Baik", "keyakinan": "Tinggi", "taksonomi": "MUR/LWAL/RSH2/RMT1/EWMA/CV1/HEX:1", "kode_singkat": "MUR \\LWAL\\HEX:1", "koefisien": 1.0, "nilai_exposure": 1169069576.64572, "kelas_exposure": "> Rp1.136.724.268,30 - Rp1.856.590.180,23", "exposure_rank": 3, "kelas_gempa": "Tinggi", "kelas_tsunami": "Tinggi" }, "geometry": { "type": "Polygon", "coordinates": [ [ [ 105.2293143, -5.5465288 ], [ 105.2293155, -5.546561 ], [ 105.2292724, -5.5465626 ], [ 105.2292712, -5.5465303 ], [ 105.2292151, -5.5465324 ], [ 105.2292129, -5.5464711 ], [ 105.2293121, -5.5464675 ], [ 105.2293143, -5.5465288 ] ] ] } },
{ "type": "Feature", "properties": { "point_id": 429, "footprint_id": 1216, "id_bangunan": "Blok B (SDI-B126-126)", "fungsi_bangunan": "Rumah Tinggal", "jumlah_lantai": 1, "tinggi_lantai": 4.0, "tinggi_total": 4.0, "luas_m2": 95.59, "jarak_match_m": 0.45, "metode_match": "optimal_nearest", "status_match": "OK", "blok": "B", "klas_fungsi": "Hunian", "material": "Pasang Bata", "struktur": "Dinding Pemikul", "tipe_atap": "Limasan", "penutup_atap": "Genteng", "dinding": "Bata Plaster", "kondisi": "Baik", "keyakinan": "Tinggi", "taksonomi": "MUR/LWAL/RSH3/RMT1/EWMA/CV1/HEX:1", "kode_singkat": "MUR \\LWAL\\HEX:1", "koefisien": 1.0, "nilai_exposure": 623108110.64284003, "kelas_exposure": "Rp14.611.983,05 - Rp638.909.581,39", "exposure_rank": 1, "kelas_gempa": "Sedang", "kelas_tsunami": "Sedang" }, "geometry": { "type": "Polygon", "coordinates": [ [ [ 105.229327, -5.5466479 ], [ 105.2293186, -5.5467491 ], [ 105.229278, -5.5467457 ], [ 105.2292805, -5.5467157 ], [ 105.2292292, -5.5467115 ], [ 105.2292351, -5.5466403 ], [ 105.2292864, -5.5466445 ], [ 105.229327, -5.5466479 ] ] ] } },
{ "type": "Feature", "properties": { "point_id": 430, "footprint_id": 1, "id_bangunan": "Blok B (SDI-B127-127)", "fungsi_bangunan": "Rumah Tinggal", "jumlah_lantai": 1, "tinggi_lantai": 4.0, "tinggi_total": 4.0, "luas_m2": 110.57, "jarak_match_m": 0.0, "metode_match": "within", "status_match": "OK", "blok": "B", "klas_fungsi": "Hunian", "material": "Pasang Bata", "struktur": "Dinding Pemikul", "tipe_atap": "Pelana", "penutup_atap": "Genteng", "dinding": "Bata Ekspos", "kondisi": "Baik", "keyakinan": "Tinggi", "taksonomi": "MUR/LWAL/RSH2/RMT1/EWMA/CV1/HEX:1", "kode_singkat": "MUR \\LWAL\\HEX:1", "koefisien": 1.0, "nilai_exposure": 980022895.25627995, "kelas_exposure": "> Rp638.909.581,39 - Rp1.136.724.268,30", "exposure_rank": 2, "kelas_gempa": "Tinggi", "kelas_tsunami": "Tinggi" }, "geometry": { "type": "Polygon", "coordinates": [ [ [ 105.2293333, -5.546572 ], [ 105.2294607, -5.5465797 ], [ 105.2294407, -5.5466553 ], [ 105.2293273, -5.5466443 ], [ 105.2293333, -5.546572 ] ] ] } },
{ "type": "Feature", "properties": { "point_id": 431, "footprint_id": 8, "id_bangunan": "Blok B (SDI-B128-128)", "fungsi_bangunan": "Rumah Tinggal", "jumlah_lantai": 1, "tinggi_lantai": 4.0, "tinggi_total": 4.0, "luas_m2": 195.22, "jarak_match_m": 0.53, "metode_match": "optimal_nearest", "status_match": "OK", "blok": "B", "klas_fungsi": "Hunian", "material": "Pasang Bata", "struktur": "Dinding Pemikul", "tipe_atap": "Pelana", "penutup_atap": "Genteng", "dinding": "Bata Plaster", "kondisi": "Baik", "keyakinan": "Tinggi", "taksonomi": "MUR/LWAL/RSH2/RMT1/EWMA/CV1/HEX:1", "kode_singkat": "MUR \\LWAL\\HEX:1", "koefisien": 1.0, "nilai_exposure": 716915783.93801999, "kelas_exposure": "> Rp638.909.581,39 - Rp1.136.724.268,30", "exposure_rank": 2, "kelas_gempa": "Sedang", "kelas_tsunami": "Sedang" }, "geometry": { "type": "Polygon", "coordinates": [ [ [ 105.2302031, -5.5464521 ], [ 105.2300861, -5.5465692 ], [ 105.2300204, -5.5465007 ], [ 105.2301332, -5.5463822 ], [ 105.2302031, -5.5464521 ] ] ] } },
{ "type": "Feature", "properties": { "point_id": 432, "footprint_id": 3, "id_bangunan": "Blok B (SDI-B129-129)", "fungsi_bangunan": "Rumah Tinggal", "jumlah_lantai": 1, "tinggi_lantai": 4.0, "tinggi_total": 4.0, "luas_m2": 142.81, "jarak_match_m": 0.0, "metode_match": "within", "status_match": "OK", "blok": "B", "klas_fungsi": "Hunian", "material": "Pasang Bata", "struktur": "Dinding Pemikul", "tipe_atap": "Pelana", "penutup_atap": "Genteng", "dinding": "Bata Ekspos", "kondisi": "Baik", "keyakinan": "Tinggi", "taksonomi": "MUR/LWAL/RSH2/RMT1/EWMA/CV1/HEX:1", "kode_singkat": "MUR \\LWAL\\HEX:1", "koefisien": 1.0, "nilai_exposure": 1641664358.2662599, "kelas_exposure": "> Rp1.136.724.268,30 - Rp1.856.590.180,23", "exposure_rank": 3, "kelas_gempa": "Tinggi", "kelas_tsunami": "Tinggi" }, "geometry": { "type": "Polygon", "coordinates": [ [ [ 105.2299396, -5.5458982 ], [ 105.2298989, -5.5457704 ], [ 105.2299924, -5.545749 ], [ 105.2300174, -5.5458489 ], [ 105.2300024, -5.5458553 ], [ 105.2300096, -5.5458782 ], [ 105.2299396, -5.5458982 ] ] ] } },
{ "type": "Feature", "properties": { "point_id": 433, "footprint_id": 1206, "id_bangunan": "Blok B (SDI-B130-130)", "fungsi_bangunan": "Rumah Tinggal", "jumlah_lantai": 1, "tinggi_lantai": 4.0, "tinggi_total": 4.0, "luas_m2": 304.38, "jarak_match_m": 0.0, "metode_match": "within", "status_match": "OK", "blok": "B", "klas_fungsi": "Hunian", "material": "Beton Bertulang", "struktur": "Rangka Beton Bertulang", "tipe_atap": "Limasan", "penutup_atap": "Genteng", "dinding": "Bata Plaster", "kondisi": "Baik", "keyakinan": "Tinggi", "taksonomi": "MCF/LFINF/RSH3/RMT1/EWMA/CV1/HEX:1", "kode_singkat": "MCF \\LFINF\\HEX:1", "koefisien": 1.0, "nilai_exposure": 533196877.28776002, "kelas_exposure": "Rp14.611.983,05 - Rp638.909.581,39", "exposure_rank": 1, "kelas_gempa": "Rendah", "kelas_tsunami": "Rendah" }, "geometry": { "type": "Polygon", "coordinates": [ [ [ 105.2284366, -5.5462947 ], [ 105.2284008, -5.5463267 ], [ 105.2283798, -5.5463454 ], [ 105.2283739, -5.5463387 ], [ 105.228371, -5.54634 ], [ 105.228367, -5.5463311 ], [ 105.2283311, -5.5462508 ], [ 105.2283127, -5.5462339 ], [ 105.2284123, -5.5461251 ], [ 105.2283898, -5.5460986 ], [ 105.2284219, -5.5460713 ], [ 105.228514, -5.5461798 ], [ 105.2284922, -5.5461983 ], [ 105.2284959, -5.5462017 ], [ 105.2284238, -5.5462803 ], [ 105.2284366, -5.5462947 ] ], [ [ 105.2283917, -5.5463063 ], [ 105.2283926, -5.5463082 ], [ 105.2283932, -5.5463077 ], [ 105.2283917, -5.5463063 ] ] ] } },
{ "type": "Feature", "properties": { "point_id": 434, "footprint_id": 1201, "id_bangunan": "Blok B (SDI-B131-131)", "fungsi_bangunan": "Rumah Tinggal", "jumlah_lantai": 1, "tinggi_lantai": 4.0, "tinggi_total": 4.0, "luas_m2": 114.94, "jarak_match_m": 0.0, "metode_match": "within", "status_match": "OK", "blok": "B", "klas_fungsi": "Hunian", "material": "Kayu", "struktur": "Rangka Kayu", "tipe_atap": "Pelana", "penutup_atap": "Genteng", "dinding": "Kayu", "kondisi": "Sedang", "keyakinan": "Tinggi", "taksonomi": "W/LPB/RSH2/RMT1/EWW/CV2/HEX:1", "kode_singkat": "W \\LPB\\HEX:1", "koefisien": 1.0, "nilai_exposure": 533196877.28776002, "kelas_exposure": "Rp14.611.983,05 - Rp638.909.581,39", "exposure_rank": 1, "kelas_gempa": "Rendah", "kelas_tsunami": "Rendah" }, "geometry": { "type": "Polygon", "coordinates": [ [ [ 105.228372, -5.5464525 ], [ 105.2284555, -5.5464447 ], [ 105.228466, -5.5465561 ], [ 105.2283825, -5.5465639 ], [ 105.228372, -5.5464525 ] ] ] } },
{ "type": "Feature", "properties": { "point_id": 435, "footprint_id": 1200, "id_bangunan": "Blok B (SDI-B132-132)", "fungsi_bangunan": "Rumah Tinggal", "jumlah_lantai": 1, "tinggi_lantai": 4.0, "tinggi_total": 4.0, "luas_m2": 192.54, "jarak_match_m": 0.96, "metode_match": "optimal_nearest", "status_match": "OK", "blok": "B", "klas_fungsi": "Hunian", "material": "Pasang Bata", "struktur": "Rangka Beton Bertulang", "tipe_atap": "Pelana", "penutup_atap": "Genteng", "dinding": "Bata Ekspos", "kondisi": "Baik", "keyakinan": "Tinggi", "taksonomi": "MCF/LFINF/RSH2/RMT1/EWMA/CV1/HEX:1", "kode_singkat": "MCF \\LFINF\\HEX:1", "koefisien": 1.0, "nilai_exposure": 975233793.47951996, "kelas_exposure": "> Rp638.909.581,39 - Rp1.136.724.268,30", "exposure_rank": 2, "kelas_gempa": "Tinggi", "kelas_tsunami": "Tinggi" }, "geometry": { "type": "Polygon", "coordinates": [ [ [ 105.2282975, -5.5465799 ], [ 105.2282835, -5.5464989 ], [ 105.2283683, -5.5464842 ], [ 105.2283848, -5.5465796 ], [ 105.2283901, -5.5466098 ], [ 105.2283546, -5.546616 ], [ 105.2283637, -5.5466836 ], [ 105.2283092, -5.5466909 ], [ 105.2283043, -5.5466548 ], [ 105.2282911, -5.546656 ], [ 105.2282843, -5.5465811 ], [ 105.2282975, -5.5465799 ] ], [ [ 105.2282975, -5.5465799 ], [ 105.2282986, -5.5465925 ], [ 105.2282996, -5.5465924 ], [ 105.2282975, -5.5465799 ] ] ] } },
{ "type": "Feature", "properties": { "point_id": 436, "footprint_id": 1197, "id_bangunan": "Blok B (SDI-B133-133)", "fungsi_bangunan": "Rumah Tinggal", "jumlah_lantai": 1, "tinggi_lantai": 4.0, "tinggi_total": 4.0, "luas_m2": 268.32, "jarak_match_m": 0.0, "metode_match": "within", "status_match": "OK", "blok": "B", "klas_fungsi": "Hunian", "material": "Beton Bertulang", "struktur": "Rangka Beton Bertulang", "tipe_atap": "Limasan", "penutup_atap": "Genteng", "dinding": "Bata Plaster", "kondisi": "Baik", "keyakinan": "Tinggi", "taksonomi": "MCF/LFINF/RSH3/RMT1/EWMA/CV1/HEX:1", "kode_singkat": "MCF \\LFINF\\HEX:1", "koefisien": 1.0, "nilai_exposure": 383362483.77029002, "kelas_exposure": "Rp14.611.983,05 - Rp638.909.581,39", "exposure_rank": 1, "kelas_gempa": "Rendah", "kelas_tsunami": "Rendah" }, "geometry": { "type": "Polygon", "coordinates": [ [ [ 105.2281567, -5.5462291 ], [ 105.228142, -5.5462208 ], [ 105.2281914, -5.5461334 ], [ 105.2282306, -5.5461556 ], [ 105.2282285, -5.5461593 ], [ 105.2282803, -5.5461936 ], [ 105.2282645, -5.5462174 ], [ 105.2283327, -5.546274 ], [ 105.2282904, -5.546325 ], [ 105.2282573, -5.5462974 ], [ 105.2282347, -5.5463359 ], [ 105.2281301, -5.5462745 ], [ 105.2281567, -5.5462291 ] ], [ [ 105.2281567, -5.5462291 ], [ 105.2281881, -5.5462475 ], [ 105.2281812, -5.5462429 ], [ 105.2281567, -5.5462291 ] ] ] } },
{ "type": "Feature", "properties": { "point_id": 437, "footprint_id": 1195, "id_bangunan": "Blok B (SDI-B133-133)", "fungsi_bangunan": "Rumah Tinggal", "jumlah_lantai": 1, "tinggi_lantai": 4.0, "tinggi_total": 4.0, "luas_m2": 153.72, "jarak_match_m": 0.0, "metode_match": "within", "status_match": "OK", "blok": "B", "klas_fungsi": "Hunian", "material": "Beton Bertulang", "struktur": "Rangka Beton Bertulang", "tipe_atap": "Limasan", "penutup_atap": "Genteng", "dinding": "Bata Plaster", "kondisi": "Baik", "keyakinan": "Tinggi", "taksonomi": "MCF/LFINF/RSH3/RMT1/EWMA/CV1/HEX:1", "kode_singkat": "MCF \\LFINF\\HEX:1", "koefisien": 1.0, "nilai_exposure": 383362483.77029002, "kelas_exposure": "Rp14.611.983,05 - Rp638.909.581,39", "exposure_rank": 1, "kelas_gempa": "Rendah", "kelas_tsunami": "Rendah" }, "geometry": { "type": "Polygon", "coordinates": [ [ [ 105.2282345, -5.5459999 ], [ 105.2282823, -5.5460337 ], [ 105.2282664, -5.5460562 ], [ 105.2283235, -5.5461012 ], [ 105.2282728, -5.5461655 ], [ 105.2282157, -5.5461206 ], [ 105.2282204, -5.5461146 ], [ 105.2281671, -5.546077 ], [ 105.2282099, -5.5460164 ], [ 105.2282186, -5.5460225 ], [ 105.2282345, -5.5459999 ] ] ] } },
{ "type": "Feature", "properties": { "point_id": 438, "footprint_id": 1193, "id_bangunan": "Blok B (SDI-B134-134)", "fungsi_bangunan": "Rumah Tinggal", "jumlah_lantai": 1, "tinggi_lantai": 4.0, "tinggi_total": 4.0, "luas_m2": 201.16, "jarak_match_m": 0.0, "metode_match": "within", "status_match": "OK", "blok": "B", "klas_fungsi": "Hunian", "material": "Pasang Bata", "struktur": "Dinding Pemikul", "tipe_atap": "Pelana", "penutup_atap": "Genteng", "dinding": "Bata Ekspos", "kondisi": "Baik", "keyakinan": "Tinggi", "taksonomi": "MUR/LWAL/RSH2/RMT1/EWMA/CV1/HEX:1", "kode_singkat": "MUR \\LWAL\\HEX:1", "koefisien": 1.0, "nilai_exposure": 843517484.54346001, "kelas_exposure": "> Rp638.909.581,39 - Rp1.136.724.268,30", "exposure_rank": 2, "kelas_gempa": "Sedang", "kelas_tsunami": "Sedang" }, "geometry": { "type": "Polygon", "coordinates": [ [ [ 105.2281328, -5.5459185 ], [ 105.2281691, -5.5459429 ], [ 105.2281799, -5.545927 ], [ 105.2282209, -5.5459547 ], [ 105.2282102, -5.5459706 ], [ 105.2281896, -5.5460011 ], [ 105.2281386, -5.546077 ], [ 105.2280293, -5.5460035 ], [ 105.2280804, -5.5459276 ], [ 105.2281123, -5.545949 ], [ 105.2281328, -5.5459185 ] ] ] } },
{ "type": "Feature", "properties": { "point_id": 439, "footprint_id": 1189, "id_bangunan": "Blok B (SDI-B135-135)", "fungsi_bangunan": "Rumah Tinggal", "jumlah_lantai": 1, "tinggi_lantai": 4.0, "tinggi_total": 4.0, "luas_m2": 185.89, "jarak_match_m": 0.0, "metode_match": "within", "status_match": "OK", "blok": "B", "klas_fungsi": "Hunian", "material": "Beton Bertulang", "struktur": "Rangka Beton Bertulang", "tipe_atap": "Limasan", "penutup_atap": "Genteng", "dinding": "Bata Plaster", "kondisi": "Baik", "keyakinan": "Tinggi", "taksonomi": "MCF/LFINF/RSH3/RMT1/EWMA/CV1/HEX:1", "kode_singkat": "MCF \\LFINF\\HEX:1", "koefisien": 1.0, "nilai_exposure": 939588855.77049994, "kelas_exposure": "> Rp638.909.581,39 - Rp1.136.724.268,30", "exposure_rank": 2, "kelas_gempa": "Tinggi", "kelas_tsunami": "Tinggi" }, "geometry": { "type": "Polygon", "coordinates": [ [ [ 105.2280358, -5.5459742 ], [ 105.2279651, -5.5459143 ], [ 105.2280711, -5.5457894 ], [ 105.2281417, -5.5458493 ], [ 105.2280358, -5.5459742 ] ] ] } },
{ "type": "Feature", "properties": { "point_id": 440, "footprint_id": 1194, "id_bangunan": "Blok B (SDI-B136-136)", "fungsi_bangunan": "Rumah Tinggal", "jumlah_lantai": 1, "tinggi_lantai": 4.0, "tinggi_total": 4.0, "luas_m2": 16.2, "jarak_match_m": 0.64, "metode_match": "optimal_nearest", "status_match": "OK", "blok": "B", "klas_fungsi": "Hunian", "material": "Pasang Bata", "struktur": "Dinding Pemikul", "tipe_atap": "Kombinasi", "penutup_atap": "Genteng dan Beton", "dinding": "Campuran", "kondisi": "Baik", "keyakinan": "Tinggi", "taksonomi": "MUR/LWAL/RSH8/RMT1+RMT6/EWO/CV1/HEX:1", "kode_singkat": "MUR \\LWAL\\HEX:1", "koefisien": 1.0, "nilai_exposure": 357702575.53318202, "kelas_exposure": "Rp14.611.983,05 - Rp638.909.581,39", "exposure_rank": 1, "kelas_gempa": "Rendah", "kelas_tsunami": "Rendah" }, "geometry": { "type": "Polygon", "coordinates": [ [ [ 105.2279822, -5.5459735 ], [ 105.2280116, -5.5459859 ], [ 105.2279955, -5.5460241 ], [ 105.2279661, -5.5460117 ], [ 105.2279822, -5.5459735 ] ] ] } },
{ "type": "Feature", "properties": { "point_id": 441, "footprint_id": 1191, "id_bangunan": "Blok B (SDI-B137-137)", "fungsi_bangunan": "Rumah Tinggal", "jumlah_lantai": 1, "tinggi_lantai": 4.0, "tinggi_total": 4.0, "luas_m2": 308.57, "jarak_match_m": 0.0, "metode_match": "within", "status_match": "OK", "blok": "B", "klas_fungsi": "Hunian", "material": "Pasang Bata", "struktur": "Dinding Pemikul", "tipe_atap": "Pelana", "penutup_atap": "Genteng", "dinding": "Bata Plaster", "kondisi": "Baik", "keyakinan": "Tinggi", "taksonomi": "MUR/LWAL/RSH2/RMT1/EWMA/CV1/HEX:1", "kode_singkat": "MUR \\LWAL\\HEX:1", "koefisien": 1.0, "nilai_exposure": 939588855.77049994, "kelas_exposure": "> Rp638.909.581,39 - Rp1.136.724.268,30", "exposure_rank": 2, "kelas_gempa": "Tinggi", "kelas_tsunami": "Tinggi" }, "geometry": { "type": "Polygon", "coordinates": [ [ [ 105.2279749, -5.5460484 ], [ 105.2279658, -5.5460456 ], [ 105.2279743, -5.5460177 ], [ 105.2280806, -5.54605 ], [ 105.2280721, -5.5460779 ], [ 105.2280864, -5.5460827 ], [ 105.2280658, -5.5461444 ], [ 105.2280305, -5.5461326 ], [ 105.2280195, -5.5461713 ], [ 105.2280736, -5.5461877 ], [ 105.2280445, -5.5462837 ], [ 105.2279338, -5.5462501 ], [ 105.2279626, -5.5461551 ], [ 105.2279515, -5.546152 ], [ 105.2279632, -5.5461107 ], [ 105.2279744, -5.5461138 ], [ 105.2279552, -5.5461074 ], [ 105.2279749, -5.5460484 ] ], [ [ 105.2279749, -5.5460484 ], [ 105.2279941, -5.5460548 ], [ 105.2279943, -5.5460543 ], [ 105.2279749, -5.5460484 ] ] ] } },
{ "type": "Feature", "properties": { "point_id": 442, "footprint_id": 1046, "id_bangunan": "Blok B (SDI-B138-138)", "fungsi_bangunan": "Rumah Tinggal", "jumlah_lantai": 1, "tinggi_lantai": 4.0, "tinggi_total": 4.0, "luas_m2": 2327.41, "jarak_match_m": 0.0, "metode_match": "within", "status_match": "OK", "blok": "B", "klas_fungsi": "Hunian", "material": "Pasang Bata", "struktur": "Dinding Pemikul", "tipe_atap": "Pelana", "penutup_atap": "Genteng", "dinding": "Bata Ekspos", "kondisi": "Baik", "keyakinan": "Tinggi", "taksonomi": "MUR/LWAL/RSH2/RMT1/EWMA/CV1/HEX:1", "kode_singkat": "MUR \\LWAL\\HEX:1", "koefisien": 1.0, "nilai_exposure": 691481681.00563991, "kelas_exposure": "> Rp638.909.581,39 - Rp1.136.724.268,30", "exposure_rank": 2, "kelas_gempa": "Sedang", "kelas_tsunami": "Sedang" }, "geometry": { "type": "MultiPolygon", "coordinates": [ [ [ [ 105.2283698, -5.5466795 ], [ 105.2282969, -5.5466886 ], [ 105.2282841, -5.5465867 ], [ 105.2283002, -5.5465847 ], [ 105.2282846, -5.5464996 ], [ 105.2283589, -5.546486 ], [ 105.2283822, -5.5466138 ], [ 105.2283621, -5.5466175 ], [ 105.2283698, -5.5466795 ] ] ], [ [ [ 105.2284567, -5.5465521 ], [ 105.2283787, -5.5465606 ], [ 105.2283704, -5.5464847 ], [ 105.2283824, -5.5464834 ], [ 105.2283794, -5.546449 ], [ 105.2284546, -5.5464424 ], [ 105.2284588, -5.5464903 ], [ 105.22845, -5.546491 ], [ 105.2284567, -5.5465521 ] ] ], [ [ [ 105.2281399, -5.5463301 ], [ 105.2281223, -5.5464046 ], [ 105.2280895, -5.5463968 ], [ 105.228085, -5.5464215 ], [ 105.2280126, -5.5464082 ], [ 105.228009, -5.5464279 ], [ 105.2279661, -5.5464201 ], [ 105.2279881, -5.5463003 ], [ 105.2280309, -5.5463082 ], [ 105.2281033, -5.5463215 ], [ 105.2281399, -5.5463301 ] ] ], [ [ [ 105.2284409, -5.5462989 ], [ 105.2283831, -5.5463482 ], [ 105.2283188, -5.5462318 ], [ 105.2283343, -5.5462134 ], [ 105.2283244, -5.5462042 ], [ 105.2284059, -5.5461169 ], [ 105.2284974, -5.5462024 ], [ 105.2284265, -5.5462783 ], [ 105.2284409, -5.5462989 ] ] ], [ [ [ 105.2281416, -5.5461106 ], [ 105.2281781, -5.5461263 ], [ 105.228172, -5.5461406 ], [ 105.2281324, -5.546233 ], [ 105.2280741, -5.546208 ], [ 105.2281137, -5.5461156 ], [ 105.2281355, -5.5461249 ], [ 105.2281416, -5.5461106 ] ] ], [ [ [ 105.2287488, -5.5460444 ], [ 105.2287892, -5.5460852 ], [ 105.2287199, -5.5461537 ], [ 105.2286796, -5.5461129 ], [ 105.2287488, -5.5460444 ] ] ], [ [ [ 105.2287488, -5.5460444 ], [ 105.2286527, -5.5461376 ], [ 105.228607, -5.5460905 ], [ 105.2287031, -5.5459973 ], [ 105.2287488, -5.5460444 ] ] ], [ [ [ 105.2283267, -5.5460957 ], [ 105.2282857, -5.5461772 ], [ 105.2282061, -5.5461371 ], [ 105.2282033, -5.5461415 ], [ 105.2282901, -5.5461995 ], [ 105.228273, -5.5462252 ], [ 105.2282989, -5.5462431 ], [ 105.2282602, -5.5462992 ], [ 105.2282351, -5.5462819 ], [ 105.2282076, -5.5463231 ], [ 105.2281207, -5.5462651 ], [ 105.2281608, -5.5462051 ], [ 105.2281508, -5.5461987 ], [ 105.2281884, -5.5461399 ], [ 105.2281772, -5.5461328 ], [ 105.2281836, -5.5461228 ], [ 105.2281884, -5.5461153 ], [ 105.2282101, -5.5461291 ], [ 105.228219, -5.5461115 ], [ 105.2281691, -5.5460773 ], [ 105.2282271, -5.5459927 ], [ 105.2282878, -5.5460344 ], [ 105.2282665, -5.5460654 ], [ 105.2283267, -5.5460957 ] ] ], [ [ [ 105.2281306, -5.5459212 ], [ 105.2281687, -5.5459438 ], [ 105.2281824, -5.5459271 ], [ 105.2282246, -5.5459569 ], [ 105.2281437, -5.5460794 ], [ 105.2280961, -5.5460486 ], [ 105.2280634, -5.5461451 ], [ 105.2280348, -5.546138 ], [ 105.2280241, -5.5461731 ], [ 105.2279697, -5.5461548 ], [ 105.2279535, -5.5461544 ], [ 105.2279763, -5.5460174 ], [ 105.2279692, -5.5460131 ], [ 105.2279842, -5.5459745 ], [ 105.2280337, -5.5459956 ], [ 105.2280867, -5.5459296 ], [ 105.2281134, -5.5459485 ], [ 105.2281306, -5.5459212 ] ] ], [ [ [ 105.2278774, -5.5460373 ], [ 105.2278108, -5.5460644 ], [ 105.2277802, -5.5459893 ], [ 105.2278075, -5.5459782 ], [ 105.2277989, -5.5459577 ], [ 105.2279035, -5.5459137 ], [ 105.2279278, -5.5459712 ], [ 105.2278618, -5.545999 ], [ 105.2278774, -5.5460373 ] ] ], [ [ [ 105.2278377, -5.5458797 ], [ 105.2278204, -5.545887 ], [ 105.2277997, -5.545838 ], [ 105.2278169, -5.5458308 ], [ 105.2277883, -5.5457638 ], [ 105.2278651, -5.5457311 ], [ 105.2279144, -5.545847 ], [ 105.2278377, -5.5458797 ] ] ], [ [ [ 105.2284353, -5.5457196 ], [ 105.228496, -5.5457831 ], [ 105.2285052, -5.5457728 ], [ 105.2285349, -5.5457981 ], [ 105.2284899, -5.5458456 ], [ 105.2284646, -5.545816 ], [ 105.2284496, -5.5458031 ], [ 105.2284032, -5.5458481 ], [ 105.2282882, -5.5457102 ], [ 105.2284453, -5.5457098 ], [ 105.2284353, -5.5457196 ] ] ] ] } },
{ "type": "Feature", "properties": { "point_id": 443, "footprint_id": 1057, "id_bangunan": "Blok B (SDI-B139-139)", "fungsi_bangunan": "Rumah Tinggal", "jumlah_lantai": 1, "tinggi_lantai": 4.0, "tinggi_total": 4.0, "luas_m2": 137.32, "jarak_match_m": 5.41, "metode_match": "optimal_nearest", "status_match": "OK", "blok": "B", "klas_fungsi": "Hunian", "material": "Beton Bertulang", "struktur": "Rangka Beton Bertulang", "tipe_atap": "Limasan", "penutup_atap": "Genteng", "dinding": "Campuran", "kondisi": "Baik", "keyakinan": "Tinggi", "taksonomi": "MCF/LFINF/RSH3/RMT1/EWO/CV1/HEX:1", "kode_singkat": "MCF \\LFINF\\HEX:1", "koefisien": 1.0, "nilai_exposure": 953416671.49981999, "kelas_exposure": "> Rp638.909.581,39 - Rp1.136.724.268,30", "exposure_rank": 2, "kelas_gempa": "Tinggi", "kelas_tsunami": "Tinggi" }, "geometry": { "type": "Polygon", "coordinates": [ [ [ 105.2279688, -5.5461548 ], [ 105.2280735, -5.5461899 ], [ 105.2280412, -5.5462862 ], [ 105.2279365, -5.5462511 ], [ 105.2279688, -5.5461548 ] ] ] } },
{ "type": "Feature", "properties": { "point_id": 444, "footprint_id": 1190, "id_bangunan": "Blok B (SDI-B139-139)", "fungsi_bangunan": "Rumah Tinggal", "jumlah_lantai": 1, "tinggi_lantai": 4.0, "tinggi_total": 4.0, "luas_m2": 191.41, "jarak_match_m": 0.0, "metode_match": "within", "status_match": "OK", "blok": "B", "klas_fungsi": "Hunian", "material": "Beton Bertulang", "struktur": "Rangka Beton Bertulang", "tipe_atap": "Limasan", "penutup_atap": "Genteng", "dinding": "Campuran", "kondisi": "Baik", "keyakinan": "Tinggi", "taksonomi": "MCF/LFINF/RSH3/RMT1/EWO/CV1/HEX:1", "kode_singkat": "MCF \\LFINF\\HEX:1", "koefisien": 1.0, "nilai_exposure": 953416671.49981999, "kelas_exposure": "> Rp638.909.581,39 - Rp1.136.724.268,30", "exposure_rank": 2, "kelas_gempa": "Tinggi", "kelas_tsunami": "Tinggi" }, "geometry": { "type": "Polygon", "coordinates": [ [ [ 105.22813, -5.5463304 ], [ 105.2281193, -5.5463992 ], [ 105.2280891, -5.5463945 ], [ 105.2280857, -5.5464161 ], [ 105.2280194, -5.5464058 ], [ 105.2280161, -5.5464267 ], [ 105.2279622, -5.5464182 ], [ 105.2279812, -5.546297 ], [ 105.228035, -5.5463055 ], [ 105.2281014, -5.5463158 ], [ 105.2280998, -5.5463257 ], [ 105.22813, -5.5463304 ] ] ] } },
{ "type": "Feature", "properties": { "point_id": 445, "footprint_id": 1199, "id_bangunan": "Blok B (SDI-B140-140)", "fungsi_bangunan": "Rumah Tinggal", "jumlah_lantai": 1, "tinggi_lantai": 4.0, "tinggi_total": 4.0, "luas_m2": 115.68, "jarak_match_m": 1.57, "metode_match": "optimal_nearest", "status_match": "OK", "blok": "B", "klas_fungsi": "Hunian", "material": "Kayu", "struktur": "Rangka Kayu", "tipe_atap": "Pelana", "penutup_atap": "Genteng", "dinding": "Kayu", "kondisi": "Baik", "keyakinan": "Tinggi", "taksonomi": "W/LPB/RSH2/RMT1/EWW/CV1/HEX:1", "kode_singkat": "W \\LPB\\HEX:1", "koefisien": 1.0, "nilai_exposure": 580697936.8721, "kelas_exposure": "Rp14.611.983,05 - Rp638.909.581,39", "exposure_rank": 1, "kelas_gempa": "Sedang", "kelas_tsunami": "Sedang" }, "geometry": { "type": "Polygon", "coordinates": [ [ [ 105.2281456, -5.5466327 ], [ 105.2281283, -5.5466347 ], [ 105.228117, -5.5465344 ], [ 105.2281343, -5.5465325 ], [ 105.2281321, -5.5465132 ], [ 105.2281957, -5.546506 ], [ 105.2282091, -5.5466256 ], [ 105.2281456, -5.5466327 ] ] ] } },
{ "type": "Feature", "properties": { "point_id": 446, "footprint_id": 1058, "id_bangunan": "Blok B (SDI-B141-141)", "fungsi_bangunan": "Rumah Tinggal", "jumlah_lantai": 1, "tinggi_lantai": 4.0, "tinggi_total": 4.0, "luas_m2": 116.32, "jarak_match_m": 0.0, "metode_match": "within", "status_match": "OK", "blok": "B", "klas_fungsi": "Hunian", "material": "Pasang Bata", "struktur": "Dinding Pemikul", "tipe_atap": "Limasan", "penutup_atap": "Genteng", "dinding": "Bata Ekspos", "kondisi": "Baik", "keyakinan": "Tinggi", "taksonomi": "MUR/LWAL/RSH3/RMT1/EWMA/CV1/HEX:1", "kode_singkat": "MUR \\LWAL\\HEX:1", "koefisien": 1.0, "nilai_exposure": 608397536.32201993, "kelas_exposure": "Rp14.611.983,05 - Rp638.909.581,39", "exposure_rank": 1, "kelas_gempa": "Sedang", "kelas_tsunami": "Sedang" }, "geometry": { "type": "Polygon", "coordinates": [ [ [ 105.2281341, -5.5465127 ], [ 105.2281955, -5.5465046 ], [ 105.2282131, -5.5466064 ], [ 105.2281703, -5.546614 ], [ 105.2281717, -5.5466455 ], [ 105.2281222, -5.5466464 ], [ 105.2281203, -5.5466117 ], [ 105.2281322, -5.546614 ], [ 105.2281213, -5.546537 ], [ 105.2281351, -5.546536 ], [ 105.2281341, -5.5465127 ] ] ] } },
{ "type": "Feature", "properties": { "point_id": 447, "footprint_id": 643, "id_bangunan": "Blok B (SDI-B142-142)", "fungsi_bangunan": "Rumah Tinggal", "jumlah_lantai": 1, "tinggi_lantai": 4.0, "tinggi_total": 4.0, "luas_m2": 121.19, "jarak_match_m": 0.0, "metode_match": "within", "status_match": "OK", "blok": "B", "klas_fungsi": "Hunian", "material": "Pasang Bata", "struktur": "Dinding Pemikul", "tipe_atap": "Limasan", "penutup_atap": "Genteng", "dinding": "Bata Ekspos", "kondisi": "Baik", "keyakinan": "Tinggi", "taksonomi": "MUR/LWAL/RSH3/RMT1/EWMA/CV1/HEX:1", "kode_singkat": "MUR \\LWAL\\HEX:1", "koefisien": 1.0, "nilai_exposure": 717727733.2407999, "kelas_exposure": "> Rp638.909.581,39 - Rp1.136.724.268,30", "exposure_rank": 2, "kelas_gempa": "Sedang", "kelas_tsunami": "Sedang" }, "geometry": { "type": "Polygon", "coordinates": [ [ [ 105.2298458, -5.5501135 ], [ 105.2299002, -5.5500804 ], [ 105.2299311, -5.5500618 ], [ 105.2299811, -5.5501465 ], [ 105.2298954, -5.5501993 ], [ 105.2298458, -5.5501135 ] ] ] } },
{ "type": "Feature", "properties": { "point_id": 448, "footprint_id": 920, "id_bangunan": "Blok B (SDI-B143-143)", "fungsi_bangunan": "Rumah Tinggal", "jumlah_lantai": 1, "tinggi_lantai": 4.0, "tinggi_total": 4.0, "luas_m2": 139.12, "jarak_match_m": 0.0, "metode_match": "within", "status_match": "OK", "blok": "B", "klas_fungsi": "Hunian", "material": "Pasang Bata", "struktur": "Campuran", "tipe_atap": "Pelana", "penutup_atap": "Genteng", "dinding": "Campuran", "kondisi": "Baik", "keyakinan": "Tinggi", "taksonomi": "MUR/LWAL/RSH2/RMT1/EWO/CV1/HEX:1", "kode_singkat": "MUR \\LWAL\\HEX:1", "koefisien": 1.0, "nilai_exposure": 601557548.09791994, "kelas_exposure": "Rp14.611.983,05 - Rp638.909.581,39", "exposure_rank": 1, "kelas_gempa": "Sedang", "kelas_tsunami": "Sedang" }, "geometry": { "type": "Polygon", "coordinates": [ [ [ 105.2293658, -5.5506707 ], [ 105.2294739, -5.550726 ], [ 105.2294297, -5.5508077 ], [ 105.2293294, -5.5507585 ], [ 105.2293237, -5.5507492 ], [ 105.2293658, -5.5506707 ] ] ] } },
{ "type": "Feature", "properties": { "point_id": 449, "footprint_id": 926, "id_bangunan": "Blok B (SDI-B144-144)", "fungsi_bangunan": "Rumah Tinggal", "jumlah_lantai": 1, "tinggi_lantai": 4.0, "tinggi_total": 4.0, "luas_m2": 119.83, "jarak_match_m": 0.0, "metode_match": "within", "status_match": "OK", "blok": "B", "klas_fungsi": "Hunian", "material": "Pasang Bata", "struktur": "Dinding Pemikul", "tipe_atap": "Pelana", "penutup_atap": "Seng", "dinding": "Bata Ekspos", "kondisi": "Baik", "keyakinan": "Tinggi", "taksonomi": "MUR/LWAL/RSH2/RMT2/EWMA/CV1/HEX:1", "kode_singkat": "MUR \\LWAL\\HEX:1", "koefisien": 1.0, "nilai_exposure": 872835769.45946002, "kelas_exposure": "> Rp638.909.581,39 - Rp1.136.724.268,30", "exposure_rank": 2, "kelas_gempa": "Sedang", "kelas_tsunami": "Sedang" }, "geometry": { "type": "Polygon", "coordinates": [ [ [ 105.2296054, -5.5509002 ], [ 105.2296248, -5.5508618 ], [ 105.2296483, -5.5508098 ], [ 105.2296587, -5.5507884 ], [ 105.2297411, -5.5508279 ], [ 105.2297173, -5.5508767 ], [ 105.2297036, -5.5508693 ], [ 105.2297003, -5.5508761 ], [ 105.2296953, -5.5508734 ], [ 105.2296727, -5.550928 ], [ 105.2296332, -5.5509131 ], [ 105.2296054, -5.5509002 ] ] ] } },
{ "type": "Feature", "properties": { "point_id": 450, "footprint_id": 921, "id_bangunan": "Blok B (SDI-B145-145)", "fungsi_bangunan": "Rumah Tinggal", "jumlah_lantai": 1, "tinggi_lantai": 4.0, "tinggi_total": 4.0, "luas_m2": 173.87, "jarak_match_m": 0.0, "metode_match": "within", "status_match": "OK", "blok": "B", "klas_fungsi": "Hunian", "material": "Beton Bertulang", "struktur": "Rangka Beton Bertulang", "tipe_atap": "Pelana", "penutup_atap": "Genteng", "dinding": "Bata Ekspos", "kondisi": "Baik", "keyakinan": "Tinggi", "taksonomi": "MCF/LFINF/RSH2/RMT1/EWMA/CV1/HEX:1", "kode_singkat": "MCF \\LFINF\\HEX:1", "koefisien": 1.0, "nilai_exposure": 606630154.19897997, "kelas_exposure": "Rp14.611.983,05 - Rp638.909.581,39", "exposure_rank": 1, "kelas_gempa": "Sedang", "kelas_tsunami": "Sedang" }, "geometry": { "type": "Polygon", "coordinates": [ [ [ 105.2297127, -5.5509171 ], [ 105.2298133, -5.5509516 ], [ 105.2297669, -5.5510735 ], [ 105.2297362, -5.5510622 ], [ 105.2297347, -5.5510792 ], [ 105.2296898, -5.5510661 ], [ 105.2296961, -5.5510465 ], [ 105.229672, -5.5510393 ], [ 105.2297127, -5.5509171 ] ] ] } },
{ "type": "Feature", "properties": { "point_id": 451, "footprint_id": 918, "id_bangunan": "Blok B (SDI-B146-146)", "fungsi_bangunan": "Rumah Tinggal", "jumlah_lantai": 1, "tinggi_lantai": 4.0, "tinggi_total": 4.0, "luas_m2": 150.48, "jarak_match_m": 0.0, "metode_match": "within", "status_match": "OK", "blok": "B", "klas_fungsi": "Hunian", "material": "Pasang Bata", "struktur": "Dinding Pemikul", "tipe_atap": "Pelana", "penutup_atap": "Genteng", "dinding": "Bata Ekspos", "kondisi": "Baik", "keyakinan": "Tinggi", "taksonomi": "MUR/LWAL/RSH2/RMT1/EWMA/CV1/HEX:1", "kode_singkat": "MUR \\LWAL\\HEX:1", "koefisien": 1.0, "nilai_exposure": 526219742.3725, "kelas_exposure": "Rp14.611.983,05 - Rp638.909.581,39", "exposure_rank": 1, "kelas_gempa": "Rendah", "kelas_tsunami": "Rendah" }, "geometry": { "type": "Polygon", "coordinates": [ [ [ 105.229518, -5.5511208 ], [ 105.2295737, -5.5511273 ], [ 105.2295894, -5.5511308 ], [ 105.2295872, -5.5511448 ], [ 105.2296386, -5.5511765 ], [ 105.229614, -5.5512504 ], [ 105.2295362, -5.5512243 ], [ 105.2294887, -5.551209 ], [ 105.229518, -5.5511208 ] ] ] } },
{ "type": "Feature", "properties": { "point_id": 452, "footprint_id": 916, "id_bangunan": "Blok B (SDI-147-147)", "fungsi_bangunan": "Rumah Tinggal", "jumlah_lantai": 1, "tinggi_lantai": 4.0, "tinggi_total": 4.0, "luas_m2": 112.16, "jarak_match_m": 0.0, "metode_match": "within", "status_match": "OK", "blok": "B", "klas_fungsi": "Hunian", "material": "Pasang Bata", "struktur": "Dinding Pemikul", "tipe_atap": "Pelana", "penutup_atap": "Genteng", "dinding": "Bata Plaster", "kondisi": "Baik", "keyakinan": "Tinggi", "taksonomi": "MUR/LWAL/RSH2/RMT1/EWMA/CV1/HEX:1", "kode_singkat": "MUR \\LWAL\\HEX:1", "koefisien": 1.0, "nilai_exposure": 643519918.34086001, "kelas_exposure": "> Rp638.909.581,39 - Rp1.136.724.268,30", "exposure_rank": 2, "kelas_gempa": "Sedang", "kelas_tsunami": "Sedang" }, "geometry": { "type": "Polygon", "coordinates": [ [ [ 105.2295767, -5.5512674 ], [ 105.2296564, -5.5512947 ], [ 105.2296406, -5.5513387 ], [ 105.2296207, -5.5513322 ], [ 105.229596, -5.5514036 ], [ 105.2295457, -5.5513881 ], [ 105.2295454, -5.551395 ], [ 105.2295282, -5.5513914 ], [ 105.229577, -5.5512677 ], [ 105.2295767, -5.5512674 ] ] ] } },
{ "type": "Feature", "properties": { "point_id": 453, "footprint_id": 917, "id_bangunan": "Blok B(SDI-B148-148)", "fungsi_bangunan": "Rumah Tinggal", "jumlah_lantai": 1, "tinggi_lantai": 4.0, "tinggi_total": 4.0, "luas_m2": 89.04, "jarak_match_m": 0.0, "metode_match": "within", "status_match": "OK", "blok": null, "klas_fungsi": null, "material": null, "struktur": null, "tipe_atap": null, "penutup_atap": null, "dinding": null, "kondisi": null, "keyakinan": null, "taksonomi": null, "kode_singkat": null, "koefisien": null, "nilai_exposure": null, "kelas_exposure": null, "exposure_rank": 0, "kelas_gempa": "Tidak Terdampak", "kelas_tsunami": "Tidak Terdampak" }, "geometry": { "type": "Polygon", "coordinates": [ [ [ 105.2296757, -5.5512959 ], [ 105.2296995, -5.5512968 ], [ 105.2297126, -5.5513084 ], [ 105.2297304, -5.5513185 ], [ 105.2297048, -5.5514185 ], [ 105.2296787, -5.5514149 ], [ 105.2296754, -5.5514247 ], [ 105.22964, -5.5514125 ], [ 105.2296757, -5.5512959 ] ] ] } },
{ "type": "Feature", "properties": { "point_id": 454, "footprint_id": 915, "id_bangunan": "Blok B (SDI-B149-149)", "fungsi_bangunan": "Rumah Tinggal", "jumlah_lantai": 1, "tinggi_lantai": 4.0, "tinggi_total": 4.0, "luas_m2": 143.77, "jarak_match_m": 0.0, "metode_match": "within", "status_match": "OK", "blok": "B", "klas_fungsi": "Hunian", "material": "Pasang Bata", "struktur": "Dinding Pemikul", "tipe_atap": "Limasan", "penutup_atap": "Genteng", "dinding": "Bata Plaster", "kondisi": "Baik", "keyakinan": "Tinggi", "taksonomi": "MUR/LWAL/RSH3/RMT1/EWMA/CV1/HEX:1", "kode_singkat": "MUR \\LWAL\\HEX:1", "koefisien": 1.0, "nilai_exposure": 786932427.05239999, "kelas_exposure": "> Rp638.909.581,39 - Rp1.136.724.268,30", "exposure_rank": 2, "kelas_gempa": "Sedang", "kelas_tsunami": "Sedang" }, "geometry": { "type": "Polygon", "coordinates": [ [ [ 105.2292678, -5.5513482 ], [ 105.2292913, -5.5512961 ], [ 105.2292898, -5.5512863 ], [ 105.2292937, -5.5512652 ], [ 105.2293472, -5.5512875 ], [ 105.2294219, -5.5513229 ], [ 105.2293919, -5.5514035 ], [ 105.2292678, -5.5513482 ] ] ] } },
{ "type": "Feature", "properties": { "point_id": 455, "footprint_id": 904, "id_bangunan": "Blok B (SDI-B150-150)", "fungsi_bangunan": "Rumah Tinggal", "jumlah_lantai": 1, "tinggi_lantai": 4.0, "tinggi_total": 4.0, "luas_m2": 160.58, "jarak_match_m": 0.0, "metode_match": "within", "status_match": "OK", "blok": "B", "klas_fungsi": "Hunian", "material": "Beton Bertulang", "struktur": "Rangka Beton Bertulang", "tipe_atap": "Limasan", "penutup_atap": "Genteng", "dinding": "Bata Plaster", "kondisi": "Baik", "keyakinan": "Tinggi", "taksonomi": "MCF/LFINF/RSH3/RMT1/EWMA/CV1/HEX:1", "kode_singkat": "MCF \\LFINF\\HEX:1", "koefisien": 1.0, "nilai_exposure": 509099729.10332, "kelas_exposure": "Rp14.611.983,05 - Rp638.909.581,39", "exposure_rank": 1, "kelas_gempa": "Rendah", "kelas_tsunami": "Rendah" }, "geometry": { "type": "Polygon", "coordinates": [ [ [ 105.2293261, -5.5515706 ], [ 105.2293346, -5.5515725 ], [ 105.2293617, -5.5515006 ], [ 105.229391, -5.5515097 ], [ 105.2293953, -5.5514947 ], [ 105.2294348, -5.5515128 ], [ 105.2294655, -5.5515247 ], [ 105.2294193, -5.5516443 ], [ 105.2293246, -5.551606 ], [ 105.2293301, -5.5515853 ], [ 105.2293222, -5.5515827 ], [ 105.2293261, -5.5515706 ] ] ] } },
{ "type": "Feature", "properties": { "point_id": 456, "footprint_id": 903, "id_bangunan": "Blok B (SDI-B151-151)", "fungsi_bangunan": "Rumah Tinggal", "jumlah_lantai": 1, "tinggi_lantai": 4.0, "tinggi_total": 4.0, "luas_m2": 111.76, "jarak_match_m": 0.0, "metode_match": "within", "status_match": "OK", "blok": "B", "klas_fungsi": "Hunian", "material": "Pasang Bata", "struktur": "Dinding Pemikul", "tipe_atap": "Pelana", "penutup_atap": "Genteng", "dinding": "Bata Plaster", "kondisi": "Baik", "keyakinan": "Tinggi", "taksonomi": "MUR/LWAL/RSH2/RMT1/EWMA/CV1/HEX:1", "kode_singkat": "MUR \\LWAL\\HEX:1", "koefisien": 1.0, "nilai_exposure": 756121918.17601991, "kelas_exposure": "> Rp638.909.581,39 - Rp1.136.724.268,30", "exposure_rank": 2, "kelas_gempa": "Sedang", "kelas_tsunami": "Sedang" }, "geometry": { "type": "MultiPolygon", "coordinates": [ [ [ [ 105.2293222, -5.5514812 ], [ 105.2293223, -5.551481 ], [ 105.2293223, -5.5514813 ], [ 105.2293222, -5.5514812 ] ] ], [ [ [ 105.2292694, -5.5514629 ], [ 105.2293222, -5.5514812 ], [ 105.2293189, -5.5514917 ], [ 105.2293456, -5.5514998 ], [ 105.229323, -5.5515648 ], [ 105.2293161, -5.5515631 ], [ 105.2293099, -5.5515745 ], [ 105.2292621, -5.5515581 ], [ 105.2292659, -5.5515491 ], [ 105.2292285, -5.5515362 ], [ 105.2292302, -5.5515293 ], [ 105.2292169, -5.5515246 ], [ 105.2292421, -5.5514603 ], [ 105.2292675, -5.5514713 ], [ 105.2292694, -5.5514629 ] ] ] ] } },
{ "type": "Feature", "properties": { "point_id": 457, "footprint_id": 902, "id_bangunan": "Blok B (SDI-B152-152)", "fungsi_bangunan": "Rumah Tinggal", "jumlah_lantai": 1, "tinggi_lantai": 4.0, "tinggi_total": 4.0, "luas_m2": 203.66, "jarak_match_m": 0.0, "metode_match": "within", "status_match": "OK", "blok": "B", "klas_fungsi": "Hunian", "material": "Pasang Bata", "struktur": "Dinding Pemikul", "tipe_atap": "Pelana", "penutup_atap": "Genteng", "dinding": "Bata Plaster", "kondisi": "Baik", "keyakinan": "Tinggi", "taksonomi": "MUR/LWAL/RSH2/RMT1/EWMA/CV1/HEX:1", "kode_singkat": "MUR \\LWAL\\HEX:1", "koefisien": 1.0, "nilai_exposure": 515580725.97799999, "kelas_exposure": "Rp14.611.983,05 - Rp638.909.581,39", "exposure_rank": 1, "kelas_gempa": "Rendah", "kelas_tsunami": "Rendah" }, "geometry": { "type": "Polygon", "coordinates": [ [ [ 105.2291112, -5.5513847 ], [ 105.229145, -5.5513845 ], [ 105.2291426, -5.5514061 ], [ 105.2291714, -5.5514061 ], [ 105.2291695, -5.5514609 ], [ 105.2291793, -5.5514599 ], [ 105.2291762, -5.5515553 ], [ 105.2291652, -5.5515544 ], [ 105.2291637, -5.5515799 ], [ 105.2291369, -5.551576 ], [ 105.229073, -5.5515435 ], [ 105.2290769, -5.5514039 ], [ 105.2291091, -5.5514054 ], [ 105.2291112, -5.5513847 ] ] ] } },
{ "type": "Feature", "properties": { "point_id": 458, "footprint_id": 890, "id_bangunan": "Blok B (SDI-B153-153)", "fungsi_bangunan": "Rumah Tinggal", "jumlah_lantai": 1, "tinggi_lantai": 4.0, "tinggi_total": 4.0, "luas_m2": 153.0, "jarak_match_m": 0.0, "metode_match": "within", "status_match": "OK", "blok": "B", "klas_fungsi": "Hunian", "material": "Kayu", "struktur": "Rangka Kayu", "tipe_atap": "Pelana", "penutup_atap": "Seng", "dinding": "Kayu", "kondisi": "Baik", "keyakinan": "Tinggi", "taksonomi": "W/LPB/RSH2/RMT2/EWW/CV1/HEX:1", "kode_singkat": "W \\LPB\\HEX:1", "koefisien": 1.0, "nilai_exposure": 313434843.52451199, "kelas_exposure": "Rp14.611.983,05 - Rp638.909.581,39", "exposure_rank": 1, "kelas_gempa": "Rendah", "kelas_tsunami": "Rendah" }, "geometry": { "type": "Polygon", "coordinates": [ [ [ 105.228937, -5.5513247 ], [ 105.2290269, -5.5513283 ], [ 105.2290279, -5.5513573 ], [ 105.2290324, -5.5513573 ], [ 105.2290429, -5.5513573 ], [ 105.2290436, -5.551427 ], [ 105.2290422, -5.5514268 ], [ 105.2290422, -5.5514332 ], [ 105.2290381, -5.5514334 ], [ 105.2290317, -5.5514327 ], [ 105.2290305, -5.5514437 ], [ 105.2289767, -5.5514432 ], [ 105.2289268, -5.5514411 ], [ 105.2289346, -5.5513249 ], [ 105.2289344, -5.5513249 ], [ 105.228937, -5.5513247 ] ] ] } },
{ "type": "Feature", "properties": { "point_id": 459, "footprint_id": 910, "id_bangunan": "Blok B (SDI-B155-155)", "fungsi_bangunan": "Rumah Tinggal", "jumlah_lantai": 1, "tinggi_lantai": 4.0, "tinggi_total": 4.0, "luas_m2": 133.18, "jarak_match_m": 3.26, "metode_match": "optimal_nearest", "status_match": "OK", "blok": "B", "klas_fungsi": "Hunian", "material": "Beton Bertulang", "struktur": "Rangka Beton Bertulang", "tipe_atap": "Pelana", "penutup_atap": "Genteng", "dinding": "Bata Plaster", "kondisi": "Baik", "keyakinan": "Tinggi", "taksonomi": "MCF/LFINF/RSH2/RMT1/EWMA/CV1/HEX:1", "kode_singkat": "MCF \\LFINF\\HEX:1", "koefisien": 1.0, "nilai_exposure": 231073326.267122, "kelas_exposure": "Rp14.611.983,05 - Rp638.909.581,39", "exposure_rank": 1, "kelas_gempa": "Rendah", "kelas_tsunami": "Rendah" }, "geometry": { "type": "Polygon", "coordinates": [ [ [ 105.2292701, -5.551721 ], [ 105.2293286, -5.5517397 ], [ 105.2293292, -5.5517399 ], [ 105.2293979, -5.5517676 ], [ 105.2293983, -5.5517709 ], [ 105.2293814, -5.5518143 ], [ 105.229377, -5.5518347 ], [ 105.229372, -5.5518346 ], [ 105.2293686, -5.5518333 ], [ 105.2293191, -5.5518152 ], [ 105.2293176, -5.5518082 ], [ 105.2293085, -5.5518003 ], [ 105.2292981, -5.551825 ], [ 105.2292397, -5.5518039 ], [ 105.2292471, -5.5517818 ], [ 105.2292502, -5.551782 ], [ 105.2292701, -5.551721 ] ] ] } },
{ "type": "Feature", "properties": { "point_id": 460, "footprint_id": 905, "id_bangunan": "Blok B (SDI-B156-156)", "fungsi_bangunan": "Rumah Tinggal", "jumlah_lantai": 1, "tinggi_lantai": 4.0, "tinggi_total": 4.0, "luas_m2": 125.51, "jarak_match_m": 0.0, "metode_match": "within", "status_match": "OK", "blok": "B", "klas_fungsi": "Hunian", "material": "Beton Bertulang", "struktur": "Rangka Beton Bertulang", "tipe_atap": "Limasan", "penutup_atap": "Genteng", "dinding": "Bata Plaster", "kondisi": "Baik", "keyakinan": "Tinggi", "taksonomi": "MCF/LFINF/RSH3/RMT1/EWMA/CV1/HEX:1", "kode_singkat": "MCF \\LFINF\\HEX:1", "koefisien": 1.0, "nilai_exposure": 574224717.57378006, "kelas_exposure": "Rp14.611.983,05 - Rp638.909.581,39", "exposure_rank": 1, "kelas_gempa": "Sedang", "kelas_tsunami": "Sedang" }, "geometry": { "type": "Polygon", "coordinates": [ [ [ 105.2293167, -5.5516104 ], [ 105.2293693, -5.5516318 ], [ 105.22936, -5.5516523 ], [ 105.2293935, -5.5516661 ], [ 105.2293857, -5.5516808 ], [ 105.2294073, -5.5516908 ], [ 105.2293852, -5.5517498 ], [ 105.2292784, -5.5517065 ], [ 105.2292943, -5.5516601 ], [ 105.2293164, -5.5516111 ], [ 105.2293167, -5.5516104 ] ] ] } },
{ "type": "Feature", "properties": { "point_id": 461, "footprint_id": 900, "id_bangunan": "Blok B (SDI-B157-157)", "fungsi_bangunan": "Rumah Tinggal", "jumlah_lantai": 1, "tinggi_lantai": 4.0, "tinggi_total": 4.0, "luas_m2": 137.4, "jarak_match_m": 0.0, "metode_match": "within", "status_match": "OK", "blok": "B", "klas_fungsi": "Hunian", "material": "Pasang Bata", "struktur": "Dinding Pemikul", "tipe_atap": "Pelana", "penutup_atap": "Seng", "dinding": "Bata Ekspos", "kondisi": "Baik", "keyakinan": "Tinggi", "taksonomi": "MUR/LWAL/RSH2/RMT2/EWMA/CV1/HEX:1", "kode_singkat": "MUR \\LWAL\\HEX:1", "koefisien": 1.0, "nilai_exposure": 517093862.25437999, "kelas_exposure": "Rp14.611.983,05 - Rp638.909.581,39", "exposure_rank": 1, "kelas_gempa": "Rendah", "kelas_tsunami": "Rendah" }, "geometry": { "type": "Polygon", "coordinates": [ [ [ 105.229121, -5.5515896 ], [ 105.2292124, -5.5516107 ], [ 105.2292126, -5.551611 ], [ 105.2292086, -5.5516267 ], [ 105.2292105, -5.5516276 ], [ 105.229191, -5.5517083 ], [ 105.2291869, -5.5517083 ], [ 105.2291824, -5.5517269 ], [ 105.2290958, -5.5517043 ], [ 105.2290982, -5.5516976 ], [ 105.2290944, -5.5516955 ], [ 105.2290979, -5.5516876 ], [ 105.229121, -5.5515896 ] ] ] } },
{ "type": "Feature", "properties": { "point_id": 462, "footprint_id": 899, "id_bangunan": "Blok B (SDI-B158-158)", "fungsi_bangunan": "Rumah Tinggal", "jumlah_lantai": 1, "tinggi_lantai": 4.0, "tinggi_total": 4.0, "luas_m2": 111.8, "jarak_match_m": 0.0, "metode_match": "within", "status_match": "OK", "blok": "B", "klas_fungsi": "Hunian", "material": "Pasang Bata", "struktur": "Dinding Pemikul", "tipe_atap": "Pelana", "penutup_atap": "Genteng", "dinding": "Bata Ekspos", "kondisi": "Baik", "keyakinan": "Tinggi", "taksonomi": "MUR/LWAL/RSH2/RMT1/EWMA/CV1/HEX:1", "kode_singkat": "MUR \\LWAL\\HEX:1", "koefisien": 1.0, "nilai_exposure": 390877354.23626202, "kelas_exposure": "Rp14.611.983,05 - Rp638.909.581,39", "exposure_rank": 1, "kelas_gempa": "Rendah", "kelas_tsunami": "Rendah" }, "geometry": { "type": "Polygon", "coordinates": [ [ [ 105.2290207, -5.5515649 ], [ 105.2290814, -5.5515764 ], [ 105.2290778, -5.5515944 ], [ 105.2290893, -5.551598 ], [ 105.2290862, -5.5516175 ], [ 105.2291026, -5.5516223 ], [ 105.2290907, -5.5516808 ], [ 105.2290869, -5.5516803 ], [ 105.2290871, -5.5516882 ], [ 105.2290045, -5.5516732 ], [ 105.2290062, -5.5516658 ], [ 105.2289991, -5.5516635 ], [ 105.2290155, -5.5515835 ], [ 105.229015, -5.5515837 ], [ 105.2290207, -5.5515649 ] ] ] } },
{ "type": "Feature", "properties": { "point_id": 463, "footprint_id": 912, "id_bangunan": "Blok B (SDI-B159-159)", "fungsi_bangunan": "Rumah Tinggal", "jumlah_lantai": 1, "tinggi_lantai": 4.0, "tinggi_total": 4.0, "luas_m2": 143.06, "jarak_match_m": 0.76, "metode_match": "optimal_nearest", "status_match": "OK", "blok": "B", "klas_fungsi": "Hunian", "material": "Beton Bertulang", "struktur": "Rangka Beton Bertulang", "tipe_atap": "Pelana", "penutup_atap": "Genteng", "dinding": "Campuran", "kondisi": "Baik", "keyakinan": "Tinggi", "taksonomi": "MCF/LFINF/RSH2/RMT1/EWO/CV1/HEX:1", "kode_singkat": "MCF \\LFINF\\HEX:1", "koefisien": 1.0, "nilai_exposure": 451391692.43664002, "kelas_exposure": "Rp14.611.983,05 - Rp638.909.581,39", "exposure_rank": 1, "kelas_gempa": "Rendah", "kelas_tsunami": "Rendah" }, "geometry": { "type": "Polygon", "coordinates": [ [ [ 105.2289385, -5.5514956 ], [ 105.2290192, -5.5515087 ], [ 105.2290185, -5.5515385 ], [ 105.2290209, -5.551542 ], [ 105.2290144, -5.5515751 ], [ 105.2290155, -5.5515835 ], [ 105.2290066, -5.5516267 ], [ 105.2290018, -5.5516287 ], [ 105.2289983, -5.5516396 ], [ 105.2289285, -5.5516296 ], [ 105.2289304, -5.5516129 ], [ 105.228925, -5.5516108 ], [ 105.2289302, -5.5515842 ], [ 105.2289145, -5.5515801 ], [ 105.22892, -5.551548 ], [ 105.2289302, -5.551537 ], [ 105.2289385, -5.5514954 ], [ 105.2289385, -5.5514956 ] ] ] } },
{ "type": "Feature", "properties": { "point_id": 464, "footprint_id": 914, "id_bangunan": "Blok B (SDI-B160-160)", "fungsi_bangunan": "Rumah Tinggal", "jumlah_lantai": 1, "tinggi_lantai": 4.0, "tinggi_total": 4.0, "luas_m2": 409.6, "jarak_match_m": 0.0, "metode_match": "within", "status_match": "OK", "blok": "B", "klas_fungsi": "Hunian", "material": "Beton Bertulang", "struktur": "Rangka Beton Bertulang", "tipe_atap": "Limasan", "penutup_atap": "Genteng", "dinding": "Bata Plaster", "kondisi": "Baik", "keyakinan": "Tinggi", "taksonomi": "MCF/LFINF/RSH3/RMT1/EWMA/CV1/HEX:1", "kode_singkat": "MCF \\LFINF\\HEX:1", "koefisien": 1.0, "nilai_exposure": 848909838.70115995, "kelas_exposure": "> Rp638.909.581,39 - Rp1.136.724.268,30", "exposure_rank": 2, "kelas_gempa": "Sedang", "kelas_tsunami": "Sedang" }, "geometry": { "type": "Polygon", "coordinates": [ [ [ 105.2288125, -5.5515276 ], [ 105.2288736, -5.5515366 ], [ 105.2288672, -5.5515929 ], [ 105.2288641, -5.5516198 ], [ 105.2288595, -5.5516192 ], [ 105.2288541, -5.5516559 ], [ 105.2288643, -5.5516564 ], [ 105.228855, -5.5517321 ], [ 105.228851, -5.5517322 ], [ 105.2288444, -5.5517934 ], [ 105.2288417, -5.5517931 ], [ 105.2288417, -5.5517922 ], [ 105.2288354, -5.5517908 ], [ 105.2288375, -5.5517954 ], [ 105.2288322, -5.5518397 ], [ 105.2287971, -5.5518383 ], [ 105.2287873, -5.5518369 ], [ 105.2287867, -5.5518425 ], [ 105.2287509, -5.5518395 ], [ 105.2287496, -5.5518376 ], [ 105.2287166, -5.5518341 ], [ 105.22872, -5.5517941 ], [ 105.2287275, -5.551756 ], [ 105.2287303, -5.5517141 ], [ 105.2287407, -5.5517141 ], [ 105.2287459, -5.5516672 ], [ 105.2287502, -5.5516446 ], [ 105.2287587, -5.5516109 ], [ 105.2287716, -5.5516128 ], [ 105.2287849, -5.5515414 ], [ 105.2288063, -5.5515414 ], [ 105.2288125, -5.5515276 ] ] ] } },
{ "type": "Feature", "properties": { "point_id": 465, "footprint_id": 891, "id_bangunan": "Blok B (SDI-B161-161)", "fungsi_bangunan": "Rumah Tinggal", "jumlah_lantai": 1, "tinggi_lantai": 4.0, "tinggi_total": 4.0, "luas_m2": 211.13, "jarak_match_m": 0.0, "metode_match": "within", "status_match": "OK", "blok": "B", "klas_fungsi": "Hunian", "material": "Pasang Bata", "struktur": "Dinding Pemikul", "tipe_atap": "Pelana", "penutup_atap": "Genteng", "dinding": "Campuran", "kondisi": "Baik", "keyakinan": "Tinggi", "taksonomi": "MUR/LWAL/RSH2/RMT1/EWO/CV1/HEX:1", "kode_singkat": "MUR \\LWAL\\HEX:1", "koefisien": 1.0, "nilai_exposure": 451391692.43664002, "kelas_exposure": "Rp14.611.983,05 - Rp638.909.581,39", "exposure_rank": 1, "kelas_gempa": "Rendah", "kelas_tsunami": "Rendah" }, "geometry": { "type": "Polygon", "coordinates": [ [ [ 105.2286802, -5.5514381 ], [ 105.228774, -5.5514647 ], [ 105.2287554, -5.551529 ], [ 105.228749, -5.5515499 ], [ 105.2287483, -5.5515578 ], [ 105.2287521, -5.5515582 ], [ 105.2287445, -5.5515873 ], [ 105.2287376, -5.5516284 ], [ 105.2286476, -5.551612 ], [ 105.2286562, -5.551568 ], [ 105.228641, -5.5515613 ], [ 105.2286419, -5.5515482 ], [ 105.22865, -5.5515256 ], [ 105.2286467, -5.5515252 ], [ 105.2286802, -5.5514381 ] ] ] } },
{ "type": "Feature", "properties": { "point_id": 466, "footprint_id": 892, "id_bangunan": "Blok B (SDI-B162-162)", "fungsi_bangunan": "Rumah Tinggal", "jumlah_lantai": 1, "tinggi_lantai": 4.0, "tinggi_total": 4.0, "luas_m2": 165.32, "jarak_match_m": 8.09, "metode_match": "optimal_nearest", "status_match": "OK", "blok": "B", "klas_fungsi": "Hunian", "material": "Beton Bertulang", "struktur": "Rangka Beton Bertulang", "tipe_atap": "Limasan", "penutup_atap": "Genteng", "dinding": "Bata Plaster", "kondisi": "Baik", "keyakinan": "Tinggi", "taksonomi": "MCF/LFINF/RSH3/RMT1/EWMA/CV1/HEX:1", "kode_singkat": "MCF \\LFINF\\HEX:1", "koefisien": 1.0, "nilai_exposure": 629299207.91903996, "kelas_exposure": "Rp14.611.983,05 - Rp638.909.581,39", "exposure_rank": 1, "kelas_gempa": "Sedang", "kelas_tsunami": "Sedang" }, "geometry": { "type": "Polygon", "coordinates": [ [ [ 105.2286476, -5.551612 ], [ 105.2287376, -5.5516284 ], [ 105.2287392, -5.5516408 ], [ 105.228745, -5.551642 ], [ 105.2287376, -5.5516777 ], [ 105.2287302, -5.551686 ], [ 105.2287285, -5.5516972 ], [ 105.2287247, -5.5516974 ], [ 105.2287238, -5.5516943 ], [ 105.2287197, -5.5516984 ], [ 105.2287195, -5.5517112 ], [ 105.2287119, -5.5517643 ], [ 105.2287076, -5.5517931 ], [ 105.2287043, -5.5517926 ], [ 105.228684, -5.5517921 ], [ 105.2286657, -5.551789 ], [ 105.2286588, -5.551775 ], [ 105.2286407, -5.5517667 ], [ 105.2286401, -5.5517609 ], [ 105.2286514, -5.5516729 ], [ 105.2286401, -5.5516708 ], [ 105.2286398, -5.5516621 ], [ 105.2286413, -5.5516449 ], [ 105.2286476, -5.551612 ] ] ] } },
{ "type": "Feature", "properties": { "point_id": 467, "footprint_id": 894, "id_bangunan": "Blok B (SDI-B163-163)", "fungsi_bangunan": "Rumah Tinggal", "jumlah_lantai": 1, "tinggi_lantai": 4.0, "tinggi_total": 4.0, "luas_m2": 167.93, "jarak_match_m": 0.0, "metode_match": "within", "status_match": "OK", "blok": "B", "klas_fungsi": "Hunian", "material": "Beton Bertulang", "struktur": "Rangka Beton Bertulang", "tipe_atap": "Limasan", "penutup_atap": "Genteng", "dinding": "Bata Plaster", "kondisi": "Baik", "keyakinan": "Tinggi", "taksonomi": "MCF/LFINF/RSH3/RMT1/EWMA/CV1/HEX:1", "kode_singkat": "MCF \\LFINF\\HEX:1", "koefisien": 1.0, "nilai_exposure": 555273175.93382001, "kelas_exposure": "Rp14.611.983,05 - Rp638.909.581,39", "exposure_rank": 1, "kelas_gempa": "Rendah", "kelas_tsunami": "Rendah" }, "geometry": { "type": "Polygon", "coordinates": [ [ [ 105.2289104, -5.5516536 ], [ 105.2289958, -5.5516579 ], [ 105.2289956, -5.5516826 ], [ 105.2289968, -5.5516834 ], [ 105.2289951, -5.5517407 ], [ 105.2289937, -5.5517707 ], [ 105.2289946, -5.5518116 ], [ 105.2289754, -5.5518099 ], [ 105.2289754, -5.5518157 ], [ 105.2289559, -5.5518188 ], [ 105.228923, -5.5518152 ], [ 105.2289228, -5.5517526 ], [ 105.228923, -5.5517493 ], [ 105.2288961, -5.55175 ], [ 105.2288992, -5.5516765 ], [ 105.2289045, -5.5516774 ], [ 105.2289042, -5.55167 ], [ 105.2289045, -5.5516707 ], [ 105.2289104, -5.5516536 ] ] ] } },
{ "type": "Feature", "properties": { "point_id": 468, "footprint_id": 895, "id_bangunan": "Blok B (SDI-B164-164)", "fungsi_bangunan": "Rumah Tinggal", "jumlah_lantai": 1, "tinggi_lantai": 4.0, "tinggi_total": 4.0, "luas_m2": 111.32, "jarak_match_m": 0.04, "metode_match": "optimal_nearest", "status_match": "OK", "blok": "B", "klas_fungsi": "Hunian", "material": "Beton Bertulang", "struktur": "Rangka Beton Bertulang", "tipe_atap": "Limasan", "penutup_atap": "Genteng", "dinding": "Bata Plaster", "kondisi": "Baik", "keyakinan": "Tinggi", "taksonomi": "MCF/LFINF/RSH3/RMT1/EWMA/CV1/HEX:1", "kode_singkat": "MCF \\LFINF\\HEX:1", "koefisien": 1.0, "nilai_exposure": 313434843.52451199, "kelas_exposure": "Rp14.611.983,05 - Rp638.909.581,39", "exposure_rank": 1, "kelas_gempa": "Rendah", "kelas_tsunami": "Rendah" }, "geometry": { "type": "Polygon", "coordinates": [ [ [ 105.2291256, -5.5518563 ], [ 105.2291509, -5.5518567 ], [ 105.2291525, -5.5518436 ], [ 105.2291732, -5.5518449 ], [ 105.2291752, -5.5518403 ], [ 105.2291966, -5.5518413 ], [ 105.2291954, -5.5518568 ], [ 105.2292181, -5.5518574 ], [ 105.2292171, -5.5518921 ], [ 105.2292166, -5.5519128 ], [ 105.2292123, -5.5519428 ], [ 105.2292123, -5.5519476 ], [ 105.2291607, -5.5519445 ], [ 105.229119, -5.5519421 ], [ 105.2291178, -5.5519359 ], [ 105.2291102, -5.5519352 ], [ 105.2291121, -5.5519183 ], [ 105.2291205, -5.5519168 ], [ 105.2291255, -5.5518561 ], [ 105.2291256, -5.5518563 ] ] ] } },
{ "type": "Feature", "properties": { "point_id": 469, "footprint_id": 898, "id_bangunan": "Blok B (SDI-B165-165)", "fungsi_bangunan": "Rumah Tinggal", "jumlah_lantai": 1, "tinggi_lantai": 4.0, "tinggi_total": 4.0, "luas_m2": 146.79, "jarak_match_m": 4.18, "metode_match": "optimal_nearest", "status_match": "OK", "blok": "B", "klas_fungsi": "Hunian", "material": "Beton Bertulang", "struktur": "Rangka Beton Bertulang", "tipe_atap": "Limasan", "penutup_atap": "Genteng", "dinding": "Campuran", "kondisi": "Baik", "keyakinan": "Tinggi", "taksonomi": "MCF/LFINF/RSH3/RMT1/EWO/CV1/HEX:1", "kode_singkat": "MCF \\LFINF\\HEX:1", "koefisien": 1.0, "nilai_exposure": 584942893.91655993, "kelas_exposure": "Rp14.611.983,05 - Rp638.909.581,39", "exposure_rank": 1, "kelas_gempa": "Sedang", "kelas_tsunami": "Sedang" }, "geometry": { "type": "Polygon", "coordinates": [ [ [ 105.229348, -5.5518962 ], [ 105.2293706, -5.551834 ], [ 105.2294188, -5.5518525 ], [ 105.2293894, -5.5519298 ], [ 105.2293763, -5.5519209 ], [ 105.2293569, -5.551917 ], [ 105.2293442, -5.55197 ], [ 105.2292341, -5.551945 ], [ 105.2292412, -5.5519093 ], [ 105.229249, -5.5518778 ], [ 105.229348, -5.5518962 ] ] ] } },
{ "type": "Feature", "properties": { "point_id": 470, "footprint_id": 897, "id_bangunan": "Blok B (SDI-B166-166)", "fungsi_bangunan": "Rumah Tinggal", "jumlah_lantai": 1, "tinggi_lantai": 4.0, "tinggi_total": 4.0, "luas_m2": 132.41, "jarak_match_m": 0.0, "metode_match": "within", "status_match": "OK", "blok": "B", "klas_fungsi": "Hunian", "material": "Pasang Bata", "struktur": "Dinding Pemikul", "tipe_atap": "Kombinasi", "penutup_atap": "Genteng", "dinding": "Campuran", "kondisi": "Baik", "keyakinan": "Tinggi", "taksonomi": "MUR/LWAL/RSH8/RMT1/EWO/CV1/HEX:1", "kode_singkat": "MUR \\LWAL\\HEX:1", "koefisien": 1.0, "nilai_exposure": 968406455.22871995, "kelas_exposure": "> Rp638.909.581,39 - Rp1.136.724.268,30", "exposure_rank": 2, "kelas_gempa": "Tinggi", "kelas_tsunami": "Tinggi" }, "geometry": { "type": "Polygon", "coordinates": [ [ [ 105.2287994, -5.5518687 ], [ 105.2288343, -5.5518716 ], [ 105.2288345, -5.5518716 ], [ 105.2288338, -5.551896 ], [ 105.2288546, -5.5518968 ], [ 105.2288517, -5.5519432 ], [ 105.2288593, -5.551944 ], [ 105.2288561, -5.5520087 ], [ 105.2287661, -5.5520043 ], [ 105.2287685, -5.5519662 ], [ 105.2287708, -5.5519398 ], [ 105.2287728, -5.5519369 ], [ 105.2287728, -5.5518792 ], [ 105.2287983, -5.5518796 ], [ 105.2287994, -5.5518687 ] ] ] } },
{ "type": "Feature", "properties": { "point_id": 471, "footprint_id": 913, "id_bangunan": "Blok B (SDI-B167-167)", "fungsi_bangunan": "Rumah Tinggal", "jumlah_lantai": 1, "tinggi_lantai": 4.0, "tinggi_total": 4.0, "luas_m2": 202.65, "jarak_match_m": 0.0, "metode_match": "within", "status_match": "OK", "blok": "B", "klas_fungsi": "Hunian", "material": "Beton Bertulang", "struktur": "Rangka Beton Bertulang", "tipe_atap": "Limasan", "penutup_atap": "Genteng", "dinding": "Bata Plaster", "kondisi": "Baik", "keyakinan": "Tinggi", "taksonomi": "MCF/LFINF/RSH3/RMT1/EWMA/CV1/HEX:1", "kode_singkat": "MCF \\LFINF\\HEX:1", "koefisien": 1.0, "nilai_exposure": 717700613.73997998, "kelas_exposure": "> Rp638.909.581,39 - Rp1.136.724.268,30", "exposure_rank": 2, "kelas_gempa": "Sedang", "kelas_tsunami": "Sedang" }, "geometry": { "type": "MultiPolygon", "coordinates": [ [ [ [ 105.228695, -5.5519219 ], [ 105.228695, -5.5519217 ], [ 105.2286956, -5.551922 ], [ 105.228695, -5.5519219 ] ] ], [ [ [ 105.2286022, -5.5519166 ], [ 105.228695, -5.5519219 ], [ 105.228695, -5.5519246 ], [ 105.2287188, -5.5519255 ], [ 105.2287152, -5.5519874 ], [ 105.2286914, -5.5519856 ], [ 105.2286884, -5.5520151 ], [ 105.2287003, -5.5520162 ], [ 105.2286988, -5.5520469 ], [ 105.2286905, -5.5520463 ], [ 105.2286851, -5.5520519 ], [ 105.2286503, -5.5520496 ], [ 105.2286468, -5.5520963 ], [ 105.2285923, -5.552096 ], [ 105.2285959, -5.5520231 ], [ 105.2285992, -5.5520228 ], [ 105.2285995, -5.5520103 ], [ 105.2285956, -5.5520094 ], [ 105.2285988, -5.5519659 ], [ 105.2286022, -5.5519166 ] ] ] ] } },
{ "type": "Feature", "properties": { "point_id": 472, "footprint_id": 909, "id_bangunan": "Blok B (SDI-B168-168)", "fungsi_bangunan": "Rumah Tinggal", "jumlah_lantai": 1, "tinggi_lantai": 4.0, "tinggi_total": 4.0, "luas_m2": 152.4, "jarak_match_m": 0.0, "metode_match": "within", "status_match": "OK", "blok": "B", "klas_fungsi": "Hunian", "material": "Pasang Bata", "struktur": "Dinding Pemikul", "tipe_atap": "Pelana", "penutup_atap": "Genteng", "dinding": "Campuran", "kondisi": "Baik", "keyakinan": "Tinggi", "taksonomi": "MUR/LWAL/RSH2/RMT1/EWO/CV1/HEX:1", "kode_singkat": "MUR \\LWAL\\HEX:1", "koefisien": 1.0, "nilai_exposure": 519260952.04324001, "kelas_exposure": "Rp14.611.983,05 - Rp638.909.581,39", "exposure_rank": 1, "kelas_gempa": "Rendah", "kelas_tsunami": "Rendah" }, "geometry": { "type": "Polygon", "coordinates": [ [ [ 105.2285135, -5.5520766 ], [ 105.22853, -5.5519077 ], [ 105.2285807, -5.5519126 ], [ 105.2286006, -5.5519134 ], [ 105.2285987, -5.5519315 ], [ 105.228588, -5.5520409 ], [ 105.2285834, -5.5520853 ], [ 105.228578, -5.5520835 ], [ 105.2285777, -5.552094 ], [ 105.2285729, -5.5520935 ], [ 105.2285735, -5.5520989 ], [ 105.2285486, -5.5520976 ], [ 105.2285491, -5.5520914 ], [ 105.2285528, -5.5520926 ], [ 105.2285535, -5.5520816 ], [ 105.2285135, -5.5520766 ] ] ] } },
{ "type": "Feature", "properties": { "point_id": 473, "footprint_id": 908, "id_bangunan": "Blok B (SDI-B169-169)", "fungsi_bangunan": "Rumah Tinggal", "jumlah_lantai": 1, "tinggi_lantai": 4.0, "tinggi_total": 4.0, "luas_m2": 111.9, "jarak_match_m": 0.0, "metode_match": "within", "status_match": "OK", "blok": "B", "klas_fungsi": "Hunian", "material": "Pasang Bata", "struktur": "Dinding Pemikul", "tipe_atap": "Pelana", "penutup_atap": "Genteng", "dinding": "Bata Plaster", "kondisi": "Baik", "keyakinan": "Tinggi", "taksonomi": "MUR/LWAL/RSH2/RMT1/EWMA/CV1/HEX:1", "kode_singkat": "MUR \\LWAL\\HEX:1", "koefisien": 1.0, "nilai_exposure": 709823860.83932006, "kelas_exposure": "> Rp638.909.581,39 - Rp1.136.724.268,30", "exposure_rank": 2, "kelas_gempa": "Sedang", "kelas_tsunami": "Sedang" }, "geometry": { "type": "Polygon", "coordinates": [ [ [ 105.2284167, -5.5519842 ], [ 105.228376, -5.551985 ], [ 105.2283702, -5.5519816 ], [ 105.2283723, -5.551926 ], [ 105.2284092, -5.5519178 ], [ 105.228456, -5.5519153 ], [ 105.2285142, -5.5519091 ], [ 105.2285161, -5.5519135 ], [ 105.2285188, -5.5519293 ], [ 105.2285188, -5.5519726 ], [ 105.228421, -5.5519777 ], [ 105.2284167, -5.5519842 ] ] ] } },
{ "type": "Feature", "properties": { "point_id": 474, "footprint_id": 1079, "id_bangunan": "Blok B (SDI-B170-170)", "fungsi_bangunan": "Rumah Tinggal", "jumlah_lantai": 1, "tinggi_lantai": 4.0, "tinggi_total": 4.0, "luas_m2": 141.4, "jarak_match_m": 0.0, "metode_match": "within", "status_match": "OK", "blok": "B", "klas_fungsi": "Hunian", "material": "Beton Bertulang", "struktur": "Rangka Beton Bertulang", "tipe_atap": "Limasan", "penutup_atap": "Genteng", "dinding": "Campuran", "kondisi": "Baik", "keyakinan": "Tinggi", "taksonomi": "MCF/LFINF/RSH3/RMT1/EWO/CV1/HEX:1", "kode_singkat": "MCF \\LFINF\\HEX:1", "koefisien": 1.0, "nilai_exposure": 451247514.76058811, "kelas_exposure": "Rp14.611.983,05 - Rp638.909.581,39", "exposure_rank": 1, "kelas_gempa": "Rendah", "kelas_tsunami": "Rendah" }, "geometry": { "type": "Polygon", "coordinates": [ [ [ 105.228266, -5.5528209 ], [ 105.2282575, -5.5528851 ], [ 105.2281919, -5.5528764 ], [ 105.2281882, -5.5529051 ], [ 105.2281117, -5.5528954 ], [ 105.2281154, -5.5528662 ], [ 105.2281153, -5.5528662 ], [ 105.2281167, -5.5528559 ], [ 105.2281167, -5.5528558 ], [ 105.2281239, -5.5528019 ], [ 105.228266, -5.5528209 ] ] ] } },
{ "type": "Feature", "properties": { "point_id": 475, "footprint_id": 1077, "id_bangunan": "Blok B (SDI-B171-171)", "fungsi_bangunan": "Rumah Tinggal", "jumlah_lantai": 1, "tinggi_lantai": 4.0, "tinggi_total": 4.0, "luas_m2": 89.89, "jarak_match_m": 4.12, "metode_match": "optimal_nearest", "status_match": "OK", "blok": "B", "klas_fungsi": "Hunian", "material": "Pasang Bata", "struktur": "Dinding Pemikul", "tipe_atap": "Pelana", "penutup_atap": "Genteng", "dinding": "Campuran", "kondisi": "Baik", "keyakinan": "Tinggi", "taksonomi": "MUR/LWAL/RSH2/RMT1/EWO/CV1/HEX:1", "kode_singkat": "MUR \\LWAL\\HEX:1", "koefisien": 1.0, "nilai_exposure": 571371461.76575994, "kelas_exposure": "Rp14.611.983,05 - Rp638.909.581,39", "exposure_rank": 1, "kelas_gempa": "Rendah", "kelas_tsunami": "Rendah" }, "geometry": { "type": "Polygon", "coordinates": [ [ [ 105.2277749, -5.5529253 ], [ 105.2278824, -5.5529159 ], [ 105.2278883, -5.5529837 ], [ 105.2277809, -5.5529931 ], [ 105.2277749, -5.5529253 ] ] ] } },
{ "type": "Feature", "properties": { "point_id": 476, "footprint_id": 1045, "id_bangunan": "Blok B (SDI-B172-172)", "fungsi_bangunan": "Rumah Tinggal", "jumlah_lantai": 1, "tinggi_lantai": 4.0, "tinggi_total": 4.0, "luas_m2": 113.82, "jarak_match_m": 0.0, "metode_match": "within", "status_match": "OK", "blok": "B", "klas_fungsi": "Hunian", "material": "Beton Bertulang", "struktur": "Rangka Beton Bertulang", "tipe_atap": "Limasan", "penutup_atap": "Genteng", "dinding": "Bata Ekspos", "kondisi": "Baik", "keyakinan": "Tinggi", "taksonomi": "MCF/LFINF/RSH3/RMT1/EWMA/CV1/HEX:1", "kode_singkat": "MCF \\LFINF\\HEX:1", "koefisien": 1.0, "nilai_exposure": 1224085865.6782401, "kelas_exposure": "> Rp1.136.724.268,30 - Rp1.856.590.180,23", "exposure_rank": 3, "kelas_gempa": "Tinggi", "kelas_tsunami": "Tinggi" }, "geometry": { "type": "Polygon", "coordinates": [ [ [ 105.2282724, -5.5502201 ], [ 105.2283283, -5.5501541 ], [ 105.228408, -5.5502136 ], [ 105.228383, -5.5502422 ], [ 105.2283973, -5.5502594 ], [ 105.2283628, -5.5502886 ], [ 105.228364, -5.5502862 ], [ 105.2282724, -5.5502201 ] ] ] } },
{ "type": "Feature", "properties": { "point_id": 477, "footprint_id": 853, "id_bangunan": "Blok C (SDI-C134-134)", "fungsi_bangunan": "Rumah Tinggal", "jumlah_lantai": 1, "tinggi_lantai": 4.0, "tinggi_total": 4.0, "luas_m2": 213.54, "jarak_match_m": 3.25, "metode_match": "optimal_nearest", "status_match": "OK", "blok": "C", "klas_fungsi": "Hunian", "material": "Pasang Bata", "struktur": "Dinding Pemikul", "tipe_atap": "Pelana", "penutup_atap": "Genteng", "dinding": "Bata Plaster", "kondisi": "Baik", "keyakinan": "Tinggi", "taksonomi": "MUR/LWAL/RSH2/RMT1/EWMA/CV1/HEX:1", "kode_singkat": "MUR \\LWAL\\HEX:1", "koefisien": 1.0, "nilai_exposure": 581525868.16815996, "kelas_exposure": "Rp14.611.983,05 - Rp638.909.581,39", "exposure_rank": 1, "kelas_gempa": "Sedang", "kelas_tsunami": "Sedang" }, "geometry": { "type": "Polygon", "coordinates": [ [ [ 105.2369285, -5.5530794 ], [ 105.236936, -5.5531048 ], [ 105.2369449, -5.5531012 ], [ 105.2369383, -5.5530761 ], [ 105.2369824, -5.5530691 ], [ 105.2370128, -5.5531738 ], [ 105.2369753, -5.5531833 ], [ 105.2369777, -5.5531904 ], [ 105.2368248, -5.5532309 ], [ 105.2368081, -5.5531667 ], [ 105.2368962, -5.553144 ], [ 105.2368878, -5.5531191 ], [ 105.2369057, -5.5531137 ], [ 105.2368973, -5.5530869 ], [ 105.2369285, -5.5530794 ] ] ] } },
{ "type": "Feature", "properties": { "point_id": 478, "footprint_id": 852, "id_bangunan": "Blok C (SDI-C135-135)", "fungsi_bangunan": "Rumah Tinggal", "jumlah_lantai": 1, "tinggi_lantai": 4.0, "tinggi_total": 4.0, "luas_m2": 30.36, "jarak_match_m": 25.94, "metode_match": "optimal_nearest", "status_match": "PERLU_CEK", "blok": "B", "klas_fungsi": "Hunian", "material": "Pasang Bata", "struktur": "Dinding Pemikul", "tipe_atap": "Pelana", "penutup_atap": "Genteng", "dinding": "Campuran", "kondisi": "Baik", "keyakinan": "Tinggi", "taksonomi": "MUR/LWAL/RSH2/RMT1/EWO/CV1/HEX:1", "kode_singkat": "MUR \\LWAL\\HEX:1", "koefisien": 1.0, "nilai_exposure": 1056699972.8763, "kelas_exposure": "> Rp638.909.581,39 - Rp1.136.724.268,30", "exposure_rank": 2, "kelas_gempa": "Tinggi", "kelas_tsunami": "Tinggi" }, "geometry": { "type": "Polygon", "coordinates": [ [ [ 105.236903, -5.5530307 ], [ 105.2369491, -5.5530197 ], [ 105.236964, -5.5530673 ], [ 105.2369188, -5.5530828 ], [ 105.236903, -5.5530307 ] ] ] } },
{ "type": "Feature", "properties": { "point_id": 479, "footprint_id": 807, "id_bangunan": "Blok C(SDI-C136-136)", "fungsi_bangunan": "Rumah Tinggal", "jumlah_lantai": 1, "tinggi_lantai": 4.0, "tinggi_total": 4.0, "luas_m2": 210.5, "jarak_match_m": 3.56, "metode_match": "optimal_nearest", "status_match": "OK", "blok": "C", "klas_fungsi": "Hunian", "material": "Beton Bertulang", "struktur": "Rangka Beton Bertulang", "tipe_atap": "Limasan", "penutup_atap": "Genteng", "dinding": "Campuran", "kondisi": "Baik", "keyakinan": "Tinggi", "taksonomi": "MCF/LFINF/RSH3/RMT1/EWO/CV1/HEX:1", "kode_singkat": "MCF \\LFINF\\HEX:1", "koefisien": 1.0, "nilai_exposure": 691287909.61808002, "kelas_exposure": "> Rp638.909.581,39 - Rp1.136.724.268,30", "exposure_rank": 2, "kelas_gempa": "Sedang", "kelas_tsunami": "Sedang" }, "geometry": { "type": "Polygon", "coordinates": [ [ [ 105.2364134, -5.5530631 ], [ 105.2364191, -5.5530624 ], [ 105.2364134, -5.553046 ], [ 105.2364905, -5.5530203 ], [ 105.2364941, -5.5530324 ], [ 105.2365098, -5.5530295 ], [ 105.2365133, -5.5530402 ], [ 105.2365405, -5.5530338 ], [ 105.2365597, -5.5530916 ], [ 105.236579, -5.5530888 ], [ 105.236589, -5.5531216 ], [ 105.2365169, -5.5531509 ], [ 105.2365233, -5.5531687 ], [ 105.2364819, -5.5531837 ], [ 105.2364798, -5.5531659 ], [ 105.2364569, -5.5531737 ], [ 105.2364134, -5.5530631 ] ] ] } },
{ "type": "Feature", "properties": { "point_id": 480, "footprint_id": 812, "id_bangunan": "Blok C (SDI-B137-137)", "fungsi_bangunan": "Rumah Tinggal", "jumlah_lantai": 1, "tinggi_lantai": 4.0, "tinggi_total": 4.0, "luas_m2": 128.86, "jarak_match_m": 27.48, "metode_match": "optimal_nearest", "status_match": "PERLU_CEK", "blok": "B", "klas_fungsi": "Hunian", "material": "Pasang Bata", "struktur": "Rangka Beton Bertulang", "tipe_atap": "Kombinasi", "penutup_atap": "Genteng dan Beton", "dinding": "Campuran", "kondisi": "Baik", "keyakinan": "Tinggi", "taksonomi": "MCF/LFINF/RSH8/RMT1+RMT6/EWO/CV1/HEX:1", "kode_singkat": "MCF \\LFINF\\HEX:1", "koefisien": 1.0, "nilai_exposure": 1032460503.12868, "kelas_exposure": "> Rp638.909.581,39 - Rp1.136.724.268,30", "exposure_rank": 2, "kelas_gempa": "Tinggi", "kelas_tsunami": "Tinggi" }, "geometry": { "type": "Polygon", "coordinates": [ [ [ 105.2362014, -5.553455 ], [ 105.2362649, -5.5534393 ], [ 105.2363135, -5.55343 ], [ 105.2363334, -5.5535014 ], [ 105.2362885, -5.5535121 ], [ 105.2362949, -5.5535356 ], [ 105.2362599, -5.5535449 ], [ 105.2362242, -5.5535499 ], [ 105.2362014, -5.553455 ] ] ] } },
{ "type": "Feature", "properties": { "point_id": 481, "footprint_id": 835, "id_bangunan": "Blok C (SDI-C138-138)", "fungsi_bangunan": "Rumah Tinggal", "jumlah_lantai": 1, "tinggi_lantai": 4.0, "tinggi_total": 4.0, "luas_m2": 205.67, "jarak_match_m": 4.89, "metode_match": "optimal_nearest", "status_match": "OK", "blok": "B", "klas_fungsi": "Hunian", "material": "Beton Bertulang", "struktur": "Rangka Beton Bertulang", "tipe_atap": "Limasan", "penutup_atap": "Genteng", "dinding": "Bata Plaster", "kondisi": "Baik", "keyakinan": "Tinggi", "taksonomi": "MCF/LFINF/RSH3/RMT1/EWMA/CV1/HEX:1", "kode_singkat": "MCF \\LFINF\\HEX:1", "koefisien": 1.0, "nilai_exposure": 601293982.41041994, "kelas_exposure": "Rp14.611.983,05 - Rp638.909.581,39", "exposure_rank": 1, "kelas_gempa": "Sedang", "kelas_tsunami": "Sedang" }, "geometry": { "type": "Polygon", "coordinates": [ [ [ 105.2368356, -5.5527822 ], [ 105.2368435, -5.5527807 ], [ 105.2368563, -5.5528436 ], [ 105.236877, -5.5529 ], [ 105.2367436, -5.5529442 ], [ 105.2367357, -5.5529171 ], [ 105.236725, -5.5529221 ], [ 105.2367157, -5.5528942 ], [ 105.23671, -5.5528957 ], [ 105.236695, -5.5528764 ], [ 105.2366964, -5.5528543 ], [ 105.236785, -5.5528286 ], [ 105.2367771, -5.5528007 ], [ 105.2368356, -5.5527822 ] ] ] } },
{ "type": "Feature", "properties": { "point_id": 482, "footprint_id": 837, "id_bangunan": "Blok C (SDI-C139-139)", "fungsi_bangunan": "Rumah Tinggal", "jumlah_lantai": 1, "tinggi_lantai": 4.0, "tinggi_total": 4.0, "luas_m2": 129.17, "jarak_match_m": 23.93, "metode_match": "optimal_nearest", "status_match": "PERLU_CEK", "blok": "B", "klas_fungsi": "Hunian", "material": "Pasang Bata", "struktur": "Dinding Pemikul", "tipe_atap": "Pelana", "penutup_atap": "Seng", "dinding": "Bata Plaster", "kondisi": "Baik", "keyakinan": "Tinggi", "taksonomi": "MUR/LWAL/RSH2/RMT2/EWMA/CV1/HEX:1", "kode_singkat": "MUR \\LWAL\\HEX:1", "koefisien": 1.0, "nilai_exposure": 1292963162.0676401, "kelas_exposure": "> Rp1.136.724.268,30 - Rp1.856.590.180,23", "exposure_rank": 3, "kelas_gempa": "Tinggi", "kelas_tsunami": "Tinggi" }, "geometry": { "type": "Polygon", "coordinates": [ [ [ 105.2370312, -5.5526444 ], [ 105.2370369, -5.5526758 ], [ 105.2370469, -5.5527029 ], [ 105.236992, -5.5527208 ], [ 105.2370005, -5.5527458 ], [ 105.236977, -5.552755 ], [ 105.2369541, -5.5527636 ], [ 105.2369299, -5.5527665 ], [ 105.2369035, -5.5526744 ], [ 105.2370312, -5.5526444 ] ] ] } },
{ "type": "Feature", "properties": { "point_id": 483, "footprint_id": 809, "id_bangunan": "Blok C (SDI-C140-140)", "fungsi_bangunan": "Rumah Tinggal", "jumlah_lantai": 1, "tinggi_lantai": 4.0, "tinggi_total": 4.0, "luas_m2": 126.33, "jarak_match_m": 30.83, "metode_match": "optimal_nearest", "status_match": "PERLU_CEK", "blok": "B", "klas_fungsi": "Hunian", "material": "Pasang Bata", "struktur": "Rangka Beton Bertulang", "tipe_atap": "Pelana", "penutup_atap": "Genteng", "dinding": "Campuran", "kondisi": "Baik", "keyakinan": "Tinggi", "taksonomi": "MCF/LWAL/RSH2/RMT1/EWO/CV1/HEX:1", "kode_singkat": "MCF \\LWAL\\HEX:1", "koefisien": 1.0, "nilai_exposure": 1202493952.9314802, "kelas_exposure": "> Rp1.136.724.268,30 - Rp1.856.590.180,23", "exposure_rank": 3, "kelas_gempa": "Tinggi", "kelas_tsunami": "Tinggi" }, "geometry": { "type": "Polygon", "coordinates": [ [ [ 105.2360194, -5.5530845 ], [ 105.2361057, -5.5530538 ], [ 105.2361022, -5.5530288 ], [ 105.2361436, -5.5530167 ], [ 105.236175, -5.5531031 ], [ 105.2360558, -5.5531437 ], [ 105.2360458, -5.5531159 ], [ 105.2360308, -5.5531216 ], [ 105.2360194, -5.5530845 ] ] ] } },
{ "type": "Feature", "properties": { "point_id": 484, "footprint_id": 806, "id_bangunan": "Blok C (SDI-C141-141)", "fungsi_bangunan": "Rumah Tinggal", "jumlah_lantai": 1, "tinggi_lantai": 4.0, "tinggi_total": 4.0, "luas_m2": 257.56, "jarak_match_m": 13.57, "metode_match": "optimal_nearest", "status_match": "OK", "blok": "C", "klas_fungsi": "Hunian", "material": "Pasang Bata", "struktur": "Dinding Pemikul", "tipe_atap": "Pelana", "penutup_atap": "Genteng", "dinding": "Bata Plaster", "kondisi": "Baik", "keyakinan": "Tinggi", "taksonomi": "MUR/LWAL/RSH2/RMT1/EWMA/CV1/HEX:1", "kode_singkat": "MUR \\LWAL\\HEX:1", "koefisien": 1.0, "nilai_exposure": 1166584333.9252999, "kelas_exposure": "> Rp1.136.724.268,30 - Rp1.856.590.180,23", "exposure_rank": 3, "kelas_gempa": "Tinggi", "kelas_tsunami": "Tinggi" }, "geometry": { "type": "Polygon", "coordinates": [ [ [ 105.2363028, -5.5528154 ], [ 105.2363006, -5.5528018 ], [ 105.2363684, -5.5527811 ], [ 105.236377, -5.5528104 ], [ 105.2364084, -5.5528047 ], [ 105.2364277, -5.5528711 ], [ 105.2363984, -5.5528789 ], [ 105.2364198, -5.5529546 ], [ 105.2363527, -5.5529717 ], [ 105.2363334, -5.5529132 ], [ 105.236307, -5.5529189 ], [ 105.2362963, -5.5528839 ], [ 105.2362385, -5.552896 ], [ 105.2362292, -5.5528504 ], [ 105.2362442, -5.5528482 ], [ 105.2362399, -5.5528318 ], [ 105.2363028, -5.5528154 ] ] ] } },
{ "type": "Feature", "properties": { "point_id": 485, "footprint_id": 805, "id_bangunan": "Blok C (SDI-C142-142)", "fungsi_bangunan": "Rumah Tinggal", "jumlah_lantai": 1, "tinggi_lantai": 4.0, "tinggi_total": 4.0, "luas_m2": 232.39, "jarak_match_m": 0.48, "metode_match": "optimal_nearest", "status_match": "OK", "blok": "C", "klas_fungsi": "Hunian", "material": "Pasang Bata", "struktur": "Dinding Pemikul", "tipe_atap": "Pelana", "penutup_atap": "Genteng dan Seng", "dinding": "Campuran", "kondisi": "Baik", "keyakinan": "Tinggi", "taksonomi": "MUR/LWAL/RSH2/RMT1+RMT6/EWO/CV1/HEX:1", "kode_singkat": "MUR \\LWAL\\HEX:1", "koefisien": 1.0, "nilai_exposure": 497711825.31269598, "kelas_exposure": "Rp14.611.983,05 - Rp638.909.581,39", "exposure_rank": 1, "kelas_gempa": "Rendah", "kelas_tsunami": "Rendah" }, "geometry": { "type": "Polygon", "coordinates": [ [ [ 105.2361643, -5.5526476 ], [ 105.2362528, -5.5526184 ], [ 105.2362642, -5.5526391 ], [ 105.2363492, -5.5526219 ], [ 105.2363734, -5.5527047 ], [ 105.2361914, -5.5527547 ], [ 105.2361643, -5.5526476 ] ] ] } },
{ "type": "Feature", "properties": { "point_id": 486, "footprint_id": 804, "id_bangunan": "Blok C (SDI-C143-143)", "fungsi_bangunan": "Rumah Tinggal", "jumlah_lantai": 1, "tinggi_lantai": 4.0, "tinggi_total": 4.0, "luas_m2": 42.11, "jarak_match_m": 26.77, "metode_match": "optimal_nearest", "status_match": "PERLU_CEK", "blok": "C", "klas_fungsi": "Hunian", "material": "Pasang Bata", "struktur": "Dinding Pemikul", "tipe_atap": "Pelana", "penutup_atap": "Seng", "dinding": "Bata Ekspos", "kondisi": "Sedang", "keyakinan": "Tinggi", "taksonomi": "MUR/LWAL/RSH2/RMT2/EWMA/CV2/HEX:1", "kode_singkat": "MUR \\LWAL\\HEX:1", "koefisien": 1.0, "nilai_exposure": 497711825.31269598, "kelas_exposure": "Rp14.611.983,05 - Rp638.909.581,39", "exposure_rank": 1, "kelas_gempa": "Rendah", "kelas_tsunami": "Rendah" }, "geometry": { "type": "Polygon", "coordinates": [ [ [ 105.2360679, -5.5521629 ], [ 105.2361179, -5.5521451 ], [ 105.236145, -5.5522015 ], [ 105.2360936, -5.5522222 ], [ 105.2360679, -5.5521629 ] ] ] } },
{ "type": "Feature", "properties": { "point_id": 487, "footprint_id": 801, "id_bangunan": "Blok C (SDI-C144-144)", "fungsi_bangunan": "Rumah Tinggal", "jumlah_lantai": 1, "tinggi_lantai": 4.0, "tinggi_total": 4.0, "luas_m2": 139.4, "jarak_match_m": 10.07, "metode_match": "optimal_nearest", "status_match": "OK", "blok": "C", "klas_fungsi": "Hunian", "material": "Pasang Bata", "struktur": "Dinding Pemikul", "tipe_atap": "Pelana", "penutup_atap": "Genteng", "dinding": "Bata Ekspos", "kondisi": "Baik", "keyakinan": "Tinggi", "taksonomi": "MUR/LWAL/RSH2/RMT1/EWMA/CV1/HEX:1", "kode_singkat": "MUR \\LWAL\\HEX:1", "koefisien": 1.0, "nilai_exposure": 553450565.28682005, "kelas_exposure": "Rp14.611.983,05 - Rp638.909.581,39", "exposure_rank": 1, "kelas_gempa": "Rendah", "kelas_tsunami": "Rendah" }, "geometry": { "type": "Polygon", "coordinates": [ [ [ 105.2362799, -5.5520537 ], [ 105.2363806, -5.5520366 ], [ 105.2363856, -5.5520544 ], [ 105.236412, -5.552053 ], [ 105.2364248, -5.5521201 ], [ 105.2362942, -5.5521444 ], [ 105.2362799, -5.5520537 ] ] ] } },
{ "type": "Feature", "properties": { "point_id": 488, "footprint_id": 828, "id_bangunan": "Blok C (SDI-C145-145)", "fungsi_bangunan": "Rumah Tinggal", "jumlah_lantai": 1, "tinggi_lantai": 4.0, "tinggi_total": 4.0, "luas_m2": 91.95, "jarak_match_m": 2.96, "metode_match": "optimal_nearest", "status_match": "OK", "blok": "C", "klas_fungsi": "Hunian", "material": "Pasang Bata", "struktur": "Rangka Beton Bertulang", "tipe_atap": "Tidak Terlihat", "penutup_atap": "Tidak ada Genteng", "dinding": "Bata Ekspos", "kondisi": "Rusak Ringan", "keyakinan": "Tinggi", "taksonomi": "MCF/LFINF/RSH99/RMT99/EWMA/CV2/HEX:1", "kode_singkat": "MCF \\LFINF\\HEX:1", "koefisien": 1.0, "nilai_exposure": 802707071.63697994, "kelas_exposure": "> Rp638.909.581,39 - Rp1.136.724.268,30", "exposure_rank": 2, "kelas_gempa": "Sedang", "kelas_tsunami": "Sedang" }, "geometry": { "type": "Polygon", "coordinates": [ [ [ 105.2365491, -5.5522016 ], [ 105.236591, -5.5521906 ], [ 105.2365924, -5.5521959 ], [ 105.2366467, -5.5521802 ], [ 105.2366738, -5.5522706 ], [ 105.2366133, -5.5522915 ], [ 105.2365953, -5.552232 ], [ 105.236601, -5.5522306 ], [ 105.2365986, -5.5522254 ], [ 105.2365586, -5.5522387 ], [ 105.2365491, -5.5522016 ] ] ] } },
{ "type": "Feature", "properties": { "point_id": 489, "footprint_id": 802, "id_bangunan": "Blok C(SDI-C146-146)", "fungsi_bangunan": "Rumah Tinggal", "jumlah_lantai": 1, "tinggi_lantai": 4.0, "tinggi_total": 4.0, "luas_m2": 159.9, "jarak_match_m": 4.71, "metode_match": "optimal_nearest", "status_match": "OK", "blok": "C", "klas_fungsi": "Hunian", "material": "Pasang Bata", "struktur": "Dinding Pemikul", "tipe_atap": "Pelana", "penutup_atap": "Genteng dan Seng", "dinding": "Bata Ekspos", "kondisi": "Baik", "keyakinan": "Tinggi", "taksonomi": "MUR/LWAL/RSH2/RMT1+RMT6/EWMA/CV1/HEX:1", "kode_singkat": "MUR \\LWAL\\HEX:1", "koefisien": 1.0, "nilai_exposure": 781112381.33928001, "kelas_exposure": "> Rp638.909.581,39 - Rp1.136.724.268,30", "exposure_rank": 2, "kelas_gempa": "Sedang", "kelas_tsunami": "Sedang" }, "geometry": { "type": "Polygon", "coordinates": [ [ [ 105.2363506, -5.5522115 ], [ 105.2364705, -5.5521972 ], [ 105.2364798, -5.5522622 ], [ 105.2364441, -5.5522664 ], [ 105.2364512, -5.5523485 ], [ 105.2364184, -5.5523514 ], [ 105.2363884, -5.5523528 ], [ 105.2363756, -5.5522664 ], [ 105.2363584, -5.5522657 ], [ 105.2363506, -5.5522115 ] ] ] } },
{ "type": "Feature", "properties": { "point_id": 490, "footprint_id": 728, "id_bangunan": "Blok C (SDI-C147-147)", "fungsi_bangunan": "Rumah Tinggal", "jumlah_lantai": 1, "tinggi_lantai": 4.0, "tinggi_total": 4.0, "luas_m2": 128.04, "jarak_match_m": 5.97, "metode_match": "optimal_nearest", "status_match": "OK", "blok": "C", "klas_fungsi": "Hunian", "material": "Pasang Bata", "struktur": "Dinding Pemikul", "tipe_atap": "Pelana", "penutup_atap": "Genteng", "dinding": "Bata Plaster", "kondisi": "Baik", "keyakinan": "Tinggi", "taksonomi": "MUR/LWAL/RSH2/RMT1/EWMA/CV1/HEX:1", "kode_singkat": "MUR \\LWAL\\HEX:1", "koefisien": 1.0, "nilai_exposure": 985898023.15533996, "kelas_exposure": "> Rp638.909.581,39 - Rp1.136.724.268,30", "exposure_rank": 2, "kelas_gempa": "Tinggi", "kelas_tsunami": "Tinggi" }, "geometry": { "type": "Polygon", "coordinates": [ [ [ 105.2352335, -5.5524833 ], [ 105.2353399, -5.5524405 ], [ 105.2353756, -5.5525169 ], [ 105.2352635, -5.5525697 ], [ 105.2352335, -5.5524833 ] ] ] } },
{ "type": "Feature", "properties": { "point_id": 491, "footprint_id": 705, "id_bangunan": "Blok C (SDI-C148-148)", "fungsi_bangunan": "Rumah Tinggal", "jumlah_lantai": 1, "tinggi_lantai": 4.0, "tinggi_total": 4.0, "luas_m2": 196.39, "jarak_match_m": 6.81, "metode_match": "optimal_nearest", "status_match": "OK", "blok": "C", "klas_fungsi": "Hunian", "material": "Beton Bertulang", "struktur": "Rangka Beton Bertulang", "tipe_atap": "Limasan", "penutup_atap": "Genteng", "dinding": "Bata Plaster", "kondisi": "Baik", "keyakinan": "Tinggi", "taksonomi": "MCF/LFINF/RSH3/RMT1/EWMA/CV1/HEX:1", "kode_singkat": "MCF \\LFINF\\HEX:1", "koefisien": 1.0, "nilai_exposure": 598856941.68481994, "kelas_exposure": "Rp14.611.983,05 - Rp638.909.581,39", "exposure_rank": 1, "kelas_gempa": "Sedang", "kelas_tsunami": "Sedang" }, "geometry": { "type": "Polygon", "coordinates": [ [ [ 105.2339473, -5.5512584 ], [ 105.2340397, -5.5512699 ], [ 105.2340378, -5.5512903 ], [ 105.2340421, -5.5512913 ], [ 105.2340316, -5.5513855 ], [ 105.2340054, -5.5513836 ], [ 105.2340006, -5.5514431 ], [ 105.2339159, -5.5514359 ], [ 105.2339193, -5.5514083 ], [ 105.2339312, -5.5514088 ], [ 105.2339473, -5.5512584 ] ] ] } },
{ "type": "Feature", "properties": { "point_id": 492, "footprint_id": 1004, "id_bangunan": "Blok B(SDI-B174-174)", "fungsi_bangunan": "Rumah Tinggal", "jumlah_lantai": 1, "tinggi_lantai": 4.0, "tinggi_total": 4.0, "luas_m2": 119.29, "jarak_match_m": 3.16, "metode_match": "optimal_nearest", "status_match": "OK", "blok": "B", "klas_fungsi": "Hunian", "material": "Kayu", "struktur": "Rangka Kayu", "tipe_atap": "Pelana", "penutup_atap": "Seng", "dinding": "Kayu", "kondisi": "Baik", "keyakinan": "Tinggi", "taksonomi": "W/LPB/RSH2/RMT2/EWW/CV1/HEX:1", "kode_singkat": "W \\LPB\\HEX:1", "koefisien": 1.09, "nilai_exposure": 823279780.33278179, "kelas_exposure": "> Rp638.909.581,39 - Rp1.136.724.268,30", "exposure_rank": 2, "kelas_gempa": "Sedang", "kelas_tsunami": "Sedang" }, "geometry": { "type": "Polygon", "coordinates": [ [ [ 105.2339363, -5.5512526 ], [ 105.2339274, -5.5513758 ], [ 105.2338717, -5.5513717 ], [ 105.2338703, -5.5513915 ], [ 105.2338442, -5.5513913 ], [ 105.2338425, -5.5514052 ], [ 105.2338348, -5.5514056 ], [ 105.2338358, -5.5514162 ], [ 105.2338068, -5.5514187 ], [ 105.2338027, -5.5513717 ], [ 105.2338316, -5.5513692 ], [ 105.2338736, -5.5513446 ], [ 105.2338806, -5.5512486 ], [ 105.2339363, -5.5512526 ] ] ] } },
{ "type": "Feature", "properties": { "point_id": 493, "footprint_id": 1003, "id_bangunan": "Blok B (SDI-B175-175)", "fungsi_bangunan": "Rumah Tinggal", "jumlah_lantai": 2, "tinggi_lantai": 4.0, "tinggi_total": 8.0, "luas_m2": 150.46, "jarak_match_m": 1.56, "metode_match": "optimal_nearest", "status_match": "OK", "blok": "B", "klas_fungsi": "Hunian", "material": "Beton Bertulang", "struktur": "Rangka Beton Bertulang", "tipe_atap": "Limasan", "penutup_atap": "Genteng", "dinding": "Bata Plaster", "kondisi": "Baik", "keyakinan": "Tinggi", "taksonomi": "MCF/LFINF/RSH3/RMT1/EWMA/CV1/HEX:2", "kode_singkat": "MCF \\LFINF\\HEX:2", "koefisien": 1.0, "nilai_exposure": 255381594.87528801, "kelas_exposure": "Rp14.611.983,05 - Rp638.909.581,39", "exposure_rank": 1, "kelas_gempa": "Rendah", "kelas_tsunami": "Rendah" }, "geometry": { "type": "Polygon", "coordinates": [ [ [ 105.2338835, -5.5511669 ], [ 105.2338715, -5.5512492 ], [ 105.2338174, -5.5512478 ], [ 105.2338173, -5.5512489 ], [ 105.2337989, -5.5512472 ], [ 105.2337989, -5.551248 ], [ 105.2337669, -5.5512468 ], [ 105.2337721, -5.551116 ], [ 105.2338041, -5.5511173 ], [ 105.2338035, -5.5511315 ], [ 105.2338226, -5.5511333 ], [ 105.2338227, -5.5511334 ], [ 105.2338576, -5.5511365 ], [ 105.2338552, -5.5511628 ], [ 105.2338835, -5.5511669 ] ] ] } },
{ "type": "Feature", "properties": { "point_id": 494, "footprint_id": 1002, "id_bangunan": "Blok B (SDI-B176-176)", "fungsi_bangunan": "Rumah Tinggal", "jumlah_lantai": 1, "tinggi_lantai": 4.0, "tinggi_total": 4.0, "luas_m2": 52.56, "jarak_match_m": 3.28, "metode_match": "optimal_nearest", "status_match": "OK", "blok": "B", "klas_fungsi": "Hunian", "material": "Campuran", "struktur": "Campuran", "tipe_atap": "Pelana", "penutup_atap": "Seng", "dinding": "Campuran", "kondisi": "Baik", "keyakinan": "Tinggi", "taksonomi": "MIX/LWAL/RSH2/RMT2/EWO/CV1/HEX:1", "kode_singkat": "MIX \\LWAL\\HEX:1", "koefisien": 1.0, "nilai_exposure": 69317261.142020002, "kelas_exposure": "Rp14.611.983,05 - Rp638.909.581,39", "exposure_rank": 1, "kelas_gempa": "Rendah", "kelas_tsunami": "Rendah" }, "geometry": { "type": "Polygon", "coordinates": [ [ [ 105.2337008, -5.5512933 ], [ 105.233727, -5.5513743 ], [ 105.233679, -5.5513897 ], [ 105.2336528, -5.5513087 ], [ 105.2337008, -5.5512933 ] ] ] } },
{ "type": "Feature", "properties": { "point_id": 495, "footprint_id": 796, "id_bangunan": "Blol B (SDI-B177-177)", "fungsi_bangunan": "Rumah Tinggal", "jumlah_lantai": 1, "tinggi_lantai": 4.0, "tinggi_total": 4.0, "luas_m2": 15.46, "jarak_match_m": 4.74, "metode_match": "optimal_nearest", "status_match": "OK", "blok": "B", "klas_fungsi": "Hunian", "material": "Pasang Bata", "struktur": "Dinding Pemikul", "tipe_atap": "Pelana", "penutup_atap": "Genteng", "dinding": "Bata Ekspos", "kondisi": "Baik", "keyakinan": "Tinggi", "taksonomi": "MUR/LWAL/RSH2/RMT1/EWMA/CV1/HEX:1", "kode_singkat": "MUR \\LWAL\\HEX:1", "koefisien": 1.0, "nilai_exposure": 618646203.24434006, "kelas_exposure": "Rp14.611.983,05 - Rp638.909.581,39", "exposure_rank": 1, "kelas_gempa": "Sedang", "kelas_tsunami": "Sedang" }, "geometry": { "type": "Polygon", "coordinates": [ [ [ 105.2336997, -5.5511461 ], [ 105.233711, -5.5511235 ], [ 105.2337514, -5.5511449 ], [ 105.2337383, -5.5511717 ], [ 105.2336997, -5.5511461 ] ] ] } },
{ "type": "Feature", "properties": { "point_id": 496, "footprint_id": 698, "id_bangunan": "Blok B (SDI-B178-178)", "fungsi_bangunan": "Rumah Tinggal", "jumlah_lantai": 1, "tinggi_lantai": 4.0, "tinggi_total": 4.0, "luas_m2": 122.6, "jarak_match_m": 4.07, "metode_match": "optimal_nearest", "status_match": "OK", "blok": "B", "klas_fungsi": "Hunian", "material": "Pasang Bata", "struktur": "Dinding Pemikul", "tipe_atap": "Pelana", "penutup_atap": "Genteng", "dinding": "Bata Plaster", "kondisi": "Baik", "keyakinan": "Tinggi", "taksonomi": "MUR/LWAL/RSH2/RMT1/EWMA/CV1/HEX:1", "kode_singkat": "MUR \\LWAL\\HEX:1", "koefisien": 1.0, "nilai_exposure": 530314145.4102, "kelas_exposure": "Rp14.611.983,05 - Rp638.909.581,39", "exposure_rank": 1, "kelas_gempa": "Rendah", "kelas_tsunami": "Rendah" }, "geometry": { "type": "Polygon", "coordinates": [ [ [ 105.2335814, -5.5510762 ], [ 105.2336204, -5.5511185 ], [ 105.2335119, -5.551208 ], [ 105.2334929, -5.5511856 ], [ 105.2334786, -5.5511928 ], [ 105.2334543, -5.5511552 ], [ 105.2334662, -5.5511466 ], [ 105.2334596, -5.5511366 ], [ 105.2334914, -5.5511147 ], [ 105.2335067, -5.5511333 ], [ 105.2335814, -5.5510762 ] ] ] } },
{ "type": "Feature", "properties": { "point_id": 497, "footprint_id": 874, "id_bangunan": "Blok B (SDI-B179-179)", "fungsi_bangunan": "Rumah Tinggal", "jumlah_lantai": 1, "tinggi_lantai": 4.0, "tinggi_total": 4.0, "luas_m2": 121.81, "jarak_match_m": 2.82, "metode_match": "optimal_nearest", "status_match": "OK", "blok": "B", "klas_fungsi": "Hunian", "material": "Pasang Bata", "struktur": "Dinding Pemikul", "tipe_atap": "Pelana", "penutup_atap": "Genteng", "dinding": "Bata Ekspos", "kondisi": "Baik", "keyakinan": "Tinggi", "taksonomi": "MUR/LWAL/RSH2/RMT1/EWMA/CV1/HEX:1", "kode_singkat": "MUR \\LWAL\\HEX:1", "koefisien": 1.0, "nilai_exposure": 543757995.92763996, "kelas_exposure": "Rp14.611.983,05 - Rp638.909.581,39", "exposure_rank": 1, "kelas_gempa": "Rendah", "kelas_tsunami": "Rendah" }, "geometry": { "type": "Polygon", "coordinates": [ [ [ 105.2336003, -5.5508004 ], [ 105.233607, -5.5508008 ], [ 105.2336066, -5.5507937 ], [ 105.2336374, -5.5507918 ], [ 105.2336376, -5.5507989 ], [ 105.2336646, -5.5507973 ], [ 105.2336786, -5.5509325 ], [ 105.2336505, -5.550942 ], [ 105.2336024, -5.5509321 ], [ 105.2336003, -5.5508004 ] ] ] } },
{ "type": "Feature", "properties": { "point_id": 498, "footprint_id": 995, "id_bangunan": "Blok B (SDI-B180-180)", "fungsi_bangunan": "Rumah Tinggal", "jumlah_lantai": 1, "tinggi_lantai": 4.0, "tinggi_total": 4.0, "luas_m2": 108.32, "jarak_match_m": 0.76, "metode_match": "optimal_nearest", "status_match": "OK", "blok": "B", "klas_fungsi": "Hunian", "material": "Pasang Bata", "struktur": "Dinding Pemikul", "tipe_atap": "Pelana", "penutup_atap": "Genteng", "dinding": "Bata Plaster", "kondisi": "Baik", "keyakinan": "Tinggi", "taksonomi": "MUR/LWAL/RSH2/RMT1/EWMA/CV1/HEX:1", "kode_singkat": "MUR \\LWAL\\HEX:1", "koefisien": 1.0, "nilai_exposure": 543757995.92763996, "kelas_exposure": "Rp14.611.983,05 - Rp638.909.581,39", "exposure_rank": 1, "kelas_gempa": "Rendah", "kelas_tsunami": "Rendah" }, "geometry": { "type": "Polygon", "coordinates": [ [ [ 105.2333181, -5.5510967 ], [ 105.2332756, -5.5511254 ], [ 105.2332664, -5.5511119 ], [ 105.2332539, -5.5511198 ], [ 105.2332294, -5.5510812 ], [ 105.2332476, -5.5510697 ], [ 105.2332862, -5.5510436 ], [ 105.2332828, -5.5510363 ], [ 105.2333498, -5.5510055 ], [ 105.2333789, -5.5510688 ], [ 105.2333181, -5.5510967 ] ] ] } },
{ "type": "Feature", "properties": { "point_id": 499, "footprint_id": 999, "id_bangunan": "Blok B (SDI-B181-181)", "fungsi_bangunan": "Rumah Tinggal", "jumlah_lantai": 1, "tinggi_lantai": 4.0, "tinggi_total": 4.0, "luas_m2": 13.32, "jarak_match_m": 9.32, "metode_match": "optimal_nearest", "status_match": "OK", "blok": "B", "klas_fungsi": "Hunian", "material": "Beton Bertulang", "struktur": "Rangka Beton Bertulang", "tipe_atap": "Limasan", "penutup_atap": "Genteng", "dinding": "Bata Plaster", "kondisi": "Baik", "keyakinan": "Tinggi", "taksonomi": "MCF/LFINF/RSH3/RMT1/EWMA/CV1/HEX:1", "kode_singkat": "MCF \\LFINF\\HEX:1", "koefisien": 1.0, "nilai_exposure": 595761731.03328001, "kelas_exposure": "Rp14.611.983,05 - Rp638.909.581,39", "exposure_rank": 1, "kelas_gempa": "Sedang", "kelas_tsunami": "Sedang" }, "geometry": { "type": "Polygon", "coordinates": [ [ [ 105.2335077, -5.5510116 ], [ 105.2335437, -5.5510298 ], [ 105.2335315, -5.5510539 ], [ 105.2334955, -5.5510357 ], [ 105.2335077, -5.5510116 ] ] ] } },
{ "type": "Feature", "properties": { "point_id": 500, "footprint_id": 996, "id_bangunan": "Blok B (SDI-B182-182)", "fungsi_bangunan": "Rumah Tinggal", "jumlah_lantai": 1, "tinggi_lantai": 4.0, "tinggi_total": 4.0, "luas_m2": 232.88, "jarak_match_m": 3.91, "metode_match": "optimal_nearest", "status_match": "OK", "blok": "B", "klas_fungsi": "Hunian", "material": "Pasang Bata", "struktur": "Dinding Pemikul", "tipe_atap": "Pelana", "penutup_atap": "Seng", "dinding": "Bata Ekspos", "kondisi": "Baik", "keyakinan": "Tinggi", "taksonomi": "MUR/LWAL/RSH2/RMT2/EWMA/CV1/HEX:1", "kode_singkat": "MUR \\LWAL\\HEX:1", "koefisien": 1.0, "nilai_exposure": 311261076.63314998, "kelas_exposure": "Rp14.611.983,05 - Rp638.909.581,39", "exposure_rank": 1, "kelas_gempa": "Rendah", "kelas_tsunami": "Rendah" }, "geometry": { "type": "Polygon", "coordinates": [ [ [ 105.2332198, -5.551165 ], [ 105.233142, -5.5512211 ], [ 105.2331383, -5.551216 ], [ 105.2331132, -5.5512315 ], [ 105.233111, -5.5512279 ], [ 105.2330526, -5.5512689 ], [ 105.2330656, -5.5512954 ], [ 105.2330291, -5.5513134 ], [ 105.2329847, -5.5512231 ], [ 105.2330213, -5.5512051 ], [ 105.2330243, -5.5512114 ], [ 105.2331967, -5.5510903 ], [ 105.2332331, -5.5511422 ], [ 105.2332133, -5.5511561 ], [ 105.2332198, -5.551165 ] ] ] } },
{ "type": "Feature", "properties": { "point_id": 501, "footprint_id": 994, "id_bangunan": "Blok B (SDI-B183-183)", "fungsi_bangunan": "Rumah Tinggal", "jumlah_lantai": 1, "tinggi_lantai": 4.0, "tinggi_total": 4.0, "luas_m2": 165.25, "jarak_match_m": 9.34, "metode_match": "optimal_nearest", "status_match": "OK", "blok": "B", "klas_fungsi": "Hunian", "material": "Beton Bertulang", "struktur": "Rangka Beton Bertulang", "tipe_atap": "Limasan", "penutup_atap": "Genteng", "dinding": "Bata Plaster", "kondisi": "Baik", "keyakinan": "Tinggi", "taksonomi": "MCF/LFINF/RSH3/RMT1/EWMA/CV1/HEX:1", "kode_singkat": "MCF \\LFINF\\HEX:1", "koefisien": 1.0, "nilai_exposure": 100036655.268428, "kelas_exposure": "Rp14.611.983,05 - Rp638.909.581,39", "exposure_rank": 1, "kelas_gempa": "Rendah", "kelas_tsunami": "Rendah" }, "geometry": { "type": "Polygon", "coordinates": [ [ [ 105.2332602, -5.5508867 ], [ 105.2332682, -5.5509012 ], [ 105.233275, -5.550897 ], [ 105.2333214, -5.550972 ], [ 105.2332056, -5.5510436 ], [ 105.2331592, -5.5509686 ], [ 105.2332, -5.5509434 ], [ 105.2331899, -5.5509251 ], [ 105.2332602, -5.5508867 ] ] ] } },
{ "type": "Feature", "properties": { "point_id": 502, "footprint_id": 878, "id_bangunan": "Blok B-(SDI-B184-184)", "fungsi_bangunan": "Rumah Tinggal", "jumlah_lantai": 1, "tinggi_lantai": 4.0, "tinggi_total": 4.0, "luas_m2": 19.93, "jarak_match_m": 3.27, "metode_match": "optimal_nearest", "status_match": "OK", "blok": "B", "klas_fungsi": "Hunian", "material": "Beton Bertulang", "struktur": "Rangka Beton Bertulang", "tipe_atap": "Pelana", "penutup_atap": "Genteng", "dinding": "Bata Plaster", "kondisi": "Baik", "keyakinan": "Tinggi", "taksonomi": "MCF/LFINF/RSH2/RMT1/EWMA/CV1/HEX:1", "kode_singkat": "MCF \\LFINF\\HEX:1", "koefisien": 1.0, "nilai_exposure": 311261076.63314998, "kelas_exposure": "Rp14.611.983,05 - Rp638.909.581,39", "exposure_rank": 1, "kelas_gempa": "Rendah", "kelas_tsunami": "Rendah" }, "geometry": { "type": "Polygon", "coordinates": [ [ [ 105.2335587, -5.5508132 ], [ 105.2335837, -5.5508203 ], [ 105.2335699, -5.5508541 ], [ 105.233557, -5.5508782 ], [ 105.2335339, -5.550867 ], [ 105.2335587, -5.5508132 ] ] ] } },
{ "type": "Feature", "properties": { "point_id": 503, "footprint_id": 877, "id_bangunan": "Blok B (SDI-B186-186)", "fungsi_bangunan": "Rumah Tinggal", "jumlah_lantai": 1, "tinggi_lantai": 4.0, "tinggi_total": 4.0, "luas_m2": 62.0, "jarak_match_m": 0.0, "metode_match": "within", "status_match": "OK", "blok": "B", "klas_fungsi": "Hunian", "material": "Pasang Bata", "struktur": "Dinding Pemikul", "tipe_atap": "Pelana", "penutup_atap": "Genteng", "dinding": "Bata Ekspos", "kondisi": "Baik", "keyakinan": "Tinggi", "taksonomi": "MUR/LWAL/RSH2/RMT1/EWMA/CV1/HEX:1", "kode_singkat": "MUR \\LWAL\\HEX:1", "koefisien": 1.09, "nilai_exposure": 1090676234.5862701, "kelas_exposure": "> Rp638.909.581,39 - Rp1.136.724.268,30", "exposure_rank": 2, "kelas_gempa": "Tinggi", "kelas_tsunami": "Tinggi" }, "geometry": { "type": "Polygon", "coordinates": [ [ [ 105.2334553, -5.550811 ], [ 105.2335088, -5.5508295 ], [ 105.2334844, -5.550911 ], [ 105.2334529, -5.5509056 ], [ 105.2334285, -5.5508997 ], [ 105.2334553, -5.550811 ] ] ] } },
{ "type": "Feature", "properties": { "point_id": 504, "footprint_id": 757, "id_bangunan": "SDI-C06-006", "fungsi_bangunan": "Rumah Tinggal dan Warung", "jumlah_lantai": 2, "tinggi_lantai": 4.0, "tinggi_total": 8.0, "luas_m2": 120.09, "jarak_match_m": 2.6, "metode_match": "optimal_nearest", "status_match": "OK", "blok": "C", "klas_fungsi": "Hunian", "material": "Pasang Bata", "struktur": "Rangka Beton Bertulang", "tipe_atap": "Limasan", "penutup_atap": "Genteng", "dinding": "Bata Plaster", "kondisi": "Baik", "keyakinan": "Tinggi", "taksonomi": "MCF/LFINF/RSH3/RMT1/EWMA/CV1/HEX:1", "kode_singkat": "MCF \\LFINF\\HEX:1", "koefisien": 1.0, "nilai_exposure": 602836973.35971999, "kelas_exposure": "Rp14.611.983,05 - Rp638.909.581,39", "exposure_rank": 1, "kelas_gempa": "Sedang", "kelas_tsunami": "Sedang" }, "geometry": { "type": "Polygon", "coordinates": [ [ [ 105.2345134, -5.5524104 ], [ 105.2345628, -5.5523878 ], [ 105.2345777, -5.5524169 ], [ 105.2346306, -5.5523926 ], [ 105.2346622, -5.5524556 ], [ 105.2345557, -5.5525026 ], [ 105.2345134, -5.5524104 ] ] ] } },
{ "type": "Feature", "properties": { "point_id": 505, "footprint_id": 793, "id_bangunan": "SDI-C33-033", "fungsi_bangunan": "Rumah Tinggal dan Warung", "jumlah_lantai": 1, "tinggi_lantai": 4.0, "tinggi_total": 4.0, "luas_m2": 157.83, "jarak_match_m": 0.0, "metode_match": "within", "status_match": "OK", "blok": "C", "klas_fungsi": "Hunian", "material": "Pasang Bata", "struktur": "Dinding Pemikul", "tipe_atap": "Pelana", "penutup_atap": "Genteng dan Seng", "dinding": "Bata Plaster", "kondisi": "Baik", "keyakinan": "Tinggi", "taksonomi": "MUR/LWAL/RSH2/RMT1+RMT6/EWMA/CV1/HEX:1", "kode_singkat": "MUR \\LWAL\\HEX:1", "koefisien": 1.09, "nilai_exposure": 253503972.1373108, "kelas_exposure": "Rp14.611.983,05 - Rp638.909.581,39", "exposure_rank": 1, "kelas_gempa": "Rendah", "kelas_tsunami": "Rendah" }, "geometry": { "type": "Polygon", "coordinates": [ [ [ 105.2363945, -5.5539958 ], [ 105.2365057, -5.553944 ], [ 105.2365355, -5.5539993 ], [ 105.2365426, -5.5539964 ], [ 105.2365491, -5.5540094 ], [ 105.2365801, -5.5539934 ], [ 105.2365944, -5.554016 ], [ 105.2364891, -5.5540701 ], [ 105.236473, -5.5540428 ], [ 105.2364236, -5.5540606 ], [ 105.2363945, -5.5539958 ] ] ] } },
{ "type": "Feature", "properties": { "point_id": 506, "footprint_id": 1220, "id_bangunan": "SDI-B42-042", "fungsi_bangunan": "Rumah Tinggal dan Warung", "jumlah_lantai": 2, "tinggi_lantai": 4.0, "tinggi_total": 8.0, "luas_m2": 127.59, "jarak_match_m": 0.0, "metode_match": "within", "status_match": "OK", "blok": "B", "klas_fungsi": "Hunian", "material": "Pasang Bata", "struktur": "Rangka Beton Bertulang", "tipe_atap": "Limasan", "penutup_atap": "Genteng", "dinding": "Bata Plaster", "kondisi": "Baik", "keyakinan": "Tinggi", "taksonomi": "MCF/LFINF/RSH3/RMT1/EWMA/CV1/HEX:2", "kode_singkat": "MCF \\LFINF\\HEX:2", "koefisien": 1.0, "nilai_exposure": 792301611.48041999, "kelas_exposure": "> Rp638.909.581,39 - Rp1.136.724.268,30", "exposure_rank": 2, "kelas_gempa": "Sedang", "kelas_tsunami": "Sedang" }, "geometry": { "type": "Polygon", "coordinates": [ [ [ 105.2291176, -5.5471085 ], [ 105.2291693, -5.547025 ], [ 105.2292429, -5.547075 ], [ 105.2292686, -5.5470479 ], [ 105.2292926, -5.5470618 ], [ 105.2292872, -5.5471266 ], [ 105.2291176, -5.5471085 ] ] ] } },
{ "type": "Feature", "properties": { "point_id": 507, "footprint_id": 791, "id_bangunan": "SDI-C102-102", "fungsi_bangunan": "Rumah Tinggal dan Warung", "jumlah_lantai": 1, "tinggi_lantai": 4.0, "tinggi_total": 4.0, "luas_m2": 76.24, "jarak_match_m": 17.34, "metode_match": "optimal_nearest", "status_match": "PERLU_CEK", "blok": "C", "klas_fungsi": "Hunian", "material": "Pasang Bata", "struktur": "Dinding Pemikul", "tipe_atap": "Pelana", "penutup_atap": "Genteng", "dinding": "Bata Plaster", "kondisi": "Baik", "keyakinan": "Tinggi", "taksonomi": "MUR/LWAL/RSH2/RMT1/EWMA/CV1/HEX:1", "kode_singkat": "MUR \\LWAL\\HEX:1", "koefisien": 1.0, "nilai_exposure": 642780283.07682002, "kelas_exposure": "> Rp638.909.581,39 - Rp1.136.724.268,30", "exposure_rank": 2, "kelas_gempa": "Sedang", "kelas_tsunami": "Sedang" }, "geometry": { "type": "Polygon", "coordinates": [ [ [ 105.2362785, -5.5541671 ], [ 105.2363329, -5.5541351 ], [ 105.2363594, -5.5541231 ], [ 105.2363879, -5.554176 ], [ 105.2363285, -5.5542046 ], [ 105.2363237, -5.5541992 ], [ 105.236285, -5.5542188 ], [ 105.23626, -5.5541784 ], [ 105.2362785, -5.5541671 ] ] ] } },
{ "type": "Feature", "properties": { "point_id": 508, "footprint_id": 777, "id_bangunan": "SDI-C103-103", "fungsi_bangunan": "Rumah Tinggal dan Warung", "jumlah_lantai": 1, "tinggi_lantai": 4.0, "tinggi_total": 4.0, "luas_m2": 120.12, "jarak_match_m": 23.92, "metode_match": "optimal_nearest", "status_match": "PERLU_CEK", "blok": "C", "klas_fungsi": "Hunian", "material": "Pasang Bata", "struktur": "Rangka Beton Bertulang", "tipe_atap": "Limasan", "penutup_atap": "Asbes", "dinding": "Bata Plaster", "kondisi": "Baik", "keyakinan": "Tinggi", "taksonomi": "MCF/LFINF/RSH3/RMT6/EWMA/CV1/HEX:1", "kode_singkat": "MCF \\LFINF\\HEX:1", "koefisien": 1.0, "nilai_exposure": 1021914387.30598, "kelas_exposure": "> Rp638.909.581,39 - Rp1.136.724.268,30", "exposure_rank": 2, "kelas_gempa": "Tinggi", "kelas_tsunami": "Tinggi" }, "geometry": { "type": "Polygon", "coordinates": [ [ [ 105.2354362, -5.5526781 ], [ 105.2355581, -5.5526329 ], [ 105.2355765, -5.5526746 ], [ 105.2355635, -5.5526799 ], [ 105.2355617, -5.5526746 ], [ 105.2355527, -5.5526787 ], [ 105.235567, -5.552718 ], [ 105.2354659, -5.5527531 ], [ 105.2354362, -5.5526781 ] ] ] } },
{ "type": "Feature", "properties": { "point_id": 509, "footprint_id": 766, "id_bangunan": "SDI-C115-115", "fungsi_bangunan": "Rumah Tinggal dan Warung", "jumlah_lantai": 1, "tinggi_lantai": 4.0, "tinggi_total": 4.0, "luas_m2": 203.57, "jarak_match_m": 0.0, "metode_match": "within", "status_match": "OK", "blok": "C", "klas_fungsi": "Hunian", "material": "Pasang Bata", "struktur": "Dinding Pemikul", "tipe_atap": "Kombinasi", "penutup_atap": "Genteng", "dinding": "Bata Plaster", "kondisi": "Baik", "keyakinan": "Tinggi", "taksonomi": "MUR/LWAL/RSH8/RMT1/EWMA/CV1/HEX:1", "kode_singkat": "MUR \\LWAL\\HEX:1", "koefisien": 1.0, "nilai_exposure": 816102088.25706005, "kelas_exposure": "> Rp638.909.581,39 - Rp1.136.724.268,30", "exposure_rank": 2, "kelas_gempa": "Sedang", "kelas_tsunami": "Sedang" }, "geometry": { "type": "Polygon", "coordinates": [ [ [ 105.2346601, -5.5530867 ], [ 105.2347564, -5.5530403 ], [ 105.2348129, -5.5531676 ], [ 105.2347047, -5.5532247 ], [ 105.2346648, -5.5531438 ], [ 105.2346821, -5.5531373 ], [ 105.2346601, -5.5530867 ] ] ] } },
{ "type": "Feature", "properties": { "point_id": 510, "footprint_id": 1094, "id_bangunan": "SDI-A40-040", "fungsi_bangunan": "Rumah tinggal dan Warung", "jumlah_lantai": 1, "tinggi_lantai": 4.0, "tinggi_total": 4.0, "luas_m2": 221.14, "jarak_match_m": 0.0, "metode_match": "within", "status_match": "OK", "blok": "A", "klas_fungsi": "Hunian", "material": "Pasang Bata", "struktur": "Rangka Beton Bertulang", "tipe_atap": "Pelana", "penutup_atap": "Genteng", "dinding": "Bata Plaster", "kondisi": "Baik", "keyakinan": "Tinggi", "taksonomi": "MCF/LFINF/RSH2/RMT1/EWMA/CV1/HEX:1", "kode_singkat": "MCF \\LFINF\\HEX:1", "koefisien": 1.0, "nilai_exposure": 666564798.36688006, "kelas_exposure": "> Rp638.909.581,39 - Rp1.136.724.268,30", "exposure_rank": 2, "kelas_gempa": "Sedang", "kelas_tsunami": "Sedang" }, "geometry": { "type": "MultiPolygon", "coordinates": [ [ [ [ 105.2250702, -5.5439334 ], [ 105.2250417, -5.5440648 ], [ 105.2249328, -5.5440412 ], [ 105.2249612, -5.5439098 ], [ 105.2250702, -5.5439334 ] ] ], [ [ [ 105.2250702, -5.5439334 ], [ 105.2249186, -5.5439 ], [ 105.2249228, -5.5438806 ], [ 105.2250744, -5.543914 ], [ 105.2250702, -5.5439334 ] ] ] ] } },
{ "type": "Feature", "properties": { "point_id": 511, "footprint_id": 257, "id_bangunan": "Blok D (SDI-D85-085)", "fungsi_bangunan": "rumah tinggal dan warung", "jumlah_lantai": 1, "tinggi_lantai": 4.0, "tinggi_total": 4.0, "luas_m2": 121.02, "jarak_match_m": 10.52, "metode_match": "optimal_nearest", "status_match": "OK", "blok": "D", "klas_fungsi": "Hunian", "material": "Pasang Bata", "struktur": "Rangka Beton Bertulang", "tipe_atap": "Pelana", "penutup_atap": "Genteng", "dinding": "Campuran", "kondisi": "Baik", "keyakinan": "Tinggi", "taksonomi": "MCF/LFINF/RSH2/RMT1/EWO/CV1/HEX:1", "kode_singkat": "MCF \\LFINF\\HEX:1", "koefisien": 1.0, "nilai_exposure": 433996118.65832603, "kelas_exposure": "Rp14.611.983,05 - Rp638.909.581,39", "exposure_rank": 1, "kelas_gempa": "Rendah", "kelas_tsunami": "Rendah" }, "geometry": { "type": "Polygon", "coordinates": [ [ [ 105.2406562, -5.5553407 ], [ 105.2407764, -5.5552679 ], [ 105.2408154, -5.5553302 ], [ 105.2406929, -5.5553976 ], [ 105.2406562, -5.5553407 ] ] ] } },
{ "type": "Feature", "properties": { "point_id": 512, "footprint_id": 269, "id_bangunan": "SDI-D10-010", "fungsi_bangunan": "Komersial", "jumlah_lantai": 1, "tinggi_lantai": 4.0, "tinggi_total": 4.0, "luas_m2": 77.07, "jarak_match_m": 3.89, "metode_match": "optimal_nearest", "status_match": "OK", "blok": "D", "klas_fungsi": "Perdagangan dan Jasa", "material": "Beton Bertulang", "struktur": "Rangka Beton Bertulang", "tipe_atap": "Datar (Dak Beton)", "penutup_atap": "Seng", "dinding": "Bata Plaster", "kondisi": "Baik", "keyakinan": "Tinggi", "taksonomi": "MCF/LFINF/RSH1/RMT2/EWMA/CV1/HEX:1", "kode_singkat": "MCF \\LFINF\\HEX:1", "koefisien": 1.0, "nilai_exposure": 2068057148.99494, "kelas_exposure": "> Rp1.856.590.180,23 - < Rp11.941.713.042,64", "exposure_rank": 4, "kelas_gempa": "Tinggi", "kelas_tsunami": "Tinggi" }, "geometry": { "type": "Polygon", "coordinates": [ [ [ 105.2401011, -5.5543838 ], [ 105.2400532, -5.5544217 ], [ 105.2400458, -5.5544122 ], [ 105.2400414, -5.5544154 ], [ 105.2399951, -5.5543472 ], [ 105.2400501, -5.5543068 ], [ 105.2400594, -5.5543194 ], [ 105.2401011, -5.5543838 ] ] ] } },
{ "type": "Feature", "properties": { "point_id": 513, "footprint_id": 191, "id_bangunan": "Blok D (SDI-D104-104)", "fungsi_bangunan": "Komersial", "jumlah_lantai": 1, "tinggi_lantai": 4.0, "tinggi_total": 4.0, "luas_m2": 82.21, "jarak_match_m": 12.01, "metode_match": "optimal_nearest", "status_match": "OK", "blok": "D", "klas_fungsi": "Perdagangan dan Jasa", "material": "Pasang Bata", "struktur": "Dinding Pemikul", "tipe_atap": "Pelana", "penutup_atap": "Genteng", "dinding": "Bata Plaster", "kondisi": "Rusak Ringan", "keyakinan": "Tinggi", "taksonomi": "MUR/LWAL/RSH2/RMT1/EWMA/CV2/HEX:1", "kode_singkat": "MUR \\LWAL\\HEX:1", "koefisien": 1.0, "nilai_exposure": 880056030.15833998, "kelas_exposure": "> Rp638.909.581,39 - Rp1.136.724.268,30", "exposure_rank": 2, "kelas_gempa": "Sedang", "kelas_tsunami": "Sedang" }, "geometry": { "type": "Polygon", "coordinates": [ [ [ 105.2413642, -5.556422 ], [ 105.2414451, -5.556372 ], [ 105.2414822, -5.5564321 ], [ 105.2414013, -5.5564821 ], [ 105.2413642, -5.556422 ] ] ] } },
{ "type": "Feature", "properties": { "point_id": 514, "footprint_id": 562, "id_bangunan": "SDI-B38-038", "fungsi_bangunan": "Penginapan", "jumlah_lantai": 1, "tinggi_lantai": 4.0, "tinggi_total": 4.0, "luas_m2": 144.87, "jarak_match_m": 0.27, "metode_match": "optimal_nearest", "status_match": "OK", "blok": "B", "klas_fungsi": "Hunian", "material": "Pasang Bata", "struktur": "Rangka Beton Bertulang", "tipe_atap": "Pelana", "penutup_atap": "Seng", "dinding": "Bata Plaster", "kondisi": "Baik", "keyakinan": "Tinggi", "taksonomi": "MUR/LWAL/RSH2/RMT2/EWMA/CV1/HEX:1", "kode_singkat": "MUR \\LWAL\\HEX:1", "koefisien": 1.0, "nilai_exposure": 1747694060.0620799, "kelas_exposure": "> Rp1.136.724.268,30 - Rp1.856.590.180,23", "exposure_rank": 3, "kelas_gempa": "Tinggi", "kelas_tsunami": "Tinggi" }, "geometry": { "type": "Polygon", "coordinates": [ [ [ 105.2293552, -5.5470324 ], [ 105.2294046, -5.5469735 ], [ 105.229514, -5.5470693 ], [ 105.2294623, -5.5471359 ], [ 105.2293552, -5.5470324 ] ] ] } },
{ "type": "Feature", "properties": { "point_id": 515, "footprint_id": 1252, "id_bangunan": "SDI-A07-007", "fungsi_bangunan": "Toko/Warung", "jumlah_lantai": 1, "tinggi_lantai": 4.0, "tinggi_total": 4.0, "luas_m2": 19.8, "jarak_match_m": 3.53, "metode_match": "optimal_nearest", "status_match": "OK", "blok": "A", "klas_fungsi": "Perdagangan dan Jasa", "material": "Kayu", "struktur": "Dinding Pemikul", "tipe_atap": "Miring Satu Arah", "penutup_atap": "Seng", "dinding": "Bata Ekspos", "kondisi": "Sedang", "keyakinan": "Tinggi", "taksonomi": "MUR/LWAL/RSH5/RMT2/EWMA/CV2/HEX:1", "kode_singkat": "MUR \\LWAL\\HEX:1", "koefisien": 1.0, "nilai_exposure": 1583564224.10818, "kelas_exposure": "> Rp1.136.724.268,30 - Rp1.856.590.180,23", "exposure_rank": 3, "kelas_gempa": "Tinggi", "kelas_tsunami": "Tinggi" }, "geometry": { "type": "Polygon", "coordinates": [ [ [ 105.2272866, -5.5450554 ], [ 105.2273046, -5.5450145 ], [ 105.227337, -5.5450307 ], [ 105.2273189, -5.5450716 ], [ 105.2272866, -5.5450554 ] ] ] } },
{ "type": "Feature", "properties": { "point_id": 516, "footprint_id": 715, "id_bangunan": "SDI-C25-025", "fungsi_bangunan": "Toko/Warung", "jumlah_lantai": 1, "tinggi_lantai": 4.0, "tinggi_total": 4.0, "luas_m2": 71.06, "jarak_match_m": 6.63, "metode_match": "optimal_nearest", "status_match": "OK", "blok": "C", "klas_fungsi": "Perdagangan dan Jasa", "material": "Pasang Bata", "struktur": "Dinding Pemikul", "tipe_atap": "Miring Satu Arah", "penutup_atap": "Spandek", "dinding": "Campuran", "kondisi": "Baik", "keyakinan": "Tinggi", "taksonomi": "MUR/LWAL/RSH5/RMT6/EWO/CV1/HEX:1", "kode_singkat": "MUR \\LWAL\\HEX:1", "koefisien": 1.0, "nilai_exposure": 947710669.01719999, "kelas_exposure": "> Rp638.909.581,39 - Rp1.136.724.268,30", "exposure_rank": 2, "kelas_gempa": "Tinggi", "kelas_tsunami": "Tinggi" }, "geometry": { "type": "Polygon", "coordinates": [ [ [ 105.235015, -5.5515816 ], [ 105.2350322, -5.5516066 ], [ 105.2350173, -5.5516149 ], [ 105.2350263, -5.551631 ], [ 105.2350185, -5.5516346 ], [ 105.235028, -5.5516482 ], [ 105.2349626, -5.5516899 ], [ 105.2349269, -5.5516399 ], [ 105.235015, -5.5515816 ] ] ] } },
{ "type": "Feature", "properties": { "point_id": 517, "footprint_id": 1223, "id_bangunan": "SDI-B01-001", "fungsi_bangunan": "Toko/Warung", "jumlah_lantai": 1, "tinggi_lantai": 4.0, "tinggi_total": 4.0, "luas_m2": 167.39, "jarak_match_m": 0.0, "metode_match": "within", "status_match": "OK", "blok": "B", "klas_fungsi": "Hunian", "material": "Pasang Bata", "struktur": "Dinding Pemikul", "tipe_atap": "Kombinasi", "penutup_atap": "Genteng", "dinding": "Bata Plaster", "kondisi": "Baik", "keyakinan": "Tinggi", "taksonomi": "MUR/LWAL/RSH8/RMT1/EWMA/CV1/HEX:1", "kode_singkat": "MUR \\LWAL\\HEX:1", "koefisien": 1.0, "nilai_exposure": 638909581.39458001, "kelas_exposure": "> Rp638.909.581,39 - Rp1.136.724.268,30", "exposure_rank": 2, "kelas_gempa": "Sedang", "kelas_tsunami": "Sedang" }, "geometry": { "type": "Polygon", "coordinates": [ [ [ 105.2284686, -5.5458526 ], [ 105.2285428, -5.545925 ], [ 105.2284508, -5.5460195 ], [ 105.2283765, -5.5459471 ], [ 105.2284686, -5.5458526 ] ] ] } },
{ "type": "Feature", "properties": { "point_id": 518, "footprint_id": 545, "id_bangunan": "SD1-B03-003", "fungsi_bangunan": "Toko/Warung", "jumlah_lantai": 1, "tinggi_lantai": 4.0, "tinggi_total": 4.0, "luas_m2": 51.05, "jarak_match_m": 4.44, "metode_match": "optimal_nearest", "status_match": "OK", "blok": "B", "klas_fungsi": "Perdagangan dan Jasa", "material": "Pasang Bata", "struktur": "Dinding Pemikul", "tipe_atap": "Kombinasi", "penutup_atap": "Genteng", "dinding": "Bata Ekspos", "kondisi": "Baik", "keyakinan": "Tinggi", "taksonomi": "MUR/LWAL/RSH8/RMT1/EWMA/CV1/HEX:1", "kode_singkat": "MUR \\LWAL\\HEX:1", "koefisien": 1.09, "nilai_exposure": 1472173569.9189911, "kelas_exposure": "> Rp1.136.724.268,30 - Rp1.856.590.180,23", "exposure_rank": 3, "kelas_gempa": "Tinggi", "kelas_tsunami": "Tinggi" }, "geometry": { "type": "Polygon", "coordinates": [ [ [ 105.2292329, -5.5470974 ], [ 105.229246, -5.5470769 ], [ 105.2292698, -5.5470458 ], [ 105.2293, -5.5470669 ], [ 105.2292955, -5.5470729 ], [ 105.22932, -5.5470917 ], [ 105.2292884, -5.5471383 ], [ 105.2292329, -5.5470974 ] ] ] } },
{ "type": "Feature", "properties": { "point_id": 519, "footprint_id": 384, "id_bangunan": "SDI-D04-004", "fungsi_bangunan": "Toko/Warung", "jumlah_lantai": 2, "tinggi_lantai": 4.0, "tinggi_total": 8.0, "luas_m2": 198.66, "jarak_match_m": 14.63, "metode_match": "optimal_nearest", "status_match": "OK", "blok": "D", "klas_fungsi": "Perdagangan dan Jasa", "material": "Beton Bertulang", "struktur": "Dinding Pemikul", "tipe_atap": "Kombinasi", "penutup_atap": "Seng", "dinding": "Bata Plaster", "kondisi": "Baik", "keyakinan": "Tinggi", "taksonomi": "CR/LFINF/RSH8/RMT2/EWMA/CV1/HEX:2", "kode_singkat": "CR \\LFINF\\HEX:2", "koefisien": 1.0, "nilai_exposure": 1308346830.3225999, "kelas_exposure": "> Rp1.136.724.268,30 - Rp1.856.590.180,23", "exposure_rank": 3, "kelas_gempa": "Tinggi", "kelas_tsunami": "Tinggi" }, "geometry": { "type": "Polygon", "coordinates": [ [ [ 105.2420508, -5.5530048 ], [ 105.2421879, -5.5529155 ], [ 105.242241, -5.5529986 ], [ 105.2421027, -5.553089 ], [ 105.2420508, -5.5530048 ] ] ] } },
{ "type": "Feature", "properties": { "point_id": 520, "footprint_id": 374, "id_bangunan": "SDI-D05-005", "fungsi_bangunan": "Toko/Warung", "jumlah_lantai": 1, "tinggi_lantai": 4.0, "tinggi_total": 4.0, "luas_m2": 260.63, "jarak_match_m": 0.42, "metode_match": "optimal_nearest", "status_match": "OK", "blok": "D", "klas_fungsi": "Perdagangan dan Jasa", "material": "Beton Bertulang", "struktur": "Rangka Beton Bertulang", "tipe_atap": "Kombinasi", "penutup_atap": "Seng", "dinding": "Bata Plaster", "kondisi": "Baik", "keyakinan": "Tinggi", "taksonomi": "MUR/LFINF/RSH8/RMT2/EWMA/CV1/HEX:1", "kode_singkat": "MUR \\LFINF\\HEX:1", "koefisien": 1.0, "nilai_exposure": 157332743.25932398, "kelas_exposure": "Rp14.611.983,05 - Rp638.909.581,39", "exposure_rank": 1, "kelas_gempa": "Rendah", "kelas_tsunami": "Rendah" }, "geometry": { "type": "Polygon", "coordinates": [ [ [ 105.2436608, -5.5514286 ], [ 105.2437583, -5.5513218 ], [ 105.2437838, -5.5513451 ], [ 105.2437788, -5.5513546 ], [ 105.2438618, -5.5514396 ], [ 105.2437581, -5.5515366 ], [ 105.2436608, -5.5514286 ] ] ] } },
{ "type": "Feature", "properties": { "point_id": 521, "footprint_id": 523, "id_bangunan": "SDI-B04–004", "fungsi_bangunan": "Toko/Warung", "jumlah_lantai": 1, "tinggi_lantai": 4.0, "tinggi_total": 4.0, "luas_m2": 31.34, "jarak_match_m": 5.28, "metode_match": "optimal_nearest", "status_match": "OK", "blok": null, "klas_fungsi": null, "material": null, "struktur": null, "tipe_atap": null, "penutup_atap": null, "dinding": null, "kondisi": null, "keyakinan": null, "taksonomi": null, "kode_singkat": null, "koefisien": null, "nilai_exposure": null, "kelas_exposure": null, "exposure_rank": 0, "kelas_gempa": "Tidak Terdampak", "kelas_tsunami": "Tidak Terdampak" }, "geometry": { "type": "Polygon", "coordinates": [ [ [ 105.2294038, -5.5483542 ], [ 105.2294117, -5.5483528 ], [ 105.2294114, -5.5483473 ], [ 105.2294602, -5.5483362 ], [ 105.2294621, -5.5483404 ], [ 105.2294676, -5.548339 ], [ 105.2294759, -5.5483721 ], [ 105.2294112, -5.5483895 ], [ 105.2294038, -5.5483542 ] ] ] } },
{ "type": "Feature", "properties": { "point_id": 522, "footprint_id": 404, "id_bangunan": "SDI-D06-006", "fungsi_bangunan": "Toko/Warung", "jumlah_lantai": 1, "tinggi_lantai": 4.0, "tinggi_total": 4.0, "luas_m2": 71.06, "jarak_match_m": 38.69, "metode_match": "optimal_nearest", "status_match": "PERLU_CEK", "blok": "D", "klas_fungsi": "Perdagangan dan Jasa", "material": "Pasang Bata", "struktur": "Rangka Beton Bertulang", "tipe_atap": "Datar (Dak Beton)", "penutup_atap": "Seng", "dinding": "Bata Ekspos", "kondisi": "Baik", "keyakinan": "Tinggi", "taksonomi": "CR/LFINF/RSH1/RMT2/EWMA/CV1/HEX:1", "kode_singkat": "CR \\LFINF\\HEX:1", "koefisien": 1.0, "nilai_exposure": 1025703744.14518, "kelas_exposure": "> Rp638.909.581,39 - Rp1.136.724.268,30", "exposure_rank": 2, "kelas_gempa": "Tinggi", "kelas_tsunami": "Tinggi" }, "geometry": { "type": "Polygon", "coordinates": [ [ [ 105.2433949, -5.5521003 ], [ 105.2433683, -5.5520751 ], [ 105.2433762, -5.5520668 ], [ 105.2433355, -5.5520273 ], [ 105.2433786, -5.551989 ], [ 105.2434454, -5.5520532 ], [ 105.2433949, -5.5521003 ] ] ] } },
{ "type": "Feature", "properties": { "point_id": 523, "footprint_id": 689, "id_bangunan": "SDI-B07-007", "fungsi_bangunan": "Toko/Warung", "jumlah_lantai": 1, "tinggi_lantai": 4.0, "tinggi_total": 4.0, "luas_m2": 204.32, "jarak_match_m": 0.0, "metode_match": "within", "status_match": "OK", "blok": "B", "klas_fungsi": "Hunian", "material": "Pasang Bata", "struktur": "Dinding Pemikul", "tipe_atap": "Kombinasi", "penutup_atap": "Genteng", "dinding": "Bata Plaster", "kondisi": "Baik", "keyakinan": "Tinggi", "taksonomi": "MUR/LWAL/RSH8/RMT1/EWMA/CV1/HEX:1", "kode_singkat": "MUR \\LWAL\\HEX:1", "koefisien": 1.0, "nilai_exposure": 761283802.99418008, "kelas_exposure": "> Rp638.909.581,39 - Rp1.136.724.268,30", "exposure_rank": 2, "kelas_gempa": "Sedang", "kelas_tsunami": "Sedang" }, "geometry": { "type": "Polygon", "coordinates": [ [ [ 105.22993, -5.5491605 ], [ 105.2299186, -5.5491363 ], [ 105.2299357, -5.5491291 ], [ 105.2299186, -5.5490913 ], [ 105.2300392, -5.5490363 ], [ 105.2300506, -5.5490592 ], [ 105.2300735, -5.5490463 ], [ 105.2301084, -5.5491077 ], [ 105.22995, -5.5491948 ], [ 105.22993, -5.5491605 ] ] ] } },
{ "type": "Feature", "properties": { "point_id": 524, "footprint_id": 309, "id_bangunan": "SDI-D11-011", "fungsi_bangunan": "Toko/Warung", "jumlah_lantai": 1, "tinggi_lantai": 4.0, "tinggi_total": 4.0, "luas_m2": 180.99, "jarak_match_m": 0.0, "metode_match": "within", "status_match": "OK", "blok": null, "klas_fungsi": null, "material": null, "struktur": null, "tipe_atap": null, "penutup_atap": null, "dinding": null, "kondisi": null, "keyakinan": null, "taksonomi": null, "kode_singkat": null, "koefisien": null, "nilai_exposure": null, "kelas_exposure": null, "exposure_rank": 0, "kelas_gempa": "Tidak Terdampak", "kelas_tsunami": "Tidak Terdampak" }, "geometry": { "type": "Polygon", "coordinates": [ [ [ 105.2401068, -5.5540279 ], [ 105.240064, -5.5540686 ], [ 105.2399476, -5.553938 ], [ 105.2400257, -5.5538671 ], [ 105.2400878, -5.553937 ], [ 105.2400828, -5.5539444 ], [ 105.2400573, -5.553972 ], [ 105.2401068, -5.5540279 ] ] ] } },
{ "type": "Feature", "properties": { "point_id": 525, "footprint_id": 345, "id_bangunan": "SDI-D12-012", "fungsi_bangunan": "Toko/Warung", "jumlah_lantai": 1, "tinggi_lantai": 4.0, "tinggi_total": 4.0, "luas_m2": 2.91, "jarak_match_m": 1.98, "metode_match": "optimal_nearest", "status_match": "OK", "blok": "D", "klas_fungsi": "Perdagangan dan Jasa", "material": "Campuran", "struktur": "Campuran", "tipe_atap": "Kombinasi", "penutup_atap": "Seng", "dinding": "Campuran", "kondisi": "Baik", "keyakinan": "Tinggi", "taksonomi": "W/LPB/RSH8/RMT2/EWO/CV1/HEX:1", "kode_singkat": "W \\LPB\\HEX:1", "koefisien": 1.0, "nilai_exposure": 251791537.776458, "kelas_exposure": "Rp14.611.983,05 - Rp638.909.581,39", "exposure_rank": 1, "kelas_gempa": "Tidak Ada Data", "kelas_tsunami": "Tidak Ada Data" }, "geometry": { "type": "Polygon", "coordinates": [ [ [ 105.2411179, -5.5537292 ], [ 105.2411369, -5.553718 ], [ 105.2411431, -5.5537263 ], [ 105.2411248, -5.5537382 ], [ 105.2411179, -5.5537292 ] ] ] } },
{ "type": "Feature", "properties": { "point_id": 526, "footprint_id": 554, "id_bangunan": "SDI-B37-037", "fungsi_bangunan": "Toko/Warung", "jumlah_lantai": 1, "tinggi_lantai": 4.0, "tinggi_total": 4.0, "luas_m2": 50.16, "jarak_match_m": 0.33, "metode_match": "optimal_nearest", "status_match": "OK", "blok": "B", "klas_fungsi": "Perdagangan dan Jasa", "material": "Pasang Bata", "struktur": "Rangka Beton Bertulang", "tipe_atap": "Miring Satu Arah", "penutup_atap": "Seng", "dinding": "Bata Ekspos", "kondisi": "Baik", "keyakinan": "Tinggi", "taksonomi": "MCF/LFINF/RSH5/RMT2/EWMA/CV1/HEX:1", "kode_singkat": "MCF \\LFINF\\HEX:1", "koefisien": 1.0, "nilai_exposure": 1169069576.64572, "kelas_exposure": "> Rp1.136.724.268,30 - Rp1.856.590.180,23", "exposure_rank": 3, "kelas_gempa": "Tinggi", "kelas_tsunami": "Tinggi" }, "geometry": { "type": "Polygon", "coordinates": [ [ [ 105.2294565, -5.547315 ], [ 105.2294527, -5.5473145 ], [ 105.2294532, -5.5473078 ], [ 105.2294687, -5.5472294 ], [ 105.2295157, -5.5472395 ], [ 105.2294988, -5.5473228 ], [ 105.2294565, -5.547315 ] ] ] } },
{ "type": "Feature", "properties": { "point_id": 527, "footprint_id": 2, "id_bangunan": "SDI-B44-044", "fungsi_bangunan": "Toko/Warung", "jumlah_lantai": 1, "tinggi_lantai": 4.0, "tinggi_total": 4.0, "luas_m2": 117.04, "jarak_match_m": 0.0, "metode_match": "within", "status_match": "OK", "blok": "B", "klas_fungsi": "Perdagangan dan Jasa", "material": "Pasang Bata", "struktur": "Dinding Pemikul", "tipe_atap": "Pelana", "penutup_atap": "Genteng", "dinding": "Bata Plaster", "kondisi": "Baik", "keyakinan": "Tinggi", "taksonomi": "MUR/LWAL/RSH2/RMT1/EWMA/CV1/HEX:1", "kode_singkat": "MUR \\LWAL\\HEX:1", "koefisien": 1.0, "nilai_exposure": 281647080.78394198, "kelas_exposure": "Rp14.611.983,05 - Rp638.909.581,39", "exposure_rank": 1, "kelas_gempa": "Rendah", "kelas_tsunami": "Rendah" }, "geometry": { "type": "Polygon", "coordinates": [ [ [ 105.2294, -5.5466514 ], [ 105.2293983, -5.5466777 ], [ 105.2294179, -5.5466768 ], [ 105.229415, -5.5467205 ], [ 105.2293936, -5.546721 ], [ 105.2293849, -5.5467723 ], [ 105.2293174, -5.5467632 ], [ 105.2293273, -5.5466443 ], [ 105.2294, -5.5466514 ] ] ] } },
{ "type": "Feature", "properties": { "point_id": 528, "footprint_id": 846, "id_bangunan": "SDI-C38-038", "fungsi_bangunan": "Toko/Warung", "jumlah_lantai": 1, "tinggi_lantai": 4.0, "tinggi_total": 4.0, "luas_m2": 56.1, "jarak_match_m": 0.19, "metode_match": "optimal_nearest", "status_match": "OK", "blok": "C", "klas_fungsi": "Perdagangan dan Jasa", "material": "Pasang Bata", "struktur": "Dinding Pemikul", "tipe_atap": "Miring Satu Arah", "penutup_atap": "Asbes", "dinding": "Campuran", "kondisi": "Sedang", "keyakinan": "Tinggi", "taksonomi": "MUR/LPB/RSH5/RMT6/EWO/CV2/HEX:1", "kode_singkat": "MUR \\LPB\\HEX:1", "koefisien": 1.0, "nilai_exposure": 226990910.97235399, "kelas_exposure": "Rp14.611.983,05 - Rp638.909.581,39", "exposure_rank": 1, "kelas_gempa": "Rendah", "kelas_tsunami": "Rendah" }, "geometry": { "type": "Polygon", "coordinates": [ [ [ 105.2373786, -5.5529347 ], [ 105.2373839, -5.5529418 ], [ 105.2373923, -5.5529364 ], [ 105.2374309, -5.5529935 ], [ 105.237381, -5.5530263 ], [ 105.237337, -5.5529644 ], [ 105.2373786, -5.5529347 ] ] ] } },
{ "type": "Feature", "properties": { "point_id": 529, "footprint_id": 820, "id_bangunan": "SDI-C54-054", "fungsi_bangunan": "Toko/Warung", "jumlah_lantai": 1, "tinggi_lantai": 4.0, "tinggi_total": 4.0, "luas_m2": 45.22, "jarak_match_m": 0.0, "metode_match": "within", "status_match": "OK", "blok": "C", "klas_fungsi": "Perdagangan dan Jasa", "material": "Kayu", "struktur": "Rangka Kayu", "tipe_atap": "Pelana", "penutup_atap": "Asbes", "dinding": "Tidak Terlihat", "kondisi": "Rusak Ringan", "keyakinan": "Tinggi", "taksonomi": "W/LWAL/RSH2/RMT6/EW99/CV2/HEX:1", "kode_singkat": "W \\LWAL\\HEX:1", "koefisien": 1.0, "nilai_exposure": 117611485.892442, "kelas_exposure": "Rp14.611.983,05 - Rp638.909.581,39", "exposure_rank": 1, "kelas_gempa": "Rendah", "kelas_tsunami": "Rendah" }, "geometry": { "type": "Polygon", "coordinates": [ [ [ 105.2367318, -5.5519284 ], [ 105.2367699, -5.5519099 ], [ 105.236807, -5.5519674 ], [ 105.2367723, -5.5519855 ], [ 105.2367751, -5.5519893 ], [ 105.2367594, -5.5519965 ], [ 105.236728, -5.5519446 ], [ 105.2367399, -5.5519394 ], [ 105.2367318, -5.5519284 ] ] ] } },
{ "type": "Feature", "properties": { "point_id": 530, "footprint_id": 818, "id_bangunan": "SDI-C55-055", "fungsi_bangunan": "Toko/Warung", "jumlah_lantai": 1, "tinggi_lantai": 4.0, "tinggi_total": 4.0, "luas_m2": 23.43, "jarak_match_m": 0.0, "metode_match": "within", "status_match": "OK", "blok": null, "klas_fungsi": null, "material": null, "struktur": null, "tipe_atap": null, "penutup_atap": null, "dinding": null, "kondisi": null, "keyakinan": null, "taksonomi": null, "kode_singkat": null, "koefisien": null, "nilai_exposure": null, "kelas_exposure": null, "exposure_rank": 0, "kelas_gempa": "Tidak Terdampak", "kelas_tsunami": "Tidak Terdampak" }, "geometry": { "type": "Polygon", "coordinates": [ [ [ 105.2367533, -5.5518637 ], [ 105.2367704, -5.5519037 ], [ 105.2367276, -5.5519184 ], [ 105.2367118, -5.5518794 ], [ 105.2367533, -5.5518637 ] ] ] } },
{ "type": "Feature", "properties": { "point_id": 531, "footprint_id": 787, "id_bangunan": "Blok C (SDI-C82-082)", "fungsi_bangunan": "Toko/Warung", "jumlah_lantai": 1, "tinggi_lantai": 4.0, "tinggi_total": 4.0, "luas_m2": 113.94, "jarak_match_m": 41.3, "metode_match": "optimal_nearest", "status_match": "PERLU_CEK", "blok": "C", "klas_fungsi": "Perdagangan dan Jasa", "material": "Pasang Bata", "struktur": "Rangka Beton Bertulang", "tipe_atap": "Miring Satu Arah", "penutup_atap": "Seng", "dinding": "Bata Ekspos", "kondisi": "Baik", "keyakinan": "Tinggi", "taksonomi": "MUR/LFINF/RSH5/RMT2/EWMA/CV1/HEX:1", "kode_singkat": "MUR \\LFINF\\HEX:1", "koefisien": 1.0, "nilai_exposure": 240447144.968362, "kelas_exposure": "Rp14.611.983,05 - Rp638.909.581,39", "exposure_rank": 1, "kelas_gempa": "Rendah", "kelas_tsunami": "Rendah" }, "geometry": { "type": "Polygon", "coordinates": [ [ [ 105.2358371, -5.5536912 ], [ 105.2358829, -5.5536716 ], [ 105.2359519, -5.5537941 ], [ 105.235962, -5.5537893 ], [ 105.2359805, -5.5538256 ], [ 105.2359269, -5.5538476 ], [ 105.2358912, -5.5537733 ], [ 105.2358787, -5.5537774 ], [ 105.2358371, -5.5536912 ] ] ] } },
{ "type": "Feature", "properties": { "point_id": 532, "footprint_id": 790, "id_bangunan": "Blok C (SDI-C88-088)", "fungsi_bangunan": "Toko/Warung", "jumlah_lantai": 1, "tinggi_lantai": 4.0, "tinggi_total": 4.0, "luas_m2": 188.89, "jarak_match_m": 27.18, "metode_match": "optimal_nearest", "status_match": "PERLU_CEK", "blok": "C", "klas_fungsi": "Perdagangan dan Jasa", "material": "Pasang Bata", "struktur": "Dinding Pemikul", "tipe_atap": "Kombinasi", "penutup_atap": "Genteng dan Seng", "dinding": "Bata Ekspos", "kondisi": "Sedang", "keyakinan": "Tinggi", "taksonomi": "MUR/LFINF/RSH8/RMT1+RMT6/EWMA/CV2/HEX:1", "kode_singkat": "MUR \\LFINF\\HEX:1", "koefisien": 1.0, "nilai_exposure": 236957195.21307001, "kelas_exposure": "Rp14.611.983,05 - Rp638.909.581,39", "exposure_rank": 1, "kelas_gempa": "Rendah", "kelas_tsunami": "Rendah" }, "geometry": { "type": "Polygon", "coordinates": [ [ [ 105.2362071, -5.5539851 ], [ 105.2362707, -5.5539589 ], [ 105.2363041, -5.5540362 ], [ 105.2363213, -5.5540285 ], [ 105.2363594, -5.5541231 ], [ 105.2363124, -5.5541445 ], [ 105.2362815, -5.554157 ], [ 105.2362719, -5.5541415 ], [ 105.236263, -5.5541457 ], [ 105.2362577, -5.5541373 ], [ 105.236263, -5.5541338 ], [ 105.2362071, -5.5539851 ] ] ] } },
{ "type": "Feature", "properties": { "point_id": 533, "footprint_id": 303, "id_bangunan": "SDI-D49-049", "fungsi_bangunan": "Toko/Warung", "jumlah_lantai": 1, "tinggi_lantai": 4.0, "tinggi_total": 4.0, "luas_m2": 47.2, "jarak_match_m": 0.0, "metode_match": "within", "status_match": "OK", "blok": null, "klas_fungsi": null, "material": null, "struktur": null, "tipe_atap": null, "penutup_atap": null, "dinding": null, "kondisi": null, "keyakinan": null, "taksonomi": null, "kode_singkat": null, "koefisien": null, "nilai_exposure": null, "kelas_exposure": null, "exposure_rank": 0, "kelas_gempa": "Tidak Terdampak", "kelas_tsunami": "Tidak Terdampak" }, "geometry": { "type": "Polygon", "coordinates": [ [ [ 105.240468, -5.553702 ], [ 105.240512, -5.5536553 ], [ 105.2405556, -5.5536996 ], [ 105.2405128, -5.5537434 ], [ 105.240468, -5.553702 ] ] ] } },
{ "type": "Feature", "properties": { "point_id": 534, "footprint_id": 209, "id_bangunan": "Blok D (SDI-D34-034)", "fungsi_bangunan": "Toko/Warung", "jumlah_lantai": 1, "tinggi_lantai": 4.0, "tinggi_total": 4.0, "luas_m2": 155.27, "jarak_match_m": 30.01, "metode_match": "optimal_nearest", "status_match": "PERLU_CEK", "blok": "D", "klas_fungsi": "Perdagangan dan Jasa", "material": "Kayu", "struktur": "Rangka Kayu", "tipe_atap": "Limasan", "penutup_atap": "Spandek", "dinding": "Kayu", "kondisi": "Sedang", "keyakinan": "Tinggi", "taksonomi": "W/LPB/RSH3/RMT6/EWW/CV2/HEX:1", "kode_singkat": "W \\LPB\\HEX:1", "koefisien": 1.0, "nilai_exposure": 490053198.06855601, "kelas_exposure": "Rp14.611.983,05 - Rp638.909.581,39", "exposure_rank": 1, "kelas_gempa": "Rendah", "kelas_tsunami": "Rendah" }, "geometry": { "type": "Polygon", "coordinates": [ [ [ 105.2448939, -5.5561796 ], [ 105.2448804, -5.5560958 ], [ 105.2450279, -5.556072 ], [ 105.2450415, -5.5561558 ], [ 105.2448939, -5.5561796 ] ] ] } },
{ "type": "Feature", "properties": { "point_id": 535, "footprint_id": 353, "id_bangunan": "SDI-D51-051", "fungsi_bangunan": "Toko/Warung", "jumlah_lantai": 1, "tinggi_lantai": 4.0, "tinggi_total": 4.0, "luas_m2": 97.62, "jarak_match_m": 2.44, "metode_match": "optimal_nearest", "status_match": "OK", "blok": "D", "klas_fungsi": "Perdagangan dan Jasa", "material": "Pasang Bata", "struktur": "Dinding Pemikul", "tipe_atap": "Kombinasi", "penutup_atap": "genteng, asbes", "dinding": "Bata Ekspos", "kondisi": "Baik", "keyakinan": "Tinggi", "taksonomi": "MCF/LFINF/RSH8/RMT1+RMT6/EWMA/CV1/HEX:1", "kode_singkat": "MCF \\LFINF\\HEX:1", "koefisien": 1.0, "nilai_exposure": 2682640262.9676204, "kelas_exposure": "> Rp1.856.590.180,23 - < Rp11.941.713.042,64", "exposure_rank": 4, "kelas_gempa": "Tinggi", "kelas_tsunami": "Tinggi" }, "geometry": { "type": "Polygon", "coordinates": [ [ [ 105.2406503, -5.5534777 ], [ 105.2407443, -5.5533999 ], [ 105.2407762, -5.5534396 ], [ 105.2407602, -5.5534558 ], [ 105.2407709, -5.5534658 ], [ 105.2406931, -5.5535312 ], [ 105.2406503, -5.5534777 ] ] ] } },
{ "type": "Feature", "properties": { "point_id": 536, "footprint_id": 294, "id_bangunan": "Blok D (SDI-D76-076)", "fungsi_bangunan": "Toko/Warung", "jumlah_lantai": 1, "tinggi_lantai": 4.0, "tinggi_total": 4.0, "luas_m2": 124.31, "jarak_match_m": 4.85, "metode_match": "optimal_nearest", "status_match": "OK", "blok": "D", "klas_fungsi": "Perdagangan dan Jasa", "material": "Pasang Bata", "struktur": "Rangka Beton Bertulang", "tipe_atap": "Kombinasi", "penutup_atap": "Genteng", "dinding": "Bata Plaster", "kondisi": "Baik", "keyakinan": "Tinggi", "taksonomi": "MCF/LFINF/RSH8/RMT1/EWMA/CV1/HEX:1", "kode_singkat": "MCF \\LFINF\\HEX:1", "koefisien": 1.0, "nilai_exposure": 2682640262.9676204, "kelas_exposure": "> Rp1.856.590.180,23 - < Rp11.941.713.042,64", "exposure_rank": 4, "kelas_gempa": "Tinggi", "kelas_tsunami": "Tinggi" }, "geometry": { "type": "Polygon", "coordinates": [ [ [ 105.2413673, -5.5546837 ], [ 105.2413206, -5.5547408 ], [ 105.2412183, -5.5546585 ], [ 105.2412492, -5.5546211 ], [ 105.2412411, -5.5546131 ], [ 105.241259, -5.5545928 ], [ 105.2413673, -5.5546837 ] ] ] } },
{ "type": "Feature", "properties": { "point_id": 537, "footprint_id": 340, "id_bangunan": "SDI-D77-077", "fungsi_bangunan": "Toko/Warung", "jumlah_lantai": 1, "tinggi_lantai": 4.0, "tinggi_total": 4.0, "luas_m2": 199.63, "jarak_match_m": 5.04, "metode_match": "optimal_nearest", "status_match": "OK", "blok": "D", "klas_fungsi": "Perdagangan dan Jasa", "material": "Pasang Bata", "struktur": "Rangka Beton Bertulang", "tipe_atap": "Kombinasi", "penutup_atap": "Genteng", "dinding": "Bata Plaster", "kondisi": "Sedang", "keyakinan": "Tinggi", "taksonomi": "MCF/LFINF/RSH8/RMT1/EWMA/CV2/HEX:1", "kode_singkat": "MCF \\LFINF\\HEX:1", "koefisien": 1.0, "nilai_exposure": 272116425.65236598, "kelas_exposure": "Rp14.611.983,05 - Rp638.909.581,39", "exposure_rank": 1, "kelas_gempa": "Rendah", "kelas_tsunami": "Rendah" }, "geometry": { "type": "Polygon", "coordinates": [ [ [ 105.2410626, -5.5545069 ], [ 105.2411024, -5.5544734 ], [ 105.2410776, -5.5544486 ], [ 105.2411362, -5.5544039 ], [ 105.2411481, -5.5544146 ], [ 105.2411521, -5.5544098 ], [ 105.2411476, -5.5544027 ], [ 105.2411757, -5.5543787 ], [ 105.2411819, -5.5543849 ], [ 105.241189, -5.5543796 ], [ 105.2412594, -5.554461 ], [ 105.2412573, -5.5544631 ], [ 105.2412792, -5.5544848 ], [ 105.2412261, -5.5545333 ], [ 105.2411671, -5.5544629 ], [ 105.2410864, -5.5545355 ], [ 105.2410626, -5.5545069 ] ] ] } },
{ "type": "Feature", "properties": { "point_id": 538, "footprint_id": 166, "id_bangunan": "Blok D (SDI-D133-133)", "fungsi_bangunan": "Toko/Warung", "jumlah_lantai": 1, "tinggi_lantai": 4.0, "tinggi_total": 4.0, "luas_m2": 54.21, "jarak_match_m": 0.0, "metode_match": "within", "status_match": "OK", "blok": "D", "klas_fungsi": "Perdagangan dan Jasa", "material": "Pasang Bata", "struktur": "Dinding Pemikul", "tipe_atap": "Pelana", "penutup_atap": "Asbes", "dinding": "Bata Plaster", "kondisi": "Sedang", "keyakinan": "Tinggi", "taksonomi": "MUR/LWAL/RSH2/RMT6/EWMA/CV2/HEX:1", "kode_singkat": "MUR \\LWAL\\HEX:1", "koefisien": 1.0, "nilai_exposure": 728090256.61949992, "kelas_exposure": "> Rp638.909.581,39 - Rp1.136.724.268,30", "exposure_rank": 2, "kelas_gempa": "Sedang", "kelas_tsunami": "Sedang" }, "geometry": { "type": "Polygon", "coordinates": [ [ [ 105.242251, -5.5586941 ], [ 105.2423224, -5.5586989 ], [ 105.2423183, -5.5587606 ], [ 105.2422469, -5.5587558 ], [ 105.242251, -5.5586941 ] ] ] } },
{ "type": "Feature", "properties": { "point_id": 539, "footprint_id": 301, "id_bangunan": "Blok D (SDI-D138-138)", "fungsi_bangunan": "Toko/Warung", "jumlah_lantai": 1, "tinggi_lantai": 4.0, "tinggi_total": 4.0, "luas_m2": 145.04, "jarak_match_m": 2.04, "metode_match": "optimal_nearest", "status_match": "OK", "blok": "D", "klas_fungsi": "Perdagangan dan Jasa", "material": "Kayu", "struktur": "Rangka Kayu", "tipe_atap": "Pelana", "penutup_atap": "Asbes", "dinding": "Kayu", "kondisi": "Sedang", "keyakinan": "Tinggi", "taksonomi": "W/LPB/RSH2/RMT6/EWW/CV2/HEX:1", "kode_singkat": "W \\LPB\\HEX:1", "koefisien": 1.0, "nilai_exposure": 2013776540.5256801, "kelas_exposure": "> Rp1.856.590.180,23 - < Rp11.941.713.042,64", "exposure_rank": 4, "kelas_gempa": "Tinggi", "kelas_tsunami": "Tinggi" }, "geometry": { "type": "Polygon", "coordinates": [ [ [ 105.2406224, -5.5543263 ], [ 105.2405939, -5.554294 ], [ 105.2405832, -5.5543032 ], [ 105.2405394, -5.5542528 ], [ 105.2405432, -5.5542488 ], [ 105.2405342, -5.5542354 ], [ 105.2405603, -5.5542114 ], [ 105.2405727, -5.5542247 ], [ 105.2406417, -5.5541733 ], [ 105.2406841, -5.5542281 ], [ 105.2406412, -5.5542609 ], [ 105.2406679, -5.5542933 ], [ 105.2406224, -5.5543263 ] ] ] } },
{ "type": "Feature", "properties": { "point_id": 540, "footprint_id": 266, "id_bangunan": "SDI-D58-058", "fungsi_bangunan": "TPQ", "jumlah_lantai": 1, "tinggi_lantai": 4.0, "tinggi_total": 4.0, "luas_m2": 87.33, "jarak_match_m": 7.05, "metode_match": "optimal_nearest", "status_match": "OK", "blok": "D", "klas_fungsi": "Keagamaan", "material": "Campuran", "struktur": "Rangka Baja", "tipe_atap": "Kombinasi", "penutup_atap": "Genteng + Spandek", "dinding": "Bata Plaster", "kondisi": "Baik", "keyakinan": "Tinggi", "taksonomi": "MIX/LFM/RSH8/RMT1+RMT6/EWMA/CV1/HEX:1", "kode_singkat": "MIX \\LFM\\HEX:1", "koefisien": 1.0, "nilai_exposure": 543568111.18973994, "kelas_exposure": "Rp14.611.983,05 - Rp638.909.581,39", "exposure_rank": 1, "kelas_gempa": "Rendah", "kelas_tsunami": "Rendah" }, "geometry": { "type": "Polygon", "coordinates": [ [ [ 105.2401914, -5.5546023 ], [ 105.2402697, -5.5545473 ], [ 105.2403149, -5.5546051 ], [ 105.2402338, -5.554662 ], [ 105.2401914, -5.5546023 ] ] ] } },
{ "type": "Feature", "properties": { "point_id": 541, "footprint_id": 1138, "id_bangunan": "SDI-A17-017", "fungsi_bangunan": "Tempat Ibadah", "jumlah_lantai": 1, "tinggi_lantai": 4.0, "tinggi_total": 4.0, "luas_m2": 70.65, "jarak_match_m": 7.43, "metode_match": "optimal_nearest", "status_match": "OK", "blok": null, "klas_fungsi": null, "material": null, "struktur": null, "tipe_atap": null, "penutup_atap": null, "dinding": null, "kondisi": null, "keyakinan": null, "taksonomi": null, "kode_singkat": null, "koefisien": null, "nilai_exposure": null, "kelas_exposure": null, "exposure_rank": 0, "kelas_gempa": "Tidak Terdampak", "kelas_tsunami": "Tidak Terdampak" }, "geometry": { "type": "Polygon", "coordinates": [ [ [ 105.2255639, -5.5446389 ], [ 105.2255899, -5.5446388 ], [ 105.2255898, -5.5446441 ], [ 105.2256084, -5.5446442 ], [ 105.2256103, -5.5447359 ], [ 105.2255479, -5.5447378 ], [ 105.2255495, -5.5446423 ], [ 105.2255632, -5.5446446 ], [ 105.2255639, -5.5446389 ] ] ] } },
{ "type": "Feature", "properties": { "point_id": 542, "footprint_id": 41, "id_bangunan": "SDI-D01-001", "fungsi_bangunan": "Tempat Ibadah", "jumlah_lantai": 1, "tinggi_lantai": 4.0, "tinggi_total": 4.0, "luas_m2": 67.41, "jarak_match_m": 14.46, "metode_match": "optimal_nearest", "status_match": "OK", "blok": "D", "klas_fungsi": "Keagamaan", "material": "Pasang Bata", "struktur": "Dinding Pemikul", "tipe_atap": "Kombinasi", "penutup_atap": "Genteng", "dinding": "Bata Plaster", "kondisi": "Rusak Berat", "keyakinan": "Tinggi", "taksonomi": "MCF/LFM/RSH8/RMT1/EWMA/CV4/HEX:1", "kode_singkat": "MCF \\LFM\\HEX:1", "koefisien": 1.0, "nilai_exposure": 611208269.17086005, "kelas_exposure": "Rp14.611.983,05 - Rp638.909.581,39", "exposure_rank": 1, "kelas_gempa": "Sedang", "kelas_tsunami": "Sedang" }, "geometry": { "type": "Polygon", "coordinates": [ [ [ 105.2515511, -5.5575819 ], [ 105.2516161, -5.5576183 ], [ 105.2515811, -5.5576854 ], [ 105.251519, -5.5576505 ], [ 105.2515511, -5.5575819 ] ] ] } },
{ "type": "Feature", "properties": { "point_id": 543, "footprint_id": 171, "id_bangunan": "SDI-D02-002", "fungsi_bangunan": "Tempat Ibadah", "jumlah_lantai": 1, "tinggi_lantai": 4.0, "tinggi_total": 4.0, "luas_m2": 121.76, "jarak_match_m": 3.1, "metode_match": "optimal_nearest", "status_match": "OK", "blok": "D", "klas_fungsi": "Keagamaan", "material": "Beton Bertulang", "struktur": "Dinding Pemikul", "tipe_atap": "Kombinasi", "penutup_atap": "Seng", "dinding": "Bata Plaster", "kondisi": "Baik", "keyakinan": "Tinggi", "taksonomi": "CR/LFM/RSH8/RMT2/EWMA/CV1/HEX:1", "kode_singkat": "CR \\LFM\\HEX:1", "koefisien": 1.0, "nilai_exposure": 679456931.92879999, "kelas_exposure": "> Rp638.909.581,39 - Rp1.136.724.268,30", "exposure_rank": 2, "kelas_gempa": "Sedang", "kelas_tsunami": "Sedang" }, "geometry": { "type": "Polygon", "coordinates": [ [ [ 105.2423248, -5.558223 ], [ 105.2424508, -5.5582317 ], [ 105.2424454, -5.5583102 ], [ 105.2423193, -5.5583015 ], [ 105.2423248, -5.558223 ] ] ] } },
{ "type": "Feature", "properties": { "point_id": 544, "footprint_id": 222, "id_bangunan": "SDI-D03-003", "fungsi_bangunan": "Tempat Ibadah", "jumlah_lantai": 1, "tinggi_lantai": 4.0, "tinggi_total": 4.0, "luas_m2": 103.84, "jarak_match_m": 4.66, "metode_match": "optimal_nearest", "status_match": "OK", "blok": null, "klas_fungsi": null, "material": null, "struktur": null, "tipe_atap": null, "penutup_atap": null, "dinding": null, "kondisi": null, "keyakinan": null, "taksonomi": null, "kode_singkat": null, "koefisien": null, "nilai_exposure": null, "kelas_exposure": null, "exposure_rank": 0, "kelas_gempa": "Tidak Terdampak", "kelas_tsunami": "Tidak Terdampak" }, "geometry": { "type": "Polygon", "coordinates": [ [ [ 105.2442182, -5.5551481 ], [ 105.2442657, -5.5552218 ], [ 105.2441846, -5.5552742 ], [ 105.244137, -5.5552004 ], [ 105.2442182, -5.5551481 ] ] ] } },
{ "type": "Feature", "properties": { "point_id": 545, "footprint_id": 641, "id_bangunan": "SDI-B06-006", "fungsi_bangunan": "Tempat Ibadah", "jumlah_lantai": 1, "tinggi_lantai": 4.0, "tinggi_total": 4.0, "luas_m2": 34.11, "jarak_match_m": 20.63, "metode_match": "optimal_nearest", "status_match": "PERLU_CEK", "blok": "B", "klas_fungsi": "Hunian", "material": "Kayu", "struktur": "Rangka Kayu", "tipe_atap": "Pelana", "penutup_atap": "Seng", "dinding": "Kayu", "kondisi": "Sedang", "keyakinan": "Tinggi", "taksonomi": "W/LPB/RSH2/RMT2/EWW/CV2/HEX:1", "kode_singkat": "W \\LPB\\HEX:1", "koefisien": 1.0, "nilai_exposure": 460895968.97873402, "kelas_exposure": "Rp14.611.983,05 - Rp638.909.581,39", "exposure_rank": 1, "kelas_gempa": "Rendah", "kelas_tsunami": "Rendah" }, "geometry": { "type": "Polygon", "coordinates": [ [ [ 105.2297841, -5.5493659 ], [ 105.2298398, -5.5493474 ], [ 105.2298533, -5.549393 ], [ 105.2297984, -5.5494116 ], [ 105.2297841, -5.5493659 ] ] ] } },
{ "type": "Feature", "properties": { "point_id": 546, "footprint_id": 1098, "id_bangunan": "SDI-A36-036", "fungsi_bangunan": "Tempat Ibadah", "jumlah_lantai": 1, "tinggi_lantai": 4.0, "tinggi_total": 4.0, "luas_m2": 86.04, "jarak_match_m": 14.39, "metode_match": "optimal_nearest", "status_match": "OK", "blok": "A", "klas_fungsi": "Keagamaan", "material": "Pasang Bata", "struktur": "Rangka Beton Bertulang", "tipe_atap": "Kombinasi", "penutup_atap": "Genteng, dan Asbes", "dinding": "Bata Plaster", "kondisi": "Baik", "keyakinan": "Tinggi", "taksonomi": "MCF/LFINF/RSH8/RMT1+RMT6/EWMA/CV1/HEX:1", "kode_singkat": "MCF \\LFINF\\HEX:1", "koefisien": 1.0, "nilai_exposure": 769195955.24811995, "kelas_exposure": "> Rp638.909.581,39 - Rp1.136.724.268,30", "exposure_rank": 2, "kelas_gempa": "Sedang", "kelas_tsunami": "Sedang" }, "geometry": { "type": "Polygon", "coordinates": [ [ [ 105.225376, -5.5441082 ], [ 105.225288, -5.5440969 ], [ 105.2252981, -5.5440184 ], [ 105.2253861, -5.5440297 ], [ 105.225376, -5.5441082 ] ] ] } },
{ "type": "Feature", "properties": { "point_id": 547, "footprint_id": 798, "id_bangunan": "SDI-C61-061", "fungsi_bangunan": "Tempat Ibadah", "jumlah_lantai": 1, "tinggi_lantai": 4.0, "tinggi_total": 4.0, "luas_m2": 168.78, "jarak_match_m": 10.14, "metode_match": "optimal_nearest", "status_match": "OK", "blok": "C", "klas_fungsi": "Keagamaan", "material": "Pasang Bata", "struktur": "Rangka Beton Bertulang", "tipe_atap": "Limasan", "penutup_atap": "Spandek", "dinding": "Bata Plaster", "kondisi": "Baik", "keyakinan": "Tinggi", "taksonomi": "MCF/LFINF/RSH3/RMT6/EWMA/CV1/HEX:1", "kode_singkat": "MCF \\LFINF\\HEX:1", "koefisien": 1.0, "nilai_exposure": 11941713042.6366, "kelas_exposure": "> Rp1.856.590.180,23 - < Rp11.941.713.042,64", "exposure_rank": 4, "kelas_gempa": "Tinggi", "kelas_tsunami": "Tinggi" }, "geometry": { "type": "Polygon", "coordinates": [ [ [ 105.236357, -5.5515619 ], [ 105.2364484, -5.5515419 ], [ 105.2364555, -5.551569 ], [ 105.2364669, -5.551569 ], [ 105.2364912, -5.5516611 ], [ 105.2364627, -5.5516654 ], [ 105.2364655, -5.5516861 ], [ 105.2364298, -5.5516925 ], [ 105.2364255, -5.5516825 ], [ 105.2363884, -5.5516875 ], [ 105.236357, -5.5515619 ] ] ] } },
{ "type": "Feature", "properties": { "point_id": 548, "footprint_id": 231, "id_bangunan": "Blok D (SDI-D21-021)", "fungsi_bangunan": "Tempat Ibadah", "jumlah_lantai": 1, "tinggi_lantai": 4.0, "tinggi_total": 4.0, "luas_m2": 127.08, "jarak_match_m": 39.24, "metode_match": "optimal_nearest", "status_match": "PERLU_CEK", "blok": "D", "klas_fungsi": "Keagamaan", "material": "Pasang Bata", "struktur": "Dinding Pemikul", "tipe_atap": "Limasan", "penutup_atap": "Seng", "dinding": "Bata Plaster", "kondisi": "Baik", "keyakinan": "Tinggi", "taksonomi": "MUR/LWAL/RSH3/RMT2/EWMA/CV1/HEX:1", "kode_singkat": "MUR \\LWAL\\HEX:1", "koefisien": 1.0, "nilai_exposure": 474294882.33365399, "kelas_exposure": "Rp14.611.983,05 - Rp638.909.581,39", "exposure_rank": 1, "kelas_gempa": "Rendah", "kelas_tsunami": "Rendah" }, "geometry": { "type": "Polygon", "coordinates": [ [ [ 105.2442315, -5.5545199 ], [ 105.2443214, -5.5546084 ], [ 105.2442637, -5.554667 ], [ 105.2441738, -5.5545785 ], [ 105.2442315, -5.5545199 ] ] ] } },
{ "type": "Feature", "properties": { "point_id": 549, "footprint_id": 172, "id_bangunan": "Blok D (SDI-D116-116)", "fungsi_bangunan": "Tempat Ibadah", "jumlah_lantai": 1, "tinggi_lantai": 4.0, "tinggi_total": 4.0, "luas_m2": 94.48, "jarak_match_m": 7.52, "metode_match": "optimal_nearest", "status_match": "OK", "blok": "D", "klas_fungsi": "Keagamaan", "material": "Pasang Bata", "struktur": "Dinding Pemikul", "tipe_atap": "Limasan", "penutup_atap": "Genteng", "dinding": "Bata Plaster", "kondisi": "Baik", "keyakinan": "Tinggi", "taksonomi": "MCF/LWAL/RSH3/RMT1/EWMA/CV1/HEX:1", "kode_singkat": "MCF \\LWAL\\HEX:1", "koefisien": 1.0, "nilai_exposure": 1069439807.5397, "kelas_exposure": "> Rp638.909.581,39 - Rp1.136.724.268,30", "exposure_rank": 2, "kelas_gempa": "Tinggi", "kelas_tsunami": "Tinggi" }, "geometry": { "type": "Polygon", "coordinates": [ [ [ 105.2420725, -5.5580326 ], [ 105.242163, -5.5580207 ], [ 105.242174, -5.5581046 ], [ 105.2420836, -5.5581165 ], [ 105.2420725, -5.5580326 ] ] ] } },
{ "type": "Feature", "properties": { "point_id": 550, "footprint_id": 1212, "id_bangunan": "Blok B (SDI-B122-122)", "fungsi_bangunan": "Tempat Ibadah", "jumlah_lantai": 1, "tinggi_lantai": 4.0, "tinggi_total": 4.0, "luas_m2": 213.04, "jarak_match_m": 0.0, "metode_match": "within", "status_match": "OK", "blok": "B", "klas_fungsi": "Keagamaan", "material": "Beton Bertulang", "struktur": "Rangka Beton Bertulang", "tipe_atap": "Limasan", "penutup_atap": "Genteng", "dinding": "Bata Plaster", "kondisi": "Baik", "keyakinan": "Tinggi", "taksonomi": "MCF/LFINF/RSH3/RMT1/EWMA/CV1/HEX:1", "kode_singkat": "MCF \\LFINF\\HEX:1", "koefisien": 1.0, "nilai_exposure": 992995253.54361999, "kelas_exposure": "> Rp638.909.581,39 - Rp1.136.724.268,30", "exposure_rank": 2, "kelas_gempa": "Tinggi", "kelas_tsunami": "Tinggi" }, "geometry": { "type": "Polygon", "coordinates": [ [ [ 105.2291151, -5.5463397 ], [ 105.2290744, -5.5464061 ], [ 105.2290304, -5.5463791 ], [ 105.2290164, -5.546398 ], [ 105.2289371, -5.5463393 ], [ 105.2290193, -5.5462282 ], [ 105.2290987, -5.5462869 ], [ 105.2290769, -5.5463163 ], [ 105.2291151, -5.5463397 ] ] ] } },
{ "type": "Feature", "properties": { "point_id": 551, "footprint_id": 922, "id_bangunan": "Blok B (SDI-B154-154)", "fungsi_bangunan": "Tempat Ibadah", "jumlah_lantai": 1, "tinggi_lantai": 4.0, "tinggi_total": 4.0, "luas_m2": 62.46, "jarak_match_m": 22.56, "metode_match": "optimal_nearest", "status_match": "PERLU_CEK", "blok": "B", "klas_fungsi": "Keagamaan", "material": "Pasang Bata", "struktur": "Rangka Beton Bertulang", "tipe_atap": "Limasan", "penutup_atap": "Asbes", "dinding": "Bata Plaster", "kondisi": "Baik", "keyakinan": "Tinggi", "taksonomi": "MCF/LFINF/RSH3/RMT6/EWMA/CV1/HEX:1", "kode_singkat": "MCF \\LFINF\\HEX:1", "koefisien": 1.0, "nilai_exposure": 1082791348.1987801, "kelas_exposure": "> Rp638.909.581,39 - Rp1.136.724.268,30", "exposure_rank": 2, "kelas_gempa": "Tinggi", "kelas_tsunami": "Tinggi" }, "geometry": { "type": "Polygon", "coordinates": [ [ [ 105.228862, -5.5510989 ], [ 105.2289349, -5.5511322 ], [ 105.2289096, -5.5511902 ], [ 105.2288356, -5.551156 ], [ 105.228862, -5.5510989 ] ] ] } },
{ "type": "Feature", "properties": { "point_id": 552, "footprint_id": 406, "id_bangunan": "SDI-D07-007", "fungsi_bangunan": "Sekolah", "jumlah_lantai": 1, "tinggi_lantai": 4.0, "tinggi_total": 4.0, "luas_m2": 215.7, "jarak_match_m": 9.37, "metode_match": "optimal_nearest", "status_match": "OK", "blok": "D", "klas_fungsi": "Pendidikan", "material": "Beton Bertulang", "struktur": "Rangka Beton Bertulang", "tipe_atap": "Pelana", "penutup_atap": "Seng", "dinding": "Bata Plaster", "kondisi": "Baik", "keyakinan": "Tinggi", "taksonomi": "MCF/LWAL/RSH2/RMT2/EWMA/CV1/HEX:1", "kode_singkat": "MCF \\LWAL\\HEX:1", "koefisien": 1.0, "nilai_exposure": 523260623.43401998, "kelas_exposure": "Rp14.611.983,05 - Rp638.909.581,39", "exposure_rank": 1, "kelas_gempa": "Rendah", "kelas_tsunami": "Rendah" }, "geometry": { "type": "Polygon", "coordinates": [ [ [ 105.2418454, -5.5525613 ], [ 105.2417735, -5.5524453 ], [ 105.2417663, -5.5524507 ], [ 105.2417621, -5.5524495 ], [ 105.2417473, -5.5524269 ], [ 105.2417514, -5.5524227 ], [ 105.2417431, -5.5524108 ], [ 105.2417514, -5.5524049 ], [ 105.2418288, -5.5523596 ], [ 105.2418555, -5.552406 ], [ 105.2418431, -5.5524138 ], [ 105.2419037, -5.5525125 ], [ 105.2419043, -5.5525119 ], [ 105.2419376, -5.5525714 ], [ 105.2418984, -5.5525952 ], [ 105.2418704, -5.5525441 ], [ 105.2418454, -5.5525613 ] ] ] } },
{ "type": "Feature", "properties": { "point_id": 553, "footprint_id": 268, "id_bangunan": "SDI-D09-009", "fungsi_bangunan": "Sekolah", "jumlah_lantai": 1, "tinggi_lantai": 4.0, "tinggi_total": 4.0, "luas_m2": 63.73, "jarak_match_m": 10.69, "metode_match": "optimal_nearest", "status_match": "OK", "blok": "D", "klas_fungsi": "Pendidikan", "material": "Beton Bertulang", "struktur": "Rangka Beton Bertulang", "tipe_atap": "Pelana", "penutup_atap": "Genteng", "dinding": "Bata Plaster", "kondisi": "Baik", "keyakinan": "Tinggi", "taksonomi": "MCF/LFINF/RSH2/RMT1/EWMA/CV1/HEX:1", "kode_singkat": "MCF \\LFINF\\HEX:1", "koefisien": 1.0, "nilai_exposure": 410914229.40117002, "kelas_exposure": "Rp14.611.983,05 - Rp638.909.581,39", "exposure_rank": 1, "kelas_gempa": "Rendah", "kelas_tsunami": "Rendah" }, "geometry": { "type": "Polygon", "coordinates": [ [ [ 105.240136, -5.5544376 ], [ 105.2400756, -5.5544828 ], [ 105.2400289, -5.5544245 ], [ 105.2400458, -5.5544122 ], [ 105.2400532, -5.5544217 ], [ 105.2401011, -5.5543838 ], [ 105.240136, -5.5544376 ] ] ] } },
{ "type": "Feature", "properties": { "point_id": 554, "footprint_id": 817, "id_bangunan": "SDI-C60-060", "fungsi_bangunan": "Sekolah", "jumlah_lantai": 1, "tinggi_lantai": 4.0, "tinggi_total": 4.0, "luas_m2": 123.24, "jarak_match_m": 36.42, "metode_match": "optimal_nearest", "status_match": "PERLU_CEK", "blok": "C", "klas_fungsi": "Pendidikan", "material": "Pasang Bata", "struktur": "Rangka Beton Bertulang", "tipe_atap": "Pelana", "penutup_atap": "Spandek", "dinding": "Bata Plaster", "kondisi": "Baik", "keyakinan": "Tinggi", "taksonomi": "MCF/LFINF/RSH2/RMT6/EWMA/CV1/HEX:1", "kode_singkat": "MCF \\LFINF\\HEX:1", "koefisien": 1.0, "nilai_exposure": 1772545718.53862, "kelas_exposure": "> Rp1.136.724.268,30 - Rp1.856.590.180,23", "exposure_rank": 3, "kelas_gempa": "Tinggi", "kelas_tsunami": "Tinggi" }, "geometry": { "type": "Polygon", "coordinates": [ [ [ 105.2367628, -5.5517699 ], [ 105.2367585, -5.5517533 ], [ 105.236818, -5.5517409 ], [ 105.2368223, -5.5517561 ], [ 105.2368346, -5.5517542 ], [ 105.2368446, -5.5517933 ], [ 105.236827, -5.5517976 ], [ 105.2368356, -5.5518252 ], [ 105.236719, -5.5518532 ], [ 105.2367023, -5.5517861 ], [ 105.2367628, -5.5517699 ] ] ] } },
{ "type": "Feature", "properties": { "point_id": 555, "footprint_id": 272, "id_bangunan": "BLOK D (SDI-D68-068)", "fungsi_bangunan": "Sekolah", "jumlah_lantai": 1, "tinggi_lantai": 4.0, "tinggi_total": 4.0, "luas_m2": 103.98, "jarak_match_m": 0.88, "metode_match": "optimal_nearest", "status_match": "OK", "blok": "D", "klas_fungsi": "Pendidikan", "material": "Pasang Bata", "struktur": "Rangka Beton Bertulang", "tipe_atap": "Pelana", "penutup_atap": "Genteng", "dinding": "Bata Plaster", "kondisi": "Baik", "keyakinan": "Tinggi", "taksonomi": "MCF/LFINF/RSH2/RMT1/EWMA/CV1/HEX:1", "kode_singkat": "MCF \\LFINF\\HEX:1", "koefisien": 1.0, "nilai_exposure": 496943599.95138597, "kelas_exposure": "Rp14.611.983,05 - Rp638.909.581,39", "exposure_rank": 1, "kelas_gempa": "Rendah", "kelas_tsunami": "Rendah" }, "geometry": { "type": "Polygon", "coordinates": [ [ [ 105.2402635, -5.5543686 ], [ 105.2403516, -5.5542968 ], [ 105.2403666, -5.5543182 ], [ 105.2403533, -5.5543275 ], [ 105.2403894, -5.5543758 ], [ 105.2403166, -5.5544345 ], [ 105.2402635, -5.5543686 ] ] ] } },
{ "type": "Feature", "properties": { "point_id": 556, "footprint_id": 1221, "id_bangunan": "SD1-B02-002", "fungsi_bangunan": "Fasilitas Kesehatan", "jumlah_lantai": 1, "tinggi_lantai": 4.0, "tinggi_total": 4.0, "luas_m2": 61.48, "jarak_match_m": 3.81, "metode_match": "optimal_nearest", "status_match": "OK", "blok": "B", "klas_fungsi": "Kesehatan", "material": "Beton Bertulang", "struktur": "Rangka Beton Bertulang", "tipe_atap": "Pelana", "penutup_atap": "Genteng", "dinding": "Bata Plaster", "kondisi": "Baik", "keyakinan": "Tinggi", "taksonomi": "MCF/LFM/RSH2/RMT1/EWMA/CV1/HEX:1", "kode_singkat": "MCF \\LFM\\HEX:1", "koefisien": 1.0, "nilai_exposure": 1374491758.1665399, "kelas_exposure": "> Rp1.136.724.268,30 - Rp1.856.590.180,23", "exposure_rank": 3, "kelas_gempa": "Tinggi", "kelas_tsunami": "Tinggi" }, "geometry": { "type": "Polygon", "coordinates": [ [ [ 105.2290555, -5.5471019 ], [ 105.2289611, -5.5470919 ], [ 105.2289687, -5.5470364 ], [ 105.2290637, -5.5470536 ], [ 105.2290555, -5.5471019 ] ] ] } },
{ "type": "Feature", "properties": { "point_id": 557, "footprint_id": 502, "id_bangunan": "SDI-B45-045", "fungsi_bangunan": "Fasilitas Kesehatan", "jumlah_lantai": 1, "tinggi_lantai": 4.0, "tinggi_total": 4.0, "luas_m2": 273.8, "jarak_match_m": 2.48, "metode_match": "optimal_nearest", "status_match": "OK", "blok": "B", "klas_fungsi": "Kesehatan", "material": "Beton Bertulang", "struktur": "Rangka Beton Bertulang", "tipe_atap": "Limasan", "penutup_atap": "Genteng", "dinding": "Bata Ekspos", "kondisi": "Baik", "keyakinan": "Tinggi", "taksonomi": "MCF/LFINF/RSH3/RMT1/EWMA/CV1/HEX:1", "kode_singkat": "MCF \\LFINF\\HEX:1", "koefisien": 1.09, "nilai_exposure": 609537865.60748363, "kelas_exposure": "Rp14.611.983,05 - Rp638.909.581,39", "exposure_rank": 1, "kelas_gempa": "Sedang", "kelas_tsunami": "Sedang" }, "geometry": { "type": "Polygon", "coordinates": [ [ [ 105.2287835, -5.5470296 ], [ 105.2288343, -5.547041 ], [ 105.228824, -5.5470842 ], [ 105.228915, -5.5471092 ], [ 105.2289125, -5.5471213 ], [ 105.2289643, -5.5471366 ], [ 105.2289414, -5.5472187 ], [ 105.2288015, -5.5471777 ], [ 105.2287983, -5.5471916 ], [ 105.2287702, -5.5471896 ], [ 105.2287716, -5.547172 ], [ 105.2287469, -5.5471659 ], [ 105.2287483, -5.5471584 ], [ 105.2287458, -5.5471577 ], [ 105.2287776, -5.5470285 ], [ 105.2287835, -5.5470296 ] ] ] } },
{ "type": "Feature", "properties": { "point_id": 558, "footprint_id": 259, "id_bangunan": "Blok D (SDI-D87-087)", "fungsi_bangunan": "Gedung Sekretariat / Bangunan Komunitas", "jumlah_lantai": 2, "tinggi_lantai": 4.0, "tinggi_total": 8.0, "luas_m2": 92.67, "jarak_match_m": 15.69, "metode_match": "optimal_nearest", "status_match": "PERLU_CEK", "blok": "D", "klas_fungsi": "Perkantoran dan Pelayanan Umum", "material": "Pasang Bata", "struktur": "Rangka Beton Bertulang", "tipe_atap": "Pelana", "penutup_atap": "Genteng", "dinding": "Campuran", "kondisi": "Baik", "keyakinan": "Tinggi", "taksonomi": "MCF/LFINF/RSH2/RMT1/EWO/CV1/HEX:2", "kode_singkat": "MCF \\LFINF\\HEX:2", "koefisien": 1.09, "nilai_exposure": 726555630.2198993, "kelas_exposure": "> Rp638.909.581,39 - Rp1.136.724.268,30", "exposure_rank": 2, "kelas_gempa": "Sedang", "kelas_tsunami": "Sedang" }, "geometry": { "type": "Polygon", "coordinates": [ [ [ 105.2406132, -5.5552408 ], [ 105.240578, -5.5551875 ], [ 105.2406717, -5.555123 ], [ 105.2407129, -5.5551746 ], [ 105.2406132, -5.5552408 ] ] ] } },
{ "type": "Feature", "properties": { "point_id": 559, "footprint_id": 254, "id_bangunan": "SDI-D08-008", "fungsi_bangunan": "Kantor", "jumlah_lantai": 2, "tinggi_lantai": 4.0, "tinggi_total": 8.0, "luas_m2": 141.88, "jarak_match_m": 7.67, "metode_match": "optimal_nearest", "status_match": "OK", "blok": "D", "klas_fungsi": "Perkantoran dan Pelayanan Umum", "material": "Beton Bertulang", "struktur": "Rangka Beton Bertulang", "tipe_atap": "Pelana", "penutup_atap": "Seng", "dinding": "Bata Plaster", "kondisi": "Baik", "keyakinan": "Tinggi", "taksonomi": "MCF/LFINF/RSH2/RMT2/EWMA/CV1/HEX:2", "kode_singkat": "MCF \\LFINF\\HEX:2", "koefisien": 1.0, "nilai_exposure": 2017967738.46544, "kelas_exposure": "> Rp1.856.590.180,23 - < Rp11.941.713.042,64", "exposure_rank": 4, "kelas_gempa": "Tinggi", "kelas_tsunami": "Tinggi" }, "geometry": { "type": "Polygon", "coordinates": [ [ [ 105.2407474, -5.5554932 ], [ 105.2407041, -5.5554264 ], [ 105.2408342, -5.5553548 ], [ 105.240874, -5.5554223 ], [ 105.2407474, -5.5554932 ] ] ] } },
{ "type": "Feature", "properties": { "point_id": 560, "footprint_id": 788, "id_bangunan": "Blok C (SDI-C87-087)", "fungsi_bangunan": "Pelayanan Umum", "jumlah_lantai": 1, "tinggi_lantai": 4.0, "tinggi_total": 4.0, "luas_m2": 401.99, "jarak_match_m": 4.09, "metode_match": "optimal_nearest", "status_match": "OK", "blok": "C", "klas_fungsi": "Perkantoran dan Pelayanan Umum", "material": "Kayu", "struktur": "Rangka Kayu", "tipe_atap": "Pelana", "penutup_atap": "Genteng", "dinding": "Kayu", "kondisi": "Baik", "keyakinan": "Tinggi", "taksonomi": "W/LPB/RSH2/RMT1/EWW/CV1/HEX:1", "kode_singkat": "W \\LPB\\HEX:1", "koefisien": 1.0, "nilai_exposure": 464242326.18214601, "kelas_exposure": "Rp14.611.983,05 - Rp638.909.581,39", "exposure_rank": 1, "kelas_gempa": "Rendah", "kelas_tsunami": "Rendah" }, "geometry": { "type": "Polygon", "coordinates": [ [ [ 105.2360709, -5.5538679 ], [ 105.2360524, -5.5538351 ], [ 105.2361357, -5.5537923 ], [ 105.2361643, -5.5538441 ], [ 105.236238, -5.553809 ], [ 105.2362731, -5.5538661 ], [ 105.2361839, -5.5539113 ], [ 105.2361791, -5.5539047 ], [ 105.235968, -5.5540178 ], [ 105.235912, -5.5539149 ], [ 105.2359668, -5.5538851 ], [ 105.2359822, -5.5539119 ], [ 105.2360709, -5.5538679 ] ] ] } },
{ "type": "Feature", "properties": { "point_id": 561, "footprint_id": 1244, "id_bangunan": "SDI-A02-002", "fungsi_bangunan": "Gudang", "jumlah_lantai": 1, "tinggi_lantai": 4.0, "tinggi_total": 4.0, "luas_m2": 92.48, "jarak_match_m": 0.0, "metode_match": "within", "status_match": "OK", "blok": "A", "klas_fungsi": "Pergudangan", "material": "Kayu", "struktur": "Rangka Kayu", "tipe_atap": "Miring Satu Arah", "penutup_atap": "Seng", "dinding": "Kayu", "kondisi": "Sedang", "keyakinan": "Tinggi", "taksonomi": "W/LPB/RSH5/RMT2/EWW/CV2/HEX:1", "kode_singkat": "W \\LPB\\HEX:1", "koefisien": 1.09, "nilai_exposure": 170478781.83819172, "kelas_exposure": "Rp14.611.983,05 - Rp638.909.581,39", "exposure_rank": 1, "kelas_gempa": "Rendah", "kelas_tsunami": "Rendah" }, "geometry": { "type": "Polygon", "coordinates": [ [ [ 105.2276208, -5.5451953 ], [ 105.227687, -5.5450949 ], [ 105.2277394, -5.5451294 ], [ 105.2276733, -5.5452298 ], [ 105.2276208, -5.5451953 ] ] ] } },
{ "type": "Feature", "properties": { "point_id": 562, "footprint_id": 1181, "id_bangunan": "SDI-A10-010", "fungsi_bangunan": "Gudang", "jumlah_lantai": 2, "tinggi_lantai": 4.0, "tinggi_total": 8.0, "luas_m2": 31.16, "jarak_match_m": 0.0, "metode_match": "within", "status_match": "OK", "blok": "A", "klas_fungsi": "Pergudangan", "material": "Campuran", "struktur": "Rangka Kayu", "tipe_atap": "Pelana", "penutup_atap": "Genteng", "dinding": "Campuran", "kondisi": "Sedang", "keyakinan": "Tinggi", "taksonomi": "MIX/LFM/RSH2/RMT1/EWO/CV2/HEX:2", "kode_singkat": "MIX \\LFM\\HEX:2", "koefisien": 1.0, "nilai_exposure": 172704496.103026, "kelas_exposure": "Rp14.611.983,05 - Rp638.909.581,39", "exposure_rank": 1, "kelas_gempa": "Rendah", "kelas_tsunami": "Rendah" }, "geometry": { "type": "Polygon", "coordinates": [ [ [ 105.2266326, -5.5449241 ], [ 105.2266773, -5.5449431 ], [ 105.2266568, -5.5449913 ], [ 105.2266121, -5.5449722 ], [ 105.2266326, -5.5449241 ] ] ] } },
{ "type": "Feature", "properties": { "point_id": 563, "footprint_id": 1256, "id_bangunan": "SDI-A22-022", "fungsi_bangunan": "Gudang", "jumlah_lantai": 1, "tinggi_lantai": 4.0, "tinggi_total": 4.0, "luas_m2": 44.91, "jarak_match_m": 0.0, "metode_match": "within", "status_match": "OK", "blok": "A", "klas_fungsi": "Pergudangan", "material": "Kayu", "struktur": "Rangka Kayu", "tipe_atap": "Pelana", "penutup_atap": "Asbes", "dinding": "Kayu", "kondisi": "Sedang", "keyakinan": "Tinggi", "taksonomi": "W/LFM/RSH2/RMT6/EWW/CV2/HEX:1", "kode_singkat": "W \\LFM\\HEX:1", "koefisien": 1.0, "nilai_exposure": 335690836.21560198, "kelas_exposure": "Rp14.611.983,05 - Rp638.909.581,39", "exposure_rank": 1, "kelas_gempa": "Rendah", "kelas_tsunami": "Rendah" }, "geometry": { "type": "Polygon", "coordinates": [ [ [ 105.2253785, -5.5444082 ], [ 105.2254375, -5.5444225 ], [ 105.2254326, -5.5444833 ], [ 105.2253797, -5.5444797 ], [ 105.2253809, -5.5444617 ], [ 105.2253785, -5.5444082 ] ] ] } },
{ "type": "Feature", "properties": { "point_id": 564, "footprint_id": 1130, "id_bangunan": "SDI-A34-034", "fungsi_bangunan": "Gudang", "jumlah_lantai": 1, "tinggi_lantai": 4.0, "tinggi_total": 4.0, "luas_m2": 35.02, "jarak_match_m": 6.08, "metode_match": "optimal_nearest", "status_match": "OK", "blok": "A", "klas_fungsi": "Pergudangan", "material": "Pasang Bata", "struktur": "Dinding Pemikul", "tipe_atap": "Pelana", "penutup_atap": "Genteng", "dinding": "Bata Ekspos", "kondisi": "Sedang", "keyakinan": "Tinggi", "taksonomi": "MUR/LWAL/RSH2/RMT1/EWMA/CV2/HEX:1", "kode_singkat": "MUR \\LWAL\\HEX:1", "koefisien": 1.0, "nilai_exposure": 1085545332.9997799, "kelas_exposure": "> Rp638.909.581,39 - Rp1.136.724.268,30", "exposure_rank": 2, "kelas_gempa": "Tinggi", "kelas_tsunami": "Tinggi" }, "geometry": { "type": "Polygon", "coordinates": [ [ [ 105.2251196, -5.5443119 ], [ 105.2250604, -5.5443824 ], [ 105.2250366, -5.5443624 ], [ 105.2250958, -5.5442919 ], [ 105.2251196, -5.5443119 ] ] ] } },
{ "type": "Feature", "properties": { "point_id": 565, "footprint_id": 741, "id_bangunan": "SDI-C31-031", "fungsi_bangunan": "Gudang", "jumlah_lantai": 1, "tinggi_lantai": 4.0, "tinggi_total": 4.0, "luas_m2": 216.24, "jarak_match_m": 0.0, "metode_match": "within", "status_match": "OK", "blok": null, "klas_fungsi": null, "material": null, "struktur": null, "tipe_atap": null, "penutup_atap": null, "dinding": null, "kondisi": null, "keyakinan": null, "taksonomi": null, "kode_singkat": null, "koefisien": null, "nilai_exposure": null, "kelas_exposure": null, "exposure_rank": 0, "kelas_gempa": "Tidak Terdampak", "kelas_tsunami": "Tidak Terdampak" }, "geometry": { "type": "Polygon", "coordinates": [ [ [ 105.2345275, -5.5515382 ], [ 105.2345696, -5.5515111 ], [ 105.2345804, -5.5515268 ], [ 105.2346346, -5.5514946 ], [ 105.2346517, -5.5515168 ], [ 105.2346996, -5.5514847 ], [ 105.2347331, -5.5515232 ], [ 105.2347146, -5.5515446 ], [ 105.2347203, -5.551551 ], [ 105.2346682, -5.5515932 ], [ 105.2346803, -5.5516131 ], [ 105.2346218, -5.5516474 ], [ 105.2345932, -5.551606 ], [ 105.2345782, -5.5516181 ], [ 105.2345275, -5.5515382 ] ] ] } },
{ "type": "Feature", "properties": { "point_id": 566, "footprint_id": 1044, "id_bangunan": "SDI-B05-005", "fungsi_bangunan": "Gudang", "jumlah_lantai": 1, "tinggi_lantai": 4.0, "tinggi_total": 4.0, "luas_m2": 27.91, "jarak_match_m": 21.9, "metode_match": "optimal_nearest", "status_match": "PERLU_CEK", "blok": "B", "klas_fungsi": "Hunian", "material": "Beton Bertulang", "struktur": "Rangka Beton Bertulang", "tipe_atap": "Pelana", "penutup_atap": "Seng", "dinding": "Bata Plaster", "kondisi": "Baik", "keyakinan": "Tinggi", "taksonomi": "MCF/LFM/RSH2/RMT2/EWMA/CV1/HEX:1", "kode_singkat": "MCF \\LFM\\HEX:1", "koefisien": 1.0, "nilai_exposure": 2109716130.3471999, "kelas_exposure": "> Rp1.856.590.180,23 - < Rp11.941.713.042,64", "exposure_rank": 4, "kelas_gempa": "Tinggi", "kelas_tsunami": "Tinggi" }, "geometry": { "type": "Polygon", "coordinates": [ [ [ 105.2322893, -5.5505212 ], [ 105.2323216, -5.5504851 ], [ 105.232354, -5.5505174 ], [ 105.2323216, -5.5505555 ], [ 105.2322893, -5.5505212 ] ] ] } },
{ "type": "Feature", "properties": { "point_id": 567, "footprint_id": 841, "id_bangunan": "SDI-C43-043", "fungsi_bangunan": "Gudang", "jumlah_lantai": 1, "tinggi_lantai": 4.0, "tinggi_total": 4.0, "luas_m2": 24.48, "jarak_match_m": 15.48, "metode_match": "optimal_nearest", "status_match": "PERLU_CEK", "blok": null, "klas_fungsi": null, "material": null, "struktur": null, "tipe_atap": null, "penutup_atap": null, "dinding": null, "kondisi": null, "keyakinan": null, "taksonomi": null, "kode_singkat": null, "koefisien": null, "nilai_exposure": null, "kelas_exposure": null, "exposure_rank": 0, "kelas_gempa": "Tidak Terdampak", "kelas_tsunami": "Tidak Terdampak" }, "geometry": { "type": "Polygon", "coordinates": [ [ [ 105.2372763, -5.5527098 ], [ 105.2372923, -5.5527389 ], [ 105.2372388, -5.5527663 ], [ 105.2372239, -5.5527354 ], [ 105.2372763, -5.5527098 ] ] ] } },
{ "type": "Feature", "properties": { "point_id": 568, "footprint_id": 177, "id_bangunan": "Blok D (SDI-D110-110)", "fungsi_bangunan": "Gudang", "jumlah_lantai": 2, "tinggi_lantai": 4.0, "tinggi_total": 8.0, "luas_m2": 357.13, "jarak_match_m": 24.01, "metode_match": "optimal_nearest", "status_match": "PERLU_CEK", "blok": "D", "klas_fungsi": "Pergudangan", "material": "Pasang Bata", "struktur": "Dinding Pemikul", "tipe_atap": "Pelana", "penutup_atap": "Genteng", "dinding": "Bata Plaster", "kondisi": "Rusak Berat", "keyakinan": "Tinggi", "taksonomi": "MUR/LWAL/RSH2/RMT1/EWMA/CV4/HEX:2", "kode_singkat": "MUR \\LWAL\\HEX:2", "koefisien": 1.0, "nilai_exposure": 851629659.44537997, "kelas_exposure": "> Rp638.909.581,39 - Rp1.136.724.268,30", "exposure_rank": 2, "kelas_gempa": "Sedang", "kelas_tsunami": "Sedang" }, "geometry": { "type": "Polygon", "coordinates": [ [ [ 105.2417918, -5.5576709 ], [ 105.241975, -5.5576043 ], [ 105.2420261, -5.5577449 ], [ 105.2418429, -5.5578115 ], [ 105.2417918, -5.5576709 ] ] ] } },
{ "type": "Feature", "properties": { "point_id": 569, "footprint_id": 977, "id_bangunan": "Blok B (SDI-B95-095)", "fungsi_bangunan": "Gudang", "jumlah_lantai": 1, "tinggi_lantai": 4.0, "tinggi_total": 4.0, "luas_m2": 169.65, "jarak_match_m": 0.0, "metode_match": "within", "status_match": "OK", "blok": "B", "klas_fungsi": "Pergudangan", "material": "Beton Bertulang", "struktur": "Rangka Beton Bertulang", "tipe_atap": "Pelana", "penutup_atap": "Genteng", "dinding": "Beton", "kondisi": "Baik", "keyakinan": "Tinggi", "taksonomi": "CR/LFM/RSH2/RMT1/EWC/CV1/HEX:1", "kode_singkat": "CR \\LFM\\HEX:1", "koefisien": 1.0, "nilai_exposure": 303360163.032722, "kelas_exposure": "Rp14.611.983,05 - Rp638.909.581,39", "exposure_rank": 1, "kelas_gempa": "Rendah", "kelas_tsunami": "Rendah" }, "geometry": { "type": "Polygon", "coordinates": [ [ [ 105.2325141, -5.5507056 ], [ 105.2324197, -5.5507727 ], [ 105.2323504, -5.5506752 ], [ 105.2324448, -5.5506081 ], [ 105.2325141, -5.5507056 ] ] ] } },
{ "type": "Feature", "properties": { "point_id": 570, "footprint_id": 1095, "id_bangunan": "SDI-A95-095", "fungsi_bangunan": "Kandang Ayam", "jumlah_lantai": 1, "tinggi_lantai": 4.0, "tinggi_total": 4.0, "luas_m2": 68.7, "jarak_match_m": 5.7, "metode_match": "optimal_nearest", "status_match": "OK", "blok": null, "klas_fungsi": null, "material": null, "struktur": null, "tipe_atap": null, "penutup_atap": null, "dinding": null, "kondisi": null, "keyakinan": null, "taksonomi": null, "kode_singkat": null, "koefisien": null, "nilai_exposure": null, "kelas_exposure": null, "exposure_rank": 0, "kelas_gempa": "Tidak Terdampak", "kelas_tsunami": "Tidak Terdampak" }, "geometry": { "type": "Polygon", "coordinates": [ [ [ 105.2249989, -5.543803 ], [ 105.2250756, -5.543806 ], [ 105.2250728, -5.543879 ], [ 105.2249961, -5.543876 ], [ 105.2249989, -5.543803 ] ] ] } },
{ "type": "Feature", "properties": { "point_id": 571, "footprint_id": 1253, "id_bangunan": "Blok A (SDI-A01-064)", "fungsi_bangunan": "Kandang Kambing", "jumlah_lantai": 1, "tinggi_lantai": 4.0, "tinggi_total": 4.0, "luas_m2": 29.24, "jarak_match_m": 1.7, "metode_match": "optimal_nearest", "status_match": "OK", "blok": "A", "klas_fungsi": "Peternakan", "material": "Kayu", "struktur": "Rangka Kayu", "tipe_atap": "Pelana", "penutup_atap": "Seng", "dinding": "Kayu", "kondisi": "Sedang", "keyakinan": "Tinggi", "taksonomi": "W/LPB/RSH2/RMT2/EWW/CV2/HEX:1", "kode_singkat": "W \\LPB\\HEX:1", "koefisien": 1.0, "nilai_exposure": 683450304.90629995, "kelas_exposure": "> Rp638.909.581,39 - Rp1.136.724.268,30", "exposure_rank": 2, "kelas_gempa": "Sedang", "kelas_tsunami": "Sedang" }, "geometry": { "type": "Polygon", "coordinates": [ [ [ 105.2242978, -5.5440295 ], [ 105.224384, -5.5440541 ], [ 105.2243776, -5.5440821 ], [ 105.2242906, -5.5440524 ], [ 105.2242978, -5.5440295 ] ] ] } },
{ "type": "Feature", "properties": { "point_id": 572, "footprint_id": 1062, "id_bangunan": "SDI-A73-073", "fungsi_bangunan": "Kandang Kambing", "jumlah_lantai": 1, "tinggi_lantai": 4.0, "tinggi_total": 4.0, "luas_m2": 140.54, "jarak_match_m": 1.75, "metode_match": "optimal_nearest", "status_match": "OK", "blok": "A", "klas_fungsi": "Peternakan", "material": "Kayu", "struktur": "Rangka Kayu", "tipe_atap": "Pelana", "penutup_atap": "Asbes", "dinding": "Kayu", "kondisi": "Sedang", "keyakinan": "Tinggi", "taksonomi": "W/LPB/RSH2/RMT6/EWW/CV2/HEX:1", "kode_singkat": "W \\LPB\\HEX:1", "koefisien": 1.0, "nilai_exposure": 154546723.26406801, "kelas_exposure": "Rp14.611.983,05 - Rp638.909.581,39", "exposure_rank": 1, "kelas_gempa": "Rendah", "kelas_tsunami": "Rendah" }, "geometry": { "type": "Polygon", "coordinates": [ [ [ 105.227022, -5.5464205 ], [ 105.2271777, -5.5464327 ], [ 105.2271719, -5.5465059 ], [ 105.2270163, -5.5464938 ], [ 105.227022, -5.5464205 ] ] ] } },
{ "type": "Feature", "properties": { "point_id": 573, "footprint_id": 1231, "id_bangunan": "SDI-A74-074", "fungsi_bangunan": "Kandang Kambing", "jumlah_lantai": 1, "tinggi_lantai": 4.0, "tinggi_total": 4.0, "luas_m2": 30.79, "jarak_match_m": 0.0, "metode_match": "within", "status_match": "OK", "blok": "A", "klas_fungsi": "Peternakan", "material": "Kayu", "struktur": "Rangka Kayu", "tipe_atap": "Pelana", "penutup_atap": "Asbes", "dinding": "Kayu", "kondisi": "Rusak Ringan", "keyakinan": "Tinggi", "taksonomi": "W/LPB/RSH2/RMT6/EWW/CV2/HEX:1", "kode_singkat": "W \\LPB\\HEX:1", "koefisien": 1.0, "nilai_exposure": 138210079.12192601, "kelas_exposure": "Rp14.611.983,05 - Rp638.909.581,39", "exposure_rank": 1, "kelas_gempa": "Rendah", "kelas_tsunami": "Rendah" }, "geometry": { "type": "Polygon", "coordinates": [ [ [ 105.2269926, -5.5465522 ], [ 105.2270421, -5.5465559 ], [ 105.2270383, -5.5466064 ], [ 105.2269889, -5.5466028 ], [ 105.2269926, -5.5465522 ] ] ] } },
{ "type": "Feature", "properties": { "point_id": 574, "footprint_id": 1238, "id_bangunan": "SDI-A80-080", "fungsi_bangunan": "Kandang Kambing", "jumlah_lantai": 1, "tinggi_lantai": 4.0, "tinggi_total": 4.0, "luas_m2": 24.03, "jarak_match_m": 9.53, "metode_match": "optimal_nearest", "status_match": "OK", "blok": "A", "klas_fungsi": "Peternakan", "material": "Kayu", "struktur": "Rangka Kayu", "tipe_atap": "Pelana", "penutup_atap": "Asbes", "dinding": "Kayu", "kondisi": "Sedang", "keyakinan": "Tinggi", "taksonomi": "W/LPB/RSH2/RMT6/EWW/CV2/HEX:1", "kode_singkat": "W \\LPB\\HEX:1", "koefisien": 1.0, "nilai_exposure": 432283458.46092606, "kelas_exposure": "Rp14.611.983,05 - Rp638.909.581,39", "exposure_rank": 1, "kelas_gempa": "Rendah", "kelas_tsunami": "Rendah" }, "geometry": { "type": "Polygon", "coordinates": [ [ [ 105.2266116, -5.546842 ], [ 105.2266021, -5.5468294 ], [ 105.2266249, -5.5467932 ], [ 105.226664, -5.5468151 ], [ 105.2266454, -5.5468456 ], [ 105.2266116, -5.546842 ] ] ] } },
{ "type": "Feature", "properties": { "point_id": 575, "footprint_id": 1103, "id_bangunan": "SDI-A89-089", "fungsi_bangunan": "Kandang Kambing", "jumlah_lantai": 1, "tinggi_lantai": 4.0, "tinggi_total": 4.0, "luas_m2": 220.96, "jarak_match_m": 0.0, "metode_match": "within", "status_match": "OK", "blok": null, "klas_fungsi": null, "material": null, "struktur": null, "tipe_atap": null, "penutup_atap": null, "dinding": null, "kondisi": null, "keyakinan": null, "taksonomi": null, "kode_singkat": null, "koefisien": null, "nilai_exposure": null, "kelas_exposure": null, "exposure_rank": 0, "kelas_gempa": "Tidak Terdampak", "kelas_tsunami": "Tidak Terdampak" }, "geometry": { "type": "MultiPolygon", "coordinates": [ [ [ [ 105.2257153, -5.5441005 ], [ 105.2257009, -5.5441647 ], [ 105.2256881, -5.5441618 ], [ 105.2256826, -5.5441868 ], [ 105.2255998, -5.5441682 ], [ 105.2256197, -5.5440791 ], [ 105.2257025, -5.5440977 ], [ 105.2257153, -5.5441005 ] ] ], [ [ [ 105.2254699, -5.5440771 ], [ 105.2254968, -5.544079 ], [ 105.2254946, -5.5441095 ], [ 105.2254676, -5.5441075 ], [ 105.2254699, -5.5440771 ] ] ], [ [ [ 105.2254699, -5.5440771 ], [ 105.225467, -5.5441136 ], [ 105.2253903, -5.5441076 ], [ 105.225399, -5.543996 ], [ 105.2254757, -5.5440019 ], [ 105.2254699, -5.5440771 ] ] ] ] } },
{ "type": "Feature", "properties": { "point_id": 576, "footprint_id": 1025, "id_bangunan": "Blok C (SDI-C127-127)", "fungsi_bangunan": "Kandang Kambing", "jumlah_lantai": 1, "tinggi_lantai": 4.0, "tinggi_total": 4.0, "luas_m2": 321.7, "jarak_match_m": 32.02, "metode_match": "optimal_nearest", "status_match": "PERLU_CEK", "blok": "C", "klas_fungsi": "Peternakan", "material": "Kayu", "struktur": "Rangka Kayu", "tipe_atap": "Pelana", "penutup_atap": "Genteng", "dinding": "Kayu", "kondisi": "Baik", "keyakinan": "Tinggi", "taksonomi": "W/LPB/RSH2/RMT1/EWW/CV1/HEX:1", "kode_singkat": "W \\LPB\\HEX:1", "koefisien": 1.0, "nilai_exposure": 1236900634.4137599, "kelas_exposure": "> Rp1.136.724.268,30 - Rp1.856.590.180,23", "exposure_rank": 3, "kelas_gempa": "Tinggi", "kelas_tsunami": "Tinggi" }, "geometry": { "type": "Polygon", "coordinates": [ [ [ 105.2325078, -5.5522099 ], [ 105.2325785, -5.5521744 ], [ 105.2327277, -5.5524712 ], [ 105.232657, -5.5525067 ], [ 105.2325078, -5.5522099 ] ] ] } },
{ "type": "Feature", "properties": { "point_id": 577, "footprint_id": 1024, "id_bangunan": "Blok C (SDI-C132-132)", "fungsi_bangunan": "Kandang Kambing", "jumlah_lantai": 1, "tinggi_lantai": 4.0, "tinggi_total": 4.0, "luas_m2": 246.39, "jarak_match_m": 4.57, "metode_match": "optimal_nearest", "status_match": "OK", "blok": "C", "klas_fungsi": "Peternakan", "material": "Kayu", "struktur": "Rangka Kayu", "tipe_atap": "Pelana", "penutup_atap": "Genteng", "dinding": "Kayu", "kondisi": "Baik", "keyakinan": "Tinggi", "taksonomi": "W/LPB/RSH2/RMT1/EWW/CV1/HEX:1", "kode_singkat": "W \\LPB\\HEX:1", "koefisien": 1.0, "nilai_exposure": 131537740.173226, "kelas_exposure": "Rp14.611.983,05 - Rp638.909.581,39", "exposure_rank": 1, "kelas_gempa": "Rendah", "kelas_tsunami": "Rendah" }, "geometry": { "type": "Polygon", "coordinates": [ [ [ 105.2327754, -5.5521296 ], [ 105.2328692, -5.5523529 ], [ 105.2327978, -5.5523828 ], [ 105.2327593, -5.5522912 ], [ 105.2327302, -5.5523025 ], [ 105.232714, -5.5522605 ], [ 105.2327418, -5.5522497 ], [ 105.232704, -5.5521596 ], [ 105.2327754, -5.5521296 ] ] ] } },
{ "type": "Feature", "properties": { "point_id": 578, "footprint_id": 711, "id_bangunan": "SDI-C28-028", "fungsi_bangunan": "Kandang Ternak", "jumlah_lantai": 1, "tinggi_lantai": 4.0, "tinggi_total": 4.0, "luas_m2": 26.2, "jarak_match_m": 2.01, "metode_match": "optimal_nearest", "status_match": "OK", "blok": "C", "klas_fungsi": "Peternakan", "material": "Pasang Bata", "struktur": "Dinding Pemikul", "tipe_atap": "Miring Satu Arah", "penutup_atap": "Seng", "dinding": "Bata Ekspos", "kondisi": "Sedang", "keyakinan": "Tinggi", "taksonomi": "MUR/LWAL/RSH5/RMT2/EWMA/CV2/HEX:1", "kode_singkat": "MUR \\LWAL\\HEX:1", "koefisien": 1.0, "nilai_exposure": 91499878.935842007, "kelas_exposure": "Rp14.611.983,05 - Rp638.909.581,39", "exposure_rank": 1, "kelas_gempa": "Rendah", "kelas_tsunami": "Rendah" }, "geometry": { "type": "Polygon", "coordinates": [ [ [ 105.2351602, -5.5514139 ], [ 105.2351888, -5.5513896 ], [ 105.2352259, -5.551431 ], [ 105.2351907, -5.5514553 ], [ 105.2351602, -5.5514139 ] ] ] } },
{ "type": "Feature", "properties": { "point_id": 579, "footprint_id": 1169, "id_bangunan": "SDI-A38-038", "fungsi_bangunan": "Kandang ternak", "jumlah_lantai": 1, "tinggi_lantai": 4.0, "tinggi_total": 4.0, "luas_m2": 27.02, "jarak_match_m": 0.0, "metode_match": "within", "status_match": "OK", "blok": "A", "klas_fungsi": "Peternakan", "material": "Kayu", "struktur": "Rangka Kayu", "tipe_atap": "Pelana", "penutup_atap": "Genteng", "dinding": "Kayu", "kondisi": "Rusak Ringan", "keyakinan": "Tinggi", "taksonomi": "W/LPB/RSH2/RMT1/EWW/CV2/HEX:1", "kode_singkat": "W \\LPB\\HEX:1", "koefisien": 1.0, "nilai_exposure": 1929791940.19436, "kelas_exposure": "> Rp1.856.590.180,23 - < Rp11.941.713.042,64", "exposure_rank": 4, "kelas_gempa": "Tinggi", "kelas_tsunami": "Tinggi" }, "geometry": { "type": "Polygon", "coordinates": [ [ [ 105.2250008, -5.5442652 ], [ 105.2249817, -5.5443044 ], [ 105.2249362, -5.5442824 ], [ 105.2249553, -5.5442431 ], [ 105.2250008, -5.5442652 ] ] ] } },
{ "type": "Feature", "properties": { "point_id": 580, "footprint_id": 789, "id_bangunan": "Blok C (SDI-C77-077)", "fungsi_bangunan": "Peternakan", "jumlah_lantai": 1, "tinggi_lantai": 4.0, "tinggi_total": 4.0, "luas_m2": 88.22, "jarak_match_m": 18.56, "metode_match": "optimal_nearest", "status_match": "PERLU_CEK", "blok": "C", "klas_fungsi": "Peternakan", "material": "Beton Bertulang", "struktur": "Rangka Beton Bertulang", "tipe_atap": "Limasan", "penutup_atap": "Seng", "dinding": "Bata Plaster", "kondisi": "Baik", "keyakinan": "Tinggi", "taksonomi": "MCF/LWAL/RSH3/RMT2/EWMA/CV1/HEX:1", "kode_singkat": "MCF \\LWAL\\HEX:1", "koefisien": 1.0, "nilai_exposure": 2294458687.6469002, "kelas_exposure": "> Rp1.856.590.180,23 - < Rp11.941.713.042,64", "exposure_rank": 4, "kelas_gempa": "Tinggi", "kelas_tsunami": "Tinggi" }, "geometry": { "type": "Polygon", "coordinates": [ [ [ 105.2361458, -5.5539226 ], [ 105.2362107, -5.5539458 ], [ 105.2361833, -5.5540237 ], [ 105.2360947, -5.5539862 ], [ 105.2361137, -5.5539398 ], [ 105.2361458, -5.5539226 ] ] ] } },
{ "type": "Feature", "properties": { "point_id": 581, "footprint_id": 975, "id_bangunan": "Blok B (SDI-B108-108)", "fungsi_bangunan": "Pabrik", "jumlah_lantai": 1, "tinggi_lantai": 4.0, "tinggi_total": 4.0, "luas_m2": 457.06, "jarak_match_m": 0.0, "metode_match": "within", "status_match": "OK", "blok": "B", "klas_fungsi": "Industri", "material": "Pasang Bata", "struktur": "Dinding Pemikul", "tipe_atap": "Pelana", "penutup_atap": "Genteng", "dinding": "Bata Ekspos", "kondisi": "Baik", "keyakinan": "Tinggi", "taksonomi": "MUR/LWAL/RSH2/RMT1/EWMA/CV1/HEX:1", "kode_singkat": "MUR \\LWAL\\HEX:1", "koefisien": 1.0, "nilai_exposure": 37352736.7390192, "kelas_exposure": "Rp14.611.983,05 - Rp638.909.581,39", "exposure_rank": 1, "kelas_gempa": "Rendah", "kelas_tsunami": "Rendah" }, "geometry": { "type": "Polygon", "coordinates": [ [ [ 105.2305838, -5.5519847 ], [ 105.2308446, -5.5518644 ], [ 105.2308991, -5.5519824 ], [ 105.2306383, -5.5521027 ], [ 105.2305838, -5.5519847 ] ] ] } },
{ "type": "Feature", "properties": { "point_id": 582, "footprint_id": 1163, "id_bangunan": "Blok A (SDI-A01-063)", "fungsi_bangunan": "Tandon air beton", "jumlah_lantai": 1, "tinggi_lantai": 4.0, "tinggi_total": 4.0, "luas_m2": 10.54, "jarak_match_m": 0.99, "metode_match": "optimal_nearest", "status_match": "OK", "blok": "A", "klas_fungsi": "Utilitas", "material": "Pasang Bata", "struktur": "Rangka Beton Bertulang", "tipe_atap": "Datar (Dak Beton)", "penutup_atap": "Beton", "dinding": "Bata Plaster", "kondisi": "Sedang", "keyakinan": "Tinggi", "taksonomi": "MCF/LFINF/RSH1/RMT1/EWMA/CV2/HEX:1", "kode_singkat": "MCF \\LFINF\\HEX:1", "koefisien": 1.0, "nilai_exposure": 65617380.877697997, "kelas_exposure": "Rp14.611.983,05 - Rp638.909.581,39", "exposure_rank": 1, "kelas_gempa": "Rendah", "kelas_tsunami": "Rendah" }, "geometry": { "type": "Polygon", "coordinates": [ [ [ 105.2243091, -5.5442311 ], [ 105.2243385, -5.5442267 ], [ 105.2243428, -5.5442553 ], [ 105.2243133, -5.5442597 ], [ 105.2243091, -5.5442311 ] ] ] } },
{ "type": "Feature", "properties": { "point_id": 583, "footprint_id": 1080, "id_bangunan": "Blok A (SDI-A01-067)", "fungsi_bangunan": "Gazebo", "jumlah_lantai": 1, "tinggi_lantai": 4.0, "tinggi_total": 4.0, "luas_m2": 69.34, "jarak_match_m": 14.81, "metode_match": "optimal_nearest", "status_match": "OK", "blok": null, "klas_fungsi": null, "material": null, "struktur": null, "tipe_atap": null, "penutup_atap": null, "dinding": null, "kondisi": null, "keyakinan": null, "taksonomi": null, "kode_singkat": null, "koefisien": null, "nilai_exposure": null, "kelas_exposure": null, "exposure_rank": 0, "kelas_gempa": "Tidak Terdampak", "kelas_tsunami": "Tidak Terdampak" }, "geometry": { "type": "Polygon", "coordinates": [ [ [ 105.2243287, -5.5482104 ], [ 105.2243947, -5.5481857 ], [ 105.2244229, -5.5482609 ], [ 105.2243569, -5.5482856 ], [ 105.2243287, -5.5482104 ] ] ] } },
{ "type": "Feature", "properties": { "point_id": 584, "footprint_id": 1054, "id_bangunan": "SDI-A83-083", "fungsi_bangunan": "Gazebo", "jumlah_lantai": 1, "tinggi_lantai": 4.0, "tinggi_total": 4.0, "luas_m2": 16.24, "jarak_match_m": 17.73, "metode_match": "optimal_nearest", "status_match": "PERLU_CEK", "blok": "A", "klas_fungsi": "Fasilitas Penunjang", "material": "Bambu", "struktur": "Rangka Kayu", "tipe_atap": "Pelana", "penutup_atap": "Seng", "dinding": "Tidak Terlihat", "kondisi": "Baik", "keyakinan": "Tinggi", "taksonomi": "W/LPB/RSH2/RMT2/EW99/CV1/HEX:1", "kode_singkat": "W \\LPB\\HEX:1", "koefisien": 1.0, "nilai_exposure": 144598027.44323799, "kelas_exposure": "Rp14.611.983,05 - Rp638.909.581,39", "exposure_rank": 1, "kelas_gempa": "Rendah", "kelas_tsunami": "Rendah" }, "geometry": { "type": "Polygon", "coordinates": [ [ [ 105.2237329, -5.5481898 ], [ 105.2237783, -5.5481898 ], [ 105.2237783, -5.548219 ], [ 105.2237329, -5.548219 ], [ 105.2237329, -5.5481898 ] ] ] } },
{ "type": "Feature", "properties": { "point_id": 585, "footprint_id": 1055, "id_bangunan": "SDI-A84-084", "fungsi_bangunan": "Gazebo", "jumlah_lantai": 1, "tinggi_lantai": 4.0, "tinggi_total": 4.0, "luas_m2": 28.8, "jarak_match_m": 0.0, "metode_match": "within", "status_match": "OK", "blok": "A", "klas_fungsi": "Fasilitas Penunjang", "material": "Bambu", "struktur": "Rangka Kayu", "tipe_atap": "Pelana", "penutup_atap": "Seng", "dinding": "Tidak Terlihat", "kondisi": "Baik", "keyakinan": "Tinggi", "taksonomi": "W/LPB/RSH2/RMT2/EW99/CV1/HEX:1", "kode_singkat": "W \\LPB\\HEX:1", "koefisien": 1.0, "nilai_exposure": 387745246.28151399, "kelas_exposure": "Rp14.611.983,05 - Rp638.909.581,39", "exposure_rank": 1, "kelas_gempa": "Rendah", "kelas_tsunami": "Rendah" }, "geometry": { "type": "Polygon", "coordinates": [ [ [ 105.223734, -5.5482333 ], [ 105.2237736, -5.5482312 ], [ 105.2237768, -5.5482904 ], [ 105.2237372, -5.5482925 ], [ 105.223734, -5.5482333 ] ] ] } },
{ "type": "Feature", "properties": { "point_id": 586, "footprint_id": 822, "id_bangunan": "SDI-C62-062", "fungsi_bangunan": "Parkiran motor", "jumlah_lantai": 1, "tinggi_lantai": 4.0, "tinggi_total": 4.0, "luas_m2": 15.46, "jarak_match_m": 35.7, "metode_match": "optimal_nearest", "status_match": "PERLU_CEK", "blok": "C", "klas_fungsi": "Fasilitas Penunjang", "material": "Baja", "struktur": "Rangka Baja", "tipe_atap": "Pelana", "penutup_atap": "Spandek", "dinding": "Tidak Terlihat", "kondisi": "Baik", "keyakinan": "Tinggi", "taksonomi": "S/LFM/RSH2/RMT6/EW99/CV1/HEX:1", "kode_singkat": "S \\LFM\\HEX:1", "koefisien": 1.0, "nilai_exposure": 553450565.28682005, "kelas_exposure": "Rp14.611.983,05 - Rp638.909.581,39", "exposure_rank": 1, "kelas_gempa": "Rendah", "kelas_tsunami": "Rendah" }, "geometry": { "type": "Polygon", "coordinates": [ [ [ 105.2368974, -5.5518689 ], [ 105.2369384, -5.5518632 ], [ 105.2369446, -5.5518923 ], [ 105.2369041, -5.5518999 ], [ 105.2368974, -5.5518689 ] ] ] } },
{ "type": "Feature", "properties": { "point_id": 587, "footprint_id": 829, "id_bangunan": "SDI-C51-051", "fungsi_bangunan": "Rumah Kosong Hancur", "jumlah_lantai": 1, "tinggi_lantai": 4.0, "tinggi_total": 4.0, "luas_m2": 110.25, "jarak_match_m": 1.39, "metode_match": "optimal_nearest", "status_match": "OK", "blok": "C", "klas_fungsi": "Bangunan Kosong/Rusak", "material": "Pasang Bata", "struktur": "Rangka Beton Bertulang", "tipe_atap": "Tidak Terlihat", "penutup_atap": "Tidak ada", "dinding": "Campuran", "kondisi": "Rusak Berat", "keyakinan": "Tinggi", "taksonomi": "MCF/LFINF/RSH99/RMT99/EWO/CV4/HEX:1", "kode_singkat": "MCF \\LFINF\\HEX:1", "koefisien": 1.0, "nilai_exposure": 144224733.96522599, "kelas_exposure": "Rp14.611.983,05 - Rp638.909.581,39", "exposure_rank": 1, "kelas_gempa": "Rendah", "kelas_tsunami": "Rendah" }, "geometry": { "type": "Polygon", "coordinates": [ [ [ 105.2366551, -5.5522082 ], [ 105.2367371, -5.552183 ], [ 105.2367723, -5.5522782 ], [ 105.2366861, -5.5523063 ], [ 105.2366551, -5.5522082 ] ] ] } },
{ "type": "Feature", "properties": { "point_id": 588, "footprint_id": 1069, "id_bangunan": "SDI-A82-082", "fungsi_bangunan": "Gubuk", "jumlah_lantai": 1, "tinggi_lantai": 4.0, "tinggi_total": 4.0, "luas_m2": 159.13, "jarak_match_m": 68.1, "metode_match": "optimal_nearest", "status_match": "PERLU_CEK", "blok": null, "klas_fungsi": null, "material": null, "struktur": null, "tipe_atap": null, "penutup_atap": null, "dinding": null, "kondisi": null, "keyakinan": null, "taksonomi": null, "kode_singkat": null, "koefisien": null, "nilai_exposure": null, "kelas_exposure": null, "exposure_rank": 0, "kelas_gempa": "Tidak Terdampak", "kelas_tsunami": "Tidak Terdampak" }, "geometry": { "type": "Polygon", "coordinates": [ [ [ 105.2264935, -5.5468883 ], [ 105.2265622, -5.5468118 ], [ 105.2266563, -5.5468962 ], [ 105.2265876, -5.5469727 ], [ 105.2264935, -5.5468883 ] ] ] } }
]
}
