{
"type": "FeatureCollection",
"name": "debug_matching",
"crs": { "type": "name", "properties": { "name": "urn:ogc:def:crs:OGC:1.3:CRS84" } },
"features": [
{ "type": "Feature", "properties": { "point_id": 0, "id_bangunan": "SDI-A85-085", "fungsi_bangunan": "Pondok", "jumlah_lantai": 1, "footprint_id": 1056, "jarak_meter": 0.27, "jumlah_titik_footprint": 1, "konflik": false }, "geometry": { "type": "LineString", "coordinates": [ [ 105.223883, -5.548431 ], [ 105.223851489816212, -5.548426593078177 ] ] } },
{ "type": "Feature", "properties": { "point_id": 1, "id_bangunan": "SDI-A01-001", "fungsi_bangunan": "Rumah Tinggal", "jumlah_lantai": 1, "footprint_id": 1184, "jarak_meter": 0.0, "jumlah_titik_footprint": 1, "konflik": false }, "geometry": { "type": "LineString", "coordinates": [ [ 105.227502, -5.545384 ], [ 105.227513943022686, -5.545409629324344 ] ] } },
{ "type": "Feature", "properties": { "point_id": 2, "id_bangunan": "SDI-C01-001", "fungsi_bangunan": "Rumah Tinggal", "jumlah_lantai": 2, "footprint_id": 723, "jarak_meter": 2.92, "jumlah_titik_footprint": 1, "konflik": false }, "geometry": { "type": "LineString", "coordinates": [ [ 105.235376, -5.552167 ], [ 105.235467441200612, -5.552082709218257 ] ] } },
{ "type": "Feature", "properties": { "point_id": 3, "id_bangunan": "SDI-A03-003", "fungsi_bangunan": "Rumah Tinggal", "jumlah_lantai": 1, "footprint_id": 1182, "jarak_meter": 0.0, "jumlah_titik_footprint": 1, "konflik": false }, "geometry": { "type": "LineString", "coordinates": [ [ 105.227328, -5.545261 ], [ 105.22732585913333, -5.545327445471376 ] ] } },
{ "type": "Feature", "properties": { "point_id": 4, "id_bangunan": "SDI-A04-004", "fungsi_bangunan": "Rumah Tinggal", "jumlah_lantai": 1, "footprint_id": 1228, "jarak_meter": 0.0, "jumlah_titik_footprint": 1, "konflik": false }, "geometry": { "type": "LineString", "coordinates": [ [ 105.227668, -5.544866 ], [ 105.227648208198588, -5.544851994074506 ] ] } },
{ "type": "Feature", "properties": { "point_id": 5, "id_bangunan": "SDI-C02-002", "fungsi_bangunan": "Rumah Tinggal", "jumlah_lantai": 1, "footprint_id": 730, "jarak_meter": 3.24, "jumlah_titik_footprint": 1, "konflik": false }, "geometry": { "type": "LineString", "coordinates": [ [ 105.235241, -5.552325 ], [ 105.235129440862195, -5.55230718276431 ] ] } },
{ "type": "Feature", "properties": { "point_id": 6, "id_bangunan": "SDI-C03-003", "fungsi_bangunan": "Rumah Tinggal", "jumlah_lantai": 1, "footprint_id": 729, "jarak_meter": 1.22, "jumlah_titik_footprint": 1, "konflik": false }, "geometry": { "type": "LineString", "coordinates": [ [ 105.235181, -5.55244 ], [ 105.235154042881334, -5.552502929108596 ] ] } },
{ "type": "Feature", "properties": { "point_id": 7, "id_bangunan": "SDI-C04-004", "fungsi_bangunan": "Rumah Tinggal", "jumlah_lantai": 1, "footprint_id": 764, "jarak_meter": 1.82, "jumlah_titik_footprint": 1, "konflik": false }, "geometry": { "type": "LineString", "coordinates": [ [ 105.235085, -5.552495 ], [ 105.235055497830928, -5.552572142536374 ] ] } },
{ "type": "Feature", "properties": { "point_id": 8, "id_bangunan": "SDI-C05-005", "fungsi_bangunan": "Rumah Tinggal", "jumlah_lantai": 1, "footprint_id": 758, "jarak_meter": 0.0, "jumlah_titik_footprint": 2, "konflik": true }, "geometry": { "type": "LineString", "coordinates": [ [ 105.234778, -5.552505 ], [ 105.234687078782201, -5.552537151681664 ] ] } },
{ "type": "Feature", "properties": { "point_id": 9, "id_bangunan": "SDI-C06-006", "fungsi_bangunan": "Rumah Tinggal", "jumlah_lantai": 1, "footprint_id": 757, "jarak_meter": 0.0, "jumlah_titik_footprint": 1, "konflik": false }, "geometry": { "type": "LineString", "coordinates": [ [ 105.234644, -5.552422 ], [ 105.234585193807774, -5.552441538316198 ] ] } },
{ "type": "Feature", "properties": { "point_id": 10, "id_bangunan": "SDI-A05-005", "fungsi_bangunan": "Rumah Tinggal", "jumlah_lantai": 1, "footprint_id": 1257, "jarak_meter": 0.0, "jumlah_titik_footprint": 1, "konflik": false }, "geometry": { "type": "LineString", "coordinates": [ [ 105.22742, -5.544962 ], [ 105.227464320383248, -5.544954237379348 ] ] } },
{ "type": "Feature", "properties": { "point_id": 11, "id_bangunan": "SDI-C08-008", "fungsi_bangunan": "Rumah Tinggal", "jumlah_lantai": 1, "footprint_id": 750, "jarak_meter": 2.95, "jumlah_titik_footprint": 2, "konflik": true }, "geometry": { "type": "LineString", "coordinates": [ [ 105.233965, -5.552464 ], [ 105.233855464622138, -5.552401562749309 ] ] } },
{ "type": "Feature", "properties": { "point_id": 12, "id_bangunan": "SDI-A06-006", "fungsi_bangunan": "Rumah Tinggal", "jumlah_lantai": 1, "footprint_id": 1227, "jarak_meter": 0.0, "jumlah_titik_footprint": 2, "konflik": true }, "geometry": { "type": "LineString", "coordinates": [ [ 105.227342, -5.544949 ], [ 105.227352944011855, -5.544800739175423 ] ] } },
{ "type": "Feature", "properties": { "point_id": 13, "id_bangunan": "SDI-C09-009", "fungsi_bangunan": "Rumah Tinggal", "jumlah_lantai": 1, "footprint_id": 750, "jarak_meter": 0.02, "jumlah_titik_footprint": 2, "konflik": true }, "geometry": { "type": "LineString", "coordinates": [ [ 105.233915, -5.552436 ], [ 105.233855464622138, -5.552401562749309 ] ] } },
{ "type": "Feature", "properties": { "point_id": 14, "id_bangunan": "SDI-C10-010", "fungsi_bangunan": "Rumah Tinggal", "jumlah_lantai": 1, "footprint_id": 749, "jarak_meter": 0.0, "jumlah_titik_footprint": 2, "konflik": true }, "geometry": { "type": "LineString", "coordinates": [ [ 105.234007, -5.552316 ], [ 105.234018904500857, -5.55229023707656 ] ] } },
{ "type": "Feature", "properties": { "point_id": 15, "id_bangunan": "SDI-C11-011", "fungsi_bangunan": "Rumah Tinggal", "jumlah_lantai": 1, "footprint_id": 749, "jarak_meter": 2.84, "jumlah_titik_footprint": 2, "konflik": true }, "geometry": { "type": "LineString", "coordinates": [ [ 105.233947, -5.552238 ], [ 105.234018904500857, -5.55229023707656 ] ] } },
{ "type": "Feature", "properties": { "point_id": 16, "id_bangunan": "SDI-C12-012", "fungsi_bangunan": "Rumah Tinggal", "jumlah_lantai": 1, "footprint_id": 1015, "jarak_meter": 3.71, "jumlah_titik_footprint": 1, "konflik": false }, "geometry": { "type": "LineString", "coordinates": [ [ 105.234039, -5.552142 ], [ 105.233989699250657, -5.552039306855215 ] ] } },
{ "type": "Feature", "properties": { "point_id": 17, "id_bangunan": "SDI-C13-013", "fungsi_bangunan": "Rumah Tinggal", "jumlah_lantai": 1, "footprint_id": 755, "jarak_meter": 7.67, "jumlah_titik_footprint": 1, "konflik": false }, "geometry": { "type": "LineString", "coordinates": [ [ 105.234126, -5.552146 ], [ 105.234139657406715, -5.552017870144402 ] ] } },
{ "type": "Feature", "properties": { "point_id": 18, "id_bangunan": "SDI-C14-014", "fungsi_bangunan": "Rumah Tinggal", "jumlah_lantai": 1, "footprint_id": 1016, "jarak_meter": 0.0, "jumlah_titik_footprint": 1, "konflik": false }, "geometry": { "type": "LineString", "coordinates": [ [ 105.233805, -5.55216 ], [ 105.23377186264652, -5.552115979601062 ] ] } },
{ "type": "Feature", "properties": { "point_id": 19, "id_bangunan": "SDI-C15-015", "fungsi_bangunan": "Rumah Tinggal", "jumlah_lantai": 1, "footprint_id": 1018, "jarak_meter": 0.41, "jumlah_titik_footprint": 1, "konflik": false }, "geometry": { "type": "LineString", "coordinates": [ [ 105.23364, -5.552289 ], [ 105.233624216309948, -5.552222194717506 ] ] } },
{ "type": "Feature", "properties": { "point_id": 20, "id_bangunan": "SDI-A08-008", "fungsi_bangunan": "Rumah Tinggal", "jumlah_lantai": 1, "footprint_id": 1258, "jarak_meter": 0.0, "jumlah_titik_footprint": 1, "konflik": false }, "geometry": { "type": "LineString", "coordinates": [ [ 105.227278, -5.544893 ], [ 105.227286804752609, -5.544857333306189 ] ] } },
{ "type": "Feature", "properties": { "point_id": 21, "id_bangunan": "SDI-A09-009", "fungsi_bangunan": "Rumah Tinggal", "jumlah_lantai": 1, "footprint_id": 1080, "jarak_meter": 0.0, "jumlah_titik_footprint": 2, "konflik": true }, "geometry": { "type": "LineString", "coordinates": [ [ 105.224369, -5.548256 ], [ 105.22437578013735, -5.54823563531633 ] ] } },
{ "type": "Feature", "properties": { "point_id": 22, "id_bangunan": "SDI-A11-011", "fungsi_bangunan": "Rumah Tinggal", "jumlah_lantai": 1, "footprint_id": 1179, "jarak_meter": 0.0, "jumlah_titik_footprint": 1, "konflik": false }, "geometry": { "type": "LineString", "coordinates": [ [ 105.22652, -5.544981 ], [ 105.226504581836707, -5.544988957123091 ] ] } },
{ "type": "Feature", "properties": { "point_id": 23, "id_bangunan": "SDI-A12-012", "fungsi_bangunan": "Rumah Tinggal", "jumlah_lantai": 2, "footprint_id": 1178, "jarak_meter": 0.0, "jumlah_titik_footprint": 1, "konflik": false }, "geometry": { "type": "LineString", "coordinates": [ [ 105.226126, -5.544894 ], [ 105.2261024453407, -5.544901219427918 ] ] } },
{ "type": "Feature", "properties": { "point_id": 24, "id_bangunan": "SDI-A13-013", "fungsi_bangunan": "Rumah Tinggal", "jumlah_lantai": 1, "footprint_id": 1141, "jarak_meter": 0.0, "jumlah_titik_footprint": 1, "konflik": false }, "geometry": { "type": "LineString", "coordinates": [ [ 105.225947, -5.54471 ], [ 105.225932553761268, -5.544736533620853 ] ] } },
{ "type": "Feature", "properties": { "point_id": 25, "id_bangunan": "SDI-A14-014", "fungsi_bangunan": "Rumah Tinggal", "jumlah_lantai": 1, "footprint_id": 1120, "jarak_meter": 0.0, "jumlah_titik_footprint": 1, "konflik": false }, "geometry": { "type": "LineString", "coordinates": [ [ 105.226066, -5.544438 ], [ 105.226074972003246, -5.544400202999594 ] ] } },
{ "type": "Feature", "properties": { "point_id": 26, "id_bangunan": "SDI-A15-015", "fungsi_bangunan": "Rumah Tinggal", "jumlah_lantai": 1, "footprint_id": 1118, "jarak_meter": 0.0, "jumlah_titik_footprint": 1, "konflik": false }, "geometry": { "type": "LineString", "coordinates": [ [ 105.226034, -5.544323 ], [ 105.22600034320061, -5.544327404578996 ] ] } },
{ "type": "Feature", "properties": { "point_id": 27, "id_bangunan": "SDI-A16-016", "fungsi_bangunan": "Rumah Tinggal", "jumlah_lantai": 1, "footprint_id": 1140, "jarak_meter": 0.0, "jumlah_titik_footprint": 1, "konflik": false }, "geometry": { "type": "LineString", "coordinates": [ [ 105.225832, -5.544678 ], [ 105.225793475562725, -5.544682892753069 ] ] } },
{ "type": "Feature", "properties": { "point_id": 28, "id_bangunan": "SDI-A18-018", "fungsi_bangunan": "Rumah Tinggal", "jumlah_lantai": 1, "footprint_id": 1116, "jarak_meter": 0.0, "jumlah_titik_footprint": 1, "konflik": false }, "geometry": { "type": "LineString", "coordinates": [ [ 105.225924, -5.544328 ], [ 105.225889846931921, -5.544321885212658 ] ] } },
{ "type": "Feature", "properties": { "point_id": 29, "id_bangunan": "SDI-A19-019", "fungsi_bangunan": "Rumah Tinggal", "jumlah_lantai": 1, "footprint_id": 1123, "jarak_meter": 0.0, "jumlah_titik_footprint": 1, "konflik": false }, "geometry": { "type": "LineString", "coordinates": [ [ 105.225777, -5.54437 ], [ 105.225782085269628, -5.544348251872278 ] ] } },
{ "type": "Feature", "properties": { "point_id": 30, "id_bangunan": "SDI-A20-020", "fungsi_bangunan": "Rumah Tinggal", "jumlah_lantai": 1, "footprint_id": 1137, "jarak_meter": 0.0, "jumlah_titik_footprint": 1, "konflik": false }, "geometry": { "type": "LineString", "coordinates": [ [ 105.225538, -5.5446 ], [ 105.225510112874105, -5.544583631497523 ] ] } },
{ "type": "Feature", "properties": { "point_id": 31, "id_bangunan": "SDI-A21-021", "fungsi_bangunan": "Rumah Tinggal", "jumlah_lantai": 1, "footprint_id": 1127, "jarak_meter": 0.0, "jumlah_titik_footprint": 1, "konflik": false }, "geometry": { "type": "LineString", "coordinates": [ [ 105.22541, -5.544549 ], [ 105.225402826044544, -5.544530432262595 ] ] } },
{ "type": "Feature", "properties": { "point_id": 32, "id_bangunan": "SDI-A23-023", "fungsi_bangunan": "Rumah Tinggal", "jumlah_lantai": 1, "footprint_id": 1096, "jarak_meter": 0.0, "jumlah_titik_footprint": 3, "konflik": true }, "geometry": { "type": "LineString", "coordinates": [ [ 105.225561, -5.544227 ], [ 105.225314074215859, -5.54409363233601 ] ] } },
{ "type": "Feature", "properties": { "point_id": 33, "id_bangunan": "SDI-A24-024", "fungsi_bangunan": "Rumah Tinggal", "jumlah_lantai": 1, "footprint_id": 1105, "jarak_meter": 0.0, "jumlah_titik_footprint": 2, "konflik": true }, "geometry": { "type": "LineString", "coordinates": [ [ 105.225469, -5.544218 ], [ 105.225447119027109, -5.544217056253093 ] ] } },
{ "type": "Feature", "properties": { "point_id": 34, "id_bangunan": "SDI-A25-025", "fungsi_bangunan": "Rumah Tinggal", "jumlah_lantai": 1, "footprint_id": 1114, "jarak_meter": 0.0, "jumlah_titik_footprint": 1, "konflik": false }, "geometry": { "type": "LineString", "coordinates": [ [ 105.225832, -5.54414 ], [ 105.225844131500224, -5.544169007500619 ] ] } },
{ "type": "Feature", "properties": { "point_id": 35, "id_bangunan": "SDI-C16-016", "fungsi_bangunan": "Rumah Tinggal", "jumlah_lantai": 1, "footprint_id": 731, "jarak_meter": 0.0, "jumlah_titik_footprint": 2, "konflik": true }, "geometry": { "type": "LineString", "coordinates": [ [ 105.235186, -5.552183 ], [ 105.235097455527651, -5.552172202053258 ] ] } },
{ "type": "Feature", "properties": { "point_id": 36, "id_bangunan": "SDI-C17-017", "fungsi_bangunan": "Rumah Tinggal", "jumlah_lantai": 1, "footprint_id": 731, "jarak_meter": 0.0, "jumlah_titik_footprint": 2, "konflik": true }, "geometry": { "type": "LineString", "coordinates": [ [ 105.235113, -5.552094 ], [ 105.235097455527651, -5.552172202053258 ] ] } },
{ "type": "Feature", "properties": { "point_id": 37, "id_bangunan": "SDI-C18-018", "fungsi_bangunan": "Rumah Tinggal", "jumlah_lantai": 1, "footprint_id": 718, "jarak_meter": 0.0, "jumlah_titik_footprint": 1, "konflik": false }, "geometry": { "type": "LineString", "coordinates": [ [ 105.235302, -5.551936 ], [ 105.23528187277978, -5.551918697272937 ] ] } },
{ "type": "Feature", "properties": { "point_id": 38, "id_bangunan": "SDI-C19-019", "fungsi_bangunan": "Rumah Tinggal", "jumlah_lantai": 1, "footprint_id": 721, "jarak_meter": 0.55, "jumlah_titik_footprint": 2, "konflik": true }, "geometry": { "type": "LineString", "coordinates": [ [ 105.235496, -5.551662 ], [ 105.235543323978561, -5.551685990189331 ] ] } },
{ "type": "Feature", "properties": { "point_id": 39, "id_bangunan": "SDI-C20-020", "fungsi_bangunan": "Rumah Tinggal", "jumlah_lantai": 1, "footprint_id": 721, "jarak_meter": 0.0, "jumlah_titik_footprint": 2, "konflik": true }, "geometry": { "type": "LineString", "coordinates": [ [ 105.235473, -5.551723 ], [ 105.235543323978561, -5.551685990189331 ] ] } },
{ "type": "Feature", "properties": { "point_id": 40, "id_bangunan": "SDI-A26-026", "fungsi_bangunan": "Rumah Tinggal", "jumlah_lantai": 1, "footprint_id": 1112, "jarak_meter": 0.0, "jumlah_titik_footprint": 1, "konflik": false }, "geometry": { "type": "LineString", "coordinates": [ [ 105.225772, -5.544094 ], [ 105.225763917953884, -5.54407396720904 ] ] } },
{ "type": "Feature", "properties": { "point_id": 41, "id_bangunan": "SDI-C21-021", "fungsi_bangunan": "Rumah Tinggal", "jumlah_lantai": 1, "footprint_id": 720, "jarak_meter": 4.21, "jumlah_titik_footprint": 1, "konflik": false }, "geometry": { "type": "LineString", "coordinates": [ [ 105.235506, -5.551859 ], [ 105.235575347011064, -5.551760142585918 ] ] } },
{ "type": "Feature", "properties": { "point_id": 42, "id_bangunan": "SDI-C22-022", "fungsi_bangunan": "Rumah Tinggal", "jumlah_lantai": 1, "footprint_id": 717, "jarak_meter": 4.66, "jumlah_titik_footprint": 2, "konflik": true }, "geometry": { "type": "LineString", "coordinates": [ [ 105.235052, -5.551943 ], [ 105.235126284265647, -5.55186657569597 ] ] } },
{ "type": "Feature", "properties": { "point_id": 43, "id_bangunan": "SDI-A27-027", "fungsi_bangunan": "Rumah Tinggal", "jumlah_lantai": 1, "footprint_id": 1111, "jarak_meter": 0.0, "jumlah_titik_footprint": 2, "konflik": true }, "geometry": { "type": "LineString", "coordinates": [ [ 105.22569, -5.544015 ], [ 105.225698687580277, -5.543984808626655 ] ] } },
{ "type": "Feature", "properties": { "point_id": 44, "id_bangunan": "SDI-C23-023", "fungsi_bangunan": "Rumah Tinggal", "jumlah_lantai": 1, "footprint_id": 717, "jarak_meter": 1.7, "jumlah_titik_footprint": 2, "konflik": true }, "geometry": { "type": "LineString", "coordinates": [ [ 105.235101, -5.551794 ], [ 105.235126284265647, -5.55186657569597 ] ] } },
{ "type": "Feature", "properties": { "point_id": 45, "id_bangunan": "SDI-C24-024", "fungsi_bangunan": "Rumah Tinggal", "jumlah_lantai": 1, "footprint_id": 716, "jarak_meter": 1.69, "jumlah_titik_footprint": 1, "konflik": false }, "geometry": { "type": "LineString", "coordinates": [ [ 105.235092, -5.551743 ], [ 105.235123801688246, -5.551665783506497 ] ] } },
{ "type": "Feature", "properties": { "point_id": 46, "id_bangunan": "SDI-A28-028", "fungsi_bangunan": "Rumah Tinggal", "jumlah_lantai": 1, "footprint_id": 1110, "jarak_meter": 0.0, "jumlah_titik_footprint": 1, "konflik": false }, "geometry": { "type": "LineString", "coordinates": [ [ 105.225635, -5.543914 ], [ 105.225621118687314, -5.543924594560546 ] ] } },
{ "type": "Feature", "properties": { "point_id": 47, "id_bangunan": "SDI-A29-029", "fungsi_bangunan": "Rumah Tinggal", "jumlah_lantai": 1, "footprint_id": 1108, "jarak_meter": 0.0, "jumlah_titik_footprint": 1, "konflik": false }, "geometry": { "type": "LineString", "coordinates": [ [ 105.225506, -5.543873 ], [ 105.22552953926305, -5.543833206619166 ] ] } },
{ "type": "Feature", "properties": { "point_id": 48, "id_bangunan": "SDI-A30-030", "fungsi_bangunan": "Rumah Tinggal", "jumlah_lantai": 1, "footprint_id": 1105, "jarak_meter": 0.0, "jumlah_titik_footprint": 2, "konflik": true }, "geometry": { "type": "LineString", "coordinates": [ [ 105.225424, -5.544213 ], [ 105.225447119027109, -5.544217056253093 ] ] } },
{ "type": "Feature", "properties": { "point_id": 49, "id_bangunan": "SDI-C26-026", "fungsi_bangunan": "Rumah Tinggal", "jumlah_lantai": 1, "footprint_id": 735, "jarak_meter": 0.5, "jumlah_titik_footprint": 1, "konflik": false }, "geometry": { "type": "LineString", "coordinates": [ [ 105.234873, -5.551848 ], [ 105.234798362096427, -5.551852377347756 ] ] } },
{ "type": "Feature", "properties": { "point_id": 50, "id_bangunan": "SDI-C27-027", "fungsi_bangunan": "Rumah Tinggal", "jumlah_lantai": 1, "footprint_id": 715, "jarak_meter": 0.57, "jumlah_titik_footprint": 2, "konflik": true }, "geometry": { "type": "LineString", "coordinates": [ [ 105.234928, -5.551633 ], [ 105.234983459949575, -5.551637164731737 ] ] } },
{ "type": "Feature", "properties": { "point_id": 51, "id_bangunan": "SDI-A31-031", "fungsi_bangunan": "Rumah Tinggal", "jumlah_lantai": 1, "footprint_id": 1132, "jarak_meter": 0.0, "jumlah_titik_footprint": 1, "konflik": false }, "geometry": { "type": "LineString", "coordinates": [ [ 105.225318, -5.544692 ], [ 105.225316573998555, -5.544674615998867 ] ] } },
{ "type": "Feature", "properties": { "point_id": 52, "id_bangunan": "SDI-C29-029", "fungsi_bangunan": "Rumah Tinggal", "jumlah_lantai": 1, "footprint_id": 709, "jarak_meter": 6.33, "jumlah_titik_footprint": 1, "konflik": false }, "geometry": { "type": "LineString", "coordinates": [ [ 105.235205, -5.551237 ], [ 105.235222526302252, -5.551116611592467 ] ] } },
{ "type": "Feature", "properties": { "point_id": 53, "id_bangunan": "SDI-A32-032", "fungsi_bangunan": "Rumah Tinggal", "jumlah_lantai": 1, "footprint_id": 1128, "jarak_meter": 0.0, "jumlah_titik_footprint": 1, "konflik": false }, "geometry": { "type": "LineString", "coordinates": [ [ 105.225263, -5.544475 ], [ 105.225250193676345, -5.544521717573904 ] ] } },
{ "type": "Feature", "properties": { "point_id": 54, "id_bangunan": "SDI-A33-033", "fungsi_bangunan": "Rumah Tinggal", "jumlah_lantai": 1, "footprint_id": 1129, "jarak_meter": 0.0, "jumlah_titik_footprint": 2, "konflik": true }, "geometry": { "type": "LineString", "coordinates": [ [ 105.225199, -5.544411 ], [ 105.225149566656427, -5.544402441982115 ] ] } },
{ "type": "Feature", "properties": { "point_id": 55, "id_bangunan": "SDI-B05-005", "fungsi_bangunan": "Rumah Tinggal", "jumlah_lantai": 1, "footprint_id": 572, "jarak_meter": 0.0, "jumlah_titik_footprint": 4, "konflik": true }, "geometry": { "type": "LineString", "coordinates": [ [ 105.229682, -5.549010571 ], [ 105.229556166889637, -5.549026600735382 ] ] } },
{ "type": "Feature", "properties": { "point_id": 56, "id_bangunan": "SDI-A01-035", "fungsi_bangunan": "Rumah Tinggal", "jumlah_lantai": 1, "footprint_id": 1097, "jarak_meter": 0.0, "jumlah_titik_footprint": 2, "konflik": true }, "geometry": { "type": "LineString", "coordinates": [ [ 105.225323, -5.544176 ], [ 105.225329930227545, -5.544157867614297 ] ] } },
{ "type": "Feature", "properties": { "point_id": 57, "id_bangunan": "SDI-A37-037", "fungsi_bangunan": "Rumah Tinggal", "jumlah_lantai": 1, "footprint_id": 1100, "jarak_meter": 3.02, "jumlah_titik_footprint": 1, "konflik": false }, "geometry": { "type": "LineString", "coordinates": [ [ 105.225263, -5.544043 ], [ 105.225272230713827, -5.543949256960846 ] ] } },
{ "type": "Feature", "properties": { "point_id": 58, "id_bangunan": "SDI-A39-039", "fungsi_bangunan": "Rumah Tinggal", "jumlah_lantai": 1, "footprint_id": 1096, "jarak_meter": 2.27, "jumlah_titik_footprint": 3, "konflik": true }, "geometry": { "type": "LineString", "coordinates": [ [ 105.225139, -5.544144 ], [ 105.225314074215859, -5.54409363233601 ] ] } },
{ "type": "Feature", "properties": { "point_id": 59, "id_bangunan": "SDI-A41-041", "fungsi_bangunan": "Rumah Tinggal", "jumlah_lantai": 1, "footprint_id": 1167, "jarak_meter": 0.0, "jumlah_titik_footprint": 1, "konflik": false }, "geometry": { "type": "LineString", "coordinates": [ [ 105.224827, -5.544172 ], [ 105.224802547057735, -5.544177261817807 ] ] } },
{ "type": "Feature", "properties": { "point_id": 60, "id_bangunan": "SDI-C30-030", "fungsi_bangunan": "Rumah Tinggal", "jumlah_lantai": 1, "footprint_id": 741, "jarak_meter": 0.0, "jumlah_titik_footprint": 2, "konflik": true }, "geometry": { "type": "LineString", "coordinates": [ [ 105.234648, -5.551554 ], [ 105.234631561829531, -5.551559211037935 ] ] } },
{ "type": "Feature", "properties": { "point_id": 61, "id_bangunan": "SDI-A42-042", "fungsi_bangunan": "Rumah Tinggal", "jumlah_lantai": 1, "footprint_id": 1090, "jarak_meter": 0.15, "jumlah_titik_footprint": 1, "konflik": false }, "geometry": { "type": "LineString", "coordinates": [ [ 105.224923, -5.544039 ], [ 105.224904596209697, -5.544047428467517 ] ] } },
{ "type": "Feature", "properties": { "point_id": 62, "id_bangunan": "SDI-C32-032", "fungsi_bangunan": "Rumah Tinggal", "jumlah_lantai": 1, "footprint_id": 736, "jarak_meter": 4.61, "jumlah_titik_footprint": 1, "konflik": false }, "geometry": { "type": "LineString", "coordinates": [ [ 105.234667, -5.55145 ], [ 105.234529402778065, -5.551469619784786 ] ] } },
{ "type": "Feature", "properties": { "point_id": 63, "id_bangunan": "SDI-A43-043", "fungsi_bangunan": "Rumah Tinggal", "jumlah_lantai": 1, "footprint_id": 1164, "jarak_meter": 0.0, "jumlah_titik_footprint": 1, "konflik": false }, "geometry": { "type": "LineString", "coordinates": [ [ 105.224602, -5.544269 ], [ 105.224577729693692, -5.544222971023749 ] ] } },
{ "type": "Feature", "properties": { "point_id": 64, "id_bangunan": "Blok A (SDI-A01-044)", "fungsi_bangunan": "Rumah Tinggal", "jumlah_lantai": 1, "footprint_id": 1149, "jarak_meter": 2.89, "jumlah_titik_footprint": 2, "konflik": true }, "geometry": { "type": "LineString", "coordinates": [ [ 105.224676, -5.543823 ], [ 105.224573804072961, -5.543769479283966 ] ] } },
{ "type": "Feature", "properties": { "point_id": 65, "id_bangunan": "Blok A (SDI-A01-045)", "fungsi_bangunan": "Rumah Tinggal", "jumlah_lantai": 1, "footprint_id": 1147, "jarak_meter": 0.0, "jumlah_titik_footprint": 2, "konflik": true }, "geometry": { "type": "LineString", "coordinates": [ [ 105.224735, -5.543671 ], [ 105.224699751499273, -5.543643629500976 ] ] } },
{ "type": "Feature", "properties": { "point_id": 66, "id_bangunan": "Blok A (SDI-A01-046)", "fungsi_bangunan": "Rumah Tinggal", "jumlah_lantai": 1, "footprint_id": 1147, "jarak_meter": 0.0, "jumlah_titik_footprint": 2, "konflik": true }, "geometry": { "type": "LineString", "coordinates": [ [ 105.224694, -5.543629 ], [ 105.224699751499273, -5.543643629500976 ] ] } },
{ "type": "Feature", "properties": { "point_id": 67, "id_bangunan": "Blok A (SDI-A01-047)", "fungsi_bangunan": "Rumah Tinggal", "jumlah_lantai": 1, "footprint_id": 1165, "jarak_meter": 0.5, "jumlah_titik_footprint": 1, "konflik": false }, "geometry": { "type": "LineString", "coordinates": [ [ 105.224543, -5.544062 ], [ 105.224504676543901, -5.544028929259366 ] ] } },
{ "type": "Feature", "properties": { "point_id": 68, "id_bangunan": "Blok A (SDI-A01-048)", "fungsi_bangunan": "Rumah Tinggal", "jumlah_lantai": 1, "footprint_id": 1149, "jarak_meter": 0.0, "jumlah_titik_footprint": 2, "konflik": true }, "geometry": { "type": "LineString", "coordinates": [ [ 105.224478, -5.543708 ], [ 105.224573804072961, -5.543769479283966 ] ] } },
{ "type": "Feature", "properties": { "point_id": 69, "id_bangunan": "Blok A (SDI-A01-049)", "fungsi_bangunan": "Rumah Tinggal", "jumlah_lantai": 1, "footprint_id": 1158, "jarak_meter": 1.74, "jumlah_titik_footprint": 1, "konflik": false }, "geometry": { "type": "LineString", "coordinates": [ [ 105.224451, -5.543583 ], [ 105.224394601562977, -5.543552427721212 ] ] } },
{ "type": "Feature", "properties": { "point_id": 70, "id_bangunan": "Blok A (SDI-A01-050)", "fungsi_bangunan": "Rumah Tinggal", "jumlah_lantai": 1, "footprint_id": 1157, "jarak_meter": 2.49, "jumlah_titik_footprint": 2, "konflik": true }, "geometry": { "type": "LineString", "coordinates": [ [ 105.224359, -5.543625 ], [ 105.224288676574758, -5.543595726479214 ] ] } },
{ "type": "Feature", "properties": { "point_id": 71, "id_bangunan": "Blok A (SDI-A01-051)", "fungsi_bangunan": "Rumah Tinggal", "jumlah_lantai": 1, "footprint_id": 1152, "jarak_meter": 0.0, "jumlah_titik_footprint": 1, "konflik": false }, "geometry": { "type": "LineString", "coordinates": [ [ 105.224331, -5.543721 ], [ 105.224373820953957, -5.543719678908833 ] ] } },
{ "type": "Feature", "properties": { "point_id": 72, "id_bangunan": "Blok A (SDI-A01-052)", "fungsi_bangunan": "Rumah Tinggal", "jumlah_lantai": 1, "footprint_id": 1157, "jarak_meter": 0.0, "jumlah_titik_footprint": 2, "konflik": true }, "geometry": { "type": "LineString", "coordinates": [ [ 105.224253, -5.543639 ], [ 105.224288676574758, -5.543595726479214 ] ] } },
{ "type": "Feature", "properties": { "point_id": 73, "id_bangunan": "Blok A (SDI-A01-053)", "fungsi_bangunan": "Rumah Tinggal", "jumlah_lantai": 1, "footprint_id": 1150, "jarak_meter": 0.0, "jumlah_titik_footprint": 2, "konflik": true }, "geometry": { "type": "LineString", "coordinates": [ [ 105.224212, -5.543795 ], [ 105.224195936429709, -5.543819517733268 ] ] } },
{ "type": "Feature", "properties": { "point_id": 74, "id_bangunan": "Blok A (SDI-A01-054)", "fungsi_bangunan": "Rumah Tinggal", "jumlah_lantai": 1, "footprint_id": 1155, "jarak_meter": 0.0, "jumlah_titik_footprint": 1, "konflik": false }, "geometry": { "type": "LineString", "coordinates": [ [ 105.224134, -5.543731 ], [ 105.224104167600672, -5.543688640948018 ] ] } },
{ "type": "Feature", "properties": { "point_id": 75, "id_bangunan": "Blok A (SDI-A01-055)", "fungsi_bangunan": "Rumah Tinggal", "jumlah_lantai": 1, "footprint_id": 1154, "jarak_meter": 0.08, "jumlah_titik_footprint": 1, "konflik": false }, "geometry": { "type": "LineString", "coordinates": [ [ 105.223987, -5.543758 ], [ 105.223934534176919, -5.543765579550607 ] ] } },
{ "type": "Feature", "properties": { "point_id": 76, "id_bangunan": "Blok A (SDI-A01-056)", "fungsi_bangunan": "Rumah Tinggal", "jumlah_lantai": 1, "footprint_id": 1159, "jarak_meter": 0.0, "jumlah_titik_footprint": 1, "konflik": false }, "geometry": { "type": "LineString", "coordinates": [ [ 105.223877, -5.543726 ], [ 105.223832209950103, -5.543698620265208 ] ] } },
{ "type": "Feature", "properties": { "point_id": 77, "id_bangunan": "Blok A (SDI-A01-057)", "fungsi_bangunan": "Rumah Tinggal", "jumlah_lantai": 1, "footprint_id": 1160, "jarak_meter": 0.0, "jumlah_titik_footprint": 1, "konflik": false }, "geometry": { "type": "LineString", "coordinates": [ [ 105.223822, -5.543616 ], [ 105.223817298351307, -5.543604194654253 ] ] } },
{ "type": "Feature", "properties": { "point_id": 78, "id_bangunan": "Blok A (SDI-A01-058)", "fungsi_bangunan": "Rumah Tinggal", "jumlah_lantai": 1, "footprint_id": 1161, "jarak_meter": 0.0, "jumlah_titik_footprint": 1, "konflik": false }, "geometry": { "type": "LineString", "coordinates": [ [ 105.223817, -5.543524 ], [ 105.223835006869862, -5.543506092508116 ] ] } },
{ "type": "Feature", "properties": { "point_id": 79, "id_bangunan": "Blok A (SDI-A01-059)", "fungsi_bangunan": "Rumah Tinggal", "jumlah_lantai": 1, "footprint_id": 1162, "jarak_meter": 0.0, "jumlah_titik_footprint": 1, "konflik": false }, "geometry": { "type": "LineString", "coordinates": [ [ 105.223694, -5.543556 ], [ 105.223694217500096, -5.543545853000563 ] ] } },
{ "type": "Feature", "properties": { "point_id": 80, "id_bangunan": "Blok A (SDI-A01-060)", "fungsi_bangunan": "Rumah Tinggal", "jumlah_lantai": 1, "footprint_id": 1150, "jarak_meter": 0.0, "jumlah_titik_footprint": 2, "konflik": true }, "geometry": { "type": "LineString", "coordinates": [ [ 105.224203, -5.543855 ], [ 105.224195936429709, -5.543819517733268 ] ] } },
{ "type": "Feature", "properties": { "point_id": 81, "id_bangunan": "Blok A (SDI-A01-061)", "fungsi_bangunan": "Rumah Tinggal", "jumlah_lantai": 1, "footprint_id": 1151, "jarak_meter": 0.0, "jumlah_titik_footprint": 1, "konflik": false }, "geometry": { "type": "LineString", "coordinates": [ [ 105.224313, -5.543846 ], [ 105.224285064973429, -5.543834251314987 ] ] } },
{ "type": "Feature", "properties": { "point_id": 82, "id_bangunan": "Blok A (SDI-A01-062)", "fungsi_bangunan": "Rumah Tinggal", "jumlah_lantai": 1, "footprint_id": 1153, "jarak_meter": 0.0, "jumlah_titik_footprint": 1, "konflik": false }, "geometry": { "type": "LineString", "coordinates": [ [ 105.224492, -5.543836 ], [ 105.224427007129748, -5.543831996929944 ] ] } },
{ "type": "Feature", "properties": { "point_id": 83, "id_bangunan": "SDI-B01-001", "fungsi_bangunan": "Rumah Tinggal", "jumlah_lantai": 1, "footprint_id": 990, "jarak_meter": 0.0, "jumlah_titik_footprint": 1, "konflik": false }, "geometry": { "type": "LineString", "coordinates": [ [ 105.232928, -5.550771 ], [ 105.232920111193508, -5.550766463407677 ] ] } },
{ "type": "Feature", "properties": { "point_id": 84, "id_bangunan": "SDI-B02-002", "fungsi_bangunan": "Rumah Tinggal", "jumlah_lantai": 1, "footprint_id": 662, "jarak_meter": 0.0, "jumlah_titik_footprint": 2, "konflik": true }, "geometry": { "type": "LineString", "coordinates": [ [ 105.230717, -5.550645 ], [ 105.230688423904567, -5.550629978023765 ] ] } },
{ "type": "Feature", "properties": { "point_id": 85, "id_bangunan": "SDI-B03–003", "fungsi_bangunan": "Rumah Tinggal", "jumlah_lantai": 1, "footprint_id": 989, "jarak_meter": 0.0, "jumlah_titik_footprint": 1, "konflik": false }, "geometry": { "type": "LineString", "coordinates": [ [ 105.232818, -5.550967 ], [ 105.232795969568912, -5.550981366971066 ] ] } },
{ "type": "Feature", "properties": { "point_id": 86, "id_bangunan": "SDI-B04-004", "fungsi_bangunan": "Rumah Tinggal", "jumlah_lantai": 1, "footprint_id": 987, "jarak_meter": 0.0, "jumlah_titik_footprint": 1, "konflik": false }, "geometry": { "type": "LineString", "coordinates": [ [ 105.232827, -5.5507 ], [ 105.232754986263515, -5.550689188642539 ] ] } },
{ "type": "Feature", "properties": { "point_id": 87, "id_bangunan": "Blok A (SDI-A01-065)", "fungsi_bangunan": "Rumah Tinggal", "jumlah_lantai": 1, "footprint_id": 1171, "jarak_meter": 0.59, "jumlah_titik_footprint": 1, "konflik": false }, "geometry": { "type": "LineString", "coordinates": [ [ 105.222161, -5.543851 ], [ 105.222142680896084, -5.543906219198321 ] ] } },
{ "type": "Feature", "properties": { "point_id": 88, "id_bangunan": "SDI-B06-006", "fungsi_bangunan": "Rumah Tinggal", "jumlah_lantai": 1, "footprint_id": 1043, "jarak_meter": 0.0, "jumlah_titik_footprint": 2, "konflik": true }, "geometry": { "type": "LineString", "coordinates": [ [ 105.232193, -5.550268 ], [ 105.232171260438989, -5.550230319853288 ] ] } },
{ "type": "Feature", "properties": { "point_id": 89, "id_bangunan": "SDI-B07-007", "fungsi_bangunan": "Rumah Tinggal", "jumlah_lantai": 1, "footprint_id": 884, "jarak_meter": 1.67, "jumlah_titik_footprint": 1, "konflik": false }, "geometry": { "type": "LineString", "coordinates": [ [ 105.232308, -5.550107 ], [ 105.232229069330813, -5.550067551279233 ] ] } },
{ "type": "Feature", "properties": { "point_id": 90, "id_bangunan": "Blok A (SDI-A01-066)", "fungsi_bangunan": "Rumah Tinggal", "jumlah_lantai": 1, "footprint_id": 1172, "jarak_meter": 0.0, "jumlah_titik_footprint": 1, "konflik": false }, "geometry": { "type": "LineString", "coordinates": [ [ 105.222152, -5.543649 ], [ 105.222155096238737, -5.543609265988981 ] ] } },
{ "type": "Feature", "properties": { "point_id": 91, "id_bangunan": "SDI-B08-008", "fungsi_bangunan": "Rumah Tinggal", "jumlah_lantai": 1, "footprint_id": 1042, "jarak_meter": 0.0, "jumlah_titik_footprint": 1, "konflik": false }, "geometry": { "type": "LineString", "coordinates": [ [ 105.231946, -5.55019 ], [ 105.231913644676411, -5.550215479597265 ] ] } },
{ "type": "Feature", "properties": { "point_id": 92, "id_bangunan": "SDI-B09-009", "fungsi_bangunan": "Rumah Tinggal", "jumlah_lantai": 1, "footprint_id": 1040, "jarak_meter": 3.66, "jumlah_titik_footprint": 1, "konflik": false }, "geometry": { "type": "LineString", "coordinates": [ [ 105.231803, -5.550052 ], [ 105.231711621008714, -5.550093990821781 ] ] } },
{ "type": "Feature", "properties": { "point_id": 93, "id_bangunan": "SDI-B10-010", "fungsi_bangunan": "Rumah Tinggal", "jumlah_lantai": 1, "footprint_id": 883, "jarak_meter": 2.52, "jumlah_titik_footprint": 3, "konflik": true }, "geometry": { "type": "LineString", "coordinates": [ [ 105.232069, -5.549937 ], [ 105.232167842630133, -5.549856324071612 ] ] } },
{ "type": "Feature", "properties": { "point_id": 94, "id_bangunan": "SDI-B11-011", "fungsi_bangunan": "Rumah Tinggal", "jumlah_lantai": 1, "footprint_id": 883, "jarak_meter": 0.0, "jumlah_titik_footprint": 3, "konflik": true }, "geometry": { "type": "LineString", "coordinates": [ [ 105.232184, -5.549873 ], [ 105.232167842630133, -5.549856324071612 ] ] } },
{ "type": "Feature", "properties": { "point_id": 95, "id_bangunan": "SDI-B12-012", "fungsi_bangunan": "Rumah Tinggal", "jumlah_lantai": 1, "footprint_id": 886, "jarak_meter": 0.0, "jumlah_titik_footprint": 1, "konflik": false }, "geometry": { "type": "LineString", "coordinates": [ [ 105.232028, -5.549721 ], [ 105.232015867496486, -5.549676808298885 ] ] } },
{ "type": "Feature", "properties": { "point_id": 96, "id_bangunan": "SDI-B13-013", "fungsi_bangunan": "Rumah Tinggal", "jumlah_lantai": 1, "footprint_id": 883, "jarak_meter": 0.0, "jumlah_titik_footprint": 3, "konflik": true }, "geometry": { "type": "LineString", "coordinates": [ [ 105.232212, -5.549804 ], [ 105.232167842630133, -5.549856324071612 ] ] } },
{ "type": "Feature", "properties": { "point_id": 97, "id_bangunan": "SDI-B14-014", "fungsi_bangunan": "Rumah Tinggal", "jumlah_lantai": 1, "footprint_id": 882, "jarak_meter": 0.0, "jumlah_titik_footprint": 1, "konflik": false }, "geometry": { "type": "LineString", "coordinates": [ [ 105.232244, -5.549762 ], [ 105.232190492272082, -5.549728287623933 ] ] } },
{ "type": "Feature", "properties": { "point_id": 98, "id_bangunan": "SDI-B15-015", "fungsi_bangunan": "Rumah Tinggal", "jumlah_lantai": 1, "footprint_id": 887, "jarak_meter": 4.05, "jumlah_titik_footprint": 1, "konflik": false }, "geometry": { "type": "LineString", "coordinates": [ [ 105.231863, -5.54973 ], [ 105.231868354950308, -5.549605799326792 ] ] } },
{ "type": "Feature", "properties": { "point_id": 99, "id_bangunan": "SDI-B16-016", "fungsi_bangunan": "Rumah Tinggal", "jumlah_lantai": 1, "footprint_id": 888, "jarak_meter": 4.07, "jumlah_titik_footprint": 2, "konflik": true }, "geometry": { "type": "LineString", "coordinates": [ [ 105.231675, -5.549597 ], [ 105.231524271852308, -5.549559362927612 ] ] } },
{ "type": "Feature", "properties": { "point_id": 100, "id_bangunan": "SDI-17-017", "fungsi_bangunan": "Rumah Tinggal", "jumlah_lantai": 1, "footprint_id": 105, "jarak_meter": 4338.26, "jumlah_titik_footprint": 1, "konflik": false }, "geometry": { "type": "LineString", "coordinates": [ [ 105.2315, -5.599482 ], [ 105.247411153991493, -5.563560066302673 ] ] } },
{ "type": "Feature", "properties": { "point_id": 101, "id_bangunan": "SDI-B17-017", "fungsi_bangunan": "Rumah Tinggal", "jumlah_lantai": 1, "footprint_id": 888, "jarak_meter": 0.0, "jumlah_titik_footprint": 2, "konflik": true }, "geometry": { "type": "LineString", "coordinates": [ [ 105.2315, -5.549482 ], [ 105.231524271852308, -5.549559362927612 ] ] } },
{ "type": "Feature", "properties": { "point_id": 102, "id_bangunan": "SDI-B18-018", "fungsi_bangunan": "Rumah Tinggal", "jumlah_lantai": 1, "footprint_id": 626, "jarak_meter": 0.0, "jumlah_titik_footprint": 1, "konflik": false }, "geometry": { "type": "LineString", "coordinates": [ [ 105.231152, -5.549436 ], [ 105.231145981391876, -5.549432597816945 ] ] } },
{ "type": "Feature", "properties": { "point_id": 103, "id_bangunan": "SDI-B19-019", "fungsi_bangunan": "Rumah Tinggal", "jumlah_lantai": 1, "footprint_id": 627, "jarak_meter": 0.0, "jumlah_titik_footprint": 1, "konflik": false }, "geometry": { "type": "LineString", "coordinates": [ [ 105.231014, -5.549284 ], [ 105.231035265578598, -5.549335935803253 ] ] } },
{ "type": "Feature", "properties": { "point_id": 104, "id_bangunan": "SDI-B20-020", "fungsi_bangunan": "Rumah Tinggal", "jumlah_lantai": 1, "footprint_id": 630, "jarak_meter": 0.0, "jumlah_titik_footprint": 1, "konflik": false }, "geometry": { "type": "LineString", "coordinates": [ [ 105.231023, -5.548889 ], [ 105.231002828918548, -5.548908854112386 ] ] } },
{ "type": "Feature", "properties": { "point_id": 105, "id_bangunan": "SDI-B21-021", "fungsi_bangunan": "Rumah Tinggal", "jumlah_lantai": 1, "footprint_id": 631, "jarak_meter": 0.0, "jumlah_titik_footprint": 1, "konflik": false }, "geometry": { "type": "LineString", "coordinates": [ [ 105.230849, -5.548801 ], [ 105.230836444047014, -5.548819429957356 ] ] } },
{ "type": "Feature", "properties": { "point_id": 106, "id_bangunan": "SDI-B22-022", "fungsi_bangunan": "Rumah Tinggal", "jumlah_lantai": 1, "footprint_id": 584, "jarak_meter": 0.0, "jumlah_titik_footprint": 1, "konflik": false }, "geometry": { "type": "LineString", "coordinates": [ [ 105.230619, -5.548208 ], [ 105.230615957168979, -5.548199558571943 ] ] } },
{ "type": "Feature", "properties": { "point_id": 107, "id_bangunan": "SDI-B24-024", "fungsi_bangunan": "Rumah Tinggal", "jumlah_lantai": 1, "footprint_id": 583, "jarak_meter": 13.66, "jumlah_titik_footprint": 1, "konflik": false }, "geometry": { "type": "LineString", "coordinates": [ [ 105.230455, -5.548349 ], [ 105.230441015329475, -5.54814729472104 ] ] } },
{ "type": "Feature", "properties": { "point_id": 108, "id_bangunan": "SDI-B25-025", "fungsi_bangunan": "Rumah Tinggal", "jumlah_lantai": 1, "footprint_id": 532, "jarak_meter": 0.0, "jumlah_titik_footprint": 1, "konflik": false }, "geometry": { "type": "LineString", "coordinates": [ [ 105.230142, -5.548061 ], [ 105.230107037376911, -5.548058754026759 ] ] } },
{ "type": "Feature", "properties": { "point_id": 109, "id_bangunan": "SDI-B26-026", "fungsi_bangunan": "Rumah Tinggal", "jumlah_lantai": 1, "footprint_id": 539, "jarak_meter": 0.31, "jumlah_titik_footprint": 1, "konflik": false }, "geometry": { "type": "LineString", "coordinates": [ [ 105.230174, -5.5479 ], [ 105.230151941995615, -5.547870562315052 ] ] } },
{ "type": "Feature", "properties": { "point_id": 110, "id_bangunan": "SDI-B27-027", "fungsi_bangunan": "Rumah Tinggal", "jumlah_lantai": 1, "footprint_id": 582, "jarak_meter": 0.0, "jumlah_titik_footprint": 1, "konflik": false }, "geometry": { "type": "LineString", "coordinates": [ [ 105.230619, -5.547569 ], [ 105.230626752480404, -5.547567473917338 ] ] } },
{ "type": "Feature", "properties": { "point_id": 111, "id_bangunan": "SDI-B28-028", "fungsi_bangunan": "Rumah Tinggal", "jumlah_lantai": 1, "footprint_id": 580, "jarak_meter": 0.0, "jumlah_titik_footprint": 2, "konflik": true }, "geometry": { "type": "LineString", "coordinates": [ [ 105.230398, -5.547334 ], [ 105.230369727397004, -5.547260108761682 ] ] } },
{ "type": "Feature", "properties": { "point_id": 112, "id_bangunan": "SDI-B29-029", "fungsi_bangunan": "Rumah Tinggal", "jumlah_lantai": 1, "footprint_id": 580, "jarak_meter": 0.0, "jumlah_titik_footprint": 2, "konflik": true }, "geometry": { "type": "LineString", "coordinates": [ [ 105.230408, -5.54721 ], [ 105.230369727397004, -5.547260108761682 ] ] } },
{ "type": "Feature", "properties": { "point_id": 113, "id_bangunan": "SDI-B30-030", "fungsi_bangunan": "Rumah Tinggal", "jumlah_lantai": 1, "footprint_id": 579, "jarak_meter": 0.0, "jumlah_titik_footprint": 1, "konflik": false }, "geometry": { "type": "LineString", "coordinates": [ [ 105.230252, -5.547468 ], [ 105.230257786005851, -5.547465744841586 ] ] } },
{ "type": "Feature", "properties": { "point_id": 114, "id_bangunan": "SDI-B31-031", "fungsi_bangunan": "Rumah Tinggal", "jumlah_lantai": 1, "footprint_id": 578, "jarak_meter": 0.0, "jumlah_titik_footprint": 2, "konflik": true }, "geometry": { "type": "LineString", "coordinates": [ [ 105.230192, -5.547339 ], [ 105.23017447936725, -5.54732137342819 ] ] } },
{ "type": "Feature", "properties": { "point_id": 115, "id_bangunan": "SDI-B32-032", "fungsi_bangunan": "Rumah Tinggal", "jumlah_lantai": 1, "footprint_id": 561, "jarak_meter": 0.0, "jumlah_titik_footprint": 1, "konflik": false }, "geometry": { "type": "LineString", "coordinates": [ [ 105.22988, -5.54756 ], [ 105.229903158068737, -5.547583348049783 ] ] } },
{ "type": "Feature", "properties": { "point_id": 116, "id_bangunan": "SDI-B33-033", "fungsi_bangunan": "Rumah Tinggal", "jumlah_lantai": 1, "footprint_id": 578, "jarak_meter": 0.0, "jumlah_titik_footprint": 2, "konflik": true }, "geometry": { "type": "LineString", "coordinates": [ [ 105.230151, -5.547275 ], [ 105.23017447936725, -5.54732137342819 ] ] } },
{ "type": "Feature", "properties": { "point_id": 117, "id_bangunan": "SDI-B34-034", "fungsi_bangunan": "Rumah Tinggal", "jumlah_lantai": 1, "footprint_id": 564, "jarak_meter": 0.0, "jumlah_titik_footprint": 1, "konflik": false }, "geometry": { "type": "LineString", "coordinates": [ [ 105.229898, -5.547261 ], [ 105.229892623245036, -5.547240209766464 ] ] } },
{ "type": "Feature", "properties": { "point_id": 118, "id_bangunan": "SDI-B38-038", "fungsi_bangunan": "Rumah Tinggal", "jumlah_lantai": 1, "footprint_id": 563, "jarak_meter": 0.35, "jumlah_titik_footprint": 1, "konflik": false }, "geometry": { "type": "LineString", "coordinates": [ [ 105.229749, -5.547103 ], [ 105.229692751882652, -5.54711734457057 ] ] } },
{ "type": "Feature", "properties": { "point_id": 119, "id_bangunan": "SDI-B36-036", "fungsi_bangunan": "Rumah Tinggal", "jumlah_lantai": 1, "footprint_id": 560, "jarak_meter": 0.0, "jumlah_titik_footprint": 1, "konflik": false }, "geometry": { "type": "LineString", "coordinates": [ [ 105.229536, -5.547335 ], [ 105.22956252632757, -5.547335927364639 ] ] } },
{ "type": "Feature", "properties": { "point_id": 120, "id_bangunan": "SDI-B39-039", "fungsi_bangunan": "Rumah Tinggal", "jumlah_lantai": 1, "footprint_id": 552, "jarak_meter": 0.0, "jumlah_titik_footprint": 1, "konflik": false }, "geometry": { "type": "LineString", "coordinates": [ [ 105.22938, -5.547385 ], [ 105.229409194649136, -5.54735273226713 ] ] } },
{ "type": "Feature", "properties": { "point_id": 121, "id_bangunan": "SDIB40-040", "fungsi_bangunan": "Rumah Tinggal", "jumlah_lantai": 2, "footprint_id": 549, "jarak_meter": 0.0, "jumlah_titik_footprint": 1, "konflik": false }, "geometry": { "type": "LineString", "coordinates": [ [ 105.229224, -5.547404 ], [ 105.229207376100547, -5.547374166748792 ] ] } },
{ "type": "Feature", "properties": { "point_id": 122, "id_bangunan": "SDI-B41-041", "fungsi_bangunan": "Rumah Tinggal", "jumlah_lantai": 1, "footprint_id": 551, "jarak_meter": 0.0, "jumlah_titik_footprint": 1, "konflik": false }, "geometry": { "type": "LineString", "coordinates": [ [ 105.229334, -5.547427 ], [ 105.229292538231149, -5.547398155148377 ] ] } },
{ "type": "Feature", "properties": { "point_id": 123, "id_bangunan": "SDI-B43-043", "fungsi_bangunan": "Rumah Tinggal", "jumlah_lantai": 1, "footprint_id": 1220, "jarak_meter": 0.97, "jumlah_titik_footprint": 1, "konflik": false }, "geometry": { "type": "LineString", "coordinates": [ [ 105.229164, -5.547018 ], [ 105.229210814540082, -5.547084801364746 ] ] } },
{ "type": "Feature", "properties": { "point_id": 124, "id_bangunan": "SDI-B46-046", "fungsi_bangunan": "Rumah Tinggal", "jumlah_lantai": 1, "footprint_id": 502, "jarak_meter": 0.0, "jumlah_titik_footprint": 2, "konflik": true }, "geometry": { "type": "LineString", "coordinates": [ [ 105.228921, -5.547202 ], [ 105.228845364310118, -5.547134934073677 ] ] } },
{ "type": "Feature", "properties": { "point_id": 125, "id_bangunan": "SDI-B47-047", "fungsi_bangunan": "Rumah Tinggal", "jumlah_lantai": 1, "footprint_id": 550, "jarak_meter": 0.0, "jumlah_titik_footprint": 1, "konflik": false }, "geometry": { "type": "LineString", "coordinates": [ [ 105.229219, -5.547459 ], [ 105.229218613621612, -5.547470722385544 ] ] } },
{ "type": "Feature", "properties": { "point_id": 126, "id_bangunan": "SDI-B48-048", "fungsi_bangunan": "Rumah Tinggal", "jumlah_lantai": 1, "footprint_id": 556, "jarak_meter": 0.0, "jumlah_titik_footprint": 2, "konflik": true }, "geometry": { "type": "LineString", "coordinates": [ [ 105.229219, -5.547583 ], [ 105.22923039636845, -5.547585137034323 ] ] } },
{ "type": "Feature", "properties": { "point_id": 127, "id_bangunan": "SDI-B49-049", "fungsi_bangunan": "Rumah Tinggal", "jumlah_lantai": 1, "footprint_id": 504, "jarak_meter": 0.0, "jumlah_titik_footprint": 1, "konflik": false }, "geometry": { "type": "LineString", "coordinates": [ [ 105.228956, -5.54758 ], [ 105.228943980573064, -5.547604855546949 ] ] } },
{ "type": "Feature", "properties": { "point_id": 128, "id_bangunan": "SDI-B50-050", "fungsi_bangunan": "Rumah Tinggal", "jumlah_lantai": 1, "footprint_id": 556, "jarak_meter": 0.0, "jumlah_titik_footprint": 2, "konflik": true }, "geometry": { "type": "LineString", "coordinates": [ [ 105.229284, -5.547588 ], [ 105.22923039636845, -5.547585137034323 ] ] } },
{ "type": "Feature", "properties": { "point_id": 129, "id_bangunan": "SDI-B51-051", "fungsi_bangunan": "Rumah Tinggal", "jumlah_lantai": 1, "footprint_id": 508, "jarak_meter": 1.18, "jumlah_titik_footprint": 2, "konflik": true }, "geometry": { "type": "LineString", "coordinates": [ [ 105.228996, -5.547832 ], [ 105.228982209440147, -5.547911063124811 ] ] } },
{ "type": "Feature", "properties": { "point_id": 130, "id_bangunan": "SDI-B52-052", "fungsi_bangunan": "Rumah Tinggal", "jumlah_lantai": 1, "footprint_id": 508, "jarak_meter": 0.0, "jumlah_titik_footprint": 2, "konflik": true }, "geometry": { "type": "LineString", "coordinates": [ [ 105.229004, -5.547896 ], [ 105.228982209440147, -5.547911063124811 ] ] } },
{ "type": "Feature", "properties": { "point_id": 131, "id_bangunan": "SDI-B53-053", "fungsi_bangunan": "Rumah Tinggal", "jumlah_lantai": 1, "footprint_id": 509, "jarak_meter": 0.0, "jumlah_titik_footprint": 1, "konflik": false }, "geometry": { "type": "LineString", "coordinates": [ [ 105.228903, -5.548117 ], [ 105.228902830524078, -5.548130951618271 ] ] } },
{ "type": "Feature", "properties": { "point_id": 132, "id_bangunan": "SDI-B54-054", "fungsi_bangunan": "Rumah Tinggal", "jumlah_lantai": 1, "footprint_id": 510, "jarak_meter": 0.0, "jumlah_titik_footprint": 1, "konflik": false }, "geometry": { "type": "LineString", "coordinates": [ [ 105.229119, -5.548098 ], [ 105.229067077755488, -5.548090029003793 ] ] } },
{ "type": "Feature", "properties": { "point_id": 133, "id_bangunan": "SDI-B55-055", "fungsi_bangunan": "Rumah Tinggal", "jumlah_lantai": 1, "footprint_id": 522, "jarak_meter": 0.89, "jumlah_titik_footprint": 1, "konflik": false }, "geometry": { "type": "LineString", "coordinates": [ [ 105.22938, -5.547974 ], [ 105.229414928381871, -5.548010462640213 ] ] } },
{ "type": "Feature", "properties": { "point_id": 134, "id_bangunan": "SDI-B56-056", "fungsi_bangunan": "Rumah Tinggal", "jumlah_lantai": 1, "footprint_id": 512, "jarak_meter": 0.0, "jumlah_titik_footprint": 1, "konflik": false }, "geometry": { "type": "LineString", "coordinates": [ [ 105.229141, -5.54819 ], [ 105.229137189600578, -5.548170234986323 ] ] } },
{ "type": "Feature", "properties": { "point_id": 135, "id_bangunan": "SDI-B57-057", "fungsi_bangunan": "Rumah Tinggal", "jumlah_lantai": 1, "footprint_id": 524, "jarak_meter": 3.55, "jumlah_titik_footprint": 2, "konflik": true }, "geometry": { "type": "LineString", "coordinates": [ [ 105.229435, -5.548084 ], [ 105.229441871225632, -5.548152580003173 ] ] } },
{ "type": "Feature", "properties": { "point_id": 136, "id_bangunan": "SDI-B58-058", "fungsi_bangunan": "Rumah Tinggal", "jumlah_lantai": 1, "footprint_id": 514, "jarak_meter": 0.0, "jumlah_titik_footprint": 2, "konflik": true }, "geometry": { "type": "LineString", "coordinates": [ [ 105.22921, -5.54825 ], [ 105.229182467896678, -5.548290638309805 ] ] } },
{ "type": "Feature", "properties": { "point_id": 137, "id_bangunan": "SDI-B59-059", "fungsi_bangunan": "Rumah Tinggal", "jumlah_lantai": 1, "footprint_id": 514, "jarak_meter": 0.0, "jumlah_titik_footprint": 2, "konflik": true }, "geometry": { "type": "LineString", "coordinates": [ [ 105.229174, -5.548333 ], [ 105.229182467896678, -5.548290638309805 ] ] } },
{ "type": "Feature", "properties": { "point_id": 138, "id_bangunan": "SDI-B60-060", "fungsi_bangunan": "Rumah Tinggal", "jumlah_lantai": 1, "footprint_id": 524, "jarak_meter": 3.08, "jumlah_titik_footprint": 2, "konflik": true }, "geometry": { "type": "LineString", "coordinates": [ [ 105.229486, -5.548204 ], [ 105.229441871225632, -5.548152580003173 ] ] } },
{ "type": "Feature", "properties": { "point_id": 139, "id_bangunan": "SDI-B61-061", "fungsi_bangunan": "Rumah Tinggal", "jumlah_lantai": 1, "footprint_id": 519, "jarak_meter": 0.0, "jumlah_titik_footprint": 1, "konflik": false }, "geometry": { "type": "LineString", "coordinates": [ [ 105.229252, -5.548434 ], [ 105.229225574641788, -5.54839277878908 ] ] } },
{ "type": "Feature", "properties": { "point_id": 140, "id_bangunan": "SDI-B62-062", "fungsi_bangunan": "Rumah Tinggal", "jumlah_lantai": 1, "footprint_id": 529, "jarak_meter": 0.0, "jumlah_titik_footprint": 1, "konflik": false }, "geometry": { "type": "LineString", "coordinates": [ [ 105.229513, -5.548319 ], [ 105.229508628858468, -5.548291402964256 ] ] } },
{ "type": "Feature", "properties": { "point_id": 141, "id_bangunan": "SDI-B63-063", "fungsi_bangunan": "Rumah Tinggal", "jumlah_lantai": 1, "footprint_id": 516, "jarak_meter": 0.0, "jumlah_titik_footprint": 1, "konflik": false }, "geometry": { "type": "LineString", "coordinates": [ [ 105.229302, -5.548613 ], [ 105.229314341599448, -5.548612415958774 ] ] } },
{ "type": "Feature", "properties": { "point_id": 142, "id_bangunan": "SDI-B64-064", "fungsi_bangunan": "Rumah Tinggal", "jumlah_lantai": 1, "footprint_id": 566, "jarak_meter": 0.0, "jumlah_titik_footprint": 1, "konflik": false }, "geometry": { "type": "LineString", "coordinates": [ [ 105.229779, -5.548696 ], [ 105.229767379701457, -5.548658255135972 ] ] } },
{ "type": "Feature", "properties": { "point_id": 143, "id_bangunan": "SDI-B65-065", "fungsi_bangunan": "Rumah Tinggal", "jumlah_lantai": 1, "footprint_id": 569, "jarak_meter": 0.0, "jumlah_titik_footprint": 1, "konflik": false }, "geometry": { "type": "LineString", "coordinates": [ [ 105.22944, -5.548843 ], [ 105.229452289864639, -5.548848765786203 ] ] } },
{ "type": "Feature", "properties": { "point_id": 144, "id_bangunan": "SDI-B66-066", "fungsi_bangunan": "Rumah Tinggal", "jumlah_lantai": 1, "footprint_id": 567, "jarak_meter": 0.0, "jumlah_titik_footprint": 1, "konflik": false }, "geometry": { "type": "LineString", "coordinates": [ [ 105.229825, -5.548816 ], [ 105.22980687451026, -5.548776447247192 ] ] } },
{ "type": "Feature", "properties": { "point_id": 145, "id_bangunan": "SDI-B67-067", "fungsi_bangunan": "Rumah Tinggal", "jumlah_lantai": 1, "footprint_id": 572, "jarak_meter": 0.0, "jumlah_titik_footprint": 4, "konflik": true }, "geometry": { "type": "LineString", "coordinates": [ [ 105.2295, -5.549023 ], [ 105.229556166889637, -5.549026600735382 ] ] } },
{ "type": "Feature", "properties": { "point_id": 146, "id_bangunan": "SDI-B68-068", "fungsi_bangunan": "Rumah Tinggal", "jumlah_lantai": 1, "footprint_id": 568, "jarak_meter": 0.0, "jumlah_titik_footprint": 1, "konflik": false }, "geometry": { "type": "LineString", "coordinates": [ [ 105.22983, -5.548871 ], [ 105.229862462613795, -5.548885713469811 ] ] } },
{ "type": "Feature", "properties": { "point_id": 147, "id_bangunan": "SDI-B69-069", "fungsi_bangunan": "Rumah Tinggal", "jumlah_lantai": 1, "footprint_id": 572, "jarak_meter": 0.0, "jumlah_titik_footprint": 4, "konflik": true }, "geometry": { "type": "LineString", "coordinates": [ [ 105.229568, -5.549046 ], [ 105.229556166889637, -5.549026600735382 ] ] } },
{ "type": "Feature", "properties": { "point_id": 148, "id_bangunan": "SDI-B70-070", "fungsi_bangunan": "Rumah Tinggal", "jumlah_lantai": 1, "footprint_id": 689, "jarak_meter": 0.0, "jumlah_titik_footprint": 2, "konflik": true }, "geometry": { "type": "LineString", "coordinates": [ [ 105.229949, -5.54917 ], [ 105.230005152958242, -5.549110521621487 ] ] } },
{ "type": "Feature", "properties": { "point_id": 149, "id_bangunan": "SDI-B71-071", "fungsi_bangunan": "Rumah Tinggal", "jumlah_lantai": 1, "footprint_id": 638, "jarak_meter": 0.0, "jumlah_titik_footprint": 1, "konflik": false }, "geometry": { "type": "LineString", "coordinates": [ [ 105.230027, -5.549266 ], [ 105.230101745667724, -5.549275040718626 ] ] } },
{ "type": "Feature", "properties": { "point_id": 150, "id_bangunan": "SDI-B72-072", "fungsi_bangunan": "Rumah Tinggal", "jumlah_lantai": 1, "footprint_id": 596, "jarak_meter": 0.0, "jumlah_titik_footprint": 1, "konflik": false }, "geometry": { "type": "LineString", "coordinates": [ [ 105.230257, -5.549473 ], [ 105.230249337347672, -5.54942448269068 ] ] } },
{ "type": "Feature", "properties": { "point_id": 151, "id_bangunan": "SDI-B73-073", "fungsi_bangunan": "Rumah Tinggal", "jumlah_lantai": 1, "footprint_id": 593, "jarak_meter": 0.86, "jumlah_titik_footprint": 1, "konflik": false }, "geometry": { "type": "LineString", "coordinates": [ [ 105.230216, -5.549694 ], [ 105.23020222471844, -5.549632840405078 ] ] } },
{ "type": "Feature", "properties": { "point_id": 152, "id_bangunan": "SDI-B74-074", "fungsi_bangunan": "Rumah Tinggal", "jumlah_lantai": 1, "footprint_id": 644, "jarak_meter": 0.0, "jumlah_titik_footprint": 1, "konflik": false }, "geometry": { "type": "LineString", "coordinates": [ [ 105.230124, -5.55003 ], [ 105.230089074311394, -5.550051772195287 ] ] } },
{ "type": "Feature", "properties": { "point_id": 153, "id_bangunan": "SDI-B75-075", "fungsi_bangunan": "Rumah Tinggal", "jumlah_lantai": 1, "footprint_id": 604, "jarak_meter": 0.0, "jumlah_titik_footprint": 1, "konflik": false }, "geometry": { "type": "LineString", "coordinates": [ [ 105.230372, -5.549896 ], [ 105.230374331918071, -5.549883678021783 ] ] } },
{ "type": "Feature", "properties": { "point_id": 154, "id_bangunan": "SDI-B76-076", "fungsi_bangunan": "Rumah Tinggal", "jumlah_lantai": 1, "footprint_id": 645, "jarak_meter": 0.0, "jumlah_titik_footprint": 1, "konflik": false }, "geometry": { "type": "LineString", "coordinates": [ [ 105.230193, -5.550168 ], [ 105.230188118958992, -5.550152167561916 ] ] } },
{ "type": "Feature", "properties": { "point_id": 155, "id_bangunan": "SDI-B77-077", "fungsi_bangunan": "Rumah Tinggal", "jumlah_lantai": 1, "footprint_id": 666, "jarak_meter": 0.0, "jumlah_titik_footprint": 1, "konflik": false }, "geometry": { "type": "LineString", "coordinates": [ [ 105.230156, -5.550444 ], [ 105.230124202911682, -5.550456673158933 ] ] } },
{ "type": "Feature", "properties": { "point_id": 156, "id_bangunan": "SDI-B78-078", "fungsi_bangunan": "Rumah Tinggal", "jumlah_lantai": 1, "footprint_id": 609, "jarak_meter": 0.0, "jumlah_titik_footprint": 1, "konflik": false }, "geometry": { "type": "LineString", "coordinates": [ [ 105.230587, -5.550103 ], [ 105.230611948764633, -5.550080646487548 ] ] } },
{ "type": "Feature", "properties": { "point_id": 157, "id_bangunan": "SDI-B79-079", "fungsi_bangunan": "Rumah Tinggal", "jumlah_lantai": 1, "footprint_id": 610, "jarak_meter": 0.0, "jumlah_titik_footprint": 1, "konflik": false }, "geometry": { "type": "LineString", "coordinates": [ [ 105.230638, -5.550204 ], [ 105.230689074889398, -5.550167827880941 ] ] } },
{ "type": "Feature", "properties": { "point_id": 158, "id_bangunan": "SDI-B80-080", "fungsi_bangunan": "Rumah Tinggal", "jumlah_lantai": 1, "footprint_id": 647, "jarak_meter": 0.0, "jumlah_titik_footprint": 1, "konflik": false }, "geometry": { "type": "LineString", "coordinates": [ [ 105.230372, -5.550338 ], [ 105.230328319317564, -5.550308472735566 ] ] } },
{ "type": "Feature", "properties": { "point_id": 159, "id_bangunan": "SDI-B81-081", "fungsi_bangunan": "Rumah Tinggal", "jumlah_lantai": 1, "footprint_id": 654, "jarak_meter": 0.0, "jumlah_titik_footprint": 1, "konflik": false }, "geometry": { "type": "LineString", "coordinates": [ [ 105.230542, -5.550531 ], [ 105.230532646658602, -5.550551452824768 ] ] } },
{ "type": "Feature", "properties": { "point_id": 160, "id_bangunan": "SDI-B82-082", "fungsi_bangunan": "Rumah Tinggal", "jumlah_lantai": 1, "footprint_id": 662, "jarak_meter": 1.44, "jumlah_titik_footprint": 2, "konflik": true }, "geometry": { "type": "LineString", "coordinates": [ [ 105.230647, -5.550586 ], [ 105.230688423904567, -5.550629978023765 ] ] } },
{ "type": "Feature", "properties": { "point_id": 161, "id_bangunan": "SDI-B83-083", "fungsi_bangunan": "Rumah Tinggal", "jumlah_lantai": 1, "footprint_id": 612, "jarak_meter": 0.0, "jumlah_titik_footprint": 1, "konflik": false }, "geometry": { "type": "LineString", "coordinates": [ [ 105.230895, -5.550443 ], [ 105.23088718615557, -5.550433256038698 ] ] } },
{ "type": "Feature", "properties": { "point_id": 162, "id_bangunan": "SDI-B84-084", "fungsi_bangunan": "Rumah Tinggal", "jumlah_lantai": 1, "footprint_id": 674, "jarak_meter": 0.0, "jumlah_titik_footprint": 1, "konflik": false }, "geometry": { "type": "LineString", "coordinates": [ [ 105.23073, -5.55088 ], [ 105.230715950411621, -5.550892036530176 ] ] } },
{ "type": "Feature", "properties": { "point_id": 163, "id_bangunan": "SDI-B85-085", "fungsi_bangunan": "Rumah Tinggal", "jumlah_lantai": 1, "footprint_id": 946, "jarak_meter": 0.0, "jumlah_titik_footprint": 1, "konflik": false }, "geometry": { "type": "LineString", "coordinates": [ [ 105.231088, -5.550696 ], [ 105.231143121443552, -5.550663481653525 ] ] } },
{ "type": "Feature", "properties": { "point_id": 164, "id_bangunan": "SDI-B86-086", "fungsi_bangunan": "Rumah Tinggal", "jumlah_lantai": 1, "footprint_id": 614, "jarak_meter": 0.0, "jumlah_titik_footprint": 1, "konflik": false }, "geometry": { "type": "LineString", "coordinates": [ [ 105.230955, -5.5506 ], [ 105.230989631624908, -5.550554764523082 ] ] } },
{ "type": "Feature", "properties": { "point_id": 165, "id_bangunan": "SDI-B87-087", "fungsi_bangunan": "Rumah Tinggal", "jumlah_lantai": 1, "footprint_id": 950, "jarak_meter": 0.0, "jumlah_titik_footprint": 1, "konflik": false }, "geometry": { "type": "LineString", "coordinates": [ [ 105.231152, -5.55088 ], [ 105.231124640594189, -5.550904987229369 ] ] } },
{ "type": "Feature", "properties": { "point_id": 166, "id_bangunan": "SDI-B89-089", "fungsi_bangunan": "Rumah Tinggal", "jumlah_lantai": 1, "footprint_id": 954, "jarak_meter": 0.0, "jumlah_titik_footprint": 2, "konflik": true }, "geometry": { "type": "LineString", "coordinates": [ [ 105.231189, -5.55105 ], [ 105.231257465214995, -5.551127863434429 ] ] } },
{ "type": "Feature", "properties": { "point_id": 167, "id_bangunan": "SDI-B90-090", "fungsi_bangunan": "Rumah Tinggal", "jumlah_lantai": 1, "footprint_id": 962, "jarak_meter": 0.49, "jumlah_titik_footprint": 3, "konflik": true }, "geometry": { "type": "LineString", "coordinates": [ [ 105.231001, -5.551156 ], [ 105.230912357998562, -5.551175983390023 ] ] } },
{ "type": "Feature", "properties": { "point_id": 168, "id_bangunan": "SDI-B91-091", "fungsi_bangunan": "Rumah Tinggal", "jumlah_lantai": 1, "footprint_id": 961, "jarak_meter": 0.0, "jumlah_titik_footprint": 1, "konflik": false }, "geometry": { "type": "LineString", "coordinates": [ [ 105.230891, -5.551073 ], [ 105.230871818725745, -5.551070187212146 ] ] } },
{ "type": "Feature", "properties": { "point_id": 169, "id_bangunan": "SDI-B92-092", "fungsi_bangunan": "Rumah Tinggal", "jumlah_lantai": 1, "footprint_id": 966, "jarak_meter": 0.0, "jumlah_titik_footprint": 2, "konflik": true }, "geometry": { "type": "LineString", "coordinates": [ [ 105.23106, -5.551282 ], [ 105.231021245064795, -5.551294198879171 ] ] } },
{ "type": "Feature", "properties": { "point_id": 170, "id_bangunan": "SDI-B93-093", "fungsi_bangunan": "Rumah Tinggal", "jumlah_lantai": 1, "footprint_id": 954, "jarak_meter": 2.01, "jumlah_titik_footprint": 2, "konflik": true }, "geometry": { "type": "LineString", "coordinates": [ [ 105.231376, -5.551174 ], [ 105.231257465214995, -5.551127863434429 ] ] } },
{ "type": "Feature", "properties": { "point_id": 171, "id_bangunan": "SDI-B94-094", "fungsi_bangunan": "Rumah Tinggal", "jumlah_lantai": 2, "footprint_id": 939, "jarak_meter": 0.0, "jumlah_titik_footprint": 1, "konflik": false }, "geometry": { "type": "LineString", "coordinates": [ [ 105.23145, -5.551312 ], [ 105.231407351066096, -5.55134366507643 ] ] } },
{ "type": "Feature", "properties": { "point_id": 172, "id_bangunan": "SDI-C34-034", "fungsi_bangunan": "Rumah Tinggal", "jumlah_lantai": 1, "footprint_id": 856, "jarak_meter": 0.74, "jumlah_titik_footprint": 1, "konflik": false }, "geometry": { "type": "LineString", "coordinates": [ [ 105.237164, -5.553458 ], [ 105.237143205278286, -5.553382963993116 ] ] } },
{ "type": "Feature", "properties": { "point_id": 173, "id_bangunan": "SDI-C35-035", "fungsi_bangunan": "Rumah Tinggal", "jumlah_lantai": 1, "footprint_id": 850, "jarak_meter": 0.79, "jumlah_titik_footprint": 1, "konflik": false }, "geometry": { "type": "LineString", "coordinates": [ [ 105.237265, -5.553348 ], [ 105.2372380753405, -5.553257595102036 ] ] } },
{ "type": "Feature", "properties": { "point_id": 174, "id_bangunan": "SDI-C36-036", "fungsi_bangunan": "Rumah Tinggal", "jumlah_lantai": 1, "footprint_id": 857, "jarak_meter": 0.76, "jumlah_titik_footprint": 1, "konflik": false }, "geometry": { "type": "LineString", "coordinates": [ [ 105.237494, -5.553357 ], [ 105.237438107715292, -5.553347360508032 ] ] } },
{ "type": "Feature", "properties": { "point_id": 175, "id_bangunan": "SDI-C37-037", "fungsi_bangunan": "Rumah Tinggal", "jumlah_lantai": 1, "footprint_id": 849, "jarak_meter": 0.0, "jumlah_titik_footprint": 1, "konflik": false }, "geometry": { "type": "LineString", "coordinates": [ [ 105.237384, -5.553196 ], [ 105.237357719992943, -5.553195326325948 ] ] } },
{ "type": "Feature", "properties": { "point_id": 176, "id_bangunan": "SDI-C39-039", "fungsi_bangunan": "Rumah Tinggal", "jumlah_lantai": 1, "footprint_id": 848, "jarak_meter": 0.0, "jumlah_titik_footprint": 1, "konflik": false }, "geometry": { "type": "LineString", "coordinates": [ [ 105.237233, -5.553077 ], [ 105.237194818781418, -5.5530763298294 ] ] } },
{ "type": "Feature", "properties": { "point_id": 177, "id_bangunan": "SDI-C40-040", "fungsi_bangunan": "Rumah Tinggal", "jumlah_lantai": 1, "footprint_id": 843, "jarak_meter": 0.0, "jumlah_titik_footprint": 1, "konflik": false }, "geometry": { "type": "LineString", "coordinates": [ [ 105.237499, -5.552929 ], [ 105.237475407685281, -5.552917989149452 ] ] } },
{ "type": "Feature", "properties": { "point_id": 178, "id_bangunan": "SDI-C41-041", "fungsi_bangunan": "Rumah Tinggal", "jumlah_lantai": 1, "footprint_id": 847, "jarak_meter": 0.0, "jumlah_titik_footprint": 1, "konflik": false }, "geometry": { "type": "LineString", "coordinates": [ [ 105.237549, -5.553007 ], [ 105.237593926280979, -5.552965717183809 ] ] } },
{ "type": "Feature", "properties": { "point_id": 179, "id_bangunan": "SDI-C42-042", "fungsi_bangunan": "Rumah Tinggal", "jumlah_lantai": 1, "footprint_id": 836, "jarak_meter": 0.48, "jumlah_titik_footprint": 2, "konflik": true }, "geometry": { "type": "LineString", "coordinates": [ [ 105.237008, -5.552902 ], [ 105.237012041465263, -5.552812434920315 ] ] } },
{ "type": "Feature", "properties": { "point_id": 180, "id_bangunan": "SDI-C44-044", "fungsi_bangunan": "Rumah Tinggal", "jumlah_lantai": 1, "footprint_id": 842, "jarak_meter": 0.0, "jumlah_titik_footprint": 1, "konflik": false }, "geometry": { "type": "LineString", "coordinates": [ [ 105.23737, -5.552801 ], [ 105.23737759485725, -5.552799666743248 ] ] } },
{ "type": "Feature", "properties": { "point_id": 181, "id_bangunan": "SDI-C45-045", "fungsi_bangunan": "Rumah Tinggal", "jumlah_lantai": 1, "footprint_id": 838, "jarak_meter": 0.57, "jumlah_titik_footprint": 1, "konflik": false }, "geometry": { "type": "LineString", "coordinates": [ [ 105.237223, -5.552621 ], [ 105.237292705775985, -5.55261469793605 ] ] } },
{ "type": "Feature", "properties": { "point_id": 182, "id_bangunan": "SDI-C46-046", "fungsi_bangunan": "Rumah Tinggal", "jumlah_lantai": 1, "footprint_id": 837, "jarak_meter": 0.0, "jumlah_titik_footprint": 1, "konflik": false }, "geometry": { "type": "LineString", "coordinates": [ [ 105.237012, -5.552677 ], [ 105.236971585954194, -5.552701924512784 ] ] } },
{ "type": "Feature", "properties": { "point_id": 183, "id_bangunan": "SDI-C47-047", "fungsi_bangunan": "Rumah Tinggal", "jumlah_lantai": 1, "footprint_id": 831, "jarak_meter": 0.0, "jumlah_titik_footprint": 1, "konflik": false }, "geometry": { "type": "LineString", "coordinates": [ [ 105.237108, -5.552428 ], [ 105.237148766910963, -5.552395039863752 ] ] } },
{ "type": "Feature", "properties": { "point_id": 184, "id_bangunan": "SDI-C48-048", "fungsi_bangunan": "Rumah Tinggal", "jumlah_lantai": 1, "footprint_id": 832, "jarak_meter": 0.0, "jumlah_titik_footprint": 1, "konflik": false }, "geometry": { "type": "LineString", "coordinates": [ [ 105.236874, -5.552493 ], [ 105.236860526169039, -5.552497448505728 ] ] } },
{ "type": "Feature", "properties": { "point_id": 185, "id_bangunan": "SDI-C49-049", "fungsi_bangunan": "Rumah Tinggal", "jumlah_lantai": 1, "footprint_id": 830, "jarak_meter": 0.0, "jumlah_titik_footprint": 1, "konflik": false }, "geometry": { "type": "LineString", "coordinates": [ [ 105.237008, -5.552345 ], [ 105.23704472879794, -5.552318945123514 ] ] } },
{ "type": "Feature", "properties": { "point_id": 186, "id_bangunan": "SDI-C50-050", "fungsi_bangunan": "Rumah Tinggal", "jumlah_lantai": 1, "footprint_id": 826, "jarak_meter": 0.0, "jumlah_titik_footprint": 1, "konflik": false }, "geometry": { "type": "LineString", "coordinates": [ [ 105.236966, -5.552157 ], [ 105.236994968607874, -5.552132472207524 ] ] } },
{ "type": "Feature", "properties": { "point_id": 187, "id_bangunan": "SDI-C52-052", "fungsi_bangunan": "Rumah Tinggal", "jumlah_lantai": 1, "footprint_id": 827, "jarak_meter": 0.0, "jumlah_titik_footprint": 1, "konflik": false }, "geometry": { "type": "LineString", "coordinates": [ [ 105.236654, -5.552074 ], [ 105.236600553749696, -5.552062946300215 ] ] } },
{ "type": "Feature", "properties": { "point_id": 188, "id_bangunan": "SDI-C53-053", "fungsi_bangunan": "Rumah Tinggal", "jumlah_lantai": 1, "footprint_id": 824, "jarak_meter": 0.0, "jumlah_titik_footprint": 1, "konflik": false }, "geometry": { "type": "LineString", "coordinates": [ [ 105.236856, -5.552005 ], [ 105.236888271409981, -5.551986664946265 ] ] } },
{ "type": "Feature", "properties": { "point_id": 189, "id_bangunan": "SDI-C56-056", "fungsi_bangunan": "Rumah Tinggal", "jumlah_lantai": 1, "footprint_id": 817, "jarak_meter": 0.0, "jumlah_titik_footprint": 2, "konflik": true }, "geometry": { "type": "LineString", "coordinates": [ [ 105.236819, -5.551803 ], [ 105.236775085139485, -5.551798138426411 ] ] } },
{ "type": "Feature", "properties": { "point_id": 190, "id_bangunan": "SDI-C57-057", "fungsi_bangunan": "Rumah Tinggal", "jumlah_lantai": 1, "footprint_id": 800, "jarak_meter": 0.0, "jumlah_titik_footprint": 1, "konflik": false }, "geometry": { "type": "LineString", "coordinates": [ [ 105.236521, -5.551987 ], [ 105.236507386867757, -5.551976543752325 ] ] } },
{ "type": "Feature", "properties": { "point_id": 191, "id_bangunan": "SDI-C58-058", "fungsi_bangunan": "Rumah Tinggal", "jumlah_lantai": 1, "footprint_id": 798, "jarak_meter": 0.0, "jumlah_titik_footprint": 3, "konflik": true }, "geometry": { "type": "LineString", "coordinates": [ [ 105.236447, -5.551647 ], [ 105.236423744090288, -5.551617463823638 ] ] } },
{ "type": "Feature", "properties": { "point_id": 192, "id_bangunan": "SDI-C59-059", "fungsi_bangunan": "Rumah Tinggal", "jumlah_lantai": 1, "footprint_id": 799, "jarak_meter": 0.0, "jumlah_titik_footprint": 1, "konflik": false }, "geometry": { "type": "LineString", "coordinates": [ [ 105.236448, -5.551867 ], [ 105.23642482341377, -5.551845716074546 ] ] } },
{ "type": "Feature", "properties": { "point_id": 193, "id_bangunan": "Blok C (SDI-C63-063)", "fungsi_bangunan": "Rumah Tinggal", "jumlah_lantai": 1, "footprint_id": 708, "jarak_meter": 3.21, "jumlah_titik_footprint": 1, "konflik": false }, "geometry": { "type": "LineString", "coordinates": [ [ 105.23455, -5.551369 ], [ 105.234456052715586, -5.551341711848335 ] ] } },
{ "type": "Feature", "properties": { "point_id": 194, "id_bangunan": "Blok C (SDI-C64-064)", "fungsi_bangunan": "Rumah Tinggal", "jumlah_lantai": 1, "footprint_id": 737, "jarak_meter": 0.0, "jumlah_titik_footprint": 2, "konflik": true }, "geometry": { "type": "LineString", "coordinates": [ [ 105.234301, -5.551539 ], [ 105.234332055911281, -5.551580492056491 ] ] } },
{ "type": "Feature", "properties": { "point_id": 195, "id_bangunan": "Blok C (SDI-C65-065)", "fungsi_bangunan": "Rumah Tinggal", "jumlah_lantai": 1, "footprint_id": 737, "jarak_meter": 0.27, "jumlah_titik_footprint": 2, "konflik": true }, "geometry": { "type": "LineString", "coordinates": [ [ 105.234275, -5.551571 ], [ 105.234332055911281, -5.551580492056491 ] ] } },
{ "type": "Feature", "properties": { "point_id": 196, "id_bangunan": "Blok C (SDI-C66-066)", "fungsi_bangunan": "Rumah Tinggal", "jumlah_lantai": 1, "footprint_id": 742, "jarak_meter": 1.58, "jumlah_titik_footprint": 1, "konflik": false }, "geometry": { "type": "LineString", "coordinates": [ [ 105.234102, -5.551557 ], [ 105.234094826407286, -5.551618456880437 ] ] } },
{ "type": "Feature", "properties": { "point_id": 197, "id_bangunan": "Blok C (SDI-C67-067)", "fungsi_bangunan": "Rumah Tinggal", "jumlah_lantai": 1, "footprint_id": 1011, "jarak_meter": 0.0, "jumlah_titik_footprint": 1, "konflik": false }, "geometry": { "type": "LineString", "coordinates": [ [ 105.233956, -5.551622 ], [ 105.233973495346433, -5.551613171210992 ] ] } },
{ "type": "Feature", "properties": { "point_id": 198, "id_bangunan": "Blok C (SDI-C68-068)", "fungsi_bangunan": "Rumah Tinggal", "jumlah_lantai": 1, "footprint_id": 702, "jarak_meter": 8.4, "jumlah_titik_footprint": 1, "konflik": false }, "geometry": { "type": "LineString", "coordinates": [ [ 105.233746, -5.551575 ], [ 105.233665599812412, -5.551462217461471 ] ] } },
{ "type": "Feature", "properties": { "point_id": 199, "id_bangunan": "Blok C (SDI-C69-069)", "fungsi_bangunan": "Rumah Tinggal", "jumlah_lantai": 1, "footprint_id": 748, "jarak_meter": 7.76, "jumlah_titik_footprint": 1, "konflik": false }, "geometry": { "type": "LineString", "coordinates": [ [ 105.23359, -5.55161 ], [ 105.233468708311847, -5.551517295821912 ] ] } },
{ "type": "Feature", "properties": { "point_id": 200, "id_bangunan": "Blok C (SDI-C70-070)", "fungsi_bangunan": "Rumah Tinggal", "jumlah_lantai": 1, "footprint_id": 1012, "jarak_meter": 0.0, "jumlah_titik_footprint": 1, "konflik": false }, "geometry": { "type": "LineString", "coordinates": [ [ 105.233558, -5.551744 ], [ 105.233696780783546, -5.551779566270699 ] ] } },
{ "type": "Feature", "properties": { "point_id": 201, "id_bangunan": "Blok C (SDI-C71-071)", "fungsi_bangunan": "Rumah Tinggal", "jumlah_lantai": 1, "footprint_id": 745, "jarak_meter": 4.91, "jumlah_titik_footprint": 1, "konflik": false }, "geometry": { "type": "LineString", "coordinates": [ [ 105.233389, -5.551709 ], [ 105.233448952426329, -5.551824583128913 ] ] } },
{ "type": "Feature", "properties": { "point_id": 202, "id_bangunan": "Blok C (SDI-C72-072)", "fungsi_bangunan": "Rumah Tinggal", "jumlah_lantai": 1, "footprint_id": 1014, "jarak_meter": 0.0, "jumlah_titik_footprint": 1, "konflik": false }, "geometry": { "type": "LineString", "coordinates": [ [ 105.233387, -5.551866 ], [ 105.233371451653866, -5.551855804940135 ] ] } },
{ "type": "Feature", "properties": { "point_id": 203, "id_bangunan": "Blok C (SDI-C73-073)", "fungsi_bangunan": "Rumah Tinggal", "jumlah_lantai": 1, "footprint_id": 1013, "jarak_meter": 0.0, "jumlah_titik_footprint": 1, "konflik": false }, "geometry": { "type": "LineString", "coordinates": [ [ 105.233483, -5.551834 ], [ 105.233451086452916, -5.551826713201713 ] ] } },
{ "type": "Feature", "properties": { "point_id": 204, "id_bangunan": "Blok C (SDI-C74-074)", "fungsi_bangunan": "Rumah Tinggal", "jumlah_lantai": 1, "footprint_id": 1006, "jarak_meter": 6.06, "jumlah_titik_footprint": 1, "konflik": false }, "geometry": { "type": "LineString", "coordinates": [ [ 105.234223, -5.551497 ], [ 105.234185513848914, -5.55135665437713 ] ] } },
{ "type": "Feature", "properties": { "point_id": 205, "id_bangunan": "Blok C (SDI-C75-075)", "fungsi_bangunan": "Rumah Tinggal", "jumlah_lantai": 1, "footprint_id": 707, "jarak_meter": 0.0, "jumlah_titik_footprint": 1, "konflik": false }, "geometry": { "type": "LineString", "coordinates": [ [ 105.234318, -5.551289 ], [ 105.234317293937764, -5.551336755206533 ] ] } },
{ "type": "Feature", "properties": { "point_id": 206, "id_bangunan": "Blok C (SDI-C76-076)", "fungsi_bangunan": "Rumah Tinggal", "jumlah_lantai": 1, "footprint_id": 812, "jarak_meter": 1.59, "jumlah_titik_footprint": 1, "konflik": false }, "geometry": { "type": "LineString", "coordinates": [ [ 105.236242, -5.553562 ], [ 105.236265089283506, -5.55348738865215 ] ] } },
{ "type": "Feature", "properties": { "point_id": 207, "id_bangunan": "Blok C (SDI-C78-078)", "fungsi_bangunan": "Rumah Tinggal", "jumlah_lantai": 1, "footprint_id": 785, "jarak_meter": 0.17, "jumlah_titik_footprint": 2, "konflik": true }, "geometry": { "type": "LineString", "coordinates": [ [ 105.235948, -5.55345 ], [ 105.235872355843682, -5.553507145352474 ] ] } },
{ "type": "Feature", "properties": { "point_id": 208, "id_bangunan": "Blok C (SDI-C79-079)", "fungsi_bangunan": "Rumah Tinggal", "jumlah_lantai": 1, "footprint_id": 784, "jarak_meter": 1.33, "jumlah_titik_footprint": 2, "konflik": true }, "geometry": { "type": "LineString", "coordinates": [ [ 105.235904, -5.553392 ], [ 105.235795440835062, -5.553383553294776 ] ] } },
{ "type": "Feature", "properties": { "point_id": 209, "id_bangunan": "Blok C (SDI-C80-080)", "fungsi_bangunan": "Rumah Tinggal", "jumlah_lantai": 1, "footprint_id": 784, "jarak_meter": 0.0, "jumlah_titik_footprint": 2, "konflik": true }, "geometry": { "type": "LineString", "coordinates": [ [ 105.23584, -5.553311 ], [ 105.235795440835062, -5.553383553294776 ] ] } },
{ "type": "Feature", "properties": { "point_id": 210, "id_bangunan": "Blok C (SDI-C81-081)", "fungsi_bangunan": "Rumah Tinggal", "jumlah_lantai": 1, "footprint_id": 810, "jarak_meter": 3.74, "jumlah_titik_footprint": 2, "konflik": true }, "geometry": { "type": "LineString", "coordinates": [ [ 105.236129, -5.553266 ], [ 105.236226851529679, -5.553200598578328 ] ] } },
{ "type": "Feature", "properties": { "point_id": 211, "id_bangunan": "Blok C (SDI-C83-083)", "fungsi_bangunan": "Rumah Tinggal", "jumlah_lantai": 1, "footprint_id": 785, "jarak_meter": 6.17, "jumlah_titik_footprint": 2, "konflik": true }, "geometry": { "type": "LineString", "coordinates": [ [ 105.236008, -5.553525 ], [ 105.235872355843682, -5.553507145352474 ] ] } },
{ "type": "Feature", "properties": { "point_id": 212, "id_bangunan": "Blok C (SDI-C84-084)", "fungsi_bangunan": "Rumah Tinggal", "jumlah_lantai": 2, "footprint_id": 782, "jarak_meter": 0.0, "jumlah_titik_footprint": 1, "konflik": false }, "geometry": { "type": "LineString", "coordinates": [ [ 105.235854, -5.553109 ], [ 105.235744751244098, -5.55315046954088 ] ] } },
{ "type": "Feature", "properties": { "point_id": 213, "id_bangunan": "Blok C (SDI-C85-085)", "fungsi_bangunan": "Rumah Tinggal", "jumlah_lantai": 2, "footprint_id": 781, "jarak_meter": 1.95, "jumlah_titik_footprint": 1, "konflik": false }, "geometry": { "type": "LineString", "coordinates": [ [ 105.235757, -5.552924 ], [ 105.235697600223389, -5.553006559251602 ] ] } },
{ "type": "Feature", "properties": { "point_id": 214, "id_bangunan": "Blok C (SDI-C86-086)", "fungsi_bangunan": "Rumah Tinggal", "jumlah_lantai": 1, "footprint_id": 780, "jarak_meter": 0.0, "jumlah_titik_footprint": 1, "konflik": false }, "geometry": { "type": "LineString", "coordinates": [ [ 105.235629, -5.552878 ], [ 105.235570572324008, -5.552877598158277 ] ] } },
{ "type": "Feature", "properties": { "point_id": 215, "id_bangunan": "Blok C (SDI-C89-089)", "fungsi_bangunan": "Rumah Tinggal", "jumlah_lantai": 1, "footprint_id": 813, "jarak_meter": 5.06, "jumlah_titik_footprint": 1, "konflik": false }, "geometry": { "type": "LineString", "coordinates": [ [ 105.236429, -5.553629 ], [ 105.236399952816939, -5.553518010674026 ] ] } },
{ "type": "Feature", "properties": { "point_id": 216, "id_bangunan": "Blok C (SDI-C90-090)", "fungsi_bangunan": "Rumah Tinggal", "jumlah_lantai": 1, "footprint_id": 815, "jarak_meter": 3.76, "jumlah_titik_footprint": 1, "konflik": false }, "geometry": { "type": "LineString", "coordinates": [ [ 105.236497, -5.553662 ], [ 105.236493625387453, -5.55354712018561 ] ] } },
{ "type": "Feature", "properties": { "point_id": 217, "id_bangunan": "Blok C (SDI-C91-091)", "fungsi_bangunan": "Rumah Tinggal", "jumlah_lantai": 1, "footprint_id": 855, "jarak_meter": 1.65, "jumlah_titik_footprint": 1, "konflik": false }, "geometry": { "type": "LineString", "coordinates": [ [ 105.236918, -5.553462 ], [ 105.236988589619301, -5.55340304332575 ] ] } },
{ "type": "Feature", "properties": { "point_id": 218, "id_bangunan": "Blok C (SDI-C92-092)", "fungsi_bangunan": "Rumah Tinggal", "jumlah_lantai": 1, "footprint_id": 854, "jarak_meter": 10.27, "jumlah_titik_footprint": 1, "konflik": false }, "geometry": { "type": "LineString", "coordinates": [ [ 105.2368, -5.553362 ], [ 105.236969656521637, -5.553283377823938 ] ] } },
{ "type": "Feature", "properties": { "point_id": 219, "id_bangunan": "Blok C (SDI-C93-093)", "fungsi_bangunan": "Rumah Tinggal", "jumlah_lantai": 1, "footprint_id": 490, "jarak_meter": 2302.31, "jumlah_titik_footprint": 1, "konflik": false }, "geometry": { "type": "LineString", "coordinates": [ [ 105.236795, -5.523323 ], [ 105.24454709189898, -5.542758507888124 ] ] } },
{ "type": "Feature", "properties": { "point_id": 220, "id_bangunan": "Blok C (SDI-C94-094)", "fungsi_bangunan": "Rumah Tinggal", "jumlah_lantai": 1, "footprint_id": 851, "jarak_meter": 8.13, "jumlah_titik_footprint": 2, "konflik": true }, "geometry": { "type": "LineString", "coordinates": [ [ 105.236691, -5.553139 ], [ 105.236830970916088, -5.553069870796393 ] ] } },
{ "type": "Feature", "properties": { "point_id": 221, "id_bangunan": "Blok C (SDI-C95-095)", "fungsi_bangunan": "Rumah Tinggal", "jumlah_lantai": 1, "footprint_id": 807, "jarak_meter": 3.56, "jumlah_titik_footprint": 2, "konflik": true }, "geometry": { "type": "LineString", "coordinates": [ [ 105.236606, -5.553149 ], [ 105.236493986705426, -5.553097191008962 ] ] } },
{ "type": "Feature", "properties": { "point_id": 222, "id_bangunan": "Blok C (SDI-C96-096)", "fungsi_bangunan": "Rumah Tinggal", "jumlah_lantai": 1, "footprint_id": 808, "jarak_meter": 4.34, "jumlah_titik_footprint": 2, "konflik": true }, "geometry": { "type": "LineString", "coordinates": [ [ 105.236458, -5.553228 ], [ 105.236389695945576, -5.553125320963041 ] ] } },
{ "type": "Feature", "properties": { "point_id": 223, "id_bangunan": "Blok C (SDI-C97-097)", "fungsi_bangunan": "Rumah Tinggal", "jumlah_lantai": 1, "footprint_id": 491, "jarak_meter": 35355.96, "jumlah_titik_footprint": 1, "konflik": false }, "geometry": { "type": "LineString", "coordinates": [ [ 105.236673, -5.22292 ], [ 105.244813348182348, -5.542726463354334 ] ] } },
{ "type": "Feature", "properties": { "point_id": 224, "id_bangunan": "Blok C (SDI-C98-098)", "fungsi_bangunan": "Rumah Tinggal", "jumlah_lantai": 1, "footprint_id": 834, "jarak_meter": 2.07, "jumlah_titik_footprint": 2, "konflik": true }, "geometry": { "type": "LineString", "coordinates": [ [ 105.236721, -5.552822 ], [ 105.236764616948975, -5.552752298502728 ] ] } },
{ "type": "Feature", "properties": { "point_id": 225, "id_bangunan": "Blok C (SDI-C99-099)", "fungsi_bangunan": "Rumah Tinggal", "jumlah_lantai": 1, "footprint_id": 806, "jarak_meter": 2.44, "jumlah_titik_footprint": 2, "konflik": true }, "geometry": { "type": "LineString", "coordinates": [ [ 105.236425, -5.552976 ], [ 105.236341916186973, -5.552869485649518 ] ] } },
{ "type": "Feature", "properties": { "point_id": 226, "id_bangunan": "Blok C (SDI-C100-100)", "fungsi_bangunan": "Rumah Tinggal", "jumlah_lantai": 1, "footprint_id": 833, "jarak_meter": 7.48, "jumlah_titik_footprint": 2, "konflik": true }, "geometry": { "type": "LineString", "coordinates": [ [ 105.236524, -5.552764 ], [ 105.236630549139647, -5.552626371923104 ] ] } },
{ "type": "Feature", "properties": { "point_id": 227, "id_bangunan": "Blok C (SDI-C101-101)", "fungsi_bangunan": "Rumah Tinggal", "jumlah_lantai": 1, "footprint_id": 805, "jarak_meter": 0.48, "jumlah_titik_footprint": 2, "konflik": true }, "geometry": { "type": "LineString", "coordinates": [ [ 105.236353, -5.55262 ], [ 105.23626376887124, -5.552681654808613 ] ] } },
{ "type": "Feature", "properties": { "point_id": 228, "id_bangunan": "SDI-C104-104", "fungsi_bangunan": "Rumah Tinggal", "jumlah_lantai": 1, "footprint_id": 727, "jarak_meter": 0.0, "jumlah_titik_footprint": 2, "konflik": true }, "geometry": { "type": "LineString", "coordinates": [ [ 105.235273, -5.552383 ], [ 105.235266118946598, -5.552411477433577 ] ] } },
{ "type": "Feature", "properties": { "point_id": 229, "id_bangunan": "SDI-C105-105", "fungsi_bangunan": "Rumah Tinggal", "jumlah_lantai": 1, "footprint_id": 725, "jarak_meter": 0.0, "jumlah_titik_footprint": 1, "konflik": false }, "geometry": { "type": "LineString", "coordinates": [ [ 105.235544, -5.552295 ], [ 105.235562065593925, -5.552282240355845 ] ] } },
{ "type": "Feature", "properties": { "point_id": 230, "id_bangunan": "SDI-C106-106", "fungsi_bangunan": "Rumah Tinggal", "jumlah_lantai": 1, "footprint_id": 726, "jarak_meter": 0.0, "jumlah_titik_footprint": 1, "konflik": false }, "geometry": { "type": "LineString", "coordinates": [ [ 105.235626, -5.552396 ], [ 105.235626411817023, -5.552379432529783 ] ] } },
{ "type": "Feature", "properties": { "point_id": 231, "id_bangunan": "SDI-C107-107", "fungsi_bangunan": "Rumah Tinggal", "jumlah_lantai": 1, "footprint_id": 724, "jarak_meter": 0.0, "jumlah_titik_footprint": 1, "konflik": false }, "geometry": { "type": "LineString", "coordinates": [ [ 105.235489, -5.552199 ], [ 105.23545456794696, -5.552236597211335 ] ] } },
{ "type": "Feature", "properties": { "point_id": 232, "id_bangunan": "SDI-C108-108", "fungsi_bangunan": "Rumah Tinggal", "jumlah_lantai": 1, "footprint_id": 759, "jarak_meter": 1.17, "jumlah_titik_footprint": 1, "konflik": false }, "geometry": { "type": "LineString", "coordinates": [ [ 105.235264, -5.552806 ], [ 105.235234242589286, -5.552733102627612 ] ] } },
{ "type": "Feature", "properties": { "point_id": 233, "id_bangunan": "SDI-C109-109", "fungsi_bangunan": "Rumah Tinggal", "jumlah_lantai": 1, "footprint_id": 761, "jarak_meter": 0.0, "jumlah_titik_footprint": 1, "konflik": false }, "geometry": { "type": "LineString", "coordinates": [ [ 105.235085, -5.552829 ], [ 105.235053830832413, -5.55279883894398 ] ] } },
{ "type": "Feature", "properties": { "point_id": 234, "id_bangunan": "SDI-C110-110", "fungsi_bangunan": "Rumah Tinggal", "jumlah_lantai": 1, "footprint_id": 773, "jarak_meter": 0.0, "jumlah_titik_footprint": 1, "konflik": false }, "geometry": { "type": "LineString", "coordinates": [ [ 105.235209, -5.553123 ], [ 105.235199709620787, -5.553110113413537 ] ] } },
{ "type": "Feature", "properties": { "point_id": 235, "id_bangunan": "SDI-C111-111", "fungsi_bangunan": "Rumah Tinggal", "jumlah_lantai": 1, "footprint_id": 772, "jarak_meter": 0.0, "jumlah_titik_footprint": 1, "konflik": false }, "geometry": { "type": "LineString", "coordinates": [ [ 105.235048, -5.55316 ], [ 105.235070481475731, -5.553149273059764 ] ] } },
{ "type": "Feature", "properties": { "point_id": 236, "id_bangunan": "SDI-C112-112", "fungsi_bangunan": "Rumah Tinggal", "jumlah_lantai": 1, "footprint_id": 771, "jarak_meter": 0.0, "jumlah_titik_footprint": 1, "konflik": false }, "geometry": { "type": "LineString", "coordinates": [ [ 105.234975, -5.55322 ], [ 105.234994315647143, -5.553251359848232 ] ] } },
{ "type": "Feature", "properties": { "point_id": 237, "id_bangunan": "SDI-C113-113", "fungsi_bangunan": "Rumah Tinggal", "jumlah_lantai": 1, "footprint_id": 762, "jarak_meter": 0.0, "jumlah_titik_footprint": 1, "konflik": false }, "geometry": { "type": "LineString", "coordinates": [ [ 105.234892, -5.552875 ], [ 105.234885334336667, -5.552865719694263 ] ] } },
{ "type": "Feature", "properties": { "point_id": 238, "id_bangunan": "SDI-C114-114", "fungsi_bangunan": "Rumah Tinggal", "jumlah_lantai": 1, "footprint_id": 769, "jarak_meter": 0.23, "jumlah_titik_footprint": 1, "konflik": false }, "geometry": { "type": "LineString", "coordinates": [ [ 105.234837, -5.55333 ], [ 105.234856021322869, -5.553343799895662 ] ] } },
{ "type": "Feature", "properties": { "point_id": 239, "id_bangunan": "SDI-C116-116", "fungsi_bangunan": "Rumah Tinggal", "jumlah_lantai": 1, "footprint_id": 794, "jarak_meter": 0.0, "jumlah_titik_footprint": 1, "konflik": false }, "geometry": { "type": "LineString", "coordinates": [ [ 105.235081, -5.553454 ], [ 105.235072313236813, -5.553406463375005 ] ] } },
{ "type": "Feature", "properties": { "point_id": 240, "id_bangunan": "SDI-C117-117", "fungsi_bangunan": "Rumah Tinggal", "jumlah_lantai": 1, "footprint_id": 763, "jarak_meter": 0.12, "jumlah_titik_footprint": 1, "konflik": false }, "geometry": { "type": "LineString", "coordinates": [ [ 105.23486, -5.552719 ], [ 105.23480260683678, -5.552719230883397 ] ] } },
{ "type": "Feature", "properties": { "point_id": 241, "id_bangunan": "Blok D (SDI-D01-001)", "fungsi_bangunan": "Rumah Tinggal", "jumlah_lantai": 1, "footprint_id": 395, "jarak_meter": 0.0, "jumlah_titik_footprint": 2, "konflik": true }, "geometry": { "type": "LineString", "coordinates": [ [ 105.24185, -5.553013 ], [ 105.241884867872031, -5.553022113134111 ] ] } },
{ "type": "Feature", "properties": { "point_id": 242, "id_bangunan": "Blok D (SDI-D02-002)", "fungsi_bangunan": "Rumah Tinggal", "jumlah_lantai": 1, "footprint_id": 393, "jarak_meter": 0.0, "jumlah_titik_footprint": 1, "konflik": false }, "geometry": { "type": "LineString", "coordinates": [ [ 105.241918, -5.553114121 ], [ 105.241929127274247, -5.553130293073516 ] ] } },
{ "type": "Feature", "properties": { "point_id": 243, "id_bangunan": "Blok D (SDI-D03-003)", "fungsi_bangunan": "Rumah Tinggal", "jumlah_lantai": 1, "footprint_id": 392, "jarak_meter": 0.0, "jumlah_titik_footprint": 1, "konflik": false }, "geometry": { "type": "LineString", "coordinates": [ [ 105.24195, -5.553242885 ], [ 105.241942742612181, -5.553226173611941 ] ] } },
{ "type": "Feature", "properties": { "point_id": 244, "id_bangunan": "Blok D (SDI-D04-004)", "fungsi_bangunan": "Rumah Tinggal", "jumlah_lantai": 1, "footprint_id": 388, "jarak_meter": 0.89, "jumlah_titik_footprint": 1, "konflik": false }, "geometry": { "type": "LineString", "coordinates": [ [ 105.242271, -5.553242778 ], [ 105.242213235705407, -5.553241202247464 ] ] } },
{ "type": "Feature", "properties": { "point_id": 245, "id_bangunan": "Blok D (SDI-D05-005)", "fungsi_bangunan": "Rumah Tinggal", "jumlah_lantai": 1, "footprint_id": 372, "jarak_meter": 3.14, "jumlah_titik_footprint": 2, "konflik": true }, "geometry": { "type": "LineString", "coordinates": [ [ 105.242354, -5.55394181 ], [ 105.242263609109926, -5.553918993760242 ] ] } },
{ "type": "Feature", "properties": { "point_id": 246, "id_bangunan": "Blok D (SDI-D06-006)", "fungsi_bangunan": "Rumah Tinggal", "jumlah_lantai": 1, "footprint_id": 373, "jarak_meter": 1.95, "jumlah_titik_footprint": 1, "konflik": false }, "geometry": { "type": "LineString", "coordinates": [ [ 105.242487, -5.553840586 ], [ 105.242422343491498, -5.55381281481757 ] ] } },
{ "type": "Feature", "properties": { "point_id": 247, "id_bangunan": "Blok D (SDI-D07-007)", "fungsi_bangunan": "Rumah Tinggal", "jumlah_lantai": 1, "footprint_id": 379, "jarak_meter": 0.0, "jumlah_titik_footprint": 1, "konflik": false }, "geometry": { "type": "LineString", "coordinates": [ [ 105.242803, -5.55344496 ], [ 105.242787351760441, -5.553429404596757 ] ] } },
{ "type": "Feature", "properties": { "point_id": 248, "id_bangunan": "Blok D (SDI-D08-008)", "fungsi_bangunan": "Rumah Tinggal", "jumlah_lantai": 1, "footprint_id": 378, "jarak_meter": 0.0, "jumlah_titik_footprint": 1, "konflik": false }, "geometry": { "type": "LineString", "coordinates": [ [ 105.242735, -5.553789914 ], [ 105.242716940683707, -5.553774722673508 ] ] } },
{ "type": "Feature", "properties": { "point_id": 249, "id_bangunan": "Blok D (SDI-D09-009)", "fungsi_bangunan": "Rumah Tinggal", "jumlah_lantai": 1, "footprint_id": 370, "jarak_meter": 0.0, "jumlah_titik_footprint": 1, "konflik": false }, "geometry": { "type": "LineString", "coordinates": [ [ 105.242547, -5.554176299 ], [ 105.24254443163646, -5.554148705322657 ] ] } },
{ "type": "Feature", "properties": { "point_id": 250, "id_bangunan": "Blok D (SDI-D10-010)", "fungsi_bangunan": "Rumah Tinggal", "jumlah_lantai": 1, "footprint_id": 369, "jarak_meter": 0.12, "jumlah_titik_footprint": 1, "konflik": false }, "geometry": { "type": "LineString", "coordinates": [ [ 105.243074, -5.554249708 ], [ 105.243093198722349, -5.554191289232996 ] ] } },
{ "type": "Feature", "properties": { "point_id": 251, "id_bangunan": "Blok D (SDI-D11-011)", "fungsi_bangunan": "Rumah Tinggal", "jumlah_lantai": 1, "footprint_id": 233, "jarak_meter": 1.13, "jumlah_titik_footprint": 1, "konflik": false }, "geometry": { "type": "LineString", "coordinates": [ [ 105.243524, -5.55408859 ], [ 105.243465297176613, -5.554061057772262 ] ] } },
{ "type": "Feature", "properties": { "point_id": 252, "id_bangunan": "Blok D (SDI-D12-012)", "fungsi_bangunan": "Rumah Tinggal", "jumlah_lantai": 1, "footprint_id": 232, "jarak_meter": 0.0, "jumlah_titik_footprint": 1, "konflik": false }, "geometry": { "type": "LineString", "coordinates": [ [ 105.243735, -5.55408392 ], [ 105.243666749964802, -5.554078153616415 ] ] } },
{ "type": "Feature", "properties": { "point_id": 253, "id_bangunan": "Blok D (SDI-D13-013)", "fungsi_bangunan": "Rumah Tinggal", "jumlah_lantai": 1, "footprint_id": 228, "jarak_meter": 0.0, "jumlah_titik_footprint": 1, "konflik": false }, "geometry": { "type": "LineString", "coordinates": [ [ 105.244208, -5.554631051 ], [ 105.244170596767759, -5.554632216593144 ] ] } },
{ "type": "Feature", "properties": { "point_id": 254, "id_bangunan": "Blok D (SDI-D14-014)", "fungsi_bangunan": "Rumah Tinggal", "jumlah_lantai": 1, "footprint_id": 227, "jarak_meter": 0.0, "jumlah_titik_footprint": 2, "konflik": true }, "geometry": { "type": "LineString", "coordinates": [ [ 105.244134, -5.554746053 ], [ 105.244114178406505, -5.554753915363833 ] ] } },
{ "type": "Feature", "properties": { "point_id": 255, "id_bangunan": "Blok D (SDI-D15-015)", "fungsi_bangunan": "Rumah Tinggal", "jumlah_lantai": 1, "footprint_id": 226, "jarak_meter": 0.0, "jumlah_titik_footprint": 1, "konflik": false }, "geometry": { "type": "LineString", "coordinates": [ [ 105.243988, -5.554746102 ], [ 105.244026712871815, -5.55470287903517 ] ] } },
{ "type": "Feature", "properties": { "point_id": 256, "id_bangunan": "Blok D (SDI-D16-016)", "fungsi_bangunan": "Rumah Tinggal", "jumlah_lantai": 1, "footprint_id": 229, "jarak_meter": 1.82, "jumlah_titik_footprint": 1, "konflik": false }, "geometry": { "type": "LineString", "coordinates": [ [ 105.244075, -5.554488525 ], [ 105.244015680633368, -5.55443859650927 ] ] } },
{ "type": "Feature", "properties": { "point_id": 257, "id_bangunan": "Blok D (SDI-D17-017)", "fungsi_bangunan": "Rumah Tinggal", "jumlah_lantai": 1, "footprint_id": 227, "jarak_meter": 4.11, "jumlah_titik_footprint": 2, "konflik": true }, "geometry": { "type": "LineString", "coordinates": [ [ 105.244166, -5.554810429 ], [ 105.244114178406505, -5.554753915363833 ] ] } },
{ "type": "Feature", "properties": { "point_id": 258, "id_bangunan": "Blok D (SDI-D18-018)", "fungsi_bangunan": "Rumah Tinggal", "jumlah_lantai": 1, "footprint_id": 224, "jarak_meter": 0.83, "jumlah_titik_footprint": 1, "konflik": false }, "geometry": { "type": "LineString", "coordinates": [ [ 105.244107, -5.555109389 ], [ 105.244067704586428, -5.555050620868157 ] ] } },
{ "type": "Feature", "properties": { "point_id": 259, "id_bangunan": "Blok D (SDI-D19-019)", "fungsi_bangunan": "Rumah Tinggal", "jumlah_lantai": 1, "footprint_id": 223, "jarak_meter": 3.25, "jumlah_titik_footprint": 1, "konflik": false }, "geometry": { "type": "LineString", "coordinates": [ [ 105.244153, -5.555109374 ], [ 105.244138346726388, -5.555173447414699 ] ] } },
{ "type": "Feature", "properties": { "point_id": 260, "id_bangunan": "Blok D (SDI-D20-020)", "fungsi_bangunan": "Rumah Tinggal", "jumlah_lantai": 1, "footprint_id": 225, "jarak_meter": 0.72, "jumlah_titik_footprint": 2, "konflik": true }, "geometry": { "type": "LineString", "coordinates": [ [ 105.244368, -5.555072509 ], [ 105.244340405710005, -5.555010429500729 ] ] } },
{ "type": "Feature", "properties": { "point_id": 261, "id_bangunan": "Blok D (SDI-D22-022)", "fungsi_bangunan": "Rumah Tinggal", "jumlah_lantai": 1, "footprint_id": 221, "jarak_meter": 0.0, "jumlah_titik_footprint": 3, "konflik": true }, "geometry": { "type": "LineString", "coordinates": [ [ 105.24424, -5.555274911 ], [ 105.244266958869602, -5.555314905854512 ] ] } },
{ "type": "Feature", "properties": { "point_id": 262, "id_bangunan": "Blok D (SDI-D23-023)", "fungsi_bangunan": "Rumah Tinggal", "jumlah_lantai": 1, "footprint_id": 221, "jarak_meter": 0.34, "jumlah_titik_footprint": 3, "konflik": true }, "geometry": { "type": "LineString", "coordinates": [ [ 105.24419, -5.555339315 ], [ 105.244266958869602, -5.555314905854512 ] ] } },
{ "type": "Feature", "properties": { "point_id": 263, "id_bangunan": "Blok D (SDI-D24-024)", "fungsi_bangunan": "Rumah Tinggal", "jumlah_lantai": 1, "footprint_id": 219, "jarak_meter": 0.0, "jumlah_titik_footprint": 1, "konflik": false }, "geometry": { "type": "LineString", "coordinates": [ [ 105.244483, -5.555196645 ], [ 105.24447137564627, -5.55518426261463 ] ] } },
{ "type": "Feature", "properties": { "point_id": 264, "id_bangunan": "Blok D (SDI-D25-025)", "fungsi_bangunan": "Rumah Tinggal", "jumlah_lantai": 1, "footprint_id": 221, "jarak_meter": 0.0, "jumlah_titik_footprint": 3, "konflik": true }, "geometry": { "type": "LineString", "coordinates": [ [ 105.244249, -5.555371489 ], [ 105.244266958869602, -5.555314905854512 ] ] } },
{ "type": "Feature", "properties": { "point_id": 265, "id_bangunan": "Blok D (SDI-D26-026)", "fungsi_bangunan": "Rumah Tinggal", "jumlah_lantai": 1, "footprint_id": 218, "jarak_meter": 0.0, "jumlah_titik_footprint": 1, "konflik": false }, "geometry": { "type": "LineString", "coordinates": [ [ 105.24452, -5.555343803 ], [ 105.244509372226915, -5.555328626627897 ] ] } },
{ "type": "Feature", "properties": { "point_id": 266, "id_bangunan": "Blok D (SDI-D27-027)", "fungsi_bangunan": "Rumah Tinggal", "jumlah_lantai": 1, "footprint_id": 215, "jarak_meter": 0.0, "jumlah_titik_footprint": 1, "konflik": false }, "geometry": { "type": "LineString", "coordinates": [ [ 105.244405, -5.555569196 ], [ 105.244380031500611, -5.55556223223475 ] ] } },
{ "type": "Feature", "properties": { "point_id": 267, "id_bangunan": "Blok D (SDI-D28-028)", "fungsi_bangunan": "Rumah Tinggal", "jumlah_lantai": 1, "footprint_id": 213, "jarak_meter": 0.0, "jumlah_titik_footprint": 2, "konflik": true }, "geometry": { "type": "LineString", "coordinates": [ [ 105.244653, -5.555674892 ], [ 105.244630831372277, -5.555640384754081 ] ] } },
{ "type": "Feature", "properties": { "point_id": 268, "id_bangunan": "Blok D (SDI-D29-029)", "fungsi_bangunan": "Rumah Tinggal", "jumlah_lantai": 1, "footprint_id": 213, "jarak_meter": 4.61, "jumlah_titik_footprint": 2, "konflik": true }, "geometry": { "type": "LineString", "coordinates": [ [ 105.244676, -5.555720875 ], [ 105.244630831372277, -5.555640384754081 ] ] } },
{ "type": "Feature", "properties": { "point_id": 269, "id_bangunan": "Blok D (SDI-D30-030)", "fungsi_bangunan": "Rumah Tinggal", "jumlah_lantai": 1, "footprint_id": 216, "jarak_meter": 0.0, "jumlah_titik_footprint": 1, "konflik": false }, "geometry": { "type": "LineString", "coordinates": [ [ 105.244424, -5.555661172 ], [ 105.244448477894352, -5.55568572987269 ] ] } },
{ "type": "Feature", "properties": { "point_id": 270, "id_bangunan": "Blok D (SDI-D31-031)", "fungsi_bangunan": "Rumah Tinggal", "jumlah_lantai": 1, "footprint_id": 211, "jarak_meter": 0.0, "jumlah_titik_footprint": 1, "konflik": false }, "geometry": { "type": "LineString", "coordinates": [ [ 105.244727, -5.555937014 ], [ 105.244736434683333, -5.555926211341448 ] ] } },
{ "type": "Feature", "properties": { "point_id": 271, "id_bangunan": "Blok D (SDI-D32-032)", "fungsi_bangunan": "Rumah Tinggal", "jumlah_lantai": 1, "footprint_id": 212, "jarak_meter": 0.0, "jumlah_titik_footprint": 1, "konflik": false }, "geometry": { "type": "LineString", "coordinates": [ [ 105.244658, -5.555854254 ], [ 105.244689019916422, -5.55584193684621 ] ] } },
{ "type": "Feature", "properties": { "point_id": 272, "id_bangunan": "Blok D (SDI-D33-033)", "fungsi_bangunan": "Rumah Tinggal", "jumlah_lantai": 1, "footprint_id": 210, "jarak_meter": 2.03, "jumlah_titik_footprint": 1, "konflik": false }, "geometry": { "type": "LineString", "coordinates": [ [ 105.24464, -5.556171597 ], [ 105.244654379249027, -5.55610993060997 ] ] } },
{ "type": "Feature", "properties": { "point_id": 273, "id_bangunan": "Blok D (SDI-D35-035)", "fungsi_bangunan": "Rumah Tinggal", "jumlah_lantai": 1, "footprint_id": 204, "jarak_meter": 0.0, "jumlah_titik_footprint": 2, "konflik": true }, "geometry": { "type": "LineString", "coordinates": [ [ 105.244681, -5.556498117 ], [ 105.244659893431574, -5.556481720011318 ] ] } },
{ "type": "Feature", "properties": { "point_id": 274, "id_bangunan": "Blok D (SDI-D36-036)", "fungsi_bangunan": "Rumah Tinggal", "jumlah_lantai": 1, "footprint_id": 205, "jarak_meter": 0.0, "jumlah_titik_footprint": 1, "konflik": false }, "geometry": { "type": "LineString", "coordinates": [ [ 105.244667, -5.556622297 ], [ 105.244695585040176, -5.556589985448999 ] ] } },
{ "type": "Feature", "properties": { "point_id": 275, "id_bangunan": "SDI-D50-050", "fungsi_bangunan": "Rumah Tinggal", "jumlah_lantai": 1, "footprint_id": 353, "jarak_meter": 9.33, "jumlah_titik_footprint": 2, "konflik": true }, "geometry": { "type": "LineString", "coordinates": [ [ 105.24085, -5.553495 ], [ 105.240716134539298, -5.55346597123676 ] ] } },
{ "type": "Feature", "properties": { "point_id": 276, "id_bangunan": "SDI-D52-052", "fungsi_bangunan": "Rumah Tinggal", "jumlah_lantai": 1, "footprint_id": 368, "jarak_meter": 0.0, "jumlah_titik_footprint": 1, "konflik": false }, "geometry": { "type": "LineString", "coordinates": [ [ 105.241016, -5.553873 ], [ 105.24100764338317, -5.553861958202232 ] ] } },
{ "type": "Feature", "properties": { "point_id": 277, "id_bangunan": "SDI-D53-053", "fungsi_bangunan": "Rumah Tinggal", "jumlah_lantai": 1, "footprint_id": 346, "jarak_meter": 2.06, "jumlah_titik_footprint": 1, "konflik": false }, "geometry": { "type": "LineString", "coordinates": [ [ 105.241094, -5.553808 ], [ 105.241182252366443, -5.553795171060288 ] ] } },
{ "type": "Feature", "properties": { "point_id": 278, "id_bangunan": "Blok D (SDI-D37-037)", "fungsi_bangunan": "Rumah Tinggal", "jumlah_lantai": 1, "footprint_id": 203, "jarak_meter": 0.0, "jumlah_titik_footprint": 1, "konflik": false }, "geometry": { "type": "LineString", "coordinates": [ [ 105.244447, -5.556797136 ], [ 105.244424719986924, -5.556767982224333 ] ] } },
{ "type": "Feature", "properties": { "point_id": 279, "id_bangunan": "SDI-D54-054", "fungsi_bangunan": "Rumah Tinggal", "jumlah_lantai": 1, "footprint_id": 345, "jarak_meter": 2.65, "jumlah_titik_footprint": 2, "konflik": true }, "geometry": { "type": "LineString", "coordinates": [ [ 105.241097, -5.553741 ], [ 105.241130495412193, -5.553728037210327 ] ] } },
{ "type": "Feature", "properties": { "point_id": 280, "id_bangunan": "Blok D (SDI-D38-038)", "fungsi_bangunan": "Rumah Tinggal", "jumlah_lantai": 1, "footprint_id": 202, "jarak_meter": 0.0, "jumlah_titik_footprint": 2, "konflik": true }, "geometry": { "type": "LineString", "coordinates": [ [ 105.244621, -5.556824671 ], [ 105.244648965795307, -5.556802496549967 ] ] } },
{ "type": "Feature", "properties": { "point_id": 281, "id_bangunan": "Blok D (SDI-D39-039)", "fungsi_bangunan": "Rumah Tinggal", "jumlah_lantai": 1, "footprint_id": 200, "jarak_meter": 0.0, "jumlah_titik_footprint": 1, "konflik": false }, "geometry": { "type": "LineString", "coordinates": [ [ 105.244901, -5.557049932 ], [ 105.244919930811804, -5.55703088433027 ] ] } },
{ "type": "Feature", "properties": { "point_id": 282, "id_bangunan": "SDI-D55-055", "fungsi_bangunan": "Rumah Tinggal", "jumlah_lantai": 1, "footprint_id": 429, "jarak_meter": 3.56, "jumlah_titik_footprint": 1, "konflik": false }, "geometry": { "type": "LineString", "coordinates": [ [ 105.241315, -5.5537 ], [ 105.241394987557868, -5.553670397435743 ] ] } },
{ "type": "Feature", "properties": { "point_id": 283, "id_bangunan": "Blok D (SDI-D40-040)", "fungsi_bangunan": "Rumah Tinggal", "jumlah_lantai": 1, "footprint_id": 194, "jarak_meter": 12.19, "jumlah_titik_footprint": 1, "konflik": false }, "geometry": { "type": "LineString", "coordinates": [ [ 105.245003, -5.558066293 ], [ 105.244832492010701, -5.557990068168351 ] ] } },
{ "type": "Feature", "properties": { "point_id": 284, "id_bangunan": "Blok D (SDI-D41-041)", "fungsi_bangunan": "Rumah Tinggal", "jumlah_lantai": 1, "footprint_id": 195, "jarak_meter": 0.0, "jumlah_titik_footprint": 1, "konflik": false }, "geometry": { "type": "LineString", "coordinates": [ [ 105.245191, -5.557445355 ], [ 105.245168208323364, -5.557401046746643 ] ] } },
{ "type": "Feature", "properties": { "point_id": 285, "id_bangunan": "Blok D (SDI-D42-042)", "fungsi_bangunan": "Rumah Tinggal", "jumlah_lantai": 1, "footprint_id": 198, "jarak_meter": 0.0, "jumlah_titik_footprint": 1, "konflik": false }, "geometry": { "type": "LineString", "coordinates": [ [ 105.244851, -5.557233912 ], [ 105.244884309877662, -5.557208867341205 ] ] } },
{ "type": "Feature", "properties": { "point_id": 286, "id_bangunan": "Blok D (SDI-D43-043)", "fungsi_bangunan": "Rumah Tinggal", "jumlah_lantai": 1, "footprint_id": 202, "jarak_meter": 0.0, "jumlah_titik_footprint": 2, "konflik": true }, "geometry": { "type": "LineString", "coordinates": [ [ 105.244667, -5.556787863 ], [ 105.244648965795307, -5.556802496549967 ] ] } },
{ "type": "Feature", "properties": { "point_id": 287, "id_bangunan": "Blok D (SDI-D44-044)", "fungsi_bangunan": "Rumah Tinggal", "jumlah_lantai": 1, "footprint_id": 381, "jarak_meter": 0.74, "jumlah_titik_footprint": 1, "konflik": false }, "geometry": { "type": "LineString", "coordinates": [ [ 105.24239, -5.553408305 ], [ 105.242355861660101, -5.553359881160802 ] ] } },
{ "type": "Feature", "properties": { "point_id": 288, "id_bangunan": "Blok D (SDI-D45-045)", "fungsi_bangunan": "Rumah Tinggal", "jumlah_lantai": 2, "footprint_id": 391, "jarak_meter": 0.0, "jumlah_titik_footprint": 1, "konflik": false }, "geometry": { "type": "LineString", "coordinates": [ [ 105.24217, -5.552649531 ], [ 105.24220074693693, -5.552644664966015 ] ] } },
{ "type": "Feature", "properties": { "point_id": 289, "id_bangunan": "Blok D (SDI-D46-046)", "fungsi_bangunan": "Rumah Tinggal", "jumlah_lantai": 1, "footprint_id": 398, "jarak_meter": 3.23, "jumlah_titik_footprint": 1, "konflik": false }, "geometry": { "type": "LineString", "coordinates": [ [ 105.242312, -5.552534506 ], [ 105.242340094489194, -5.552651277539616 ] ] } },
{ "type": "Feature", "properties": { "point_id": 290, "id_bangunan": "Blok D (SDI-D47-047)", "fungsi_bangunan": "Rumah Tinggal", "jumlah_lantai": 1, "footprint_id": 409, "jarak_meter": 0.0, "jumlah_titik_footprint": 1, "konflik": false }, "geometry": { "type": "LineString", "coordinates": [ [ 105.242629, -5.552396429 ], [ 105.242640607619649, -5.552418732803593 ] ] } },
{ "type": "Feature", "properties": { "point_id": 291, "id_bangunan": "Blok D (SDI-D48-048)", "fungsi_bangunan": "Rumah Tinggal", "jumlah_lantai": 1, "footprint_id": 399, "jarak_meter": 0.0, "jumlah_titik_footprint": 1, "konflik": false }, "geometry": { "type": "LineString", "coordinates": [ [ 105.242716, -5.552327413 ], [ 105.242737656357235, -5.55235535168729 ] ] } },
{ "type": "Feature", "properties": { "point_id": 292, "id_bangunan": "SDI-D01-056", "fungsi_bangunan": "Rumah Tinggal", "jumlah_lantai": 2, "footprint_id": 272, "jarak_meter": 6.43, "jumlah_titik_footprint": 2, "konflik": true }, "geometry": { "type": "LineString", "coordinates": [ [ 105.240337, -5.554489 ], [ 105.24032815845834, -5.55436846644679 ] ] } },
{ "type": "Feature", "properties": { "point_id": 293, "id_bangunan": "SDI-D57-057", "fungsi_bangunan": "Rumah Tinggal", "jumlah_lantai": 1, "footprint_id": 267, "jarak_meter": 2.59, "jumlah_titik_footprint": 1, "konflik": false }, "geometry": { "type": "LineString", "coordinates": [ [ 105.240221, -5.554381 ], [ 105.240128328547911, -5.554356798832922 ] ] } },
{ "type": "Feature", "properties": { "point_id": 294, "id_bangunan": "SDI-D59-059", "fungsi_bangunan": "Rumah Tinggal", "jumlah_lantai": 1, "footprint_id": 341, "jarak_meter": 1.66, "jumlah_titik_footprint": 1, "konflik": false }, "geometry": { "type": "LineString", "coordinates": [ [ 105.24054, -5.553791 ], [ 105.240571120790676, -5.553863019930363 ] ] } },
{ "type": "Feature", "properties": { "point_id": 295, "id_bangunan": "SDI-D60-060", "fungsi_bangunan": "Rumah Tinggal", "jumlah_lantai": 1, "footprint_id": 364, "jarak_meter": 6.06, "jumlah_titik_footprint": 2, "konflik": true }, "geometry": { "type": "LineString", "coordinates": [ [ 105.241163, -5.553904 ], [ 105.241060869858529, -5.554000005736937 ] ] } },
{ "type": "Feature", "properties": { "point_id": 296, "id_bangunan": "SDI-D61-061", "fungsi_bangunan": "Rumah Tinggal", "jumlah_lantai": 1, "footprint_id": 364, "jarak_meter": 6.21, "jumlah_titik_footprint": 2, "konflik": true }, "geometry": { "type": "LineString", "coordinates": [ [ 105.241164, -5.553903 ], [ 105.241060869858529, -5.554000005736937 ] ] } },
{ "type": "Feature", "properties": { "point_id": 297, "id_bangunan": "SDI-D62-062", "fungsi_bangunan": "Rumah Tinggal", "jumlah_lantai": 1, "footprint_id": 361, "jarak_meter": 5.36, "jumlah_titik_footprint": 1, "konflik": false }, "geometry": { "type": "LineString", "coordinates": [ [ 105.2413, -5.554023 ], [ 105.241399730441358, -5.55405305264393 ] ] } },
{ "type": "Feature", "properties": { "point_id": 298, "id_bangunan": "SDI-D63-063", "fungsi_bangunan": "Rumah Tinggal", "jumlah_lantai": 1, "footprint_id": 348, "jarak_meter": 7.15, "jumlah_titik_footprint": 1, "konflik": false }, "geometry": { "type": "LineString", "coordinates": [ [ 105.24129, -5.554003 ], [ 105.241361873140221, -5.553857924926321 ] ] } },
{ "type": "Feature", "properties": { "point_id": 299, "id_bangunan": "SDI-D64-064", "fungsi_bangunan": "Rumah Tinggal", "jumlah_lantai": 1, "footprint_id": 362, "jarak_meter": 0.0, "jumlah_titik_footprint": 1, "konflik": false }, "geometry": { "type": "LineString", "coordinates": [ [ 105.241503, -5.553833 ], [ 105.241491845573009, -5.553770288323864 ] ] } },
{ "type": "Feature", "properties": { "point_id": 300, "id_bangunan": "SDI-D65-065", "fungsi_bangunan": "Rumah Tinggal", "jumlah_lantai": 1, "footprint_id": 351, "jarak_meter": 0.0, "jumlah_titik_footprint": 1, "konflik": false }, "geometry": { "type": "LineString", "coordinates": [ [ 105.241318, -5.554203 ], [ 105.241232954038836, -5.554222083399251 ] ] } },
{ "type": "Feature", "properties": { "point_id": 301, "id_bangunan": "SDI-D66-066", "fungsi_bangunan": "Rumah Tinggal", "jumlah_lantai": 1, "footprint_id": 363, "jarak_meter": 7.94, "jumlah_titik_footprint": 1, "konflik": false }, "geometry": { "type": "LineString", "coordinates": [ [ 105.24128, -5.554075 ], [ 105.241142808273509, -5.554074578913074 ] ] } },
{ "type": "Feature", "properties": { "point_id": 302, "id_bangunan": "BLOK D (SDI-D67-067)", "fungsi_bangunan": "Rumah Tinggal", "jumlah_lantai": 1, "footprint_id": 270, "jarak_meter": 1.16, "jumlah_titik_footprint": 2, "konflik": true }, "geometry": { "type": "LineString", "coordinates": [ [ 105.240078, -5.554182 ], [ 105.240061200136154, -5.554248526289912 ] ] } },
{ "type": "Feature", "properties": { "point_id": 303, "id_bangunan": "BLOK D (SDI-D69-069)", "fungsi_bangunan": "Rumah Tinggal", "jumlah_lantai": 1, "footprint_id": 265, "jarak_meter": 4.08, "jumlah_titik_footprint": 1, "konflik": false }, "geometry": { "type": "LineString", "coordinates": [ [ 105.24041, -5.554683 ], [ 105.240339717889626, -5.554788862851787 ] ] } },
{ "type": "Feature", "properties": { "point_id": 304, "id_bangunan": "BLOK D (SDI-D70-070)", "fungsi_bangunan": "Rumah Tinggal", "jumlah_lantai": 1, "footprint_id": 288, "jarak_meter": 8.3, "jumlah_titik_footprint": 1, "konflik": false }, "geometry": { "type": "LineString", "coordinates": [ [ 105.240846, -5.554838 ], [ 105.240903336663251, -5.554946959814655 ] ] } },
{ "type": "Feature", "properties": { "point_id": 305, "id_bangunan": "BLOK D (SDI-D71-071)", "fungsi_bangunan": "Rumah Tinggal", "jumlah_lantai": 1, "footprint_id": 338, "jarak_meter": 2.0, "jumlah_titik_footprint": 2, "konflik": true }, "geometry": { "type": "LineString", "coordinates": [ [ 105.240907, -5.554811 ], [ 105.24099764596491, -5.554799029148676 ] ] } },
{ "type": "Feature", "properties": { "point_id": 306, "id_bangunan": "BLOK D (SDI-D72-072)", "fungsi_bangunan": "Rumah Tinggal", "jumlah_lantai": 1, "footprint_id": 262, "jarak_meter": 1.46, "jumlah_titik_footprint": 1, "konflik": false }, "geometry": { "type": "LineString", "coordinates": [ [ 105.240587, -5.554897 ], [ 105.240579328636798, -5.5549494153473 ] ] } },
{ "type": "Feature", "properties": { "point_id": 307, "id_bangunan": "BLOK D (SDI-D73-073)", "fungsi_bangunan": "Rumah Tinggal", "jumlah_lantai": 1, "footprint_id": 260, "jarak_meter": 6.47, "jumlah_titik_footprint": 1, "konflik": false }, "geometry": { "type": "LineString", "coordinates": [ [ 105.240708, -5.555048 ], [ 105.240593621335989, -5.555132443464483 ] ] } },
{ "type": "Feature", "properties": { "point_id": 308, "id_bangunan": "BLOK D (SDI-D74-074)", "fungsi_bangunan": "Rumah Tinggal", "jumlah_lantai": 1, "footprint_id": 338, "jarak_meter": 4.9, "jumlah_titik_footprint": 2, "konflik": true }, "geometry": { "type": "LineString", "coordinates": [ [ 105.241056, -5.554716 ], [ 105.24099764596491, -5.554799029148676 ] ] } },
{ "type": "Feature", "properties": { "point_id": 309, "id_bangunan": "BLOK D (SDI-D75-075)", "fungsi_bangunan": "Rumah Tinggal", "jumlah_lantai": 1, "footprint_id": 294, "jarak_meter": 7.23, "jumlah_titik_footprint": 3, "konflik": true }, "geometry": { "type": "LineString", "coordinates": [ [ 105.241172, -5.554612 ], [ 105.241291834191458, -5.554668542160066 ] ] } },
{ "type": "Feature", "properties": { "point_id": 310, "id_bangunan": "Blok D (SDI-D78-078)", "fungsi_bangunan": "Rumah Tinggal", "jumlah_lantai": 1, "footprint_id": 295, "jarak_meter": 2.01, "jumlah_titik_footprint": 1, "konflik": false }, "geometry": { "type": "LineString", "coordinates": [ [ 105.241306, -5.554491 ], [ 105.241298082242807, -5.554547262176294 ] ] } },
{ "type": "Feature", "properties": { "point_id": 311, "id_bangunan": "Blok D (SDI-D79-079)", "fungsi_bangunan": "Rumah Tinggal", "jumlah_lantai": 1, "footprint_id": 296, "jarak_meter": 3.47, "jumlah_titik_footprint": 1, "konflik": false }, "geometry": { "type": "LineString", "coordinates": [ [ 105.241329, -5.554482 ], [ 105.241430785857929, -5.554490633090351 ] ] } },
{ "type": "Feature", "properties": { "point_id": 312, "id_bangunan": "Blok D (SDI-D80-080)", "fungsi_bangunan": "Rumah Tinggal", "jumlah_lantai": 1, "footprint_id": 349, "jarak_meter": 2.19, "jumlah_titik_footprint": 1, "konflik": false }, "geometry": { "type": "LineString", "coordinates": [ [ 105.241456, -5.554378 ], [ 105.241402465795588, -5.554318348425904 ] ] } },
{ "type": "Feature", "properties": { "point_id": 313, "id_bangunan": "Blok D (SDI-D81-081)", "fungsi_bangunan": "Rumah Tinggal", "jumlah_lantai": 1, "footprint_id": 287, "jarak_meter": 4.53, "jumlah_titik_footprint": 2, "konflik": true }, "geometry": { "type": "LineString", "coordinates": [ [ 105.24074, -5.554988 ], [ 105.240831727181259, -5.555003774441555 ] ] } },
{ "type": "Feature", "properties": { "point_id": 314, "id_bangunan": "Blok D (SDI-D82-082)", "fungsi_bangunan": "Rumah Tinggal", "jumlah_lantai": 1, "footprint_id": 287, "jarak_meter": 2.06, "jumlah_titik_footprint": 2, "konflik": true }, "geometry": { "type": "LineString", "coordinates": [ [ 105.240759, -5.555002 ], [ 105.240831727181259, -5.555003774441555 ] ] } },
{ "type": "Feature", "properties": { "point_id": 315, "id_bangunan": "Blok D (SDI-D83-083)", "fungsi_bangunan": "Rumah Tinggal", "jumlah_lantai": 1, "footprint_id": 258, "jarak_meter": 3.88, "jumlah_titik_footprint": 2, "konflik": true }, "geometry": { "type": "LineString", "coordinates": [ [ 105.240808, -5.555157 ], [ 105.24075021680045, -5.555163578105753 ] ] } },
{ "type": "Feature", "properties": { "point_id": 316, "id_bangunan": "Blok D (SDI-D84-084)", "fungsi_bangunan": "Rumah Tinggal", "jumlah_lantai": 1, "footprint_id": 258, "jarak_meter": 4.67, "jumlah_titik_footprint": 2, "konflik": true }, "geometry": { "type": "LineString", "coordinates": [ [ 105.240798, -5.555124 ], [ 105.24075021680045, -5.555163578105753 ] ] } },
{ "type": "Feature", "properties": { "point_id": 317, "id_bangunan": "Blok D (SDI-D86-086)", "fungsi_bangunan": "Rumah Tinggal", "jumlah_lantai": 1, "footprint_id": 286, "jarak_meter": 7.1, "jumlah_titik_footprint": 2, "konflik": true }, "geometry": { "type": "LineString", "coordinates": [ [ 105.240861, -5.555215 ], [ 105.240933436936842, -5.555100816986484 ] ] } },
{ "type": "Feature", "properties": { "point_id": 318, "id_bangunan": "Blok D (SDI-D88-088)", "fungsi_bangunan": "Rumah Tinggal", "jumlah_lantai": 1, "footprint_id": 255, "jarak_meter": 4.7, "jumlah_titik_footprint": 3, "konflik": true }, "geometry": { "type": "LineString", "coordinates": [ [ 105.24096, -5.555378 ], [ 105.241049512609379, -5.555351224696611 ] ] } },
{ "type": "Feature", "properties": { "point_id": 319, "id_bangunan": "Blok D (SDI-D89-089)", "fungsi_bangunan": "Rumah Tinggal", "jumlah_lantai": 1, "footprint_id": 285, "jarak_meter": 4.07, "jumlah_titik_footprint": 3, "konflik": true }, "geometry": { "type": "LineString", "coordinates": [ [ 105.240913, -5.555304 ], [ 105.241002155653177, -5.555253973420776 ] ] } },
{ "type": "Feature", "properties": { "point_id": 320, "id_bangunan": "Blok D (SDI-D90-090)", "fungsi_bangunan": "Rumah Tinggal", "jumlah_lantai": 1, "footprint_id": 255, "jarak_meter": 3.56, "jumlah_titik_footprint": 3, "konflik": true }, "geometry": { "type": "LineString", "coordinates": [ [ 105.241005, -5.555425 ], [ 105.241049512609379, -5.555351224696611 ] ] } },
{ "type": "Feature", "properties": { "point_id": 321, "id_bangunan": "Blok D (SDI-D91-091)", "fungsi_bangunan": "Rumah Tinggal", "jumlah_lantai": 1, "footprint_id": 255, "jarak_meter": 4.31, "jumlah_titik_footprint": 3, "konflik": true }, "geometry": { "type": "LineString", "coordinates": [ [ 105.240974, -5.555392 ], [ 105.241049512609379, -5.555351224696611 ] ] } },
{ "type": "Feature", "properties": { "point_id": 322, "id_bangunan": "Blok D (SDI-D92-092)", "fungsi_bangunan": "Rumah Tinggal", "jumlah_lantai": 1, "footprint_id": 280, "jarak_meter": 5.92, "jumlah_titik_footprint": 3, "konflik": true }, "geometry": { "type": "LineString", "coordinates": [ [ 105.241085, -5.555602 ], [ 105.241098648771271, -5.555494550762148 ] ] } },
{ "type": "Feature", "properties": { "point_id": 323, "id_bangunan": "Blok D (SDI-D93-093)", "fungsi_bangunan": "Rumah Tinggal", "jumlah_lantai": 1, "footprint_id": 280, "jarak_meter": 2.39, "jumlah_titik_footprint": 3, "konflik": true }, "geometry": { "type": "LineString", "coordinates": [ [ 105.241021, -5.555493 ], [ 105.241098648771271, -5.555494550762148 ] ] } },
{ "type": "Feature", "properties": { "point_id": 324, "id_bangunan": "Blok D (SDI-D94-094)", "fungsi_bangunan": "Rumah Tinggal", "jumlah_lantai": 1, "footprint_id": 277, "jarak_meter": 6.91, "jumlah_titik_footprint": 2, "konflik": true }, "geometry": { "type": "LineString", "coordinates": [ [ 105.241156, -5.555734 ], [ 105.241284851871512, -5.555675803848102 ] ] } },
{ "type": "Feature", "properties": { "point_id": 325, "id_bangunan": "Blok D (SDI-D95-095)", "fungsi_bangunan": "Rumah Tinggal", "jumlah_lantai": 1, "footprint_id": 278, "jarak_meter": 5.93, "jumlah_titik_footprint": 1, "konflik": false }, "geometry": { "type": "LineString", "coordinates": [ [ 105.241129, -5.555688 ], [ 105.241213124907901, -5.55561130455218 ] ] } },
{ "type": "Feature", "properties": { "point_id": 326, "id_bangunan": "Blok D (SDI-D96-096)", "fungsi_bangunan": "Rumah Tinggal", "jumlah_lantai": 1, "footprint_id": 280, "jarak_meter": 3.29, "jumlah_titik_footprint": 3, "konflik": true }, "geometry": { "type": "LineString", "coordinates": [ [ 105.241112, -5.555564 ], [ 105.241098648771271, -5.555494550762148 ] ] } },
{ "type": "Feature", "properties": { "point_id": 327, "id_bangunan": "Blok D (SDI-D97-097)", "fungsi_bangunan": "Rumah Tinggal", "jumlah_lantai": 1, "footprint_id": 276, "jarak_meter": 6.88, "jumlah_titik_footprint": 2, "konflik": true }, "geometry": { "type": "LineString", "coordinates": [ [ 105.241179, -5.555777 ], [ 105.241326032167819, -5.555762257013475 ] ] } },
{ "type": "Feature", "properties": { "point_id": 328, "id_bangunan": "Blok D (SDI-D98-098)", "fungsi_bangunan": "Rumah Tinggal", "jumlah_lantai": 1, "footprint_id": 276, "jarak_meter": 6.99, "jumlah_titik_footprint": 2, "konflik": true }, "geometry": { "type": "LineString", "coordinates": [ [ 105.241178, -5.555777 ], [ 105.241326032167819, -5.555762257013475 ] ] } },
{ "type": "Feature", "properties": { "point_id": 329, "id_bangunan": "Blok D (SDI-D99-099)", "fungsi_bangunan": "Rumah Tinggal", "jumlah_lantai": 1, "footprint_id": 277, "jarak_meter": 6.7, "jumlah_titik_footprint": 2, "konflik": true }, "geometry": { "type": "LineString", "coordinates": [ [ 105.241161, -5.555738 ], [ 105.241284851871512, -5.555675803848102 ] ] } },
{ "type": "Feature", "properties": { "point_id": 330, "id_bangunan": "Blok D (SDI-D100-100)", "fungsi_bangunan": "Rumah Tinggal", "jumlah_lantai": 2, "footprint_id": 242, "jarak_meter": 4.15, "jumlah_titik_footprint": 2, "konflik": true }, "geometry": { "type": "LineString", "coordinates": [ [ 105.241449, -5.556175 ], [ 105.241416265901904, -5.556104706255595 ] ] } },
{ "type": "Feature", "properties": { "point_id": 331, "id_bangunan": "Blok D (SDI-D101-101)", "fungsi_bangunan": "Rumah Tinggal", "jumlah_lantai": 1, "footprint_id": 242, "jarak_meter": 0.0, "jumlah_titik_footprint": 2, "konflik": true }, "geometry": { "type": "LineString", "coordinates": [ [ 105.241404, -5.556075 ], [ 105.241416265901904, -5.556104706255595 ] ] } },
{ "type": "Feature", "properties": { "point_id": 332, "id_bangunan": "Blok D (SDI-D102-102)", "fungsi_bangunan": "Rumah Tinggal", "jumlah_lantai": 1, "footprint_id": 241, "jarak_meter": 10.27, "jumlah_titik_footprint": 1, "konflik": false }, "geometry": { "type": "LineString", "coordinates": [ [ 105.241348, -5.555945 ], [ 105.241238001774263, -5.556076638678698 ] ] } },
{ "type": "Feature", "properties": { "point_id": 333, "id_bangunan": "Blok D (SDI-D103-103)", "fungsi_bangunan": "Rumah Tinggal", "jumlah_lantai": 1, "footprint_id": 188, "jarak_meter": 3.24, "jumlah_titik_footprint": 1, "konflik": false }, "geometry": { "type": "LineString", "coordinates": [ [ 105.241755, -5.556578 ], [ 105.241782772738034, -5.556479399163109 ] ] } },
{ "type": "Feature", "properties": { "point_id": 334, "id_bangunan": "Blok D (SDI-D105-105)", "fungsi_bangunan": "Rumah Tinggal", "jumlah_lantai": 1, "footprint_id": 189, "jarak_meter": 3.97, "jumlah_titik_footprint": 2, "konflik": true }, "geometry": { "type": "LineString", "coordinates": [ [ 105.241535, -5.55629 ], [ 105.241680889912999, -5.556193692213311 ] ] } },
{ "type": "Feature", "properties": { "point_id": 335, "id_bangunan": "SDI-A68-068", "fungsi_bangunan": "Rumah Tinggal", "jumlah_lantai": 1, "footprint_id": 1046, "jarak_meter": 0.0, "jumlah_titik_footprint": 5, "konflik": true }, "geometry": { "type": "LineString", "coordinates": [ [ 105.227883, -5.545808 ], [ 105.228224400884869, -5.546139266640618 ] ] } },
{ "type": "Feature", "properties": { "point_id": 336, "id_bangunan": "SDI-A69-069", "fungsi_bangunan": "Rumah Tinggal", "jumlah_lantai": 1, "footprint_id": 1226, "jarak_meter": 0.0, "jumlah_titik_footprint": 1, "konflik": false }, "geometry": { "type": "LineString", "coordinates": [ [ 105.228113, -5.545427 ], [ 105.228099496122425, -5.545396598865968 ] ] } },
{ "type": "Feature", "properties": { "point_id": 337, "id_bangunan": "SDI-A70-070", "fungsi_bangunan": "Rumah Tinggal", "jumlah_lantai": 1, "footprint_id": 1187, "jarak_meter": 0.0, "jumlah_titik_footprint": 1, "konflik": false }, "geometry": { "type": "LineString", "coordinates": [ [ 105.227796, -5.54566 ], [ 105.227778418999435, -5.545680136000852 ] ] } },
{ "type": "Feature", "properties": { "point_id": 338, "id_bangunan": "SDI-A71-071", "fungsi_bangunan": "Rumah Tinggal", "jumlah_lantai": 1, "footprint_id": 1063, "jarak_meter": 0.0, "jumlah_titik_footprint": 1, "konflik": false }, "geometry": { "type": "LineString", "coordinates": [ [ 105.227058, -5.546319 ], [ 105.227049278252153, -5.546323454265532 ] ] } },
{ "type": "Feature", "properties": { "point_id": 339, "id_bangunan": "SDI-A72-072", "fungsi_bangunan": "Rumah Tinggal", "jumlah_lantai": 1, "footprint_id": 1235, "jarak_meter": 0.0, "jumlah_titik_footprint": 1, "konflik": false }, "geometry": { "type": "LineString", "coordinates": [ [ 105.22709, -5.546466 ], [ 105.227099717085665, -5.546467599191874 ] ] } },
{ "type": "Feature", "properties": { "point_id": 340, "id_bangunan": "SDI-A75-075", "fungsi_bangunan": "Rumah Tinggal", "jumlah_lantai": 1, "footprint_id": 1239, "jarak_meter": 0.8, "jumlah_titik_footprint": 1, "konflik": false }, "geometry": { "type": "LineString", "coordinates": [ [ 105.226934, -5.546788 ], [ 105.226925612061109, -5.546834420968731 ] ] } },
{ "type": "Feature", "properties": { "point_id": 341, "id_bangunan": "SDI-A76-076", "fungsi_bangunan": "Rumah Tinggal", "jumlah_lantai": 1, "footprint_id": 1061, "jarak_meter": 0.0, "jumlah_titik_footprint": 1, "konflik": false }, "geometry": { "type": "LineString", "coordinates": [ [ 105.227384, -5.546636 ], [ 105.227361190619732, -5.546637058475612 ] ] } },
{ "type": "Feature", "properties": { "point_id": 342, "id_bangunan": "SDI-A77-077", "fungsi_bangunan": "Rumah Tinggal", "jumlah_lantai": 1, "footprint_id": 1065, "jarak_meter": 0.0, "jumlah_titik_footprint": 1, "konflik": false }, "geometry": { "type": "LineString", "coordinates": [ [ 105.22676, -5.546618 ], [ 105.226738707169218, -5.54661385028409 ] ] } },
{ "type": "Feature", "properties": { "point_id": 343, "id_bangunan": "SDI-A78-078", "fungsi_bangunan": "Rumah Tinggal", "jumlah_lantai": 1, "footprint_id": 1232, "jarak_meter": 0.0, "jumlah_titik_footprint": 1, "konflik": false }, "geometry": { "type": "LineString", "coordinates": [ [ 105.226682, -5.546715 ], [ 105.226673750485503, -5.54670211766703 ] ] } },
{ "type": "Feature", "properties": { "point_id": 344, "id_bangunan": "SDI-A79-079", "fungsi_bangunan": "Rumah Tinggal", "jumlah_lantai": 1, "footprint_id": 1067, "jarak_meter": 0.53, "jumlah_titik_footprint": 1, "konflik": false }, "geometry": { "type": "LineString", "coordinates": [ [ 105.226631, -5.546775 ], [ 105.226583186537766, -5.546762646360444 ] ] } },
{ "type": "Feature", "properties": { "point_id": 345, "id_bangunan": "SDI-A81-081", "fungsi_bangunan": "Rumah Tinggal", "jumlah_lantai": 1, "footprint_id": 1069, "jarak_meter": 0.0, "jumlah_titik_footprint": 2, "konflik": true }, "geometry": { "type": "LineString", "coordinates": [ [ 105.226636, -5.546913 ], [ 105.22657488099496, -5.546892247284489 ] ] } },
{ "type": "Feature", "properties": { "point_id": 346, "id_bangunan": "SDI-A86-086", "fungsi_bangunan": "Rumah Tinggal", "jumlah_lantai": 1, "footprint_id": 1176, "jarak_meter": 0.0, "jumlah_titik_footprint": 2, "konflik": true }, "geometry": { "type": "LineString", "coordinates": [ [ 105.2258, -5.545096 ], [ 105.225776934969716, -5.54509776319542 ] ] } },
{ "type": "Feature", "properties": { "point_id": 347, "id_bangunan": "SDI-A87-087", "fungsi_bangunan": "Rumah Tinggal", "jumlah_lantai": 1, "footprint_id": 1176, "jarak_meter": 12.95, "jumlah_titik_footprint": 2, "konflik": true }, "geometry": { "type": "LineString", "coordinates": [ [ 105.225649, -5.544981 ], [ 105.225776934969716, -5.54509776319542 ] ] } },
{ "type": "Feature", "properties": { "point_id": 348, "id_bangunan": "SDI-A88-088", "fungsi_bangunan": "Rumah Tinggal", "jumlah_lantai": 1, "footprint_id": 1135, "jarak_meter": 0.0, "jumlah_titik_footprint": 1, "konflik": false }, "geometry": { "type": "LineString", "coordinates": [ [ 105.22541, -5.544692 ], [ 105.225414845197264, -5.544708296441194 ] ] } },
{ "type": "Feature", "properties": { "point_id": 349, "id_bangunan": "SDI-A90-090", "fungsi_bangunan": "Rumah Tinggal", "jumlah_lantai": 1, "footprint_id": 1111, "jarak_meter": 0.0, "jumlah_titik_footprint": 2, "konflik": true }, "geometry": { "type": "LineString", "coordinates": [ [ 105.225662, -5.544012 ], [ 105.225698687580277, -5.543984808626655 ] ] } },
{ "type": "Feature", "properties": { "point_id": 350, "id_bangunan": "SDI-A91-091", "fungsi_bangunan": "Rumah Tinggal", "jumlah_lantai": 1, "footprint_id": 1107, "jarak_meter": 0.0, "jumlah_titik_footprint": 1, "konflik": false }, "geometry": { "type": "LineString", "coordinates": [ [ 105.225357, -5.543771 ], [ 105.225357362437677, -5.543770636205881 ] ] } },
{ "type": "Feature", "properties": { "point_id": 351, "id_bangunan": "SDI-A92-092", "fungsi_bangunan": "Rumah Tinggal", "jumlah_lantai": 1, "footprint_id": 1101, "jarak_meter": 0.0, "jumlah_titik_footprint": 1, "konflik": false }, "geometry": { "type": "LineString", "coordinates": [ [ 105.225348, -5.543884 ], [ 105.225328325500485, -5.54386831900023 ] ] } },
{ "type": "Feature", "properties": { "point_id": 352, "id_bangunan": "SDI-A93-093", "fungsi_bangunan": "Rumah Tinggal", "jumlah_lantai": 1, "footprint_id": 1092, "jarak_meter": 0.0, "jumlah_titik_footprint": 1, "konflik": false }, "geometry": { "type": "LineString", "coordinates": [ [ 105.224813, -5.543979 ], [ 105.22482539501776, -5.543968134811635 ] ] } },
{ "type": "Feature", "properties": { "point_id": 353, "id_bangunan": "SDI-A94-094", "fungsi_bangunan": "Rumah Tinggal", "jumlah_lantai": 1, "footprint_id": 1106, "jarak_meter": 0.47, "jumlah_titik_footprint": 1, "konflik": false }, "geometry": { "type": "LineString", "coordinates": [ [ 105.22522, -5.543852 ], [ 105.225266510993166, -5.543841810013415 ] ] } },
{ "type": "Feature", "properties": { "point_id": 354, "id_bangunan": "SDI-A96-096", "fungsi_bangunan": "Rumah Tinggal", "jumlah_lantai": 1, "footprint_id": 1229, "jarak_meter": 0.0, "jumlah_titik_footprint": 1, "konflik": false }, "geometry": { "type": "LineString", "coordinates": [ [ 105.227229, -5.544666 ], [ 105.227252346943771, -5.544654395212161 ] ] } },
{ "type": "Feature", "properties": { "point_id": 355, "id_bangunan": "BLOK D (SDI-D106-106)", "fungsi_bangunan": "Rumah Tinggal", "jumlah_lantai": 1, "footprint_id": 185, "jarak_meter": 9.71, "jumlah_titik_footprint": 2, "konflik": true }, "geometry": { "type": "LineString", "coordinates": [ [ 105.241897, -5.556824 ], [ 105.241908489205912, -5.55666792629235 ] ] } },
{ "type": "Feature", "properties": { "point_id": 356, "id_bangunan": "Blok D (SDI-D107-107)", "fungsi_bangunan": "Rumah Tinggal", "jumlah_lantai": 1, "footprint_id": 185, "jarak_meter": 1.47, "jumlah_titik_footprint": 2, "konflik": true }, "geometry": { "type": "LineString", "coordinates": [ [ 105.241859, -5.55675 ], [ 105.241908489205912, -5.55666792629235 ] ] } },
{ "type": "Feature", "properties": { "point_id": 357, "id_bangunan": "Blok D (SDI-D108-108)", "fungsi_bangunan": "Rumah Tinggal", "jumlah_lantai": 1, "footprint_id": 186, "jarak_meter": 5.69, "jumlah_titik_footprint": 1, "konflik": false }, "geometry": { "type": "LineString", "coordinates": [ [ 105.241776, -5.556644 ], [ 105.241880484746346, -5.55657595099755 ] ] } },
{ "type": "Feature", "properties": { "point_id": 358, "id_bangunan": "Blok D (SDI-D109-109)", "fungsi_bangunan": "Rumah Tinggal", "jumlah_lantai": 1, "footprint_id": 176, "jarak_meter": 2.72, "jumlah_titik_footprint": 2, "konflik": true }, "geometry": { "type": "LineString", "coordinates": [ [ 105.24219, -5.557655 ], [ 105.24228328386296, -5.557680653788862 ] ] } },
{ "type": "Feature", "properties": { "point_id": 359, "id_bangunan": "Blok D (SDI-D111-111)", "fungsi_bangunan": "Rumah Tinggal", "jumlah_lantai": 1, "footprint_id": 183, "jarak_meter": 10.47, "jumlah_titik_footprint": 2, "konflik": true }, "geometry": { "type": "LineString", "coordinates": [ [ 105.241953, -5.556967 ], [ 105.241803423964853, -5.557031645032446 ] ] } },
{ "type": "Feature", "properties": { "point_id": 360, "id_bangunan": "Blok D (SDI-D112-112)", "fungsi_bangunan": "Rumah Tinggal", "jumlah_lantai": 1, "footprint_id": 183, "jarak_meter": 12.92, "jumlah_titik_footprint": 2, "konflik": true }, "geometry": { "type": "LineString", "coordinates": [ [ 105.241942, -5.556895 ], [ 105.241803423964853, -5.557031645032446 ] ] } },
{ "type": "Feature", "properties": { "point_id": 361, "id_bangunan": "Blok D (SDI-D113-113)", "fungsi_bangunan": "Rumah Tinggal", "jumlah_lantai": 1, "footprint_id": 173, "jarak_meter": 5.19, "jumlah_titik_footprint": 2, "konflik": true }, "geometry": { "type": "LineString", "coordinates": [ [ 105.242256, -5.558196 ], [ 105.242083273955885, -5.558209704002635 ] ] } },
{ "type": "Feature", "properties": { "point_id": 362, "id_bangunan": "Blok D (SDI-D114-114)", "fungsi_bangunan": "Rumah Tinggal", "jumlah_lantai": 1, "footprint_id": 173, "jarak_meter": 4.22, "jumlah_titik_footprint": 2, "konflik": true }, "geometry": { "type": "LineString", "coordinates": [ [ 105.242243, -5.558148 ], [ 105.242083273955885, -5.558209704002635 ] ] } },
{ "type": "Feature", "properties": { "point_id": 363, "id_bangunan": "Blok D (SDI-D115-115)", "fungsi_bangunan": "Rumah Tinggal", "jumlah_lantai": 1, "footprint_id": 172, "jarak_meter": 7.79, "jumlah_titik_footprint": 2, "konflik": true }, "geometry": { "type": "LineString", "coordinates": [ [ 105.242238, -5.558052 ], [ 105.242123277663154, -5.558068601925258 ] ] } },
{ "type": "Feature", "properties": { "point_id": 364, "id_bangunan": "Blok D (SDI-D117-117)", "fungsi_bangunan": "Rumah Tinggal", "jumlah_lantai": 1, "footprint_id": 170, "jarak_meter": 0.0, "jumlah_titik_footprint": 4, "konflik": true }, "geometry": { "type": "LineString", "coordinates": [ [ 105.242273, -5.55831 ], [ 105.242330720152069, -5.558340743384029 ] ] } },
{ "type": "Feature", "properties": { "point_id": 365, "id_bangunan": "Blok D (SDI-D118-118)", "fungsi_bangunan": "Rumah Tinggal", "jumlah_lantai": 1, "footprint_id": 170, "jarak_meter": 0.42, "jumlah_titik_footprint": 4, "konflik": true }, "geometry": { "type": "LineString", "coordinates": [ [ 105.242269, -5.558293 ], [ 105.242330720152069, -5.558340743384029 ] ] } },
{ "type": "Feature", "properties": { "point_id": 366, "id_bangunan": "Blok D (SDI-D119-119)", "fungsi_bangunan": "Rumah Tinggal", "jumlah_lantai": 1, "footprint_id": 169, "jarak_meter": 0.0, "jumlah_titik_footprint": 4, "konflik": true }, "geometry": { "type": "LineString", "coordinates": [ [ 105.242285, -5.5584 ], [ 105.242327431066443, -5.558439304607592 ] ] } },
{ "type": "Feature", "properties": { "point_id": 367, "id_bangunan": "Blok D (SDI-D120-120)", "fungsi_bangunan": "Rumah Tinggal", "jumlah_lantai": 1, "footprint_id": 170, "jarak_meter": 0.0, "jumlah_titik_footprint": 4, "konflik": true }, "geometry": { "type": "LineString", "coordinates": [ [ 105.242277, -5.55834 ], [ 105.242330720152069, -5.558340743384029 ] ] } },
{ "type": "Feature", "properties": { "point_id": 368, "id_bangunan": "Blok D (SDI-D121-121)", "fungsi_bangunan": "Rumah Tinggal", "jumlah_lantai": 1, "footprint_id": 170, "jarak_meter": 0.0, "jumlah_titik_footprint": 4, "konflik": true }, "geometry": { "type": "LineString", "coordinates": [ [ 105.242273, -5.558316 ], [ 105.242330720152069, -5.558340743384029 ] ] } },
{ "type": "Feature", "properties": { "point_id": 369, "id_bangunan": "Blok D (SDI-D122-122)", "fungsi_bangunan": "Rumah Tinggal", "jumlah_lantai": 1, "footprint_id": 179, "jarak_meter": 0.0, "jumlah_titik_footprint": 1, "konflik": false }, "geometry": { "type": "LineString", "coordinates": [ [ 105.242293, -5.558534 ], [ 105.242300869795358, -5.558528532227757 ] ] } },
{ "type": "Feature", "properties": { "point_id": 370, "id_bangunan": "Blok D (SDI-D123-123)", "fungsi_bangunan": "Rumah Tinggal", "jumlah_lantai": 1, "footprint_id": 169, "jarak_meter": 0.0, "jumlah_titik_footprint": 4, "konflik": true }, "geometry": { "type": "LineString", "coordinates": [ [ 105.242282, -5.55848 ], [ 105.242327431066443, -5.558439304607592 ] ] } },
{ "type": "Feature", "properties": { "point_id": 371, "id_bangunan": "Blok D (SDI-D124-124)", "fungsi_bangunan": "Rumah Tinggal", "jumlah_lantai": 1, "footprint_id": 169, "jarak_meter": 0.0, "jumlah_titik_footprint": 4, "konflik": true }, "geometry": { "type": "LineString", "coordinates": [ [ 105.242282, -5.558449 ], [ 105.242327431066443, -5.558439304607592 ] ] } },
{ "type": "Feature", "properties": { "point_id": 372, "id_bangunan": "Blok D (SDI-D125-125)", "fungsi_bangunan": "Rumah Tinggal", "jumlah_lantai": 1, "footprint_id": 169, "jarak_meter": 0.0, "jumlah_titik_footprint": 4, "konflik": true }, "geometry": { "type": "LineString", "coordinates": [ [ 105.242286, -5.558406 ], [ 105.242327431066443, -5.558439304607592 ] ] } },
{ "type": "Feature", "properties": { "point_id": 373, "id_bangunan": "Blok D (SDI-D126-126)", "fungsi_bangunan": "Rumah Tinggal", "jumlah_lantai": 1, "footprint_id": 167, "jarak_meter": 0.0, "jumlah_titik_footprint": 2, "konflik": true }, "geometry": { "type": "LineString", "coordinates": [ [ 105.242416, -5.558731 ], [ 105.242440364609564, -5.55869289932411 ] ] } },
{ "type": "Feature", "properties": { "point_id": 374, "id_bangunan": "Blok C (SDI-C118-118)", "fungsi_bangunan": "Rumah Tinggal", "jumlah_lantai": 1, "footprint_id": 997, "jarak_meter": 0.0, "jumlah_titik_footprint": 2, "konflik": true }, "geometry": { "type": "LineString", "coordinates": [ [ 105.233382, -5.551169 ], [ 105.233346202216296, -5.551154693567925 ] ] } },
{ "type": "Feature", "properties": { "point_id": 375, "id_bangunan": "Blok D (SDI-D127-127)", "fungsi_bangunan": "Rumah Tinggal", "jumlah_lantai": 1, "footprint_id": 167, "jarak_meter": 0.0, "jumlah_titik_footprint": 2, "konflik": true }, "geometry": { "type": "LineString", "coordinates": [ [ 105.242406, -5.558719 ], [ 105.242440364609564, -5.55869289932411 ] ] } },
{ "type": "Feature", "properties": { "point_id": 376, "id_bangunan": "Blok C (SDI-C119-119)", "fungsi_bangunan": "Rumah Tinggal", "jumlah_lantai": 1, "footprint_id": 870, "jarak_meter": 0.0, "jumlah_titik_footprint": 1, "konflik": false }, "geometry": { "type": "LineString", "coordinates": [ [ 105.233492, -5.550741 ], [ 105.233517753124048, -5.550695544520171 ] ] } },
{ "type": "Feature", "properties": { "point_id": 377, "id_bangunan": "Blok D (SDI-D128-128)", "fungsi_bangunan": "Rumah Tinggal", "jumlah_lantai": 1, "footprint_id": 181, "jarak_meter": 1.1, "jumlah_titik_footprint": 1, "konflik": false }, "geometry": { "type": "LineString", "coordinates": [ [ 105.242363, -5.558644 ], [ 105.242363166003287, -5.558597066959962 ] ] } },
{ "type": "Feature", "properties": { "point_id": 378, "id_bangunan": "Blok D (SDI-D129-129)", "fungsi_bangunan": "Rumah Tinggal", "jumlah_lantai": 1, "footprint_id": 180, "jarak_meter": 0.0, "jumlah_titik_footprint": 1, "konflik": false }, "geometry": { "type": "LineString", "coordinates": [ [ 105.242292, -5.558569 ], [ 105.242298778162365, -5.558584102341825 ] ] } },
{ "type": "Feature", "properties": { "point_id": 379, "id_bangunan": "Blok C (SDI-C120-120)", "fungsi_bangunan": "Rumah Tinggal", "jumlah_lantai": 1, "footprint_id": 979, "jarak_meter": 0.0, "jumlah_titik_footprint": 1, "konflik": false }, "geometry": { "type": "LineString", "coordinates": [ [ 105.231432, -5.551947 ], [ 105.231406254566096, -5.552013180643187 ] ] } },
{ "type": "Feature", "properties": { "point_id": 380, "id_bangunan": "Blok D (SDI-D130-130)", "fungsi_bangunan": "Rumah Tinggal", "jumlah_lantai": 1, "footprint_id": 155, "jarak_meter": 6.17, "jumlah_titik_footprint": 4, "konflik": true }, "geometry": { "type": "LineString", "coordinates": [ [ 105.242163, -5.558884 ], [ 105.242105630902742, -5.559009691256107 ] ] } },
{ "type": "Feature", "properties": { "point_id": 381, "id_bangunan": "Blok C (SDI-C121-121)", "fungsi_bangunan": "Rumah Tinggal", "jumlah_lantai": 1, "footprint_id": 981, "jarak_meter": 0.0, "jumlah_titik_footprint": 2, "konflik": true }, "geometry": { "type": "LineString", "coordinates": [ [ 105.231726, -5.551837 ], [ 105.23175610402032, -5.551911502284989 ] ] } },
{ "type": "Feature", "properties": { "point_id": 382, "id_bangunan": "Blok D (SDI-D131-131)", "fungsi_bangunan": "Rumah Tinggal", "jumlah_lantai": 1, "footprint_id": 156, "jarak_meter": 3.24, "jumlah_titik_footprint": 1, "konflik": false }, "geometry": { "type": "LineString", "coordinates": [ [ 105.242214, -5.558873 ], [ 105.242270403080454, -5.558942814320029 ] ] } },
{ "type": "Feature", "properties": { "point_id": 383, "id_bangunan": "Blok C (SDI-C122-122)", "fungsi_bangunan": "Rumah Tinggal", "jumlah_lantai": 1, "footprint_id": 981, "jarak_meter": 0.0, "jumlah_titik_footprint": 2, "konflik": true }, "geometry": { "type": "LineString", "coordinates": [ [ 105.231854, -5.55197 ], [ 105.23175610402032, -5.551911502284989 ] ] } },
{ "type": "Feature", "properties": { "point_id": 384, "id_bangunan": "Blok D (SDI-D132-132)", "fungsi_bangunan": "Rumah Tinggal", "jumlah_lantai": 1, "footprint_id": 166, "jarak_meter": 6.06, "jumlah_titik_footprint": 2, "konflik": true }, "geometry": { "type": "LineString", "coordinates": [ [ 105.242265, -5.558812 ], [ 105.242284641731231, -5.558727347710128 ] ] } },
{ "type": "Feature", "properties": { "point_id": 385, "id_bangunan": "Blok C (SDI-C123-123)", "fungsi_bangunan": "Rumah Tinggal", "jumlah_lantai": 1, "footprint_id": 982, "jarak_meter": 0.0, "jumlah_titik_footprint": 1, "konflik": false }, "geometry": { "type": "LineString", "coordinates": [ [ 105.231607, -5.552297 ], [ 105.231597195126014, -5.552303234979804 ] ] } },
{ "type": "Feature", "properties": { "point_id": 386, "id_bangunan": "Blok C (SDI-C124-124)", "fungsi_bangunan": "Rumah Tinggal", "jumlah_lantai": 1, "footprint_id": 992, "jarak_meter": 0.0, "jumlah_titik_footprint": 2, "konflik": true }, "geometry": { "type": "LineString", "coordinates": [ [ 105.231708, -5.552421 ], [ 105.231754965725827, -5.55247154570677 ] ] } },
{ "type": "Feature", "properties": { "point_id": 387, "id_bangunan": "Blok D (SDI-D134-134)", "fungsi_bangunan": "Rumah Tinggal", "jumlah_lantai": 1, "footprint_id": 154, "jarak_meter": 0.0, "jumlah_titik_footprint": 1, "konflik": false }, "geometry": { "type": "LineString", "coordinates": [ [ 105.242172, -5.559258 ], [ 105.242176054985649, -5.559183072291443 ] ] } },
{ "type": "Feature", "properties": { "point_id": 388, "id_bangunan": "Blok C (SDI-C125-125)", "fungsi_bangunan": "Rumah Tinggal", "jumlah_lantai": 1, "footprint_id": 992, "jarak_meter": 0.0, "jumlah_titik_footprint": 2, "konflik": true }, "geometry": { "type": "LineString", "coordinates": [ [ 105.231754, -5.552572 ], [ 105.231754965725827, -5.55247154570677 ] ] } },
{ "type": "Feature", "properties": { "point_id": 389, "id_bangunan": "Blok D (SDI-D135-135)", "fungsi_bangunan": "Rumah Tinggal", "jumlah_lantai": 1, "footprint_id": 155, "jarak_meter": 0.0, "jumlah_titik_footprint": 4, "konflik": true }, "geometry": { "type": "LineString", "coordinates": [ [ 105.242098, -5.559005 ], [ 105.242105630902742, -5.559009691256107 ] ] } },
{ "type": "Feature", "properties": { "point_id": 390, "id_bangunan": "Blok D (SDI-D136-136)", "fungsi_bangunan": "Rumah Tinggal", "jumlah_lantai": 1, "footprint_id": 155, "jarak_meter": 3.74, "jumlah_titik_footprint": 4, "konflik": true }, "geometry": { "type": "LineString", "coordinates": [ [ 105.242107, -5.55891 ], [ 105.242105630902742, -5.559009691256107 ] ] } },
{ "type": "Feature", "properties": { "point_id": 391, "id_bangunan": "Blok C (SDI-C126-126)", "fungsi_bangunan": "Rumah Tinggal", "jumlah_lantai": 1, "footprint_id": 983, "jarak_meter": 2.39, "jumlah_titik_footprint": 1, "konflik": false }, "geometry": { "type": "LineString", "coordinates": [ [ 105.232203, -5.552499 ], [ 105.232138486799187, -5.552470875288072 ] ] } },
{ "type": "Feature", "properties": { "point_id": 392, "id_bangunan": "Blok D (SDI-D137-137)", "fungsi_bangunan": "Rumah Tinggal", "jumlah_lantai": 1, "footprint_id": 155, "jarak_meter": 3.73, "jumlah_titik_footprint": 4, "konflik": true }, "geometry": { "type": "LineString", "coordinates": [ [ 105.242124, -5.558904 ], [ 105.242105630902742, -5.559009691256107 ] ] } },
{ "type": "Feature", "properties": { "point_id": 393, "id_bangunan": "Blok D (SDI-D139-139)", "fungsi_bangunan": "Rumah Tinggal", "jumlah_lantai": 1, "footprint_id": 301, "jarak_meter": 2.39, "jumlah_titik_footprint": 2, "konflik": true }, "geometry": { "type": "LineString", "coordinates": [ [ 105.240688, -5.554301 ], [ 105.240612792113339, -5.554249362438873 ] ] } },
{ "type": "Feature", "properties": { "point_id": 394, "id_bangunan": "Blok C (SDI-C128-128)", "fungsi_bangunan": "Rumah Tinggal", "jumlah_lantai": 1, "footprint_id": 1026, "jarak_meter": 0.0, "jumlah_titik_footprint": 2, "konflik": true }, "geometry": { "type": "LineString", "coordinates": [ [ 105.232387, -5.552972 ], [ 105.232437717896858, -5.552990717542025 ] ] } },
{ "type": "Feature", "properties": { "point_id": 395, "id_bangunan": "Blok D (SDI-D140-140)", "fungsi_bangunan": "Rumah Tinggal", "jumlah_lantai": 1, "footprint_id": 372, "jarak_meter": 48.86, "jumlah_titik_footprint": 2, "konflik": true }, "geometry": { "type": "LineString", "coordinates": [ [ 105.241971, -5.554327 ], [ 105.242263609109926, -5.553918993760242 ] ] } },
{ "type": "Feature", "properties": { "point_id": 396, "id_bangunan": "Blok C (SDI-C129-129)", "fungsi_bangunan": "Rumah Tinggal", "jumlah_lantai": 1, "footprint_id": 1027, "jarak_meter": 0.0, "jumlah_titik_footprint": 1, "konflik": false }, "geometry": { "type": "LineString", "coordinates": [ [ 105.232181, -5.553258 ], [ 105.232189198954501, -5.553255902198282 ] ] } },
{ "type": "Feature", "properties": { "point_id": 397, "id_bangunan": "Blok D (SDI-D141-141)", "fungsi_bangunan": "Rumah Tinggal", "jumlah_lantai": 2, "footprint_id": 153, "jarak_meter": 0.78, "jumlah_titik_footprint": 1, "konflik": false }, "geometry": { "type": "LineString", "coordinates": [ [ 105.242181, -5.559473 ], [ 105.242240501982423, -5.559398423877756 ] ] } },
{ "type": "Feature", "properties": { "point_id": 398, "id_bangunan": "Blok C (SDI-C130-130)", "fungsi_bangunan": "Rumah Tinggal", "jumlah_lantai": 1, "footprint_id": 1030, "jarak_meter": 0.0, "jumlah_titik_footprint": 1, "konflik": false }, "geometry": { "type": "LineString", "coordinates": [ [ 105.232401, -5.553538 ], [ 105.232380096847848, -5.553505975798089 ] ] } },
{ "type": "Feature", "properties": { "point_id": 399, "id_bangunan": "Blok C (SDI-C131-131)", "fungsi_bangunan": "Rumah Tinggal", "jumlah_lantai": 1, "footprint_id": 1031, "jarak_meter": 1.36, "jumlah_titik_footprint": 1, "konflik": false }, "geometry": { "type": "LineString", "coordinates": [ [ 105.232741, -5.553602 ], [ 105.232717385827044, -5.55355809047621 ] ] } },
{ "type": "Feature", "properties": { "point_id": 400, "id_bangunan": "Blok C (SDI-C133-133)", "fungsi_bangunan": "Rumah Tinggal", "jumlah_lantai": 1, "footprint_id": 1023, "jarak_meter": 1.59, "jumlah_titik_footprint": 1, "konflik": false }, "geometry": { "type": "LineString", "coordinates": [ [ 105.232882, -5.552059 ], [ 105.232883438328926, -5.552014386507269 ] ] } },
{ "type": "Feature", "properties": { "point_id": 401, "id_bangunan": "Blok B (SDI-B96-096)", "fungsi_bangunan": "Rumah Tinggal", "jumlah_lantai": 1, "footprint_id": 1039, "jarak_meter": 0.53, "jumlah_titik_footprint": 1, "konflik": false }, "geometry": { "type": "LineString", "coordinates": [ [ 105.231703, -5.550323 ], [ 105.231652509369752, -5.550329383886019 ] ] } },
{ "type": "Feature", "properties": { "point_id": 402, "id_bangunan": "Blok B (SDI-B97-097)", "fungsi_bangunan": "Rumah Tinggal", "jumlah_lantai": 1, "footprint_id": 681, "jarak_meter": 0.0, "jumlah_titik_footprint": 1, "konflik": false }, "geometry": { "type": "LineString", "coordinates": [ [ 105.231298, -5.551093 ], [ 105.231299032803122, -5.551169138010741 ] ] } },
{ "type": "Feature", "properties": { "point_id": 403, "id_bangunan": "Blok B (SDI-B98-098)", "fungsi_bangunan": "Rumah Tinggal", "jumlah_lantai": 1, "footprint_id": 955, "jarak_meter": 0.0, "jumlah_titik_footprint": 1, "konflik": false }, "geometry": { "type": "LineString", "coordinates": [ [ 105.231588, -5.551036 ], [ 105.231560684129093, -5.55101834416067 ] ] } },
{ "type": "Feature", "properties": { "point_id": 404, "id_bangunan": "Blok B (SDI-B99-099)", "fungsi_bangunan": "Rumah Tinggal", "jumlah_lantai": 2, "footprint_id": 957, "jarak_meter": 0.0, "jumlah_titik_footprint": 1, "konflik": false }, "geometry": { "type": "LineString", "coordinates": [ [ 105.2314, -5.551308 ], [ 105.23140529522891, -5.551340819125609 ] ] } },
{ "type": "Feature", "properties": { "point_id": 405, "id_bangunan": "Blok B (SDI-B100-100)", "fungsi_bangunan": "Rumah Tinggal", "jumlah_lantai": 1, "footprint_id": 958, "jarak_meter": 0.0, "jumlah_titik_footprint": 1, "konflik": false }, "geometry": { "type": "LineString", "coordinates": [ [ 105.231437, -5.551478 ], [ 105.231448637501131, -5.551435030479857 ] ] } },
{ "type": "Feature", "properties": { "point_id": 406, "id_bangunan": "Blok B (SDI-B101-101)", "fungsi_bangunan": "Rumah Tinggal", "jumlah_lantai": 1, "footprint_id": 973, "jarak_meter": 0.0, "jumlah_titik_footprint": 1, "konflik": false }, "geometry": { "type": "LineString", "coordinates": [ [ 105.231129, -5.551611 ], [ 105.231140424333475, -5.551620281170576 ] ] } },
{ "type": "Feature", "properties": { "point_id": 407, "id_bangunan": "Blok B (SDI-B102-102)", "fungsi_bangunan": "Rumah Tinggal", "jumlah_lantai": 1, "footprint_id": 969, "jarak_meter": 0.0, "jumlah_titik_footprint": 1, "konflik": false }, "geometry": { "type": "LineString", "coordinates": [ [ 105.230891, -5.551497 ], [ 105.230881566471993, -5.551511296615099 ] ] } },
{ "type": "Feature", "properties": { "point_id": 408, "id_bangunan": "Blok B (SDI-C103-103)", "fungsi_bangunan": "Rumah Tinggal", "jumlah_lantai": 1, "footprint_id": 936, "jarak_meter": 0.0, "jumlah_titik_footprint": 1, "konflik": false }, "geometry": { "type": "LineString", "coordinates": [ [ 105.231106, -5.551386 ], [ 105.231112792823964, -5.551388190562905 ] ] } },
{ "type": "Feature", "properties": { "point_id": 409, "id_bangunan": "Blok B (SDI-B104-104)", "fungsi_bangunan": "Rumah Tinggal", "jumlah_lantai": 1, "footprint_id": 968, "jarak_meter": 0.0, "jumlah_titik_footprint": 1, "konflik": false }, "geometry": { "type": "LineString", "coordinates": [ [ 105.230817, -5.551423 ], [ 105.230780393736197, -5.551392179029734 ] ] } },
{ "type": "Feature", "properties": { "point_id": 410, "id_bangunan": "Blok B (SDI-B105-105)", "fungsi_bangunan": "Rumah Tinggal", "jumlah_lantai": 1, "footprint_id": 985, "jarak_meter": 0.0, "jumlah_titik_footprint": 3, "konflik": true }, "geometry": { "type": "LineString", "coordinates": [ [ 105.230689, -5.551492 ], [ 105.230655169057499, -5.551369461660593 ] ] } },
{ "type": "Feature", "properties": { "point_id": 411, "id_bangunan": "Blok B (SDI-B106-106)", "fungsi_bangunan": "Rumah Tinggal", "jumlah_lantai": 1, "footprint_id": 966, "jarak_meter": 0.0, "jumlah_titik_footprint": 2, "konflik": true }, "geometry": { "type": "LineString", "coordinates": [ [ 105.230996, -5.551345 ], [ 105.231021245064795, -5.551294198879171 ] ] } },
{ "type": "Feature", "properties": { "point_id": 412, "id_bangunan": "Blok B (SDI-B107-107)", "fungsi_bangunan": "Rumah Tinggal", "jumlah_lantai": 1, "footprint_id": 985, "jarak_meter": 0.0, "jumlah_titik_footprint": 3, "konflik": true }, "geometry": { "type": "LineString", "coordinates": [ [ 105.230615, -5.551377 ], [ 105.230655169057499, -5.551369461660593 ] ] } },
{ "type": "Feature", "properties": { "point_id": 413, "id_bangunan": "Blok B (SDI-B109-109)", "fungsi_bangunan": "Rumah Tinggal", "jumlah_lantai": 1, "footprint_id": 985, "jarak_meter": 0.0, "jumlah_titik_footprint": 3, "konflik": true }, "geometry": { "type": "LineString", "coordinates": [ [ 105.230647, -5.551299 ], [ 105.230655169057499, -5.551369461660593 ] ] } },
{ "type": "Feature", "properties": { "point_id": 414, "id_bangunan": "Blok B (SDI-B110-110)", "fungsi_bangunan": "Rumah Tinggal", "jumlah_lantai": 1, "footprint_id": 930, "jarak_meter": 0.0, "jumlah_titik_footprint": 1, "konflik": false }, "geometry": { "type": "LineString", "coordinates": [ [ 105.230482, -5.551414 ], [ 105.230475387157597, -5.551416629351507 ] ] } },
{ "type": "Feature", "properties": { "point_id": 415, "id_bangunan": "Blok B (SDI-B111-111)", "fungsi_bangunan": "Rumah Tinggal", "jumlah_lantai": 1, "footprint_id": 932, "jarak_meter": 0.0, "jumlah_titik_footprint": 1, "konflik": false }, "geometry": { "type": "LineString", "coordinates": [ [ 105.230514, -5.551216 ], [ 105.230476916807177, -5.551206251467226 ] ] } },
{ "type": "Feature", "properties": { "point_id": 416, "id_bangunan": "Blok B (SDI-B112-112)", "fungsi_bangunan": "Rumah Tinggal", "jumlah_lantai": 1, "footprint_id": 965, "jarak_meter": 0.0, "jumlah_titik_footprint": 1, "konflik": false }, "geometry": { "type": "LineString", "coordinates": [ [ 105.23079, -5.551299 ], [ 105.230744430764943, -5.551273310994304 ] ] } },
{ "type": "Feature", "properties": { "point_id": 417, "id_bangunan": "Blok B (SDI-B113-113)", "fungsi_bangunan": "Rumah Tinggal", "jumlah_lantai": 1, "footprint_id": 964, "jarak_meter": 0.0, "jumlah_titik_footprint": 1, "konflik": false }, "geometry": { "type": "LineString", "coordinates": [ [ 105.23068, -5.551198 ], [ 105.230682739437043, -5.551171324594399 ] ] } },
{ "type": "Feature", "properties": { "point_id": 418, "id_bangunan": "Blok B (SDI-B114-114)", "fungsi_bangunan": "Rumah Tinggal", "jumlah_lantai": 1, "footprint_id": 962, "jarak_meter": 0.0, "jumlah_titik_footprint": 3, "konflik": true }, "geometry": { "type": "LineString", "coordinates": [ [ 105.230895, -5.551248 ], [ 105.230912357998562, -5.551175983390023 ] ] } },
{ "type": "Feature", "properties": { "point_id": 419, "id_bangunan": "Blok B (SDI-B115-115)", "fungsi_bangunan": "Rumah Tinggal", "jumlah_lantai": 1, "footprint_id": 962, "jarak_meter": 0.0, "jumlah_titik_footprint": 3, "konflik": true }, "geometry": { "type": "LineString", "coordinates": [ [ 105.230836, -5.551198 ], [ 105.230912357998562, -5.551175983390023 ] ] } },
{ "type": "Feature", "properties": { "point_id": 420, "id_bangunan": "Blok B (SDI-B116-116)", "fungsi_bangunan": "Rumah Tinggal", "jumlah_lantai": 1, "footprint_id": 498, "jarak_meter": 0.0, "jumlah_titik_footprint": 1, "konflik": false }, "geometry": { "type": "LineString", "coordinates": [ [ 105.228843, -5.546788 ], [ 105.228836635216567, -5.546746036642757 ] ] } },
{ "type": "Feature", "properties": { "point_id": 421, "id_bangunan": "Blok B (SDI-B117-117)", "fungsi_bangunan": "Rumah Tinggal", "jumlah_lantai": 1, "footprint_id": 18, "jarak_meter": 0.0, "jumlah_titik_footprint": 1, "konflik": false }, "geometry": { "type": "LineString", "coordinates": [ [ 105.228976, -5.546576 ], [ 105.2289762705675, -5.546578123536145 ] ] } },
{ "type": "Feature", "properties": { "point_id": 422, "id_bangunan": "Blok B (SDI-B118-118)", "fungsi_bangunan": "Rumah Tinggal", "jumlah_lantai": 1, "footprint_id": 1203, "jarak_meter": 5.4, "jumlah_titik_footprint": 1, "konflik": false }, "geometry": { "type": "LineString", "coordinates": [ [ 105.228953, -5.546434 ], [ 105.228897379997477, -5.546494381667114 ] ] } },
{ "type": "Feature", "properties": { "point_id": 423, "id_bangunan": "Blok B (SDI-B119-119)", "fungsi_bangunan": "Rumah Tinggal", "jumlah_lantai": 1, "footprint_id": 1211, "jarak_meter": 0.0, "jumlah_titik_footprint": 1, "konflik": false }, "geometry": { "type": "LineString", "coordinates": [ [ 105.228934, -5.546296 ], [ 105.228906908667923, -5.546312802188083 ] ] } },
{ "type": "Feature", "properties": { "point_id": 424, "id_bangunan": "Blok B (SDI-B120-120)", "fungsi_bangunan": "Rumah Tinggal", "jumlah_lantai": 1, "footprint_id": 1210, "jarak_meter": 0.4, "jumlah_titik_footprint": 1, "konflik": false }, "geometry": { "type": "LineString", "coordinates": [ [ 105.228838, -5.546181 ], [ 105.228833344999501, -5.546254416835039 ] ] } },
{ "type": "Feature", "properties": { "point_id": 425, "id_bangunan": "Blok B (SDI-B121-121)", "fungsi_bangunan": "Rumah Tinggal", "jumlah_lantai": 1, "footprint_id": 1223, "jarak_meter": 0.0, "jumlah_titik_footprint": 2, "konflik": true }, "geometry": { "type": "LineString", "coordinates": [ [ 105.228489, -5.545932 ], [ 105.228459677501831, -5.545936050001912 ] ] } },
{ "type": "Feature", "properties": { "point_id": 426, "id_bangunan": "Blok B (SDI-B123-123)", "fungsi_bangunan": "Rumah Tinggal", "jumlah_lantai": 1, "footprint_id": 1214, "jarak_meter": 5.01, "jumlah_titik_footprint": 2, "konflik": true }, "geometry": { "type": "LineString", "coordinates": [ [ 105.229168, -5.546483 ], [ 105.229269122452294, -5.546508431150363 ] ] } },
{ "type": "Feature", "properties": { "point_id": 427, "id_bangunan": "Blok B (SDI-B124-124)", "fungsi_bangunan": "Rumah Tinggal", "jumlah_lantai": 1, "footprint_id": 1213, "jarak_meter": 0.0, "jumlah_titik_footprint": 1, "konflik": false }, "geometry": { "type": "LineString", "coordinates": [ [ 105.229256, -5.546332 ], [ 105.229245094878522, -5.546346571297574 ] ] } },
{ "type": "Feature", "properties": { "point_id": 428, "id_bangunan": "Blok B (SDI-B125-125)", "fungsi_bangunan": "Rumah Tinggal", "jumlah_lantai": 1, "footprint_id": 1214, "jarak_meter": 0.0, "jumlah_titik_footprint": 2, "konflik": true }, "geometry": { "type": "LineString", "coordinates": [ [ 105.229265, -5.546512 ], [ 105.229269122452294, -5.546508431150363 ] ] } },
{ "type": "Feature", "properties": { "point_id": 429, "id_bangunan": "Blok B (SDI-B126-126)", "fungsi_bangunan": "Rumah Tinggal", "jumlah_lantai": 1, "footprint_id": 2, "jarak_meter": 0.0, "jumlah_titik_footprint": 2, "konflik": true }, "geometry": { "type": "LineString", "coordinates": [ [ 105.229326, -5.546709 ], [ 105.22936272490675, -5.54670643961204 ] ] } },
{ "type": "Feature", "properties": { "point_id": 430, "id_bangunan": "Blok B (SDI-B127-127)", "fungsi_bangunan": "Rumah Tinggal", "jumlah_lantai": 1, "footprint_id": 1, "jarak_meter": 0.0, "jumlah_titik_footprint": 1, "konflik": false }, "geometry": { "type": "LineString", "coordinates": [ [ 105.229398, -5.546613 ], [ 105.229391193610439, -5.546612213095581 ] ] } },
{ "type": "Feature", "properties": { "point_id": 431, "id_bangunan": "Blok B (SDI-B128-128)", "fungsi_bangunan": "Rumah Tinggal", "jumlah_lantai": 1, "footprint_id": 8, "jarak_meter": 0.53, "jumlah_titik_footprint": 1, "konflik": false }, "geometry": { "type": "LineString", "coordinates": [ [ 105.230178, -5.546484 ], [ 105.230111170124658, -5.546475710232809 ] ] } },
{ "type": "Feature", "properties": { "point_id": 432, "id_bangunan": "Blok B (SDI-B129-129)", "fungsi_bangunan": "Rumah Tinggal", "jumlah_lantai": 1, "footprint_id": 3, "jarak_meter": 0.0, "jumlah_titik_footprint": 1, "konflik": false }, "geometry": { "type": "LineString", "coordinates": [ [ 105.229967, -5.545766 ], [ 105.229961469433192, -5.545820647998825 ] ] } },
{ "type": "Feature", "properties": { "point_id": 433, "id_bangunan": "Blok B (SDI-B130-130)", "fungsi_bangunan": "Rumah Tinggal", "jumlah_lantai": 1, "footprint_id": 1206, "jarak_meter": 0.0, "jumlah_titik_footprint": 1, "konflik": false }, "geometry": { "type": "LineString", "coordinates": [ [ 105.228476, -5.546213 ], [ 105.228411506816073, -5.546210080619122 ] ] } },
{ "type": "Feature", "properties": { "point_id": 434, "id_bangunan": "Blok B (SDI-B131-131)", "fungsi_bangunan": "Rumah Tinggal", "jumlah_lantai": 1, "footprint_id": 1201, "jarak_meter": 0.0, "jumlah_titik_footprint": 1, "konflik": false }, "geometry": { "type": "LineString", "coordinates": [ [ 105.228411, -5.546484 ], [ 105.228418972733522, -5.546504294890161 ] ] } },
{ "type": "Feature", "properties": { "point_id": 435, "id_bangunan": "Blok B (SDI-B132-132)", "fungsi_bangunan": "Rumah Tinggal", "jumlah_lantai": 1, "footprint_id": 1200, "jarak_meter": 0.96, "jumlah_titik_footprint": 1, "konflik": false }, "geometry": { "type": "LineString", "coordinates": [ [ 105.228393, -5.546576 ], [ 105.22833284499194, -5.54658197055201 ] ] } },
{ "type": "Feature", "properties": { "point_id": 436, "id_bangunan": "Blok B (SDI-B133-133)", "fungsi_bangunan": "Rumah Tinggal", "jumlah_lantai": 1, "footprint_id": 1197, "jarak_meter": 0.0, "jumlah_titik_footprint": 1, "konflik": false }, "geometry": { "type": "LineString", "coordinates": [ [ 105.228232, -5.546264 ], [ 105.228223457139634, -5.546243417280722 ] ] } },
{ "type": "Feature", "properties": { "point_id": 437, "id_bangunan": "Blok B (SDI-B133-133)", "fungsi_bangunan": "Rumah Tinggal", "jumlah_lantai": 1, "footprint_id": 1046, "jarak_meter": 0.0, "jumlah_titik_footprint": 5, "konflik": true }, "geometry": { "type": "LineString", "coordinates": [ [ 105.228223, -5.546112 ], [ 105.228224400884869, -5.546139266640618 ] ] } },
{ "type": "Feature", "properties": { "point_id": 438, "id_bangunan": "Blok B (SDI-B134-134)", "fungsi_bangunan": "Rumah Tinggal", "jumlah_lantai": 1, "footprint_id": 1046, "jarak_meter": 0.0, "jumlah_titik_footprint": 5, "konflik": true }, "geometry": { "type": "LineString", "coordinates": [ [ 105.228154, -5.54602 ], [ 105.228224400884869, -5.546139266640618 ] ] } },
{ "type": "Feature", "properties": { "point_id": 439, "id_bangunan": "Blok B (SDI-B135-135)", "fungsi_bangunan": "Rumah Tinggal", "jumlah_lantai": 1, "footprint_id": 1189, "jarak_meter": 0.0, "jumlah_titik_footprint": 1, "konflik": false }, "geometry": { "type": "LineString", "coordinates": [ [ 105.228026, -5.545873 ], [ 105.228053416696625, -5.545881798869976 ] ] } },
{ "type": "Feature", "properties": { "point_id": 440, "id_bangunan": "Blok B (SDI-B136-136)", "fungsi_bangunan": "Rumah Tinggal", "jumlah_lantai": 1, "footprint_id": 1046, "jarak_meter": 0.05, "jumlah_titik_footprint": 5, "konflik": true }, "geometry": { "type": "LineString", "coordinates": [ [ 105.228017, -5.545988 ], [ 105.228224400884869, -5.546139266640618 ] ] } },
{ "type": "Feature", "properties": { "point_id": 441, "id_bangunan": "Blok B (SDI-B137-137)", "fungsi_bangunan": "Rumah Tinggal", "jumlah_lantai": 1, "footprint_id": 1191, "jarak_meter": 0.0, "jumlah_titik_footprint": 2, "konflik": true }, "geometry": { "type": "LineString", "coordinates": [ [ 105.227998, -5.54608 ], [ 105.228009858837424, -5.546151551331151 ] ] } },
{ "type": "Feature", "properties": { "point_id": 442, "id_bangunan": "Blok B (SDI-B138-138)", "fungsi_bangunan": "Rumah Tinggal", "jumlah_lantai": 1, "footprint_id": 1046, "jarak_meter": 0.0, "jumlah_titik_footprint": 5, "konflik": true }, "geometry": { "type": "LineString", "coordinates": [ [ 105.228154, -5.54602 ], [ 105.228224400884869, -5.546139266640618 ] ] } },
{ "type": "Feature", "properties": { "point_id": 443, "id_bangunan": "Blok B (SDI-B139-139)", "fungsi_bangunan": "Rumah Tinggal", "jumlah_lantai": 1, "footprint_id": 1191, "jarak_meter": 5.11, "jumlah_titik_footprint": 2, "konflik": true }, "geometry": { "type": "LineString", "coordinates": [ [ 105.227888, -5.546245 ], [ 105.228009858837424, -5.546151551331151 ] ] } },
{ "type": "Feature", "properties": { "point_id": 444, "id_bangunan": "Blok B (SDI-B139-139)", "fungsi_bangunan": "Rumah Tinggal", "jumlah_lantai": 1, "footprint_id": 1190, "jarak_meter": 0.0, "jumlah_titik_footprint": 1, "konflik": false }, "geometry": { "type": "LineString", "coordinates": [ [ 105.228044, -5.546392 ], [ 105.228040651858905, -5.546361472991062 ] ] } },
{ "type": "Feature", "properties": { "point_id": 445, "id_bangunan": "Blok B (SDI-B140-140)", "fungsi_bangunan": "Rumah Tinggal", "jumlah_lantai": 1, "footprint_id": 1199, "jarak_meter": 1.57, "jumlah_titik_footprint": 1, "konflik": false }, "geometry": { "type": "LineString", "coordinates": [ [ 105.228118, -5.546512 ], [ 105.228163291504217, -5.546572026623438 ] ] } },
{ "type": "Feature", "properties": { "point_id": 446, "id_bangunan": "Blok B (SDI-B141-141)", "fungsi_bangunan": "Rumah Tinggal", "jumlah_lantai": 1, "footprint_id": 1058, "jarak_meter": 0.0, "jumlah_titik_footprint": 1, "konflik": false }, "geometry": { "type": "LineString", "coordinates": [ [ 105.228145, -5.546553 ], [ 105.228163253453957, -5.546574030186678 ] ] } },
{ "type": "Feature", "properties": { "point_id": 447, "id_bangunan": "Blok B (SDI-B142-142)", "fungsi_bangunan": "Rumah Tinggal", "jumlah_lantai": 1, "footprint_id": 643, "jarak_meter": 0.0, "jumlah_titik_footprint": 1, "konflik": false }, "geometry": { "type": "LineString", "coordinates": [ [ 105.229881, -5.550135 ], [ 105.229913338406348, -5.55013033431938 ] ] } },
{ "type": "Feature", "properties": { "point_id": 448, "id_bangunan": "Blok B (SDI-B143-143)", "fungsi_bangunan": "Rumah Tinggal", "jumlah_lantai": 1, "footprint_id": 920, "jarak_meter": 0.0, "jumlah_titik_footprint": 1, "konflik": false }, "geometry": { "type": "LineString", "coordinates": [ [ 105.22945, -5.550738 ], [ 105.22939755473837, -5.550739518968121 ] ] } },
{ "type": "Feature", "properties": { "point_id": 449, "id_bangunan": "Blok B (SDI-B144-144)", "fungsi_bangunan": "Rumah Tinggal", "jumlah_lantai": 1, "footprint_id": 926, "jarak_meter": 0.0, "jumlah_titik_footprint": 1, "konflik": false }, "geometry": { "type": "LineString", "coordinates": [ [ 105.229633, -5.550867 ], [ 105.229670636532049, -5.550857870138817 ] ] } },
{ "type": "Feature", "properties": { "point_id": 450, "id_bangunan": "Blok B (SDI-B145-145)", "fungsi_bangunan": "Rumah Tinggal", "jumlah_lantai": 1, "footprint_id": 921, "jarak_meter": 0.0, "jumlah_titik_footprint": 1, "konflik": false }, "geometry": { "type": "LineString", "coordinates": [ [ 105.229785, -5.550945 ], [ 105.22973998765282, -5.550998675922616 ] ] } },
{ "type": "Feature", "properties": { "point_id": 451, "id_bangunan": "Blok B (SDI-B146-146)", "fungsi_bangunan": "Rumah Tinggal", "jumlah_lantai": 1, "footprint_id": 918, "jarak_meter": 0.0, "jumlah_titik_footprint": 1, "konflik": false }, "geometry": { "type": "LineString", "coordinates": [ [ 105.229555, -5.551184 ], [ 105.229563863374835, -5.551184209352262 ] ] } },
{ "type": "Feature", "properties": { "point_id": 452, "id_bangunan": "Blok B (SDI-147-147)", "fungsi_bangunan": "Rumah Tinggal", "jumlah_lantai": 1, "footprint_id": 916, "jarak_meter": 0.0, "jumlah_titik_footprint": 1, "konflik": false }, "geometry": { "type": "LineString", "coordinates": [ [ 105.229588, -5.551318 ], [ 105.229589902292986, -5.551334567497347 ] ] } },
{ "type": "Feature", "properties": { "point_id": 453, "id_bangunan": "Blok B(SDI-B148-148)", "fungsi_bangunan": "Rumah Tinggal", "jumlah_lantai": 1, "footprint_id": 917, "jarak_meter": 0.0, "jumlah_titik_footprint": 1, "konflik": false }, "geometry": { "type": "LineString", "coordinates": [ [ 105.229711, -5.551359 ], [ 105.229686555594071, -5.551361431128472 ] ] } },
{ "type": "Feature", "properties": { "point_id": 454, "id_bangunan": "Blok B (SDI-B149-149)", "fungsi_bangunan": "Rumah Tinggal", "jumlah_lantai": 1, "footprint_id": 915, "jarak_meter": 0.0, "jumlah_titik_footprint": 1, "konflik": false }, "geometry": { "type": "LineString", "coordinates": [ [ 105.229386, -5.551318 ], [ 105.229345316519641, -5.551334906739062 ] ] } },
{ "type": "Feature", "properties": { "point_id": 455, "id_bangunan": "Blok B (SDI-B150-150)", "fungsi_bangunan": "Rumah Tinggal", "jumlah_lantai": 1, "footprint_id": 904, "jarak_meter": 0.0, "jumlah_titik_footprint": 1, "konflik": false }, "geometry": { "type": "LineString", "coordinates": [ [ 105.229413, -5.551584 ], [ 105.229393843437933, -5.55156700995856 ] ] } },
{ "type": "Feature", "properties": { "point_id": 456, "id_bangunan": "Blok B (SDI-B151-151)", "fungsi_bangunan": "Rumah Tinggal", "jumlah_lantai": 1, "footprint_id": 903, "jarak_meter": 0.0, "jumlah_titik_footprint": 1, "konflik": false }, "geometry": { "type": "LineString", "coordinates": [ [ 105.229312, -5.55152 ], [ 105.229282040144057, -5.551515412816978 ] ] } },
{ "type": "Feature", "properties": { "point_id": 457, "id_bangunan": "Blok B (SDI-B152-152)", "fungsi_bangunan": "Rumah Tinggal", "jumlah_lantai": 1, "footprint_id": 902, "jarak_meter": 0.0, "jumlah_titik_footprint": 1, "konflik": false }, "geometry": { "type": "LineString", "coordinates": [ [ 105.229138, -5.551488 ], [ 105.229126263127384, -5.551482866432158 ] ] } },
{ "type": "Feature", "properties": { "point_id": 458, "id_bangunan": "Blok B (SDI-B153-153)", "fungsi_bangunan": "Rumah Tinggal", "jumlah_lantai": 1, "footprint_id": 890, "jarak_meter": 0.0, "jumlah_titik_footprint": 1, "konflik": false }, "geometry": { "type": "LineString", "coordinates": [ [ 105.228986, -5.551382 ], [ 105.228984457211325, -5.551386509978169 ] ] } },
{ "type": "Feature", "properties": { "point_id": 459, "id_bangunan": "Blok B (SDI-B155-155)", "fungsi_bangunan": "Rumah Tinggal", "jumlah_lantai": 1, "footprint_id": 910, "jarak_meter": 3.26, "jumlah_titik_footprint": 2, "konflik": true }, "geometry": { "type": "LineString", "coordinates": [ [ 105.229312, -5.551851 ], [ 105.229318158614717, -5.551780241660766 ] ] } },
{ "type": "Feature", "properties": { "point_id": 460, "id_bangunan": "Blok B (SDI-B156-156)", "fungsi_bangunan": "Rumah Tinggal", "jumlah_lantai": 1, "footprint_id": 905, "jarak_meter": 0.0, "jumlah_titik_footprint": 1, "konflik": false }, "geometry": { "type": "LineString", "coordinates": [ [ 105.229299, -5.551704 ], [ 105.229342706791201, -5.551683346662158 ] ] } },
{ "type": "Feature", "properties": { "point_id": 461, "id_bangunan": "Blok B (SDI-B157-157)", "fungsi_bangunan": "Rumah Tinggal", "jumlah_lantai": 1, "footprint_id": 900, "jarak_meter": 0.0, "jumlah_titik_footprint": 1, "konflik": false }, "geometry": { "type": "LineString", "coordinates": [ [ 105.229178, -5.551671 ], [ 105.22915378572462, -5.551657754362582 ] ] } },
{ "type": "Feature", "properties": { "point_id": 462, "id_bangunan": "Blok B (SDI-B158-158)", "fungsi_bangunan": "Rumah Tinggal", "jumlah_lantai": 1, "footprint_id": 899, "jarak_meter": 0.0, "jumlah_titik_footprint": 1, "konflik": false }, "geometry": { "type": "LineString", "coordinates": [ [ 105.229065, -5.551635 ], [ 105.229050168066678, -5.551629515679662 ] ] } },
{ "type": "Feature", "properties": { "point_id": 463, "id_bangunan": "Blok B (SDI-B159-159)", "fungsi_bangunan": "Rumah Tinggal", "jumlah_lantai": 1, "footprint_id": 912, "jarak_meter": 0.76, "jumlah_titik_footprint": 1, "konflik": false }, "geometry": { "type": "LineString", "coordinates": [ [ 105.228922, -5.551617 ], [ 105.228970341006431, -5.551567090037305 ] ] } },
{ "type": "Feature", "properties": { "point_id": 464, "id_bangunan": "Blok B (SDI-B160-160)", "fungsi_bangunan": "Rumah Tinggal", "jumlah_lantai": 1, "footprint_id": 914, "jarak_meter": 0.0, "jumlah_titik_footprint": 2, "konflik": true }, "geometry": { "type": "LineString", "coordinates": [ [ 105.228821, -5.551529 ], [ 105.22879937934276, -5.551695237691481 ] ] } },
{ "type": "Feature", "properties": { "point_id": 465, "id_bangunan": "Blok B (SDI-B161-161)", "fungsi_bangunan": "Rumah Tinggal", "jumlah_lantai": 1, "footprint_id": 891, "jarak_meter": 0.0, "jumlah_titik_footprint": 2, "konflik": true }, "geometry": { "type": "LineString", "coordinates": [ [ 105.228688, -5.551589 ], [ 105.228704504881961, -5.551533375887459 ] ] } },
{ "type": "Feature", "properties": { "point_id": 466, "id_bangunan": "Blok B (SDI-B162-162)", "fungsi_bangunan": "Rumah Tinggal", "jumlah_lantai": 1, "footprint_id": 914, "jarak_meter": 0.0, "jumlah_titik_footprint": 2, "konflik": true }, "geometry": { "type": "LineString", "coordinates": [ [ 105.228817, -5.551654 ], [ 105.22879937934276, -5.551695237691481 ] ] } },
{ "type": "Feature", "properties": { "point_id": 467, "id_bangunan": "Blok B (SDI-B163-163)", "fungsi_bangunan": "Rumah Tinggal", "jumlah_lantai": 1, "footprint_id": 894, "jarak_meter": 0.0, "jumlah_titik_footprint": 1, "konflik": false }, "geometry": { "type": "LineString", "coordinates": [ [ 105.228959, -5.551745 ], [ 105.228950959638382, -5.551730532953774 ] ] } },
{ "type": "Feature", "properties": { "point_id": 468, "id_bangunan": "Blok B (SDI-B164-164)", "fungsi_bangunan": "Rumah Tinggal", "jumlah_lantai": 1, "footprint_id": 895, "jarak_meter": 0.04, "jumlah_titik_footprint": 1, "konflik": false }, "geometry": { "type": "LineString", "coordinates": [ [ 105.229124, -5.55187 ], [ 105.229168907452873, -5.551897791672863 ] ] } },
{ "type": "Feature", "properties": { "point_id": 469, "id_bangunan": "Blok B (SDI-B165-165)", "fungsi_bangunan": "Rumah Tinggal", "jumlah_lantai": 1, "footprint_id": 910, "jarak_meter": 3.26, "jumlah_titik_footprint": 2, "konflik": true }, "geometry": { "type": "LineString", "coordinates": [ [ 105.229312, -5.551851 ], [ 105.229318158614717, -5.551780241660766 ] ] } },
{ "type": "Feature", "properties": { "point_id": 470, "id_bangunan": "Blok B (SDI-B166-166)", "fungsi_bangunan": "Rumah Tinggal", "jumlah_lantai": 1, "footprint_id": 897, "jarak_meter": 0.0, "jumlah_titik_footprint": 1, "konflik": false }, "geometry": { "type": "LineString", "coordinates": [ [ 105.228849, -5.552003 ], [ 105.228812311908626, -5.551944246587761 ] ] } },
{ "type": "Feature", "properties": { "point_id": 471, "id_bangunan": "Blok B (SDI-B167-167)", "fungsi_bangunan": "Rumah Tinggal", "jumlah_lantai": 1, "footprint_id": 913, "jarak_meter": 0.0, "jumlah_titik_footprint": 1, "konflik": false }, "geometry": { "type": "LineString", "coordinates": [ [ 105.228647, -5.551976 ], [ 105.228647273486018, -5.551996571831119 ] ] } },
{ "type": "Feature", "properties": { "point_id": 472, "id_bangunan": "Blok B (SDI-B168-168)", "fungsi_bangunan": "Rumah Tinggal", "jumlah_lantai": 1, "footprint_id": 909, "jarak_meter": 0.0, "jumlah_titik_footprint": 1, "konflik": false }, "geometry": { "type": "LineString", "coordinates": [ [ 105.228565, -5.551999 ], [ 105.228557193002018, -5.551998788029601 ] ] } },
{ "type": "Feature", "properties": { "point_id": 473, "id_bangunan": "Blok B (SDI-B169-169)", "fungsi_bangunan": "Rumah Tinggal", "jumlah_lantai": 1, "footprint_id": 908, "jarak_meter": 0.0, "jumlah_titik_footprint": 1, "konflik": false }, "geometry": { "type": "LineString", "coordinates": [ [ 105.22845, -5.551948 ], [ 105.228444809820147, -5.551947297141867 ] ] } },
{ "type": "Feature", "properties": { "point_id": 474, "id_bangunan": "Blok B (SDI-B170-170)", "fungsi_bangunan": "Rumah Tinggal", "jumlah_lantai": 1, "footprint_id": 1079, "jarak_meter": 0.0, "jumlah_titik_footprint": 1, "konflik": false }, "geometry": { "type": "LineString", "coordinates": [ [ 105.228239, -5.552845 ], [ 105.228183078418866, -5.552851756963909 ] ] } },
{ "type": "Feature", "properties": { "point_id": 475, "id_bangunan": "Blok B (SDI-B171-171)", "fungsi_bangunan": "Rumah Tinggal", "jumlah_lantai": 1, "footprint_id": 1077, "jarak_meter": 4.12, "jumlah_titik_footprint": 1, "konflik": false }, "geometry": { "type": "LineString", "coordinates": [ [ 105.227922, -5.552942 ], [ 105.227831620502158, -5.552954518111345 ] ] } },
{ "type": "Feature", "properties": { "point_id": 476, "id_bangunan": "Blok B (SDI-B172-172)", "fungsi_bangunan": "Rumah Tinggal", "jumlah_lantai": 1, "footprint_id": 1045, "jarak_meter": 0.0, "jumlah_titik_footprint": 1, "konflik": false }, "geometry": { "type": "LineString", "coordinates": [ [ 105.228353, -5.550258 ], [ 105.228343297390794, -5.550220681771034 ] ] } },
{ "type": "Feature", "properties": { "point_id": 477, "id_bangunan": "Blok C (SDI-C134-134)", "fungsi_bangunan": "Rumah Tinggal", "jumlah_lantai": 1, "footprint_id": 853, "jarak_meter": 3.25, "jumlah_titik_footprint": 1, "konflik": false }, "geometry": { "type": "LineString", "coordinates": [ [ 105.236795, -5.553233 ], [ 105.236918369048951, -5.553155109762298 ] ] } },
{ "type": "Feature", "properties": { "point_id": 478, "id_bangunan": "Blok C (SDI-C135-135)", "fungsi_bangunan": "Rumah Tinggal", "jumlah_lantai": 1, "footprint_id": 851, "jarak_meter": 8.13, "jumlah_titik_footprint": 2, "konflik": true }, "geometry": { "type": "LineString", "coordinates": [ [ 105.236691, -5.553139 ], [ 105.236830970916088, -5.553069870796393 ] ] } },
{ "type": "Feature", "properties": { "point_id": 479, "id_bangunan": "Blok C(SDI-C136-136)", "fungsi_bangunan": "Rumah Tinggal", "jumlah_lantai": 1, "footprint_id": 807, "jarak_meter": 3.56, "jumlah_titik_footprint": 2, "konflik": true }, "geometry": { "type": "LineString", "coordinates": [ [ 105.236606, -5.553149 ], [ 105.236493986705426, -5.553097191008962 ] ] } },
{ "type": "Feature", "properties": { "point_id": 480, "id_bangunan": "Blok C (SDI-B137-137)", "fungsi_bangunan": "Rumah Tinggal", "jumlah_lantai": 1, "footprint_id": 808, "jarak_meter": 4.34, "jumlah_titik_footprint": 2, "konflik": true }, "geometry": { "type": "LineString", "coordinates": [ [ 105.236458, -5.553228 ], [ 105.236389695945576, -5.553125320963041 ] ] } },
{ "type": "Feature", "properties": { "point_id": 481, "id_bangunan": "Blok C (SDI-C138-138)", "fungsi_bangunan": "Rumah Tinggal", "jumlah_lantai": 1, "footprint_id": 835, "jarak_meter": 4.89, "jumlah_titik_footprint": 1, "konflik": false }, "geometry": { "type": "LineString", "coordinates": [ [ 105.236673, -5.55292 ], [ 105.236790779013504, -5.552867968530062 ] ] } },
{ "type": "Feature", "properties": { "point_id": 482, "id_bangunan": "Blok C (SDI-C139-139)", "fungsi_bangunan": "Rumah Tinggal", "jumlah_lantai": 1, "footprint_id": 834, "jarak_meter": 2.07, "jumlah_titik_footprint": 2, "konflik": true }, "geometry": { "type": "LineString", "coordinates": [ [ 105.236721, -5.552822 ], [ 105.236764616948975, -5.552752298502728 ] ] } },
{ "type": "Feature", "properties": { "point_id": 483, "id_bangunan": "Blok C (SDI-C140-140)", "fungsi_bangunan": "Rumah Tinggal", "jumlah_lantai": 1, "footprint_id": 806, "jarak_meter": 2.44, "jumlah_titik_footprint": 2, "konflik": true }, "geometry": { "type": "LineString", "coordinates": [ [ 105.236425, -5.552976 ], [ 105.236341916186973, -5.552869485649518 ] ] } },
{ "type": "Feature", "properties": { "point_id": 484, "id_bangunan": "Blok C (SDI-C141-141)", "fungsi_bangunan": "Rumah Tinggal", "jumlah_lantai": 1, "footprint_id": 833, "jarak_meter": 7.48, "jumlah_titik_footprint": 2, "konflik": true }, "geometry": { "type": "LineString", "coordinates": [ [ 105.236524, -5.552764 ], [ 105.236630549139647, -5.552626371923104 ] ] } },
{ "type": "Feature", "properties": { "point_id": 485, "id_bangunan": "Blok C (SDI-C142-142)", "fungsi_bangunan": "Rumah Tinggal", "jumlah_lantai": 1, "footprint_id": 805, "jarak_meter": 0.48, "jumlah_titik_footprint": 2, "konflik": true }, "geometry": { "type": "LineString", "coordinates": [ [ 105.236353, -5.55262 ], [ 105.23626376887124, -5.552681654808613 ] ] } },
{ "type": "Feature", "properties": { "point_id": 486, "id_bangunan": "Blok C (SDI-C143-143)", "fungsi_bangunan": "Rumah Tinggal", "jumlah_lantai": 1, "footprint_id": 803, "jarak_meter": 4.82, "jumlah_titik_footprint": 2, "konflik": true }, "geometry": { "type": "LineString", "coordinates": [ [ 105.236276, -5.552405 ], [ 105.236301240437427, -5.552309961121898 ] ] } },
{ "type": "Feature", "properties": { "point_id": 487, "id_bangunan": "Blok C (SDI-C144-144)", "fungsi_bangunan": "Rumah Tinggal", "jumlah_lantai": 1, "footprint_id": 803, "jarak_meter": 2.11, "jumlah_titik_footprint": 2, "konflik": true }, "geometry": { "type": "LineString", "coordinates": [ [ 105.236303, -5.552235 ], [ 105.236301240437427, -5.552309961121898 ] ] } },
{ "type": "Feature", "properties": { "point_id": 488, "id_bangunan": "Blok C (SDI-C145-145)", "fungsi_bangunan": "Rumah Tinggal", "jumlah_lantai": 1, "footprint_id": 829, "jarak_meter": 0.0, "jumlah_titik_footprint": 2, "konflik": true }, "geometry": { "type": "LineString", "coordinates": [ [ 105.236685, -5.552215 ], [ 105.236712695681391, -5.552244410638613 ] ] } },
{ "type": "Feature", "properties": { "point_id": 489, "id_bangunan": "Blok C(SDI-C146-146)", "fungsi_bangunan": "Rumah Tinggal", "jumlah_lantai": 1, "footprint_id": 802, "jarak_meter": 4.71, "jumlah_titik_footprint": 1, "konflik": false }, "geometry": { "type": "LineString", "coordinates": [ [ 105.23642, -5.552394 ], [ 105.236415831522109, -5.552266167182426 ] ] } },
{ "type": "Feature", "properties": { "point_id": 490, "id_bangunan": "Blok C (SDI-C147-147)", "fungsi_bangunan": "Rumah Tinggal", "jumlah_lantai": 1, "footprint_id": 727, "jarak_meter": 0.0, "jumlah_titik_footprint": 2, "konflik": true }, "geometry": { "type": "LineString", "coordinates": [ [ 105.235281, -5.552406 ], [ 105.235266118946598, -5.552411477433577 ] ] } },
{ "type": "Feature", "properties": { "point_id": 491, "id_bangunan": "Blok C (SDI-C148-148)", "fungsi_bangunan": "Rumah Tinggal", "jumlah_lantai": 1, "footprint_id": 705, "jarak_meter": 6.81, "jumlah_titik_footprint": 1, "konflik": false }, "geometry": { "type": "LineString", "coordinates": [ [ 105.233993, -5.551202 ], [ 105.233981600980883, -5.551348741395903 ] ] } },
{ "type": "Feature", "properties": { "point_id": 492, "id_bangunan": "Blok B(SDI-B174-174)", "fungsi_bangunan": "Rumah Tinggal", "jumlah_lantai": 1, "footprint_id": 1004, "jarak_meter": 3.16, "jumlah_titik_footprint": 1, "konflik": false }, "geometry": { "type": "LineString", "coordinates": [ [ 105.233909, -5.551222 ], [ 105.233884335006962, -5.551333239787503 ] ] } },
{ "type": "Feature", "properties": { "point_id": 493, "id_bangunan": "Blok B (SDI-B175-175)", "fungsi_bangunan": "Rumah Tinggal", "jumlah_lantai": 2, "footprint_id": 1003, "jarak_meter": 1.56, "jumlah_titik_footprint": 1, "konflik": false }, "geometry": { "type": "LineString", "coordinates": [ [ 105.233895, -5.551186 ], [ 105.233819522768002, -5.551190104814988 ] ] } },
{ "type": "Feature", "properties": { "point_id": 494, "id_bangunan": "Blok B (SDI-B176-176)", "fungsi_bangunan": "Rumah Tinggal", "jumlah_lantai": 1, "footprint_id": 1002, "jarak_meter": 3.28, "jumlah_titik_footprint": 1, "konflik": false }, "geometry": { "type": "LineString", "coordinates": [ [ 105.233749, -5.551346 ], [ 105.233689899241909, -5.551341494272822 ] ] } },
{ "type": "Feature", "properties": { "point_id": 495, "id_bangunan": "Blol B (SDI-B177-177)", "fungsi_bangunan": "Rumah Tinggal", "jumlah_lantai": 1, "footprint_id": 796, "jarak_meter": 4.74, "jumlah_titik_footprint": 1, "konflik": false }, "geometry": { "type": "LineString", "coordinates": [ [ 105.233679, -5.551095 ], [ 105.233725631623628, -5.551146855175282 ] ] } },
{ "type": "Feature", "properties": { "point_id": 496, "id_bangunan": "Blok B (SDI-B178-178)", "fungsi_bangunan": "Rumah Tinggal", "jumlah_lantai": 1, "footprint_id": 698, "jarak_meter": 4.07, "jumlah_titik_footprint": 1, "konflik": false }, "geometry": { "type": "LineString", "coordinates": [ [ 105.233623, -5.551067 ], [ 105.233534615228081, -5.551142748517184 ] ] } },
{ "type": "Feature", "properties": { "point_id": 497, "id_bangunan": "Blok B (SDI-B179-179)", "fungsi_bangunan": "Rumah Tinggal", "jumlah_lantai": 1, "footprint_id": 874, "jarak_meter": 2.82, "jumlah_titik_footprint": 1, "konflik": false }, "geometry": { "type": "LineString", "coordinates": [ [ 105.233677, -5.55096 ], [ 105.233636723288399, -5.550868518170659 ] ] } },
{ "type": "Feature", "properties": { "point_id": 498, "id_bangunan": "Blok B (SDI-B180-180)", "fungsi_bangunan": "Rumah Tinggal", "jumlah_lantai": 1, "footprint_id": 995, "jarak_meter": 0.76, "jumlah_titik_footprint": 2, "konflik": true }, "geometry": { "type": "LineString", "coordinates": [ [ 105.233364, -5.55102 ], [ 105.233306555832144, -5.551067039686351 ] ] } },
{ "type": "Feature", "properties": { "point_id": 499, "id_bangunan": "Blok B (SDI-B181-181)", "fungsi_bangunan": "Rumah Tinggal", "jumlah_lantai": 1, "footprint_id": 995, "jarak_meter": 4.39, "jumlah_titik_footprint": 2, "konflik": true }, "geometry": { "type": "LineString", "coordinates": [ [ 105.233412, -5.551046 ], [ 105.233306555832144, -5.551067039686351 ] ] } },
{ "type": "Feature", "properties": { "point_id": 500, "id_bangunan": "Blok B (SDI-B182-182)", "fungsi_bangunan": "Rumah Tinggal", "jumlah_lantai": 1, "footprint_id": 997, "jarak_meter": 1.77, "jumlah_titik_footprint": 2, "konflik": true }, "geometry": { "type": "LineString", "coordinates": [ [ 105.233263, -5.551161 ], [ 105.233346202216296, -5.551154693567925 ] ] } },
{ "type": "Feature", "properties": { "point_id": 501, "id_bangunan": "Blok B (SDI-B183-183)", "fungsi_bangunan": "Rumah Tinggal", "jumlah_lantai": 1, "footprint_id": 877, "jarak_meter": 6.85, "jumlah_titik_footprint": 2, "konflik": true }, "geometry": { "type": "LineString", "coordinates": [ [ 105.233368, -5.550887 ], [ 105.233468797072604, -5.550862965954675 ] ] } },
{ "type": "Feature", "properties": { "point_id": 502, "id_bangunan": "Blok B-(SDI-B184-184)", "fungsi_bangunan": "Rumah Tinggal", "jumlah_lantai": 1, "footprint_id": 878, "jarak_meter": 3.27, "jumlah_titik_footprint": 1, "konflik": false }, "geometry": { "type": "LineString", "coordinates": [ [ 105.233524, -5.550895 ], [ 105.233558836470039, -5.550844901729835 ] ] } },
{ "type": "Feature", "properties": { "point_id": 503, "id_bangunan": "Blok B (SDI-B186-186)", "fungsi_bangunan": "Rumah Tinggal", "jumlah_lantai": 1, "footprint_id": 877, "jarak_meter": 0.0, "jumlah_titik_footprint": 2, "konflik": true }, "geometry": { "type": "LineString", "coordinates": [ [ 105.23347, -5.550905 ], [ 105.233468797072604, -5.550862965954675 ] ] } },
{ "type": "Feature", "properties": { "point_id": 504, "id_bangunan": "SDI-C06-006", "fungsi_bangunan": "Rumah Tinggal dan Warung", "jumlah_lantai": 2, "footprint_id": 758, "jarak_meter": 1.25, "jumlah_titik_footprint": 2, "konflik": true }, "geometry": { "type": "LineString", "coordinates": [ [ 105.234672, -5.552477 ], [ 105.234687078782201, -5.552537151681664 ] ] } },
{ "type": "Feature", "properties": { "point_id": 505, "id_bangunan": "SDI-C33-033", "fungsi_bangunan": "Rumah Tinggal dan Warung", "jumlah_lantai": 1, "footprint_id": 793, "jarak_meter": 0.0, "jumlah_titik_footprint": 2, "konflik": true }, "geometry": { "type": "LineString", "coordinates": [ [ 105.236494, -5.554043 ], [ 105.236485127302771, -5.554010881110423 ] ] } },
{ "type": "Feature", "properties": { "point_id": 506, "id_bangunan": "SDI-B42-042", "fungsi_bangunan": "Rumah Tinggal dan Warung", "jumlah_lantai": 2, "footprint_id": 545, "jarak_meter": 0.0, "jumlah_titik_footprint": 2, "konflik": true }, "geometry": { "type": "LineString", "coordinates": [ [ 105.229265, -5.547086 ], [ 105.229276891488368, -5.547092231816048 ] ] } },
{ "type": "Feature", "properties": { "point_id": 507, "id_bangunan": "SDI-C102-102", "fungsi_bangunan": "Rumah Tinggal dan Warung", "jumlah_lantai": 1, "footprint_id": 793, "jarak_meter": 0.0, "jumlah_titik_footprint": 2, "konflik": true }, "geometry": { "type": "LineString", "coordinates": [ [ 105.236494, -5.554043 ], [ 105.236485127302771, -5.554010881110423 ] ] } },
{ "type": "Feature", "properties": { "point_id": 508, "id_bangunan": "SDI-C103-103", "fungsi_bangunan": "Rumah Tinggal dan Warung", "jumlah_lantai": 1, "footprint_id": 728, "jarak_meter": 0.0, "jumlah_titik_footprint": 1, "konflik": false }, "geometry": { "type": "LineString", "coordinates": [ [ 105.235333, -5.552488 ], [ 105.235302609982199, -5.552503410030421 ] ] } },
{ "type": "Feature", "properties": { "point_id": 509, "id_bangunan": "SDI-C115-115", "fungsi_bangunan": "Rumah Tinggal dan Warung", "jumlah_lantai": 1, "footprint_id": 766, "jarak_meter": 0.0, "jumlah_titik_footprint": 1, "konflik": false }, "geometry": { "type": "LineString", "coordinates": [ [ 105.234741, -5.553133 ], [ 105.234732542835829, -5.553132822050912 ] ] } },
{ "type": "Feature", "properties": { "point_id": 510, "id_bangunan": "SDI-A40-040", "fungsi_bangunan": "Rumah tinggal dan Warung", "jumlah_lantai": 1, "footprint_id": 1094, "jarak_meter": 0.0, "jumlah_titik_footprint": 1, "konflik": false }, "geometry": { "type": "LineString", "coordinates": [ [ 105.225011, -5.544025 ], [ 105.225000618120333, -5.543973610051748 ] ] } },
{ "type": "Feature", "properties": { "point_id": 511, "id_bangunan": "Blok D (SDI-D85-085)", "fungsi_bangunan": "rumah tinggal dan warung", "jumlah_lantai": 1, "footprint_id": 285, "jarak_meter": 4.46, "jumlah_titik_footprint": 3, "konflik": true }, "geometry": { "type": "LineString", "coordinates": [ [ 105.2409, -5.555287 ], [ 105.241002155653177, -5.555253973420776 ] ] } },
{ "type": "Feature", "properties": { "point_id": 512, "id_bangunan": "SDI-D10-010", "fungsi_bangunan": "Komersial", "jumlah_lantai": 1, "footprint_id": 270, "jarak_meter": 3.74, "jumlah_titik_footprint": 2, "konflik": true }, "geometry": { "type": "LineString", "coordinates": [ [ 105.24, -5.5543 ], [ 105.240061200136154, -5.554248526289912 ] ] } },
{ "type": "Feature", "properties": { "point_id": 513, "id_bangunan": "Blok D (SDI-D104-104)", "fungsi_bangunan": "Komersial", "jumlah_lantai": 1, "footprint_id": 189, "jarak_meter": 5.84, "jumlah_titik_footprint": 2, "konflik": true }, "geometry": { "type": "LineString", "coordinates": [ [ 105.241564, -5.556358 ], [ 105.241680889912999, -5.556193692213311 ] ] } },
{ "type": "Feature", "properties": { "point_id": 514, "id_bangunan": "SDI-B38-038", "fungsi_bangunan": "Penginapan", "jumlah_lantai": 1, "footprint_id": 562, "jarak_meter": 0.27, "jumlah_titik_footprint": 1, "konflik": false }, "geometry": { "type": "LineString", "coordinates": [ [ 105.22949, -5.547045 ], [ 105.229434765477805, -5.547053616447902 ] ] } },
{ "type": "Feature", "properties": { "point_id": 515, "id_bangunan": "SDI-A07-007", "fungsi_bangunan": "Toko/Warung", "jumlah_lantai": 1, "footprint_id": 1227, "jarak_meter": 1.28, "jumlah_titik_footprint": 2, "konflik": true }, "geometry": { "type": "LineString", "coordinates": [ [ 105.227337, -5.544995 ], [ 105.227352944011855, -5.544800739175423 ] ] } },
{ "type": "Feature", "properties": { "point_id": 516, "id_bangunan": "SDI-C25-025", "fungsi_bangunan": "Toko/Warung", "jumlah_lantai": 1, "footprint_id": 715, "jarak_meter": 6.63, "jumlah_titik_footprint": 2, "konflik": true }, "geometry": { "type": "LineString", "coordinates": [ [ 105.235019, -5.551725 ], [ 105.234983459949575, -5.551637164731737 ] ] } },
{ "type": "Feature", "properties": { "point_id": 517, "id_bangunan": "SDI-B01-001", "fungsi_bangunan": "Toko/Warung", "jumlah_lantai": 1, "footprint_id": 1223, "jarak_meter": 0.0, "jumlah_titik_footprint": 2, "konflik": true }, "geometry": { "type": "LineString", "coordinates": [ [ 105.228396, -5.54595444 ], [ 105.228459677501831, -5.545936050001912 ] ] } },
{ "type": "Feature", "properties": { "point_id": 518, "id_bangunan": "SD1-B03-003", "fungsi_bangunan": "Toko/Warung", "jumlah_lantai": 1, "footprint_id": 545, "jarak_meter": 4.44, "jumlah_titik_footprint": 2, "konflik": true }, "geometry": { "type": "LineString", "coordinates": [ [ 105.229246, -5.547013387 ], [ 105.229276891488368, -5.547092231816048 ] ] } },
{ "type": "Feature", "properties": { "point_id": 519, "id_bangunan": "SDI-D04-004", "fungsi_bangunan": "Toko/Warung", "jumlah_lantai": 2, "footprint_id": 395, "jarak_meter": 13.49, "jumlah_titik_footprint": 2, "konflik": true }, "geometry": { "type": "LineString", "coordinates": [ [ 105.242, -5.55288 ], [ 105.241884867872031, -5.553022113134111 ] ] } },
{ "type": "Feature", "properties": { "point_id": 520, "id_bangunan": "SDI-D05-005", "fungsi_bangunan": "Toko/Warung", "jumlah_lantai": 1, "footprint_id": 374, "jarak_meter": 0.42, "jumlah_titik_footprint": 1, "konflik": false }, "geometry": { "type": "LineString", "coordinates": [ [ 105.2437, -5.55138 ], [ 105.243759481311628, -5.551431505284213 ] ] } },
{ "type": "Feature", "properties": { "point_id": 521, "id_bangunan": "SDI-B04–004", "fungsi_bangunan": "Toko/Warung", "jumlah_lantai": 1, "footprint_id": 523, "jarak_meter": 5.28, "jumlah_titik_footprint": 1, "konflik": false }, "geometry": { "type": "LineString", "coordinates": [ [ 105.229407, -5.548437055 ], [ 105.229439067388981, -5.548362002974197 ] ] } },
{ "type": "Feature", "properties": { "point_id": 522, "id_bangunan": "SDI-D06-006", "fungsi_bangunan": "Toko/Warung", "jumlah_lantai": 1, "footprint_id": 404, "jarak_meter": 38.69, "jumlah_titik_footprint": 1, "konflik": false }, "geometry": { "type": "LineString", "coordinates": [ [ 105.243, -5.55193 ], [ 105.243390257500991, -5.55204373543335 ] ] } },
{ "type": "Feature", "properties": { "point_id": 523, "id_bangunan": "SDI-B07-007", "fungsi_bangunan": "Toko/Warung", "jumlah_lantai": 1, "footprint_id": 689, "jarak_meter": 0.0, "jumlah_titik_footprint": 2, "konflik": true }, "geometry": { "type": "LineString", "coordinates": [ [ 105.229941, -5.549170494 ], [ 105.230005152958242, -5.549110521621487 ] ] } },
{ "type": "Feature", "properties": { "point_id": 524, "id_bangunan": "SDI-D11-011", "fungsi_bangunan": "Toko/Warung", "jumlah_lantai": 1, "footprint_id": 309, "jarak_meter": 0.0, "jumlah_titik_footprint": 1, "konflik": false }, "geometry": { "type": "LineString", "coordinates": [ [ 105.2401, -5.55403 ], [ 105.24003141710169, -5.553963757096747 ] ] } },
{ "type": "Feature", "properties": { "point_id": 525, "id_bangunan": "SDI-D12-012", "fungsi_bangunan": "Toko/Warung", "jumlah_lantai": 1, "footprint_id": 345, "jarak_meter": 1.98, "jumlah_titik_footprint": 2, "konflik": true }, "geometry": { "type": "LineString", "coordinates": [ [ 105.2411, -5.55373 ], [ 105.241130495412193, -5.553728037210327 ] ] } },
{ "type": "Feature", "properties": { "point_id": 526, "id_bangunan": "SDI-B37-037", "fungsi_bangunan": "Toko/Warung", "jumlah_lantai": 1, "footprint_id": 554, "jarak_meter": 0.33, "jumlah_titik_footprint": 1, "konflik": false }, "geometry": { "type": "LineString", "coordinates": [ [ 105.229465, -5.547233 ], [ 105.229483745001531, -5.547276331258439 ] ] } },
{ "type": "Feature", "properties": { "point_id": 527, "id_bangunan": "SDI-B44-044", "fungsi_bangunan": "Toko/Warung", "jumlah_lantai": 1, "footprint_id": 2, "jarak_meter": 0.0, "jumlah_titik_footprint": 2, "konflik": true }, "geometry": { "type": "LineString", "coordinates": [ [ 105.229325, -5.546742 ], [ 105.22936272490675, -5.54670643961204 ] ] } },
{ "type": "Feature", "properties": { "point_id": 528, "id_bangunan": "SDI-C38-038", "fungsi_bangunan": "Toko/Warung", "jumlah_lantai": 1, "footprint_id": 846, "jarak_meter": 0.19, "jumlah_titik_footprint": 1, "konflik": false }, "geometry": { "type": "LineString", "coordinates": [ [ 105.237412, -5.553008 ], [ 105.237383961041303, -5.55297882948588 ] ] } },
{ "type": "Feature", "properties": { "point_id": 529, "id_bangunan": "SDI-C54-054", "fungsi_bangunan": "Toko/Warung", "jumlah_lantai": 1, "footprint_id": 820, "jarak_meter": 0.0, "jumlah_titik_footprint": 1, "konflik": false }, "geometry": { "type": "LineString", "coordinates": [ [ 105.236787, -5.551955 ], [ 105.236765473458718, -5.551952651230327 ] ] } },
{ "type": "Feature", "properties": { "point_id": 530, "id_bangunan": "SDI-C55-055", "fungsi_bangunan": "Toko/Warung", "jumlah_lantai": 1, "footprint_id": 818, "jarak_meter": 0.0, "jumlah_titik_footprint": 1, "konflik": false }, "geometry": { "type": "LineString", "coordinates": [ [ 105.236748, -5.551891 ], [ 105.236740901014144, -5.551891330275425 ] ] } },
{ "type": "Feature", "properties": { "point_id": 531, "id_bangunan": "Blok C (SDI-C82-082)", "fungsi_bangunan": "Toko/Warung", "jumlah_lantai": 1, "footprint_id": 810, "jarak_meter": 14.66, "jumlah_titik_footprint": 2, "konflik": true }, "geometry": { "type": "LineString", "coordinates": [ [ 105.236064, -5.553345 ], [ 105.236226851529679, -5.553200598578328 ] ] } },
{ "type": "Feature", "properties": { "point_id": 532, "id_bangunan": "Blok C (SDI-C88-088)", "fungsi_bangunan": "Toko/Warung", "jumlah_lantai": 1, "footprint_id": 816, "jarak_meter": 1.87, "jumlah_titik_footprint": 1, "konflik": false }, "geometry": { "type": "LineString", "coordinates": [ [ 105.236275, -5.553713 ], [ 105.236257968012069, -5.553659907225673 ] ] } },
{ "type": "Feature", "properties": { "point_id": 533, "id_bangunan": "SDI-D49-049", "fungsi_bangunan": "Toko/Warung", "jumlah_lantai": 1, "footprint_id": 303, "jarak_meter": 0.0, "jumlah_titik_footprint": 1, "konflik": false }, "geometry": { "type": "LineString", "coordinates": [ [ 105.240482, -5.553709 ], [ 105.240511996191131, -5.553699823512134 ] ] } },
{ "type": "Feature", "properties": { "point_id": 534, "id_bangunan": "Blok D (SDI-D34-034)", "fungsi_bangunan": "Toko/Warung", "jumlah_lantai": 1, "footprint_id": 204, "jarak_meter": 10.29, "jumlah_titik_footprint": 2, "konflik": true }, "geometry": { "type": "LineString", "coordinates": [ [ 105.244667, -5.556327956 ], [ 105.244659893431574, -5.556481720011318 ] ] } },
{ "type": "Feature", "properties": { "point_id": 535, "id_bangunan": "SDI-D51-051", "fungsi_bangunan": "Toko/Warung", "jumlah_lantai": 1, "footprint_id": 353, "jarak_meter": 2.44, "jumlah_titik_footprint": 2, "konflik": true }, "geometry": { "type": "LineString", "coordinates": [ [ 105.240666, -5.553436 ], [ 105.240716134539298, -5.55346597123676 ] ] } },
{ "type": "Feature", "properties": { "point_id": 536, "id_bangunan": "Blok D (SDI-D76-076)", "fungsi_bangunan": "Toko/Warung", "jumlah_lantai": 1, "footprint_id": 294, "jarak_meter": 4.85, "jumlah_titik_footprint": 3, "konflik": true }, "geometry": { "type": "LineString", "coordinates": [ [ 105.24121, -5.554582 ], [ 105.241291834191458, -5.554668542160066 ] ] } },
{ "type": "Feature", "properties": { "point_id": 537, "id_bangunan": "SDI-D77-077", "fungsi_bangunan": "Toko/Warung", "jumlah_lantai": 1, "footprint_id": 294, "jarak_meter": 4.57, "jumlah_titik_footprint": 3, "konflik": true }, "geometry": { "type": "LineString", "coordinates": [ [ 105.241217, -5.554578 ], [ 105.241291834191458, -5.554668542160066 ] ] } },
{ "type": "Feature", "properties": { "point_id": 538, "id_bangunan": "Blok D (SDI-D133-133)", "fungsi_bangunan": "Toko/Warung", "jumlah_lantai": 1, "footprint_id": 166, "jarak_meter": 0.0, "jumlah_titik_footprint": 2, "konflik": true }, "geometry": { "type": "LineString", "coordinates": [ [ 105.242296, -5.558723 ], [ 105.242284641731231, -5.558727347710128 ] ] } },
{ "type": "Feature", "properties": { "point_id": 539, "id_bangunan": "Blok D (SDI-D138-138)", "fungsi_bangunan": "Toko/Warung", "jumlah_lantai": 1, "footprint_id": 301, "jarak_meter": 2.04, "jumlah_titik_footprint": 2, "konflik": true }, "geometry": { "type": "LineString", "coordinates": [ [ 105.240685, -5.5543 ], [ 105.240612792113339, -5.554249362438873 ] ] } },
{ "type": "Feature", "properties": { "point_id": 540, "id_bangunan": "SDI-D58-058", "fungsi_bangunan": "TPQ", "jumlah_lantai": 1, "footprint_id": 266, "jarak_meter": 7.05, "jumlah_titik_footprint": 2, "konflik": true }, "geometry": { "type": "LineString", "coordinates": [ [ 105.240366, -5.554567 ], [ 105.240252615975862, -5.554604358690763 ] ] } },
{ "type": "Feature", "properties": { "point_id": 541, "id_bangunan": "SDI-A17-017", "fungsi_bangunan": "Tempat Ibadah", "jumlah_lantai": 1, "footprint_id": 1138, "jarak_meter": 7.43, "jumlah_titik_footprint": 1, "konflik": false }, "geometry": { "type": "LineString", "coordinates": [ [ 105.225658, -5.544599 ], [ 105.225578822974228, -5.544689686990536 ] ] } },
{ "type": "Feature", "properties": { "point_id": 542, "id_bangunan": "SDI-D01-001", "fungsi_bangunan": "Tempat Ibadah", "jumlah_lantai": 1, "footprint_id": 41, "jarak_meter": 14.46, "jumlah_titik_footprint": 1, "konflik": false }, "geometry": { "type": "LineString", "coordinates": [ [ 105.2517, -5.55774 ], [ 105.251566962422473, -5.557633808873994 ] ] } },
{ "type": "Feature", "properties": { "point_id": 543, "id_bangunan": "SDI-D02-002", "fungsi_bangunan": "Tempat Ibadah", "jumlah_lantai": 1, "footprint_id": 171, "jarak_meter": 3.1, "jumlah_titik_footprint": 1, "konflik": false }, "geometry": { "type": "LineString", "coordinates": [ [ 105.2423, -5.55821 ], [ 105.242385064199084, -5.558266583717952 ] ] } },
{ "type": "Feature", "properties": { "point_id": 544, "id_bangunan": "SDI-D03-003", "fungsi_bangunan": "Tempat Ibadah", "jumlah_lantai": 1, "footprint_id": 222, "jarak_meter": 4.66, "jumlah_titik_footprint": 1, "konflik": false }, "geometry": { "type": "LineString", "coordinates": [ [ 105.2442, -5.55511 ], [ 105.244201358970741, -5.555211126661747 ] ] } },
{ "type": "Feature", "properties": { "point_id": 545, "id_bangunan": "SDI-B06-006", "fungsi_bangunan": "Tempat Ibadah", "jumlah_lantai": 1, "footprint_id": 572, "jarak_meter": 15.94, "jumlah_titik_footprint": 4, "konflik": true }, "geometry": { "type": "LineString", "coordinates": [ [ 105.229715, -5.549192553 ], [ 105.229556166889637, -5.549026600735382 ] ] } },
{ "type": "Feature", "properties": { "point_id": 546, "id_bangunan": "SDI-A36-036", "fungsi_bangunan": "Tempat Ibadah", "jumlah_lantai": 1, "footprint_id": 1097, "jarak_meter": 6.85, "jumlah_titik_footprint": 2, "konflik": true }, "geometry": { "type": "LineString", "coordinates": [ [ 105.225222, -5.544209 ], [ 105.225329930227545, -5.544157867614297 ] ] } },
{ "type": "Feature", "properties": { "point_id": 547, "id_bangunan": "SDI-C61-061", "fungsi_bangunan": "Tempat Ibadah", "jumlah_lantai": 1, "footprint_id": 798, "jarak_meter": 10.14, "jumlah_titik_footprint": 3, "konflik": true }, "geometry": { "type": "LineString", "coordinates": [ [ 105.236512, -5.551476 ], [ 105.236423744090288, -5.551617463823638 ] ] } },
{ "type": "Feature", "properties": { "point_id": 548, "id_bangunan": "Blok D (SDI-D21-021)", "fungsi_bangunan": "Tempat Ibadah", "jumlah_lantai": 1, "footprint_id": 225, "jarak_meter": 0.0, "jumlah_titik_footprint": 2, "konflik": true }, "geometry": { "type": "LineString", "coordinates": [ [ 105.244258, -5.555021956 ], [ 105.244340405710005, -5.555010429500729 ] ] } },
{ "type": "Feature", "properties": { "point_id": 549, "id_bangunan": "Blok D (SDI-D116-116)", "fungsi_bangunan": "Tempat Ibadah", "jumlah_lantai": 1, "footprint_id": 172, "jarak_meter": 7.52, "jumlah_titik_footprint": 2, "konflik": true }, "geometry": { "type": "LineString", "coordinates": [ [ 105.242235, -5.558048 ], [ 105.242123277663154, -5.558068601925258 ] ] } },
{ "type": "Feature", "properties": { "point_id": 550, "id_bangunan": "Blok B (SDI-B122-122)", "fungsi_bangunan": "Tempat Ibadah", "jumlah_lantai": 1, "footprint_id": 1212, "jarak_meter": 0.0, "jumlah_titik_footprint": 1, "konflik": false }, "geometry": { "type": "LineString", "coordinates": [ [ 105.229077, -5.546346 ], [ 105.229029905099409, -5.546323447171798 ] ] } },
{ "type": "Feature", "properties": { "point_id": 551, "id_bangunan": "Blok B (SDI-B154-154)", "fungsi_bangunan": "Tempat Ibadah", "jumlah_lantai": 1, "footprint_id": 891, "jarak_meter": 11.85, "jumlah_titik_footprint": 2, "konflik": true }, "geometry": { "type": "LineString", "coordinates": [ [ 105.22878, -5.551355 ], [ 105.228704504881961, -5.551533375887459 ] ] } },
{ "type": "Feature", "properties": { "point_id": 552, "id_bangunan": "SDI-D07-007", "fungsi_bangunan": "Sekolah", "jumlah_lantai": 1, "footprint_id": 406, "jarak_meter": 9.37, "jumlah_titik_footprint": 1, "konflik": false }, "geometry": { "type": "LineString", "coordinates": [ [ 105.2419, -5.55268 ], [ 105.241838888296684, -5.55247339484063 ] ] } },
{ "type": "Feature", "properties": { "point_id": 553, "id_bangunan": "SDI-D09-009", "fungsi_bangunan": "Sekolah", "jumlah_lantai": 1, "footprint_id": 266, "jarak_meter": 7.81, "jumlah_titik_footprint": 2, "konflik": true }, "geometry": { "type": "LineString", "coordinates": [ [ 105.2402, -5.55451 ], [ 105.240252615975862, -5.554604358690763 ] ] } },
{ "type": "Feature", "properties": { "point_id": 554, "id_bangunan": "SDI-C60-060", "fungsi_bangunan": "Sekolah", "jumlah_lantai": 1, "footprint_id": 798, "jarak_meter": 29.57, "jumlah_titik_footprint": 3, "konflik": true }, "geometry": { "type": "LineString", "coordinates": [ [ 105.236695, -5.55143 ], [ 105.236423744090288, -5.551617463823638 ] ] } },
{ "type": "Feature", "properties": { "point_id": 555, "id_bangunan": "BLOK D (SDI-D68-068)", "fungsi_bangunan": "Sekolah", "jumlah_lantai": 1, "footprint_id": 272, "jarak_meter": 0.88, "jumlah_titik_footprint": 2, "konflik": true }, "geometry": { "type": "LineString", "coordinates": [ [ 105.240306, -5.554434 ], [ 105.24032815845834, -5.55436846644679 ] ] } },
{ "type": "Feature", "properties": { "point_id": 556, "id_bangunan": "SD1-B02-002", "fungsi_bangunan": "Fasilitas Kesehatan", "jumlah_lantai": 1, "footprint_id": 501, "jarak_meter": 3.43, "jumlah_titik_footprint": 1, "konflik": false }, "geometry": { "type": "LineString", "coordinates": [ [ 105.229098, -5.547055571 ], [ 105.229015265170844, -5.547084788145843 ] ] } },
{ "type": "Feature", "properties": { "point_id": 557, "id_bangunan": "SDI-B45-045", "fungsi_bangunan": "Fasilitas Kesehatan", "jumlah_lantai": 1, "footprint_id": 502, "jarak_meter": 2.48, "jumlah_titik_footprint": 2, "konflik": true }, "geometry": { "type": "LineString", "coordinates": [ [ 105.228799, -5.547214 ], [ 105.228845364310118, -5.547134934073677 ] ] } },
{ "type": "Feature", "properties": { "point_id": 558, "id_bangunan": "Blok D (SDI-D87-087)", "fungsi_bangunan": "Gedung Sekretariat / Bangunan Komunitas", "jumlah_lantai": 2, "footprint_id": 286, "jarak_meter": 7.24, "jumlah_titik_footprint": 2, "konflik": true }, "geometry": { "type": "LineString", "coordinates": [ [ 105.240851, -5.555206 ], [ 105.240933436936842, -5.555100816986484 ] ] } },
{ "type": "Feature", "properties": { "point_id": 559, "id_bangunan": "SDI-D08-008", "fungsi_bangunan": "Kantor", "jumlah_lantai": 2, "footprint_id": 285, "jarak_meter": 6.8, "jumlah_titik_footprint": 3, "konflik": true }, "geometry": { "type": "LineString", "coordinates": [ [ 105.2409, -5.55533 ], [ 105.241002155653177, -5.555253973420776 ] ] } },
{ "type": "Feature", "properties": { "point_id": 560, "id_bangunan": "Blok C (SDI-C87-087)", "fungsi_bangunan": "Pelayanan Umum", "jumlah_lantai": 1, "footprint_id": 788, "jarak_meter": 4.09, "jumlah_titik_footprint": 1, "konflik": false }, "geometry": { "type": "LineString", "coordinates": [ [ 105.23625, -5.553774 ], [ 105.236085124450298, -5.553899600107706 ] ] } },
{ "type": "Feature", "properties": { "point_id": 561, "id_bangunan": "SDI-A02-002", "fungsi_bangunan": "Gudang", "jumlah_lantai": 1, "footprint_id": 1244, "jarak_meter": 0.0, "jumlah_titik_footprint": 1, "konflik": false }, "geometry": { "type": "LineString", "coordinates": [ [ 105.227677, -5.545188 ], [ 105.227680112502711, -5.545162356500347 ] ] } },
{ "type": "Feature", "properties": { "point_id": 562, "id_bangunan": "SDI-A10-010", "fungsi_bangunan": "Gudang", "jumlah_lantai": 2, "footprint_id": 1181, "jarak_meter": 0.0, "jumlah_titik_footprint": 1, "konflik": false }, "geometry": { "type": "LineString", "coordinates": [ [ 105.226626, -5.544944 ], [ 105.226644709362233, -5.544957661746298 ] ] } },
{ "type": "Feature", "properties": { "point_id": 563, "id_bangunan": "SDI-A22-022", "fungsi_bangunan": "Gudang", "jumlah_lantai": 1, "footprint_id": 1256, "jarak_meter": 0.0, "jumlah_titik_footprint": 1, "konflik": false }, "geometry": { "type": "LineString", "coordinates": [ [ 105.225428, -5.544457 ], [ 105.225406783673947, -5.544447670029327 ] ] } },
{ "type": "Feature", "properties": { "point_id": 564, "id_bangunan": "SDI-A34-034", "fungsi_bangunan": "Gudang", "jumlah_lantai": 1, "footprint_id": 1129, "jarak_meter": 0.0, "jumlah_titik_footprint": 2, "konflik": true }, "geometry": { "type": "LineString", "coordinates": [ [ 105.225135, -5.544379 ], [ 105.225149566656427, -5.544402441982115 ] ] } },
{ "type": "Feature", "properties": { "point_id": 565, "id_bangunan": "SDI-C31-031", "fungsi_bangunan": "Gudang", "jumlah_lantai": 1, "footprint_id": 741, "jarak_meter": 0.0, "jumlah_titik_footprint": 2, "konflik": true }, "geometry": { "type": "LineString", "coordinates": [ [ 105.234653, -5.55156 ], [ 105.234631561829531, -5.551559211037935 ] ] } },
{ "type": "Feature", "properties": { "point_id": 566, "id_bangunan": "SDI-B05-005", "fungsi_bangunan": "Gudang", "jumlah_lantai": 1, "footprint_id": 1043, "jarak_meter": 10.03, "jumlah_titik_footprint": 2, "konflik": true }, "geometry": { "type": "LineString", "coordinates": [ [ 105.232324, -5.550287 ], [ 105.232171260438989, -5.550230319853288 ] ] } },
{ "type": "Feature", "properties": { "point_id": 567, "id_bangunan": "SDI-C43-043", "fungsi_bangunan": "Gudang", "jumlah_lantai": 1, "footprint_id": 836, "jarak_meter": 0.0, "jumlah_titik_footprint": 2, "konflik": true }, "geometry": { "type": "LineString", "coordinates": [ [ 105.237109, -5.552819 ], [ 105.237012041465263, -5.552812434920315 ] ] } },
{ "type": "Feature", "properties": { "point_id": 568, "id_bangunan": "Blok D (SDI-D110-110)", "fungsi_bangunan": "Gudang", "jumlah_lantai": 2, "footprint_id": 176, "jarak_meter": 12.93, "jumlah_titik_footprint": 2, "konflik": true }, "geometry": { "type": "LineString", "coordinates": [ [ 105.242186, -5.55755 ], [ 105.24228328386296, -5.557680653788862 ] ] } },
{ "type": "Feature", "properties": { "point_id": 569, "id_bangunan": "Blok B (SDI-B95-095)", "fungsi_bangunan": "Gudang", "jumlah_lantai": 1, "footprint_id": 977, "jarak_meter": 0.0, "jumlah_titik_footprint": 1, "konflik": false }, "geometry": { "type": "LineString", "coordinates": [ [ 105.232405, -5.550714 ], [ 105.232432277787169, -5.550690398991247 ] ] } },
{ "type": "Feature", "properties": { "point_id": 570, "id_bangunan": "SDI-A95-095", "fungsi_bangunan": "Kandang Ayam", "jumlah_lantai": 1, "footprint_id": 1096, "jarak_meter": 5.46, "jumlah_titik_footprint": 3, "konflik": true }, "geometry": { "type": "LineString", "coordinates": [ [ 105.225124, -5.543884 ], [ 105.225314074215859, -5.54409363233601 ] ] } },
{ "type": "Feature", "properties": { "point_id": 571, "id_bangunan": "Blok A (SDI-A01-064)", "fungsi_bangunan": "Kandang Kambing", "jumlah_lantai": 1, "footprint_id": 1253, "jarak_meter": 1.7, "jumlah_titik_footprint": 1, "konflik": false }, "geometry": { "type": "LineString", "coordinates": [ [ 105.224276, -5.544057 ], [ 105.224338776526224, -5.544054972323132 ] ] } },
{ "type": "Feature", "properties": { "point_id": 572, "id_bangunan": "SDI-A73-073", "fungsi_bangunan": "Kandang Kambing", "jumlah_lantai": 1, "footprint_id": 1062, "jarak_meter": 1.75, "jumlah_titik_footprint": 1, "konflik": false }, "geometry": { "type": "LineString", "coordinates": [ [ 105.227168, -5.546416 ], [ 105.227096965660508, -5.546463228270049 ] ] } },
{ "type": "Feature", "properties": { "point_id": 573, "id_bangunan": "SDI-A74-074", "fungsi_bangunan": "Kandang Kambing", "jumlah_lantai": 1, "footprint_id": 1231, "jarak_meter": 0.0, "jumlah_titik_footprint": 1, "konflik": false }, "geometry": { "type": "LineString", "coordinates": [ [ 105.227039, -5.546595 ], [ 105.227015484237839, -5.546579315084495 ] ] } },
{ "type": "Feature", "properties": { "point_id": 574, "id_bangunan": "SDI-A80-080", "fungsi_bangunan": "Kandang Kambing", "jumlah_lantai": 1, "footprint_id": 1068, "jarak_meter": 9.34, "jumlah_titik_footprint": 1, "konflik": false }, "geometry": { "type": "LineString", "coordinates": [ [ 105.22675, -5.546816 ], [ 105.226632787123293, -5.546822705190943 ] ] } },
{ "type": "Feature", "properties": { "point_id": 575, "id_bangunan": "SDI-A89-089", "fungsi_bangunan": "Kandang Kambing", "jumlah_lantai": 1, "footprint_id": 1103, "jarak_meter": 0.0, "jumlah_titik_footprint": 1, "konflik": false }, "geometry": { "type": "LineString", "coordinates": [ [ 105.225452, -5.544088 ], [ 105.225541681095734, -5.544093713756602 ] ] } },
{ "type": "Feature", "properties": { "point_id": 576, "id_bangunan": "Blok C (SDI-C127-127)", "fungsi_bangunan": "Kandang Kambing", "jumlah_lantai": 1, "footprint_id": 1026, "jarak_meter": 16.78, "jumlah_titik_footprint": 2, "konflik": true }, "geometry": { "type": "LineString", "coordinates": [ [ 105.232483, -5.552738 ], [ 105.232437717896858, -5.552990717542025 ] ] } },
{ "type": "Feature", "properties": { "point_id": 577, "id_bangunan": "Blok C (SDI-C132-132)", "fungsi_bangunan": "Kandang Kambing", "jumlah_lantai": 1, "footprint_id": 1024, "jarak_meter": 4.57, "jumlah_titik_footprint": 1, "konflik": false }, "geometry": { "type": "LineString", "coordinates": [ [ 105.232675, -5.552247 ], [ 105.232783148992709, -5.552257572332157 ] ] } },
{ "type": "Feature", "properties": { "point_id": 578, "id_bangunan": "SDI-C28-028", "fungsi_bangunan": "Kandang Ternak", "jumlah_lantai": 1, "footprint_id": 711, "jarak_meter": 2.01, "jumlah_titik_footprint": 1, "konflik": false }, "geometry": { "type": "LineString", "coordinates": [ [ 105.235213, -5.551462 ], [ 105.235191947140763, -5.551422768791414 ] ] } },
{ "type": "Feature", "properties": { "point_id": 579, "id_bangunan": "SDI-A38-038", "fungsi_bangunan": "Kandang ternak", "jumlah_lantai": 1, "footprint_id": 1169, "jarak_meter": 0.0, "jumlah_titik_footprint": 1, "konflik": false }, "geometry": { "type": "LineString", "coordinates": [ [ 105.224992, -5.544269 ], [ 105.224968491316204, -5.54427376796045 ] ] } },
{ "type": "Feature", "properties": { "point_id": 580, "id_bangunan": "Blok C (SDI-C77-077)", "fungsi_bangunan": "Peternakan", "jumlah_lantai": 1, "footprint_id": 786, "jarak_meter": 0.0, "jumlah_titik_footprint": 1, "konflik": false }, "geometry": { "type": "LineString", "coordinates": [ [ 105.236104, -5.55376 ], [ 105.236033566934836, -5.553725497983653 ] ] } },
{ "type": "Feature", "properties": { "point_id": 581, "id_bangunan": "Blok B (SDI-B108-108)", "fungsi_bangunan": "Pabrik", "jumlah_lantai": 1, "footprint_id": 975, "jarak_meter": 0.0, "jumlah_titik_footprint": 1, "konflik": false }, "geometry": { "type": "LineString", "coordinates": [ [ 105.230707, -5.551989 ], [ 105.230741432822029, -5.551983556779288 ] ] } },
{ "type": "Feature", "properties": { "point_id": 582, "id_bangunan": "Blok A (SDI-A01-063)", "fungsi_bangunan": "Tandon air beton", "jumlah_lantai": 1, "footprint_id": 1163, "jarak_meter": 0.99, "jumlah_titik_footprint": 1, "konflik": false }, "geometry": { "type": "LineString", "coordinates": [ [ 105.224345, -5.544264 ], [ 105.224325937192148, -5.544243208851539 ] ] } },
{ "type": "Feature", "properties": { "point_id": 583, "id_bangunan": "Blok A (SDI-A01-067)", "fungsi_bangunan": "Gazebo", "jumlah_lantai": 1, "footprint_id": 1080, "jarak_meter": 14.81, "jumlah_titik_footprint": 2, "konflik": true }, "geometry": { "type": "LineString", "coordinates": [ [ 105.224268, -5.548091 ], [ 105.22437578013735, -5.54823563531633 ] ] } },
{ "type": "Feature", "properties": { "point_id": 584, "id_bangunan": "SDI-A83-083", "fungsi_bangunan": "Gazebo", "jumlah_lantai": 1, "footprint_id": 1054, "jarak_meter": 17.73, "jumlah_titik_footprint": 1, "konflik": false }, "geometry": { "type": "LineString", "coordinates": [ [ 105.223855, -5.548049 ], [ 105.22375559172437, -5.548204415950114 ] ] } },
{ "type": "Feature", "properties": { "point_id": 585, "id_bangunan": "SDI-A84-084", "fungsi_bangunan": "Gazebo", "jumlah_lantai": 1, "footprint_id": 1055, "jarak_meter": 0.0, "jumlah_titik_footprint": 1, "konflik": false }, "geometry": { "type": "LineString", "coordinates": [ [ 105.223759, -5.548238 ], [ 105.223755407467607, -5.548261860871369 ] ] } },
{ "type": "Feature", "properties": { "point_id": 586, "id_bangunan": "SDI-C62-062", "fungsi_bangunan": "Parkiran motor", "jumlah_lantai": 1, "footprint_id": 817, "jarak_meter": 21.35, "jumlah_titik_footprint": 2, "konflik": true }, "geometry": { "type": "LineString", "coordinates": [ [ 105.236847, -5.55155 ], [ 105.236775085139485, -5.551798138426411 ] ] } },
{ "type": "Feature", "properties": { "point_id": 587, "id_bangunan": "SDI-C51-051", "fungsi_bangunan": "Rumah Kosong Hancur", "jumlah_lantai": 1, "footprint_id": 829, "jarak_meter": 1.39, "jumlah_titik_footprint": 2, "konflik": true }, "geometry": { "type": "LineString", "coordinates": [ [ 105.236773, -5.552244 ], [ 105.236712695681391, -5.552244410638613 ] ] } },
{ "type": "Feature", "properties": { "point_id": 588, "id_bangunan": "SDI-A82-082", "fungsi_bangunan": "Gubuk", "jumlah_lantai": 1, "footprint_id": 1069, "jarak_meter": 68.1, "jumlah_titik_footprint": 2, "konflik": true }, "geometry": { "type": "LineString", "coordinates": [ [ 105.225958, -5.547191 ], [ 105.22657488099496, -5.546892247284489 ] ] } }
]
}
