{
"type": "FeatureCollection",
"name": "titik_expo_tsunami",
"crs": { "type": "name", "properties": { "name": "urn:ogc:def:crs:OGC:1.3:CRS84" } },
"xy_coordinate_resolution": 1e-07,
"features": [
{ "type": "Feature", "properties": { "ID_BGN": "SDI-A85-085", "KELAS": "Rendah", "BLOK": "A", "FUNGSI": "Pondok", "KLS_6": "Hunian", "JML_LNT1": 1, "MAT_DOM": "Pasang Bata", "STR_TAMP": "Rangka Beton Bertulang", "KONDISI": "Baik", "TAXONOMI": "MCF/LFINF/RSH5/RMT6/EWO/CV1/HEX:1", "LUAS_M2": 51.456947682500001, "N_EXP": 258313877.366 }, "geometry": { "type": "Point", "coordinates": [ 105.223883, -5.548431 ] } },
{ "type": "Feature", "properties": { "ID_BGN": "SDI-A01-001", "KELAS": "Rendah", "BLOK": "A", "FUNGSI": "Rumah Tinggal", "KLS_6": "Hunian", "JML_LNT1": 1, "MAT_DOM": "Pasang Bata", "STR_TAMP": "Rangka Beton Bertulang", "KONDISI": "Baik", "TAXONOMI": "MCF/LFM/RSH1/RMT1/EWMA/CV1/HEX:1", "LUAS_M2": 94.951641387400002, "N_EXP": 476657239.76499999 }, "geometry": { "type": "Point", "coordinates": [ 105.227502, -5.545384 ] } },
{ "type": "Feature", "properties": { "ID_BGN": "SDI-C01-001", "KELAS": "Tinggi", "BLOK": "C", "FUNGSI": "Rumah Tinggal", "KLS_6": "Hunian", "JML_LNT1": 2, "MAT_DOM": "Beton Bertulang", "STR_TAMP": "Rangka Beton Bertulang", "KONDISI": "Baik", "TAXONOMI": "MCF/LWAL/RSH3/RMT1+RMT6/EWMA/CV1/HEX:2", "LUAS_M2": 306.94251182599999, "N_EXP": 1679528036.21 }, "geometry": { "type": "Point", "coordinates": [ 105.235376, -5.552167 ] } },
{ "type": "Feature", "properties": { "ID_BGN": "SDI-A03-003", "KELAS": "Tinggi", "BLOK": "A", "FUNGSI": "Rumah Tinggal", "KLS_6": "Hunian", "JML_LNT1": 1, "MAT_DOM": "Pasang Bata", "STR_TAMP": "Rangka Beton Bertulang", "KONDISI": "Sedang", "TAXONOMI": "MCF/LFINF/RSH8/RMT1/EWMA/CV2/HEX:1", "LUAS_M2": 214.75832164299999, "N_EXP": 1078086774.6500001 }, "geometry": { "type": "Point", "coordinates": [ 105.227328, -5.545261 ] } },
{ "type": "Feature", "properties": { "ID_BGN": "SDI-A04-004", "KELAS": "Sedang", "BLOK": "A", "FUNGSI": "Rumah Tinggal", "KLS_6": "Hunian", "JML_LNT1": 1, "MAT_DOM": "Pasang Bata", "STR_TAMP": "Rangka Beton Bertulang", "KONDISI": "Sedang Dibangun", "TAXONOMI": "MCF/LFINF/RSH1/RMT1/EWMA/CV5/HEX:1", "LUAS_M2": 117.04554183, "N_EXP": 587568619.98699999 }, "geometry": { "type": "Point", "coordinates": [ 105.227668, -5.544866 ] } },
{ "type": "Feature", "properties": { "ID_BGN": "SDI-C02-002", "KELAS": "Sedang", "BLOK": "C", "FUNGSI": "Rumah Tinggal", "KLS_6": "Hunian", "JML_LNT1": 1, "MAT_DOM": "Pasang Bata", "STR_TAMP": "Rangka Beton Bertulang", "KONDISI": "Baik", "TAXONOMI": "MCF/LFINF/RSH2/RMT1/EWMA/CV1/HEX:1", "LUAS_M2": 159.38004435900001, "N_EXP": 800087822.68200004 }, "geometry": { "type": "Point", "coordinates": [ 105.235241, -5.552325 ] } },
{ "type": "Feature", "properties": { "ID_BGN": "SDI-C03-003", "KELAS": "Sedang", "BLOK": "C", "FUNGSI": "Rumah Tinggal", "KLS_6": "Hunian", "JML_LNT1": 1, "MAT_DOM": "Pasang Bata", "STR_TAMP": "Rangka Beton Bertulang", "KONDISI": "Baik", "TAXONOMI": "MCF/LFINF/RSH2/RMT2/EWMA/CV1/HEX:1", "LUAS_M2": 129.09510100099999, "N_EXP": 648057407.02499998 }, "geometry": { "type": "Point", "coordinates": [ 105.235181, -5.55244 ] } },
{ "type": "Feature", "properties": { "ID_BGN": "SDI-C05-005", "KELAS": "Tinggi", "BLOK": "C", "FUNGSI": "Rumah Tinggal", "KLS_6": "Hunian", "JML_LNT1": 1, "MAT_DOM": "Pasang Bata", "STR_TAMP": "Rangka Beton Bertulang", "KONDISI": "Baik", "TAXONOMI": "MCF/LFINF/RSH8/RMT1/EWMA/CV1/HEX:1", "LUAS_M2": 199.32677265000001, "N_EXP": 1000620398.7 }, "geometry": { "type": "Point", "coordinates": [ 105.234778, -5.552505 ] } },
{ "type": "Feature", "properties": { "ID_BGN": "SDI-C06-006", "KELAS": "Sedang", "BLOK": "C", "FUNGSI": "Rumah Tinggal", "KLS_6": "Hunian", "JML_LNT1": 1, "MAT_DOM": "Pasang Bata", "STR_TAMP": "Rangka Beton Bertulang", "KONDISI": "Baik", "TAXONOMI": "MCF/LFINF/RSH3/RMT1/EWMA/CV1/HEX:1", "LUAS_M2": 120.08704648600001, "N_EXP": 602836973.36000001 }, "geometry": { "type": "Point", "coordinates": [ 105.234644, -5.552422 ] } },
{ "type": "Feature", "properties": { "ID_BGN": "SDI-A05-005", "KELAS": "Tinggi", "BLOK": "A", "FUNGSI": "Rumah Tinggal", "KLS_6": "Hunian", "JML_LNT1": 1, "MAT_DOM": "Pasang Bata", "STR_TAMP": "Rangka Beton Bertulang", "KONDISI": "Baik", "TAXONOMI": "MCF/LFINF/RSH8/RMT1/EWMA/CV1/HEX:1", "LUAS_M2": 270.87686649599999, "N_EXP": 1359801869.8099999 }, "geometry": { "type": "Point", "coordinates": [ 105.22742, -5.544962 ] } },
{ "type": "Feature", "properties": { "ID_BGN": "SDI-C08-008", "KELAS": "Rendah", "BLOK": "C", "FUNGSI": "Rumah Tinggal", "KLS_6": "Hunian", "JML_LNT1": 1, "MAT_DOM": "Kayu", "STR_TAMP": "Rangka Kayu", "KONDISI": "Baik", "TAXONOMI": "W/LPB/RSH2/RMT1/EWW/CV1/HEX:1", "LUAS_M2": 52.353194029100003, "N_EXP": 262813034.02599999 }, "geometry": { "type": "Point", "coordinates": [ 105.233965, -5.552464 ] } },
{ "type": "Feature", "properties": { "ID_BGN": "SDI-C10-010", "KELAS": "Sedang", "BLOK": "C", "FUNGSI": "Rumah Tinggal", "KLS_6": "Hunian", "JML_LNT1": 1, "MAT_DOM": "Pasang Bata", "STR_TAMP": "Dinding Pemikul", "KONDISI": "Baik", "TAXONOMI": "MUR/LWAL/RSH2/RMT1/EWMA/CV1/HEX:1", "LUAS_M2": 128.74362037899999, "N_EXP": 646292974.30299997 }, "geometry": { "type": "Point", "coordinates": [ 105.234007, -5.552316 ] } },
{ "type": "Feature", "properties": { "ID_BGN": "SDI-C11-011", "KELAS": "Sedang", "BLOK": "C", "FUNGSI": "Rumah Tinggal", "KLS_6": "Hunian", "JML_LNT1": 1, "MAT_DOM": "Pasang Bata", "STR_TAMP": "Rangka Beton Bertulang", "KONDISI": "Baik", "TAXONOMI": "MCF/LFINF/RSH3/RMT1/EWMA/CV1/HEX:1", "LUAS_M2": 128.74362037899999, "N_EXP": 646292974.30299997 }, "geometry": { "type": "Point", "coordinates": [ 105.233947, -5.552238 ] } },
{ "type": "Feature", "properties": { "ID_BGN": "SDI-C12-012", "KELAS": "Sedang", "BLOK": "C", "FUNGSI": "Rumah Tinggal", "KLS_6": "Hunian", "JML_LNT1": 1, "MAT_DOM": "Pasang Bata", "STR_TAMP": "Dinding Pemikul", "KONDISI": "Baik", "TAXONOMI": "MUR/LWAL/RSH2/RMT1/EWMA/CV1/HEX:1", "LUAS_M2": 149.92181163800001, "N_EXP": 752607494.42299998 }, "geometry": { "type": "Point", "coordinates": [ 105.234039, -5.552142 ] } },
{ "type": "Feature", "properties": { "ID_BGN": "SDI-C14-014", "KELAS": "Sedang", "BLOK": "C", "FUNGSI": "Rumah Tinggal", "KLS_6": "Hunian", "JML_LNT1": 1, "MAT_DOM": "Pasang Bata", "STR_TAMP": "Dinding Pemikul", "KONDISI": "Baik", "TAXONOMI": "MUR/LWAL/RSH2/RMT1/EWO/CV1/HEX:1", "LUAS_M2": 137.13831476, "N_EXP": 688434340.09500003 }, "geometry": { "type": "Point", "coordinates": [ 105.233805, -5.55216 ] } },
{ "type": "Feature", "properties": { "ID_BGN": "SDI-C15-015", "KELAS": "Sedang", "BLOK": "C", "FUNGSI": "Rumah Tinggal", "KLS_6": "Hunian", "JML_LNT1": 1, "MAT_DOM": "Pasang Bata", "STR_TAMP": "Rangka Beton Bertulang", "KONDISI": "Baik", "TAXONOMI": "MCF/LFINF/RSH3/RMT1/EWMA/CV1/HEX:1", "LUAS_M2": 147.10641701200001, "N_EXP": 738474213.4 }, "geometry": { "type": "Point", "coordinates": [ 105.23364, -5.552289 ] } },
{ "type": "Feature", "properties": { "ID_BGN": "SDI-A08-008", "KELAS": "Sedang", "BLOK": "A", "FUNGSI": "Rumah Tinggal", "KLS_6": "Hunian", "JML_LNT1": 1, "MAT_DOM": "Pasang Bata", "STR_TAMP": "Rangka Beton Bertulang", "KONDISI": "Sedang", "TAXONOMI": "MCF/LFINF/RSH8/RMT1/EWMA/CV2/HEX:1", "LUAS_M2": 174.47334605500001, "N_EXP": 875856197.19599998 }, "geometry": { "type": "Point", "coordinates": [ 105.227278, -5.544893 ] } },
{ "type": "Feature", "properties": { "ID_BGN": "SDI-A09-009", "KELAS": "Rendah", "BLOK": "A", "FUNGSI": "Rumah Tinggal", "KLS_6": "Hunian", "JML_LNT1": 1, "MAT_DOM": "Campuran", "STR_TAMP": "Rangka Kayu", "KONDISI": "Sedang", "TAXONOMI": "MIX/LFM/RSH2/RMT1/EWO/CV2/HEX:1", "LUAS_M2": 69.341756446900007, "N_EXP": 348095617.36299998 }, "geometry": { "type": "Point", "coordinates": [ 105.224369, -5.548256 ] } },
{ "type": "Feature", "properties": { "ID_BGN": "SDI-A11-011", "KELAS": "Sedang", "BLOK": "A", "FUNGSI": "Rumah Tinggal", "KLS_6": "Hunian", "JML_LNT1": 1, "MAT_DOM": "Pasang Bata", "STR_TAMP": "Rangka Beton Bertulang", "KONDISI": "Sedang", "TAXONOMI": "MCF/LFINF/RSH3/RMT1/EWMA/CV2/HEX:1", "LUAS_M2": 118.283642078, "N_EXP": 593783883.23199999 }, "geometry": { "type": "Point", "coordinates": [ 105.22652, -5.544981 ] } },
{ "type": "Feature", "properties": { "ID_BGN": "SDI-A12-012", "KELAS": "Rendah", "BLOK": "A", "FUNGSI": "Rumah Tinggal", "KLS_6": "Hunian", "JML_LNT1": 2, "MAT_DOM": "Kayu", "STR_TAMP": "Rangka Kayu", "KONDISI": "Sedang", "TAXONOMI": "W/LPB/RSH2/RMT1/EWW/CV2/HEX:2", "LUAS_M2": 100.14464765300001, "N_EXP": 547971483.028 }, "geometry": { "type": "Point", "coordinates": [ 105.226126, -5.544894 ] } },
{ "type": "Feature", "properties": { "ID_BGN": "SDI-A13-013", "KELAS": "Rendah", "BLOK": "A", "FUNGSI": "Rumah Tinggal", "KLS_6": "Hunian", "JML_LNT1": 1, "MAT_DOM": "Pasang Bata", "STR_TAMP": "Campuran", "KONDISI": "Sedang", "TAXONOMI": "MIX/LFINF/RSH8/RMT1/EWMA/CV2/HEX:1", "LUAS_M2": 44.1909798967, "N_EXP": 221838719.081 }, "geometry": { "type": "Point", "coordinates": [ 105.225947, -5.54471 ] } },
{ "type": "Feature", "properties": { "ID_BGN": "SDI-A14-014", "KELAS": "Sedang", "BLOK": "A", "FUNGSI": "Rumah Tinggal", "KLS_6": "Hunian", "JML_LNT1": 1, "MAT_DOM": "Pasang Bata", "STR_TAMP": "Rangka Beton Bertulang", "KONDISI": "Sedang Dibangun", "TAXONOMI": "MCF/LFINF/RSH2/RMT1/EWMA/CV5/HEX:1", "LUAS_M2": 175.181708598, "N_EXP": 879412177.16199994 }, "geometry": { "type": "Point", "coordinates": [ 105.226066, -5.544438 ] } },
{ "type": "Feature", "properties": { "ID_BGN": "SDI-A15-015", "KELAS": "Sedang", "BLOK": "A", "FUNGSI": "Rumah Tinggal", "KLS_6": "Hunian", "JML_LNT1": 1, "MAT_DOM": "Pasang Bata", "STR_TAMP": "Rangka Beton Bertulang", "KONDISI": "Sedang", "TAXONOMI": "MCF/LFINF/RSH2/RMT1/EWMA/CV2/HEX:1", "LUAS_M2": 146.54290352300001, "N_EXP": 735645375.68499994 }, "geometry": { "type": "Point", "coordinates": [ 105.226034, -5.544323 ] } },
{ "type": "Feature", "properties": { "ID_BGN": "SDI-A16-016", "KELAS": "Rendah", "BLOK": "A", "FUNGSI": "Rumah Tinggal", "KLS_6": "Hunian", "JML_LNT1": 1, "MAT_DOM": "Pasang Bata", "STR_TAMP": "Campuran", "KONDISI": "Rusak Ringan", "TAXONOMI": "MCF/LFINF/RSH8/RMT1/EWMA/CV2/HEX:1", "LUAS_M2": 64.169501937700005, "N_EXP": 322130899.727 }, "geometry": { "type": "Point", "coordinates": [ 105.225832, -5.544678 ] } },
{ "type": "Feature", "properties": { "ID_BGN": "SDI-A18-018", "KELAS": "Sedang", "BLOK": "A", "FUNGSI": "Rumah Tinggal", "KLS_6": "Hunian", "JML_LNT1": 1, "MAT_DOM": "Kayu", "STR_TAMP": "Rangka Beton Bertulang", "KONDISI": "Sedang", "TAXONOMI": "MCF/LFINF/RSH8/RMT1/EWO/CV2/HEX:1", "LUAS_M2": 146.54290352300001, "N_EXP": 735645375.68499994 }, "geometry": { "type": "Point", "coordinates": [ 105.225924, -5.544328 ] } },
{ "type": "Feature", "properties": { "ID_BGN": "SDI-A19-019", "KELAS": "Rendah", "BLOK": "A", "FUNGSI": "Rumah Tinggal", "KLS_6": "Hunian", "JML_LNT1": 1, "MAT_DOM": "Pasang Bata", "STR_TAMP": "Rangka Beton Bertulang", "KONDISI": "Sedang Dibangun", "TAXONOMI": "MCF/LFINF/RSH2/RMT1/EWO/CV5/HEX:1", "LUAS_M2": 67.1085575213, "N_EXP": 336884958.75700003 }, "geometry": { "type": "Point", "coordinates": [ 105.225777, -5.54437 ] } },
{ "type": "Feature", "properties": { "ID_BGN": "SDI-A20-020", "KELAS": "Rendah", "BLOK": "A", "FUNGSI": "Rumah Tinggal", "KLS_6": "Hunian", "JML_LNT1": 1, "MAT_DOM": "Pasang Bata", "STR_TAMP": "Rangka Beton Bertulang", "KONDISI": "Baik", "TAXONOMI": "MCF/LFINF/RSH8/RMT1/EWMA/CV1/HEX:1", "LUAS_M2": 93.282719796500004, "N_EXP": 468279253.37800002 }, "geometry": { "type": "Point", "coordinates": [ 105.225538, -5.5446 ] } },
{ "type": "Feature", "properties": { "ID_BGN": "SDI-A21-021", "KELAS": "Rendah", "BLOK": "A", "FUNGSI": "Rumah Tinggal", "KLS_6": "Hunian", "JML_LNT1": 1, "MAT_DOM": "Pasang Bata", "STR_TAMP": "Rangka Beton Bertulang", "KONDISI": "Sedang", "TAXONOMI": "MCF/LFINF/RSH2/RMT1/EWMA/CV2/HEX:1", "LUAS_M2": 94.060263890800002, "N_EXP": 472182524.73199999 }, "geometry": { "type": "Point", "coordinates": [ 105.22541, -5.544549 ] } },
{ "type": "Feature", "properties": { "ID_BGN": "SDI-A23-023", "KELAS": "Rendah", "BLOK": "A", "FUNGSI": "Rumah Tinggal", "KLS_6": "Hunian", "JML_LNT1": 1, "MAT_DOM": "Pasang Bata", "STR_TAMP": "Rangka Beton Bertulang", "KONDISI": "Sedang", "TAXONOMI": "MCF/LFINF/RSH2/RMT1/EWO/CV2/HEX:1", "LUAS_M2": 79.446636092299997, "N_EXP": 398822113.18300003 }, "geometry": { "type": "Point", "coordinates": [ 105.225561, -5.544227 ] } },
{ "type": "Feature", "properties": { "ID_BGN": "SDI-A24-024", "KELAS": "Rendah", "BLOK": "A", "FUNGSI": "Rumah Tinggal", "KLS_6": "Hunian", "JML_LNT1": 1, "MAT_DOM": "Pasang Bata", "STR_TAMP": "Rangka Beton Bertulang", "KONDISI": "Sedang", "TAXONOMI": "MCF/LFINF/RSH8/RMT1/EWMA/CV2/HEX:1", "LUAS_M2": 77.198074061599996, "N_EXP": 387534331.78899997 }, "geometry": { "type": "Point", "coordinates": [ 105.225469, -5.544218 ] } },
{ "type": "Feature", "properties": { "ID_BGN": "SDI-A25-025", "KELAS": "Rendah", "BLOK": "A", "FUNGSI": "Rumah Tinggal", "KLS_6": "Hunian", "JML_LNT1": 1, "MAT_DOM": "Pasang Bata", "STR_TAMP": "Rangka Beton Bertulang", "KONDISI": "Baik", "TAXONOMI": "MCF/LFINF/RSH8/RMT1/EWMA/CV1/HEX:1", "LUAS_M2": 59.148253449000002, "N_EXP": 296924232.31400001 }, "geometry": { "type": "Point", "coordinates": [ 105.225832, -5.54414 ] } },
{ "type": "Feature", "properties": { "ID_BGN": "SDI-C16-016", "KELAS": "Tinggi", "BLOK": "C", "FUNGSI": "Rumah Tinggal", "KLS_6": "Hunian", "JML_LNT1": 1, "MAT_DOM": "Pasang Bata", "STR_TAMP": "Dinding Pemikul", "KONDISI": "Sedang", "TAXONOMI": "MUR/LWAL/RSH2/RMT6/EWMA/CV2/HEX:1", "LUAS_M2": 240.16564759400001, "N_EXP": 1205631550.9200001 }, "geometry": { "type": "Point", "coordinates": [ 105.235186, -5.552183 ] } },
{ "type": "Feature", "properties": { "ID_BGN": "SDI-C18-018", "KELAS": "Tinggi", "BLOK": "C", "FUNGSI": "Rumah Tinggal", "KLS_6": "Hunian", "JML_LNT1": 1, "MAT_DOM": "Beton Bertulang", "STR_TAMP": "Rangka Beton Bertulang", "KONDISI": "Baik", "TAXONOMI": "CR/LFM/RSH3/RMT1/EWMA/CV1/HEX:1", "LUAS_M2": 481.52352290699997, "N_EXP": 2417248084.9899998 }, "geometry": { "type": "Point", "coordinates": [ 105.235302, -5.551936 ] } },
{ "type": "Feature", "properties": { "ID_BGN": "SDI-C19-019", "KELAS": "Sedang", "BLOK": "C", "FUNGSI": "Rumah Tinggal", "KLS_6": "Hunian", "JML_LNT1": 1, "MAT_DOM": "Pasang Bata", "STR_TAMP": "Dinding Pemikul", "KONDISI": "Baik", "TAXONOMI": "MUR/LWAL/RSH8/RMT1/EWMA/CV1/HEX:1", "LUAS_M2": 154.01429017000001, "N_EXP": 773151736.653 }, "geometry": { "type": "Point", "coordinates": [ 105.235496, -5.551662 ] } },
{ "type": "Feature", "properties": { "ID_BGN": "SDI-C20-020", "KELAS": "Sedang", "BLOK": "C", "FUNGSI": "Rumah Tinggal", "KLS_6": "Hunian", "JML_LNT1": 1, "MAT_DOM": "Pasang Bata", "STR_TAMP": "Dinding Pemikul", "KONDISI": "Sedang", "TAXONOMI": "MUR/LWAL/RSH2/RMT2/EWO/CV2/HEX:1", "LUAS_M2": 154.01429017000001, "N_EXP": 773151736.653 }, "geometry": { "type": "Point", "coordinates": [ 105.235473, -5.551723 ] } },
{ "type": "Feature", "properties": { "ID_BGN": "SDI-C21-021", "KELAS": "Sedang", "BLOK": "C", "FUNGSI": "Rumah Tinggal", "KLS_6": "Hunian", "JML_LNT1": 1, "MAT_DOM": "Pasang Bata", "STR_TAMP": "Dinding Pemikul", "KONDISI": "Sedang", "TAXONOMI": "MUR/LWAL/RSH2/RMT1/EWO/CV2/HEX:1", "LUAS_M2": 154.45320471700001, "N_EXP": 775355087.67900002 }, "geometry": { "type": "Point", "coordinates": [ 105.235506, -5.551859 ] } },
{ "type": "Feature", "properties": { "ID_BGN": "SDI-C22-022", "KELAS": "Tinggi", "BLOK": "C", "FUNGSI": "Rumah Tinggal", "KLS_6": "Hunian", "JML_LNT1": 1, "MAT_DOM": "Pasang Bata", "STR_TAMP": "Rangka Beton Bertulang", "KONDISI": "Baik", "TAXONOMI": "MCF/LFINF/RSH8/RMT1/EWMA/CV1/HEX:1", "LUAS_M2": 183.17623540400001, "N_EXP": 919544701.72800004 }, "geometry": { "type": "Point", "coordinates": [ 105.235052, -5.551943 ] } },
{ "type": "Feature", "properties": { "ID_BGN": "SDI-A27-027", "KELAS": "Sedang", "BLOK": "A", "FUNGSI": "Rumah Tinggal", "KLS_6": "Hunian", "JML_LNT1": 1, "MAT_DOM": "Pasang Bata", "STR_TAMP": "Rangka Beton Bertulang", "KONDISI": "Sedang Dibangun", "TAXONOMI": "MCF/LFINF/RSH2/RMT1/EWMA/CV5/HEX:1", "LUAS_M2": 134.492745765, "N_EXP": 675153583.74000001 }, "geometry": { "type": "Point", "coordinates": [ 105.22569, -5.544015 ] } },
{ "type": "Feature", "properties": { "ID_BGN": "SDI-C23-023", "KELAS": "Tinggi", "BLOK": "C", "FUNGSI": "Rumah Tinggal", "KLS_6": "Hunian", "JML_LNT1": 1, "MAT_DOM": "Pasang Bata", "STR_TAMP": "Dinding Pemikul", "KONDISI": "Baik", "TAXONOMI": "MUR/LWAL/RSH8/RMT1/EWMA/CV1/HEX:1", "LUAS_M2": 183.17623540400001, "N_EXP": 919544701.72800004 }, "geometry": { "type": "Point", "coordinates": [ 105.235101, -5.551794 ] } },
{ "type": "Feature", "properties": { "ID_BGN": "SDI-A28-028", "KELAS": "Rendah", "BLOK": "A", "FUNGSI": "Rumah Tinggal", "KLS_6": "Hunian", "JML_LNT1": 1, "MAT_DOM": "Campuran", "STR_TAMP": "Campuran", "KONDISI": "Sedang", "TAXONOMI": "MIX/LFINF/RSH2/RMT1/EWO/CV2/HEX:1", "LUAS_M2": 98.619090557099994, "N_EXP": 495067834.597 }, "geometry": { "type": "Point", "coordinates": [ 105.225635, -5.543914 ] } },
{ "type": "Feature", "properties": { "ID_BGN": "SDI-A29-029", "KELAS": "Rendah", "BLOK": "A", "FUNGSI": "Rumah Tinggal", "KLS_6": "Hunian", "JML_LNT1": 1, "MAT_DOM": "Kayu", "STR_TAMP": "Rangka Kayu", "KONDISI": "Sedang", "TAXONOMI": "W/LFM/RSH2/RMT1/EWW/CV2/HEX:1", "LUAS_M2": 108.522552563, "N_EXP": 544783213.86600006 }, "geometry": { "type": "Point", "coordinates": [ 105.225506, -5.543873 ] } },
{ "type": "Feature", "properties": { "ID_BGN": "SDI-C26-026", "KELAS": "Sedang", "BLOK": "C", "FUNGSI": "Rumah Tinggal", "KLS_6": "Hunian", "JML_LNT1": 1, "MAT_DOM": "Beton Bertulang", "STR_TAMP": "Rangka Beton Bertulang", "KONDISI": "Baik", "TAXONOMI": "CR/LFM/RSH3/RMT1/EWMA/CV1/HEX:1", "LUAS_M2": 158.98818108399999, "N_EXP": 798120669.04200006 }, "geometry": { "type": "Point", "coordinates": [ 105.234873, -5.551848 ] } },
{ "type": "Feature", "properties": { "ID_BGN": "SDI-C27-027", "KELAS": "Tinggi", "BLOK": "C", "FUNGSI": "Rumah Tinggal", "KLS_6": "Hunian", "JML_LNT1": 1, "MAT_DOM": "Pasang Bata", "STR_TAMP": "Dinding Pemikul", "KONDISI": "Sedang", "TAXONOMI": "MUR/LWAL/RSH8/RMT1/EWMA/CV2/HEX:1", "LUAS_M2": 315.451040659, "N_EXP": 1583564224.1099999 }, "geometry": { "type": "Point", "coordinates": [ 105.234928, -5.551633 ] } },
{ "type": "Feature", "properties": { "ID_BGN": "SDI-A31-031", "KELAS": "Rendah", "BLOK": "A", "FUNGSI": "Rumah Tinggal", "KLS_6": "Hunian", "JML_LNT1": 1, "MAT_DOM": "Kayu", "STR_TAMP": "Rangka Kayu", "KONDISI": "Sedang", "TAXONOMI": "W/LPB/RSH8/RMT1/EWW/CV2/HEX:1", "LUAS_M2": 60.436513958, "N_EXP": 303391300.06900001 }, "geometry": { "type": "Point", "coordinates": [ 105.225318, -5.544692 ] } },
{ "type": "Feature", "properties": { "ID_BGN": "SDI-C29-029", "KELAS": "Rendah", "BLOK": "C", "FUNGSI": "Rumah Tinggal", "KLS_6": "Hunian", "JML_LNT1": 1, "MAT_DOM": "Pasang Bata", "STR_TAMP": "Dinding Pemikul", "KONDISI": "Baik", "TAXONOMI": "MUR/LWAL/RSH2/RMT1/EWMA/CV1/HEX:1", "LUAS_M2": 90.890531328799995, "N_EXP": 456270467.27100003 }, "geometry": { "type": "Point", "coordinates": [ 105.235205, -5.551237 ] } },
{ "type": "Feature", "properties": { "ID_BGN": "SDI-A32-032", "KELAS": "Sedang", "BLOK": "A", "FUNGSI": "Rumah Tinggal", "KLS_6": "Hunian", "JML_LNT1": 1, "MAT_DOM": "Pasang Bata", "STR_TAMP": "Rangka Beton Bertulang", "KONDISI": "Baik", "TAXONOMI": "MCF/LFINF/RSH8/RMT1/EWMA/CV1/HEX:1", "LUAS_M2": 132.548500424, "N_EXP": 665393472.12800002 }, "geometry": { "type": "Point", "coordinates": [ 105.225263, -5.544475 ] } },
{ "type": "Feature", "properties": { "ID_BGN": "SDI-A33-033", "KELAS": "Rendah", "BLOK": "A", "FUNGSI": "Rumah Tinggal", "KLS_6": "Hunian", "JML_LNT1": 1, "MAT_DOM": "Pasang Bata", "STR_TAMP": "Rangka Beton Bertulang", "KONDISI": "Sedang", "TAXONOMI": "MCF/LFINF/RSH8/RMT1/EWMA/CV2/HEX:1", "LUAS_M2": 98.572649468500003, "N_EXP": 494834700.33200002 }, "geometry": { "type": "Point", "coordinates": [ 105.225199, -5.544411 ] } },
{ "type": "Feature", "properties": { "ID_BGN": "SDI-B05-005", "KELAS": "Tinggi", "BLOK": "B", "FUNGSI": "Rumah Tinggal", "KLS_6": "Hunian", "JML_LNT1": 1, "MAT_DOM": "Beton Bertulang", "STR_TAMP": "Rangka Beton Bertulang", "KONDISI": "Baik", "TAXONOMI": "MCF/LFM/RSH2/RMT2/EWMA/CV1/HEX:1", "LUAS_M2": 420.26217736000001, "N_EXP": 2109716130.3499999 }, "geometry": { "type": "Point", "coordinates": [ 105.2296822, -5.5490106 ] } },
{ "type": "Feature", "properties": { "ID_BGN": "SDI-A37-037", "KELAS": "Rendah", "BLOK": "A", "FUNGSI": "Rumah Tinggal", "KLS_6": "Hunian", "JML_LNT1": 1, "MAT_DOM": "Pasang Bata", "STR_TAMP": "Rangka Beton Bertulang", "KONDISI": "Sedang", "TAXONOMI": "MCF/LFINF/RSH2/RMT1/EWMA/CV2/HEX:1", "LUAS_M2": 102.547586813, "N_EXP": 514788885.801 }, "geometry": { "type": "Point", "coordinates": [ 105.225263, -5.544043 ] } },
{ "type": "Feature", "properties": { "ID_BGN": "SDI-A39-039", "KELAS": "Rendah", "BLOK": "A", "FUNGSI": "Rumah Tinggal", "KLS_6": "Hunian", "JML_LNT1": 1, "MAT_DOM": "Pasang Bata", "STR_TAMP": "Rangka Beton Bertulang", "KONDISI": "Sedang", "TAXONOMI": "MCF/LFINF/RSH2/RMT1/EWO/CV2/HEX:1", "LUAS_M2": 65.504928308299995, "N_EXP": 328834740.10799998 }, "geometry": { "type": "Point", "coordinates": [ 105.225139, -5.544144 ] } },
{ "type": "Feature", "properties": { "ID_BGN": "SDI-A41-041", "KELAS": "Rendah", "BLOK": "A", "FUNGSI": "Rumah Tinggal", "KLS_6": "Hunian", "JML_LNT1": 1, "MAT_DOM": "Pasang Bata", "STR_TAMP": "Rangka Beton Bertulang", "KONDISI": "Sedang", "TAXONOMI": "MCF/LFINF/RSH2/RMT6/EWO/CV2/HEX:1", "LUAS_M2": 77.074472830600001, "N_EXP": 386913853.61000001 }, "geometry": { "type": "Point", "coordinates": [ 105.224827, -5.544172 ] } },
{ "type": "Feature", "properties": { "ID_BGN": "SDI-C30-030", "KELAS": "Tinggi", "BLOK": "C", "FUNGSI": "Rumah Tinggal", "KLS_6": "Hunian", "JML_LNT1": 1, "MAT_DOM": "Pasang Bata", "STR_TAMP": "Dinding Pemikul", "KONDISI": "Baik", "TAXONOMI": "MUR/LWAL/RSH8/RMT1/EWMA/CV1/HEX:1", "LUAS_M2": 216.244090239, "N_EXP": 1085545333.0 }, "geometry": { "type": "Point", "coordinates": [ 105.234648, -5.551554 ] } },
{ "type": "Feature", "properties": { "ID_BGN": "SDI-A42-042", "KELAS": "Sedang", "BLOK": "A", "FUNGSI": "Rumah Tinggal", "KLS_6": "Hunian", "JML_LNT1": 1, "MAT_DOM": "Pasang Bata", "STR_TAMP": "Rangka Beton Bertulang", "KONDISI": "Baik", "TAXONOMI": "MCF/LFINF/RSH8/RMT1/EWMA/CV1/HEX:1", "LUAS_M2": 133.65940319399999, "N_EXP": 670970204.03400004 }, "geometry": { "type": "Point", "coordinates": [ 105.224923, -5.544039 ] } },
{ "type": "Feature", "properties": { "ID_BGN": "SDI-C32-032", "KELAS": "Sedang", "BLOK": "C", "FUNGSI": "Rumah Tinggal", "KLS_6": "Hunian", "JML_LNT1": 1, "MAT_DOM": "Pasang Bata", "STR_TAMP": "Dinding Pemikul", "KONDISI": "Baik", "TAXONOMI": "MUR/LWAL/RSH8/RMT1/EWMA/CV1/HEX:1", "LUAS_M2": 157.09806404, "N_EXP": 788632281.48099995 }, "geometry": { "type": "Point", "coordinates": [ 105.234667, -5.55145 ] } },
{ "type": "Feature", "properties": { "ID_BGN": "SDI-A43-043", "KELAS": "Tinggi", "BLOK": "A", "FUNGSI": "Rumah Tinggal", "KLS_6": "Hunian", "JML_LNT1": 1, "MAT_DOM": "Pasang Bata", "STR_TAMP": "Rangka Beton Bertulang", "KONDISI": "Baik", "TAXONOMI": "MCF/LFINF/RSH8/RMT1/EWMA/CV1/HEX:1", "LUAS_M2": 210.4470268, "N_EXP": 1056444074.54 }, "geometry": { "type": "Point", "coordinates": [ 105.224602, -5.544269 ] } },
{ "type": "Feature", "properties": { "ID_BGN": "Blok A (SDI-A01-044)", "KELAS": "Rendah", "BLOK": "A", "FUNGSI": "Rumah Tinggal", "KLS_6": "Hunian", "JML_LNT1": 1, "MAT_DOM": "Pasang Bata", "STR_TAMP": "Rangka Beton Bertulang", "KONDISI": "Sedang", "TAXONOMI": "MCF/LFINF/RSH2/RMT1/EWMA/CV2/HEX:1", "LUAS_M2": 92.2566871553, "N_EXP": 463128569.51999998 }, "geometry": { "type": "Point", "coordinates": [ 105.224676, -5.543823 ] } },
{ "type": "Feature", "properties": { "ID_BGN": "Blok A (SDI-A01-045)", "KELAS": "Rendah", "BLOK": "A", "FUNGSI": "Rumah Tinggal", "KLS_6": "Hunian", "JML_LNT1": 1, "MAT_DOM": "Pasang Bata", "STR_TAMP": "Rangka Beton Bertulang", "KONDISI": "Sedang Dibangun", "TAXONOMI": "MCF/LFINF/RSH3/RMT1/EWMA/CV5/HEX:1", "LUAS_M2": 87.904244762700003, "N_EXP": 441279308.70899999 }, "geometry": { "type": "Point", "coordinates": [ 105.224735, -5.543671 ] } },
{ "type": "Feature", "properties": { "ID_BGN": "Blok A (SDI-A01-047)", "KELAS": "Sedang", "BLOK": "A", "FUNGSI": "Rumah Tinggal", "KLS_6": "Hunian", "JML_LNT1": 1, "MAT_DOM": "Kayu", "STR_TAMP": "Rangka Kayu", "KONDISI": "Sedang", "TAXONOMI": "W/LPB/RSH8/RMT6/EWW/CV2/HEX:1", "LUAS_M2": 120.922963569, "N_EXP": 607033277.11600006 }, "geometry": { "type": "Point", "coordinates": [ 105.224543, -5.544062 ] } },
{ "type": "Feature", "properties": { "ID_BGN": "Blok A (SDI-A01-048)", "KELAS": "Sedang", "BLOK": "A", "FUNGSI": "Rumah Tinggal", "KLS_6": "Hunian", "JML_LNT1": 1, "MAT_DOM": "Pasang Bata", "STR_TAMP": "Rangka Beton Bertulang", "KONDISI": "Sedang", "TAXONOMI": "MCF/LFINF/RSH2/RMT1/EWMA/CV2/HEX:1", "LUAS_M2": 126.29763982199999, "N_EXP": 634014151.90600002 }, "geometry": { "type": "Point", "coordinates": [ 105.224478, -5.543708 ] } },
{ "type": "Feature", "properties": { "ID_BGN": "Blok A (SDI-A01-050)", "KELAS": "Rendah", "BLOK": "A", "FUNGSI": "Rumah Tinggal", "KLS_6": "Hunian", "JML_LNT1": 1, "MAT_DOM": "Pasang Bata", "STR_TAMP": "Rangka Beton Bertulang", "KONDISI": "Baik", "TAXONOMI": "MCF/LFINF/RSH8/RMT1+RMT6/EWMA/CV1/HEX:1", "LUAS_M2": 104.10329082600001, "N_EXP": 522598519.94700003 }, "geometry": { "type": "Point", "coordinates": [ 105.224359, -5.543625 ] } },
{ "type": "Feature", "properties": { "ID_BGN": "Blok A (SDI-A01-051)", "KELAS": "Rendah", "BLOK": "A", "FUNGSI": "Rumah Tinggal", "KLS_6": "Hunian", "JML_LNT1": 1, "MAT_DOM": "Pasang Bata", "STR_TAMP": "Rangka Beton Bertulang", "KONDISI": "Baik", "TAXONOMI": "MCF/LFINF/RSH1/RMT1/EWMA/CV1/HEX:1", "LUAS_M2": 79.907510342500004, "N_EXP": 401135701.91900003 }, "geometry": { "type": "Point", "coordinates": [ 105.224331, -5.543721 ] } },
{ "type": "Feature", "properties": { "ID_BGN": "Blok A (SDI-A01-053)", "KELAS": "Rendah", "BLOK": "A", "FUNGSI": "Rumah Tinggal", "KLS_6": "Hunian", "JML_LNT1": 1, "MAT_DOM": "Kayu", "STR_TAMP": "Rangka Kayu", "KONDISI": "Sedang", "TAXONOMI": "W/LPB/RSH2/RMT6/EWW/CV2/HEX:1", "LUAS_M2": 54.915947496599998, "N_EXP": 275678056.43300003 }, "geometry": { "type": "Point", "coordinates": [ 105.224212, -5.543795 ] } },
{ "type": "Feature", "properties": { "ID_BGN": "Blok A (SDI-A01-055)", "KELAS": "Rendah", "BLOK": "A", "FUNGSI": "Rumah Tinggal", "KLS_6": "Hunian", "JML_LNT1": 1, "MAT_DOM": "Pasang Bata", "STR_TAMP": "Rangka Beton Bertulang", "KONDISI": "Sedang", "TAXONOMI": "MCF/LFINF/RSH2/RMT1/EWMA/CV2/HEX:1", "LUAS_M2": 69.517647481599994, "N_EXP": 348978590.35799998 }, "geometry": { "type": "Point", "coordinates": [ 105.223987, -5.543758 ] } },
{ "type": "Feature", "properties": { "ID_BGN": "Blok A (SDI-A01-057)", "KELAS": "Rendah", "BLOK": "A", "FUNGSI": "Rumah Tinggal", "KLS_6": "Hunian", "JML_LNT1": 1, "MAT_DOM": "Kayu", "STR_TAMP": "Rangka Kayu", "KONDISI": "Sedang", "TAXONOMI": "W/LPB/RSH8/RMT6/EWW/CV2/HEX:1", "LUAS_M2": 93.571426925200001, "N_EXP": 469728563.16500002 }, "geometry": { "type": "Point", "coordinates": [ 105.223822, -5.543616 ] } },
{ "type": "Feature", "properties": { "ID_BGN": "Blok A (SDI-A01-058)", "KELAS": "Rendah", "BLOK": "A", "FUNGSI": "Rumah Tinggal", "KLS_6": "Hunian", "JML_LNT1": 1, "MAT_DOM": "Pasang Bata", "STR_TAMP": "Rangka Beton Bertulang", "KONDISI": "Sedang", "TAXONOMI": "MCF/LFINF/RSH2/RMT1/EWMA/CV2/HEX:1", "LUAS_M2": 66.962826642699994, "N_EXP": 336153389.74599999 }, "geometry": { "type": "Point", "coordinates": [ 105.223817, -5.543524 ] } },
{ "type": "Feature", "properties": { "ID_BGN": "Blok A (SDI-A01-062)", "KELAS": "Rendah", "BLOK": "A", "FUNGSI": "Rumah Tinggal", "KLS_6": "Hunian", "JML_LNT1": 1, "MAT_DOM": "Pasang Bata", "STR_TAMP": "Rangka Beton Bertulang", "KONDISI": "Sedang", "TAXONOMI": "MCF/LFINF/RSH2/RMT1/EWMA/CV2/HEX:1", "LUAS_M2": 68.591624286300004, "N_EXP": 344329953.917 }, "geometry": { "type": "Point", "coordinates": [ 105.224492, -5.543836 ] } },
{ "type": "Feature", "properties": { "ID_BGN": "SDI-B01-001", "KELAS": "Sedang", "BLOK": "B", "FUNGSI": "Rumah Tinggal", "KLS_6": "Hunian", "JML_LNT1": 1, "MAT_DOM": "Pasang Bata", "STR_TAMP": "Dinding Pemikul", "KONDISI": "Baik", "TAXONOMI": "MUR/LWAL/RSH8/RMT1/EWMA/CV1/HEX:1", "LUAS_M2": 127.27282497900001, "N_EXP": 638909581.39499998 }, "geometry": { "type": "Point", "coordinates": [ 105.232928, -5.550771 ] } },
{ "type": "Feature", "properties": { "ID_BGN": "SDI-B02-002", "KELAS": "Rendah", "BLOK": "B", "FUNGSI": "Rumah Tinggal", "KLS_6": "Hunian", "JML_LNT1": 1, "MAT_DOM": "Campuran", "STR_TAMP": "Campuran", "KONDISI": "Sedang", "TAXONOMI": "MUR/LWAL/RSH2/RMT2/EWMA/CV2/HEX:1", "LUAS_M2": 106.157310208, "N_EXP": 532909697.24400002 }, "geometry": { "type": "Point", "coordinates": [ 105.230717, -5.550645 ] } },
{ "type": "Feature", "properties": { "ID_BGN": "SDI-B03–003", "KELAS": "Tinggi", "BLOK": "B", "FUNGSI": "Rumah Tinggal", "KLS_6": "Hunian", "JML_LNT1": 1, "MAT_DOM": "Beton Bertulang", "STR_TAMP": "Rangka Beton Bertulang", "KONDISI": "Baik", "TAXONOMI": "MCF/LFM/RSH2/RMT1/EWMA/CV1/HEX:1", "LUAS_M2": 230.310426428, "N_EXP": 1156158340.6700001 }, "geometry": { "type": "Point", "coordinates": [ 105.232818, -5.550967 ] } },
{ "type": "Feature", "properties": { "ID_BGN": "SDI-B04-004", "KELAS": "Tinggi", "BLOK": "B", "FUNGSI": "Rumah Tinggal", "KLS_6": "Hunian", "JML_LNT1": 1, "MAT_DOM": "Beton Bertulang", "STR_TAMP": "Rangka Beton Bertulang", "KONDISI": "Baik", "TAXONOMI": "MCF/LFM/RSH8/RMT1/EWMA/CV1/HEX:1", "LUAS_M2": 545.53944828199997, "N_EXP": 2738608030.3800001 }, "geometry": { "type": "Point", "coordinates": [ 105.232827, -5.5507 ] } },
{ "type": "Feature", "properties": { "ID_BGN": "Blok A (SDI-A01-065)", "KELAS": "Rendah", "BLOK": "A", "FUNGSI": "Rumah Tinggal", "KLS_6": "Hunian", "JML_LNT1": 1, "MAT_DOM": "Kayu", "STR_TAMP": "Rangka Kayu", "KONDISI": "Baik", "TAXONOMI": "W/LPB/RSH2/RMT2/EWW/CV1/HEX:1", "LUAS_M2": 88.368558036400003, "N_EXP": 443610161.34299999 }, "geometry": { "type": "Point", "coordinates": [ 105.222161, -5.543851 ] } },
{ "type": "Feature", "properties": { "ID_BGN": "SDI-B06-006", "KELAS": "Rendah", "BLOK": "B", "FUNGSI": "Rumah Tinggal", "KLS_6": "Hunian", "JML_LNT1": 1, "MAT_DOM": "Kayu", "STR_TAMP": "Rangka Kayu", "KONDISI": "Sedang", "TAXONOMI": "W/LPB/RSH2/RMT2/EWW/CV2/HEX:1", "LUAS_M2": 91.811946011700002, "N_EXP": 460895968.97899997 }, "geometry": { "type": "Point", "coordinates": [ 105.232193, -5.550268 ] } },
{ "type": "Feature", "properties": { "ID_BGN": "SDI-B07-007", "KELAS": "Sedang", "BLOK": "B", "FUNGSI": "Rumah Tinggal", "KLS_6": "Hunian", "JML_LNT1": 1, "MAT_DOM": "Pasang Bata", "STR_TAMP": "Dinding Pemikul", "KONDISI": "Baik", "TAXONOMI": "MUR/LWAL/RSH8/RMT1/EWMA/CV1/HEX:1", "LUAS_M2": 151.65015995900001, "N_EXP": 761283802.99399996 }, "geometry": { "type": "Point", "coordinates": [ 105.232308, -5.550107 ] } },
{ "type": "Feature", "properties": { "ID_BGN": "Blok A (SDI-A01-066)", "KELAS": "Rendah", "BLOK": "A", "FUNGSI": "Rumah Tinggal", "KLS_6": "Hunian", "JML_LNT1": 1, "MAT_DOM": "Kayu", "STR_TAMP": "Rangka Kayu", "KONDISI": "Sedang", "TAXONOMI": "W/LPB/RSH2/RMT6/EWW/CV2/HEX:1", "LUAS_M2": 88.213580585299994, "N_EXP": 442832174.53799999 }, "geometry": { "type": "Point", "coordinates": [ 105.222152, -5.543649 ] } },
{ "type": "Feature", "properties": { "ID_BGN": "SDI-B08-008", "KELAS": "Rendah", "BLOK": "B", "FUNGSI": "Rumah Tinggal", "KLS_6": "Hunian", "JML_LNT1": 1, "MAT_DOM": "Pasang Bata", "STR_TAMP": "Dinding Pemikul", "KONDISI": "Baik", "TAXONOMI": "MUR/LWAL/RSH2/RMT1/EWMA/CV1/HEX:1", "LUAS_M2": 53.218572990699997, "N_EXP": 267157236.41299999 }, "geometry": { "type": "Point", "coordinates": [ 105.231946, -5.55019 ] } },
{ "type": "Feature", "properties": { "ID_BGN": "SDI-B09-009", "KELAS": "Rendah", "BLOK": "B", "FUNGSI": "Rumah Tinggal", "KLS_6": "Hunian", "JML_LNT1": 1, "MAT_DOM": "Pasang Bata", "STR_TAMP": "Dinding Pemikul", "KONDISI": "Baik", "TAXONOMI": "MUR/LWAL/RSH2/RMT1/EWO/CV1/HEX:1", "LUAS_M2": 88.839581954500005, "N_EXP": 445974701.412 }, "geometry": { "type": "Point", "coordinates": [ 105.231803, -5.550052 ] } },
{ "type": "Feature", "properties": { "ID_BGN": "SDI-B10-010", "KELAS": "Sedang", "BLOK": "B", "FUNGSI": "Rumah Tinggal", "KLS_6": "Hunian", "JML_LNT1": 1, "MAT_DOM": "Pasang Bata", "STR_TAMP": "Rangka Beton Bertulang", "KONDISI": "Sedang", "TAXONOMI": "MCF/LWAL/RSH2/RMT1/EWMA/CV2/HEX:1", "LUAS_M2": 172.643323361, "N_EXP": 866669483.27199996 }, "geometry": { "type": "Point", "coordinates": [ 105.232069, -5.549937 ] } },
{ "type": "Feature", "properties": { "ID_BGN": "SDI-B11-011", "KELAS": "Sedang", "BLOK": "B", "FUNGSI": "Rumah Tinggal", "KLS_6": "Hunian", "JML_LNT1": 1, "MAT_DOM": "Pasang Bata", "STR_TAMP": "Dinding Pemikul", "KONDISI": "Baik", "TAXONOMI": "MUR/LWAL/RSH2/RMT1/EWO/CV1/HEX:1", "LUAS_M2": 172.643323361, "N_EXP": 866669483.27199996 }, "geometry": { "type": "Point", "coordinates": [ 105.232184, -5.549873 ] } },
{ "type": "Feature", "properties": { "ID_BGN": "SDI-B12-012", "KELAS": "Tinggi", "BLOK": "B", "FUNGSI": "Rumah Tinggal", "KLS_6": "Hunian", "JML_LNT1": 1, "MAT_DOM": "Pasang Bata", "STR_TAMP": "Dinding Pemikul", "KONDISI": "Sedang", "TAXONOMI": "MUR/LWAL/RSH2/RMT1/EWO/CV2/HEX:1", "LUAS_M2": 233.15814522299999, "N_EXP": 1170453889.02 }, "geometry": { "type": "Point", "coordinates": [ 105.232028, -5.549721 ] } },
{ "type": "Feature", "properties": { "ID_BGN": "SDI-B13-013", "KELAS": "Sedang", "BLOK": "B", "FUNGSI": "Rumah Tinggal", "KLS_6": "Hunian", "JML_LNT1": 1, "MAT_DOM": "Beton Bertulang", "STR_TAMP": "Rangka Beton Bertulang", "KONDISI": "Baik", "TAXONOMI": "MCF/LFM/RSH2/RMT1/EWMA/CV1/HEX:1", "LUAS_M2": 172.643323361, "N_EXP": 866669483.27199996 }, "geometry": { "type": "Point", "coordinates": [ 105.232212, -5.549804 ] } },
{ "type": "Feature", "properties": { "ID_BGN": "SDI-B15-015", "KELAS": "Tinggi", "BLOK": "B", "FUNGSI": "Rumah Tinggal", "KLS_6": "Hunian", "JML_LNT1": 1, "MAT_DOM": "Pasang Bata", "STR_TAMP": "Dinding Pemikul", "KONDISI": "Baik", "TAXONOMI": "MUR/LWAL/RSH2/RMT1/EWMA/CV1/HEX:1", "LUAS_M2": 195.96697291500001, "N_EXP": 983754204.03299999 }, "geometry": { "type": "Point", "coordinates": [ 105.231863, -5.54973 ] } },
{ "type": "Feature", "properties": { "ID_BGN": "SDI-B16-016", "KELAS": "Rendah", "BLOK": "B", "FUNGSI": "Rumah Tinggal", "KLS_6": "Hunian", "JML_LNT1": 1, "MAT_DOM": "Pasang Bata", "STR_TAMP": "Dinding Pemikul", "KONDISI": "Sedang", "TAXONOMI": "MUR/LWAL/RSH2/RMT2/EWMA/CV2/HEX:1", "LUAS_M2": 14.046624872400001, "N_EXP": 70514056.859400004 }, "geometry": { "type": "Point", "coordinates": [ 105.231675, -5.549597 ] } },
{ "type": "Feature", "properties": { "ID_BGN": "SDI-B17-017", "KELAS": "Tinggi", "BLOK": "B", "FUNGSI": "Rumah Tinggal", "KLS_6": "Hunian", "JML_LNT1": 1, "MAT_DOM": "Pasang Bata", "STR_TAMP": "Rangka Beton Bertulang", "KONDISI": "Baik", "TAXONOMI": "MCF/LFINF/RSH2/RMT2/EWMA/CV1/HEX:1", "LUAS_M2": 298.62481328199999, "N_EXP": 1499096562.6800001 }, "geometry": { "type": "Point", "coordinates": [ 105.2315, -5.549482 ] } },
{ "type": "Feature", "properties": { "ID_BGN": "SDI-B18-018", "KELAS": "Rendah", "BLOK": "B", "FUNGSI": "Rumah Tinggal", "KLS_6": "Hunian", "JML_LNT1": 1, "MAT_DOM": "Pasang Bata", "STR_TAMP": "Rangka Beton Bertulang", "KONDISI": "Baik", "TAXONOMI": "MCF/LFINF/RSH2/RMT1/EWMA/CV1/HEX:1", "LUAS_M2": 93.650227330500002, "N_EXP": 470124141.199 }, "geometry": { "type": "Point", "coordinates": [ 105.231152, -5.549436 ] } },
{ "type": "Feature", "properties": { "ID_BGN": "SDI-B19-019", "KELAS": "Rendah", "BLOK": "B", "FUNGSI": "Rumah Tinggal", "KLS_6": "Hunian", "JML_LNT1": 1, "MAT_DOM": "Pasang Bata", "STR_TAMP": "Dinding Pemikul", "KONDISI": "Baik", "TAXONOMI": "MUR/LWAL/RSH2/RMT1+RMT6/EWMA/CV1/HEX:1", "LUAS_M2": 96.603311662799996, "N_EXP": 484948624.54699999 }, "geometry": { "type": "Point", "coordinates": [ 105.231014, -5.549284 ] } },
{ "type": "Feature", "properties": { "ID_BGN": "SDI-B20-020", "KELAS": "Rendah", "BLOK": "B", "FUNGSI": "Rumah Tinggal", "KLS_6": "Hunian", "JML_LNT1": 1, "MAT_DOM": "Pasang Bata", "STR_TAMP": "Dinding Pemikul", "KONDISI": "Baik", "TAXONOMI": "MUR/LWAL/RSH3/RMT1/EWMA/CV1/HEX:1", "LUAS_M2": 102.91603615, "N_EXP": 516638501.47299999 }, "geometry": { "type": "Point", "coordinates": [ 105.231023, -5.548889 ] } },
{ "type": "Feature", "properties": { "ID_BGN": "SDI-B21-021", "KELAS": "Tinggi", "BLOK": "B", "FUNGSI": "Rumah Tinggal", "KLS_6": "Hunian", "JML_LNT1": 1, "MAT_DOM": "Pasang Bata", "STR_TAMP": "Rangka Beton Bertulang", "KONDISI": "Baik", "TAXONOMI": "MCF/LFINF/RSH3/RMT1/EWMA/CV1/HEX:1", "LUAS_M2": 204.756892553, "N_EXP": 1027879600.62 }, "geometry": { "type": "Point", "coordinates": [ 105.230849, -5.548801 ] } },
{ "type": "Feature", "properties": { "ID_BGN": "SDI-B22-022", "KELAS": "Tinggi", "BLOK": "B", "FUNGSI": "Rumah Tinggal", "KLS_6": "Hunian", "JML_LNT1": 1, "MAT_DOM": "Beton Bertulang", "STR_TAMP": "Rangka Beton Bertulang", "KONDISI": "Baik", "TAXONOMI": "MCF/LFINF/RSH3/RMT1/EWMA/CV1/HEX:1", "LUAS_M2": 209.180434289, "N_EXP": 1050085780.13 }, "geometry": { "type": "Point", "coordinates": [ 105.230619, -5.548208 ] } },
{ "type": "Feature", "properties": { "ID_BGN": "SDI-B24-024", "KELAS": "Tidak Terdampak", "BLOK": "B", "FUNGSI": "Rumah Tinggal", "KLS_6": "Hunian", "JML_LNT1": 1, "MAT_DOM": "Pasang Bata", "STR_TAMP": "Dinding Pemikul", "KONDISI": "Baik", "TAXONOMI": "MUR/LWAL/RSH2/RMT1/EWMA/CV1/HEX:1", "LUAS_M2": 0.0, "N_EXP": 0.0 }, "geometry": { "type": "Point", "coordinates": [ 105.230455, -5.548349 ] } },
{ "type": "Feature", "properties": { "ID_BGN": "SDI-B25-025", "KELAS": "Sedang", "BLOK": "B", "FUNGSI": "Rumah Tinggal", "KLS_6": "Hunian", "JML_LNT1": 1, "MAT_DOM": "Pasang Bata", "STR_TAMP": "Dinding Pemikul", "KONDISI": "Baik", "TAXONOMI": "MUR/LWAL/RSH2/RMT6/EWMA/CV1/HEX:1", "LUAS_M2": 162.584629557, "N_EXP": 816174840.37600005 }, "geometry": { "type": "Point", "coordinates": [ 105.230142, -5.548061 ] } },
{ "type": "Feature", "properties": { "ID_BGN": "SDI-B26-026", "KELAS": "Rendah", "BLOK": "B", "FUNGSI": "Rumah Tinggal", "KLS_6": "Hunian", "JML_LNT1": 1, "MAT_DOM": "Kayu", "STR_TAMP": "Rangka Kayu", "KONDISI": "Baik", "TAXONOMI": "W/LPB/RSH2/RMT1/EWW/CV1/HEX:1", "LUAS_M2": 58.6271421366, "N_EXP": 294308253.52600002 }, "geometry": { "type": "Point", "coordinates": [ 105.230174, -5.5479 ] } },
{ "type": "Feature", "properties": { "ID_BGN": "SDI-B27-027", "KELAS": "Tinggi", "BLOK": "B", "FUNGSI": "Rumah Tinggal", "KLS_6": "Hunian", "JML_LNT1": 1, "MAT_DOM": "Pasang Bata", "STR_TAMP": "Rangka Beton Bertulang", "KONDISI": "Baik", "TAXONOMI": "MCF/LFINF/RSH3/RMT1/EWMA/CV1/HEX:1", "LUAS_M2": 212.872204415, "N_EXP": 1068618466.16 }, "geometry": { "type": "Point", "coordinates": [ 105.230619, -5.547569 ] } },
{ "type": "Feature", "properties": { "ID_BGN": "SDI-B28-028", "KELAS": "Tinggi", "BLOK": "B", "FUNGSI": "Rumah Tinggal", "KLS_6": "Hunian", "JML_LNT1": 1, "MAT_DOM": "Pasang Bata", "STR_TAMP": "Rangka Beton Bertulang", "KONDISI": "Baik", "TAXONOMI": "MCF/LFINF/RSH3/RMT1/EWMA/CV1/HEX:1", "LUAS_M2": 369.83868131999998, "N_EXP": 1856590180.23 }, "geometry": { "type": "Point", "coordinates": [ 105.230398, -5.547334 ] } },
{ "type": "Feature", "properties": { "ID_BGN": "SDI-B29-029", "KELAS": "Tinggi", "BLOK": "B", "FUNGSI": "Rumah Tinggal", "KLS_6": "Hunian", "JML_LNT1": 1, "MAT_DOM": "Pasang Bata", "STR_TAMP": "Rangka Beton Bertulang", "KONDISI": "Baik", "TAXONOMI": "MCF/LFINF/RSH3/RMT1/EWMA/CV1/HEX:1", "LUAS_M2": 369.83868131999998, "N_EXP": 1856590180.23 }, "geometry": { "type": "Point", "coordinates": [ 105.230408, -5.54721 ] } },
{ "type": "Feature", "properties": { "ID_BGN": "SDI-B30-030", "KELAS": "Sedang", "BLOK": "B", "FUNGSI": "Rumah Tinggal", "KLS_6": "Hunian", "JML_LNT1": 1, "MAT_DOM": "Pasang Bata", "STR_TAMP": "Dinding Pemikul", "KONDISI": "Baik", "TAXONOMI": "MUR/LWAL/RSH2/RMT1/EWMA/CV1/HEX:1", "LUAS_M2": 122.376229956, "N_EXP": 614328674.37899995 }, "geometry": { "type": "Point", "coordinates": [ 105.230252, -5.547468 ] } },
{ "type": "Feature", "properties": { "ID_BGN": "SDI-B32-032", "KELAS": "Sedang", "BLOK": "B", "FUNGSI": "Rumah Tinggal", "KLS_6": "Hunian", "JML_LNT1": 1, "MAT_DOM": "Kayu", "STR_TAMP": "Rangka Kayu", "KONDISI": "Baik", "TAXONOMI": "W/LPB/RSH2/RMT2/EWW/CV1/HEX:1", "LUAS_M2": 164.25174283000001, "N_EXP": 824543749.00699997 }, "geometry": { "type": "Point", "coordinates": [ 105.22988, -5.54756 ] } },
{ "type": "Feature", "properties": { "ID_BGN": "SDI-B33-033", "KELAS": "Tinggi", "BLOK": "B", "FUNGSI": "Rumah Tinggal", "KLS_6": "Hunian", "JML_LNT1": 1, "MAT_DOM": "Pasang Bata", "STR_TAMP": "Dinding Pemikul", "KONDISI": "Baik", "TAXONOMI": "MUR/LWAL/RSH2/RMT1/EWMA/CV1/HEX:1", "LUAS_M2": 182.5979899, "N_EXP": 916641909.29799998 }, "geometry": { "type": "Point", "coordinates": [ 105.230151, -5.547275 ] } },
{ "type": "Feature", "properties": { "ID_BGN": "SDI-B34-034", "KELAS": "Sedang", "BLOK": "B", "FUNGSI": "Rumah Tinggal", "KLS_6": "Hunian", "JML_LNT1": 1, "MAT_DOM": "Pasang Bata", "STR_TAMP": "Dinding Pemikul", "KONDISI": "Baik", "TAXONOMI": "MUR/LWAL/RSH2/RMT2/EWMA/CV1/HEX:1", "LUAS_M2": 115.76374452, "N_EXP": 581133997.49000001 }, "geometry": { "type": "Point", "coordinates": [ 105.229898, -5.547261 ] } },
{ "type": "Feature", "properties": { "ID_BGN": "SDI-B38-038", "KELAS": "Tinggi", "BLOK": "B", "FUNGSI": "Rumah Tinggal", "KLS_6": "Hunian", "JML_LNT1": 1, "MAT_DOM": "Pasang Bata", "STR_TAMP": "Rangka Beton Bertulang", "KONDISI": "Baik", "TAXONOMI": "MUR/LWAL/RSH2/RMT2/EWMA/CV1/HEX:1", "LUAS_M2": 348.14622710399999, "N_EXP": 1747694060.0599999 }, "geometry": { "type": "Point", "coordinates": [ 105.229749, -5.547103 ] } },
{ "type": "Feature", "properties": { "ID_BGN": "SDI-B36-036", "KELAS": "Sedang", "BLOK": "B", "FUNGSI": "Rumah Tinggal", "KLS_6": "Hunian", "JML_LNT1": 1, "MAT_DOM": "Pasang Bata", "STR_TAMP": "Rangka Beton Bertulang", "KONDISI": "Baik", "TAXONOMI": "MCF/LFINF/RSH3/RMT1/EWMA/CV1/HEX:1", "LUAS_M2": 120.956886836, "N_EXP": 607203571.91700006 }, "geometry": { "type": "Point", "coordinates": [ 105.229536, -5.547335 ] } },
{ "type": "Feature", "properties": { "ID_BGN": "SDI-B39-039", "KELAS": "Sedang", "BLOK": "B", "FUNGSI": "Rumah Tinggal", "KLS_6": "Hunian", "JML_LNT1": 1, "MAT_DOM": "Pasang Bata", "STR_TAMP": "Rangka Beton Bertulang", "KONDISI": "Baik", "TAXONOMI": "MCF/LFINF/RSH3/RMT1/EWMA/CV1/HEX:1", "LUAS_M2": 124.492022518, "N_EXP": 624949953.03999996 }, "geometry": { "type": "Point", "coordinates": [ 105.22938, -5.547385 ] } },
{ "type": "Feature", "properties": { "ID_BGN": "SDIB40-040", "KELAS": "Rendah", "BLOK": "B", "FUNGSI": "Rumah Tinggal", "KLS_6": "Hunian", "JML_LNT1": 2, "MAT_DOM": "Pasang Bata", "STR_TAMP": "Rangka Beton Bertulang", "KONDISI": "Baik", "TAXONOMI": "MCF/LFINF/RSH2/RMT2/EWMA/CV1/HEX:2", "LUAS_M2": 86.349822298299998, "N_EXP": 472488957.65200001 }, "geometry": { "type": "Point", "coordinates": [ 105.229224, -5.547404 ] } },
{ "type": "Feature", "properties": { "ID_BGN": "SDI-B43-043", "KELAS": "Rendah", "BLOK": "B", "FUNGSI": "Rumah Tinggal", "KLS_6": "Hunian", "JML_LNT1": 1, "MAT_DOM": "Pasang Bata", "STR_TAMP": "Rangka Beton Bertulang", "KONDISI": "Sedang", "TAXONOMI": "MCF/LFINF/RSH3/RMT1/EWMA/CV2/HEX:1", "LUAS_M2": 12.6397370388, "N_EXP": 63451479.934799999 }, "geometry": { "type": "Point", "coordinates": [ 105.229164, -5.547018 ] } },
{ "type": "Feature", "properties": { "ID_BGN": "SDI-B46-046", "KELAS": "Tinggi", "BLOK": "B", "FUNGSI": "Rumah Tinggal", "KLS_6": "Hunian", "JML_LNT1": 1, "MAT_DOM": "Pasang Bata", "STR_TAMP": "Dinding Pemikul", "KONDISI": "Sedang", "TAXONOMI": "MUR/LWAL/RSH3/RMT1/EWMA/CV2/HEX:1", "LUAS_M2": 273.80313907700003, "N_EXP": 1374491758.1700001 }, "geometry": { "type": "Point", "coordinates": [ 105.228921, -5.547202 ] } },
{ "type": "Feature", "properties": { "ID_BGN": "SDI-B48-048", "KELAS": "Tinggi", "BLOK": "B", "FUNGSI": "Rumah Tinggal", "KLS_6": "Hunian", "JML_LNT1": 1, "MAT_DOM": "Pasang Bata", "STR_TAMP": "Rangka Beton Bertulang", "KONDISI": "Baik", "TAXONOMI": "MCF/LFINF/RSH3/RMT1/EWMA/CV1/HEX:1", "LUAS_M2": 246.36861611399999, "N_EXP": 1236770452.8900001 }, "geometry": { "type": "Point", "coordinates": [ 105.229219, -5.547583 ] } },
{ "type": "Feature", "properties": { "ID_BGN": "SDI-B49-049", "KELAS": "Tinggi", "BLOK": "B", "FUNGSI": "Rumah Tinggal", "KLS_6": "Hunian", "JML_LNT1": 1, "MAT_DOM": "Pasang Bata", "STR_TAMP": "Dinding Pemikul", "KONDISI": "Baik", "TAXONOMI": "MUR/LWAL/RSH2/RMT1/EWMA/CV1/HEX:1", "LUAS_M2": 186.49037787899999, "N_EXP": 936181696.95299995 }, "geometry": { "type": "Point", "coordinates": [ 105.228956, -5.54758 ] } },
{ "type": "Feature", "properties": { "ID_BGN": "SDI-B50-050", "KELAS": "Tinggi", "BLOK": "B", "FUNGSI": "Rumah Tinggal", "KLS_6": "Hunian", "JML_LNT1": 1, "MAT_DOM": "Pasang Bata", "STR_TAMP": "Dinding Pemikul", "KONDISI": "Baik", "TAXONOMI": "MUR/LWAL/RSH3/RMT1/EWMA/CV1/HEX:1", "LUAS_M2": 192.41277381800001, "N_EXP": 965912124.56599998 }, "geometry": { "type": "Point", "coordinates": [ 105.229284, -5.547588 ] } },
{ "type": "Feature", "properties": { "ID_BGN": "SDI-B51-051", "KELAS": "Tinggi", "BLOK": "B", "FUNGSI": "Rumah Tinggal", "KLS_6": "Hunian", "JML_LNT1": 1, "MAT_DOM": "Pasang Bata", "STR_TAMP": "Rangka Beton Bertulang", "KONDISI": "Baik", "TAXONOMI": "MCF/LFINF/RSH3/RMT1/EWMA/CV1/HEX:1", "LUAS_M2": 192.41277381800001, "N_EXP": 965912124.56599998 }, "geometry": { "type": "Point", "coordinates": [ 105.228996, -5.547832 ] } },
{ "type": "Feature", "properties": { "ID_BGN": "SDI-B52-052", "KELAS": "Sedang", "BLOK": "B", "FUNGSI": "Rumah Tinggal", "KLS_6": "Hunian", "JML_LNT1": 1, "MAT_DOM": "Pasang Bata", "STR_TAMP": "Dinding Pemikul", "KONDISI": "Baik", "TAXONOMI": "MUR/LWAL/RSH3/RMT1/EWMA/CV1/HEX:1", "LUAS_M2": 129.369952759, "N_EXP": 649437162.85000002 }, "geometry": { "type": "Point", "coordinates": [ 105.229004, -5.547896 ] } },
{ "type": "Feature", "properties": { "ID_BGN": "SDI-B53-053", "KELAS": "Tinggi", "BLOK": "B", "FUNGSI": "Rumah Tinggal", "KLS_6": "Hunian", "JML_LNT1": 1, "MAT_DOM": "Kayu", "STR_TAMP": "Rangka Kayu", "KONDISI": "Baik", "TAXONOMI": "W/LPB/RSH2/RMT1/EWW/CV1/HEX:1", "LUAS_M2": 217.584564715, "N_EXP": 1092274514.8699999 }, "geometry": { "type": "Point", "coordinates": [ 105.228903, -5.548117 ] } },
{ "type": "Feature", "properties": { "ID_BGN": "SDI-B54-054", "KELAS": "Sedang", "BLOK": "B", "FUNGSI": "Rumah Tinggal", "KLS_6": "Hunian", "JML_LNT1": 1, "MAT_DOM": "Pasang Bata", "STR_TAMP": "Rangka Beton Bertulang", "KONDISI": "Baik", "TAXONOMI": "MCF/LFINF/RSH3/RMT1/EWMA/CV1/HEX:1", "LUAS_M2": 117.158166446, "N_EXP": 588133995.55900002 }, "geometry": { "type": "Point", "coordinates": [ 105.229119, -5.548098 ] } },
{ "type": "Feature", "properties": { "ID_BGN": "SDI-B55-055", "KELAS": "Rendah", "BLOK": "B", "FUNGSI": "Rumah Tinggal", "KLS_6": "Hunian", "JML_LNT1": 1, "MAT_DOM": "Pasang Bata", "STR_TAMP": "Dinding Pemikul", "KONDISI": "Baik", "TAXONOMI": "MUR/LWAL/RSH2/RMT2/EWMA/CV1/HEX:1", "LUAS_M2": 100.14352512799999, "N_EXP": 502720496.14300001 }, "geometry": { "type": "Point", "coordinates": [ 105.22938, -5.547974 ] } },
{ "type": "Feature", "properties": { "ID_BGN": "SDI-B57-057", "KELAS": "Tinggi", "BLOK": "B", "FUNGSI": "Rumah Tinggal", "KLS_6": "Hunian", "JML_LNT1": 1, "MAT_DOM": "Pasang Bata", "STR_TAMP": "Rangka Beton Bertulang", "KONDISI": "Sedang", "TAXONOMI": "MCF/LFINF/RSH2/RMT1/EWMA/CV2/HEX:1", "LUAS_M2": 205.46769353100001, "N_EXP": 1031447821.53 }, "geometry": { "type": "Point", "coordinates": [ 105.229435, -5.548084 ] } },
{ "type": "Feature", "properties": { "ID_BGN": "SDI-B58-058", "KELAS": "Tinggi", "BLOK": "B", "FUNGSI": "Rumah Tinggal", "KLS_6": "Hunian", "JML_LNT1": 1, "MAT_DOM": "Pasang Bata", "STR_TAMP": "Dinding Pemikul", "KONDISI": "Sedang", "TAXONOMI": "MUR/LWAL/RSH3/RMT1/EWMA/CV2/HEX:1", "LUAS_M2": 205.46769353100001, "N_EXP": 1031447821.53 }, "geometry": { "type": "Point", "coordinates": [ 105.22921, -5.54825 ] } },
{ "type": "Feature", "properties": { "ID_BGN": "SDI-B60-060", "KELAS": "Sedang", "BLOK": "B", "FUNGSI": "Rumah Tinggal", "KLS_6": "Hunian", "JML_LNT1": 1, "MAT_DOM": "Pasang Bata", "STR_TAMP": "Rangka Beton Bertulang", "KONDISI": "Baik", "TAXONOMI": "MCF/LFINF/RSH3/RMT1/EWMA/CV1/HEX:1", "LUAS_M2": 164.787967369, "N_EXP": 827235596.19200003 }, "geometry": { "type": "Point", "coordinates": [ 105.229486, -5.548204 ] } },
{ "type": "Feature", "properties": { "ID_BGN": "SDI-B61-061", "KELAS": "Tidak Terdampak", "BLOK": "B", "FUNGSI": "Rumah Tinggal", "KLS_6": "Hunian", "JML_LNT1": 1, "MAT_DOM": "Pasang Bata", "STR_TAMP": "Dinding Pemikul", "KONDISI": "Baik", "TAXONOMI": "MUR/LWAL/RSH2/RMT1/EWMA/CV1/HEX:1", "LUAS_M2": 0.0, "N_EXP": 0.0 }, "geometry": { "type": "Point", "coordinates": [ 105.229252, -5.548434 ] } },
{ "type": "Feature", "properties": { "ID_BGN": "SDI-B63-063", "KELAS": "Tinggi", "BLOK": "B", "FUNGSI": "Rumah Tinggal", "KLS_6": "Hunian", "JML_LNT1": 1, "MAT_DOM": "Pasang Bata", "STR_TAMP": "Dinding Pemikul", "KONDISI": "Baik", "TAXONOMI": "MUR/LWAL/RSH2/RMT1/EWMA/CV1/HEX:1", "LUAS_M2": 236.78384401, "N_EXP": 1188654896.9300001 }, "geometry": { "type": "Point", "coordinates": [ 105.229302, -5.548613 ] } },
{ "type": "Feature", "properties": { "ID_BGN": "SDI-B64-064", "KELAS": "Rendah", "BLOK": "B", "FUNGSI": "Rumah Tinggal", "KLS_6": "Hunian", "JML_LNT1": 1, "MAT_DOM": "Pasang Bata", "STR_TAMP": "Rangka Beton Bertulang", "KONDISI": "Baik", "TAXONOMI": "MCF/LFINF/RSH3/RMT1/EWMA/CV1/HEX:1", "LUAS_M2": 57.5269317837, "N_EXP": 288785197.55400002 }, "geometry": { "type": "Point", "coordinates": [ 105.229779, -5.548696 ] } },
{ "type": "Feature", "properties": { "ID_BGN": "SDI-B65-065", "KELAS": "Tinggi", "BLOK": "B", "FUNGSI": "Rumah Tinggal", "KLS_6": "Hunian", "JML_LNT1": 1, "MAT_DOM": "Pasang Bata", "STR_TAMP": "Dinding Pemikul", "KONDISI": "Baik", "TAXONOMI": "MUR/LWAL/RSH2/RMT1/EWMA/CV1/HEX:1", "LUAS_M2": 183.90237659600001, "N_EXP": 923189930.51199996 }, "geometry": { "type": "Point", "coordinates": [ 105.22944, -5.548843 ] } },
{ "type": "Feature", "properties": { "ID_BGN": "SDI-B66-066", "KELAS": "Tinggi", "BLOK": "B", "FUNGSI": "Rumah Tinggal", "KLS_6": "Hunian", "JML_LNT1": 1, "MAT_DOM": "Pasang Bata", "STR_TAMP": "Rangka Beton Bertulang", "KONDISI": "Baik", "TAXONOMI": "MCF/LFINF/RSH3/RMT1/EWMA/CV1/HEX:1", "LUAS_M2": 420.26217736000001, "N_EXP": 2109716130.3499999 }, "geometry": { "type": "Point", "coordinates": [ 105.229825, -5.548816 ] } },
{ "type": "Feature", "properties": { "ID_BGN": "SDI-B67-067", "KELAS": "Sedang", "BLOK": "B", "FUNGSI": "Rumah Tinggal", "KLS_6": "Hunian", "JML_LNT1": 1, "MAT_DOM": "Pasang Bata", "STR_TAMP": "Rangka Beton Bertulang", "KONDISI": "Baik", "TAXONOMI": "MCF/LFINF/RSH2/RMT2/EWMA/CV1/HEX:1", "LUAS_M2": 166.325319912, "N_EXP": 834953105.95799994 }, "geometry": { "type": "Point", "coordinates": [ 105.2295, -5.549023 ] } },
{ "type": "Feature", "properties": { "ID_BGN": "SDI-B70-070", "KELAS": "Sedang", "BLOK": "B", "FUNGSI": "Rumah Tinggal", "KLS_6": "Hunian", "JML_LNT1": 1, "MAT_DOM": "Pasang Bata", "STR_TAMP": "Rangka Beton Bertulang", "KONDISI": "Baik", "TAXONOMI": "MCF/LFINF/RSH3/RMT1/EWMA/CV1/HEX:1", "LUAS_M2": 156.55526865600001, "N_EXP": 785907448.653 }, "geometry": { "type": "Point", "coordinates": [ 105.229949, -5.54917 ] } },
{ "type": "Feature", "properties": { "ID_BGN": "SDI-B71-071", "KELAS": "Sedang", "BLOK": "B", "FUNGSI": "Rumah Tinggal", "KLS_6": "Hunian", "JML_LNT1": 1, "MAT_DOM": "Pasang Bata", "STR_TAMP": "Rangka Beton Bertulang", "KONDISI": "Baik", "TAXONOMI": "MCF/LFINF/RSH3/RMT1/EWMA/CV1/HEX:1", "LUAS_M2": 148.449206355, "N_EXP": 745215015.90199995 }, "geometry": { "type": "Point", "coordinates": [ 105.230027, -5.549266 ] } },
{ "type": "Feature", "properties": { "ID_BGN": "SDI-B72-072", "KELAS": "Sedang", "BLOK": "B", "FUNGSI": "Rumah Tinggal", "KLS_6": "Hunian", "JML_LNT1": 1, "MAT_DOM": "Pasang Bata", "STR_TAMP": "Rangka Beton Bertulang", "KONDISI": "Baik", "TAXONOMI": "MCF/LFINF/RSH3/RMT1/EWMA/CV1/HEX:1", "LUAS_M2": 167.237822892, "N_EXP": 839533870.91799998 }, "geometry": { "type": "Point", "coordinates": [ 105.230257, -5.549473 ] } },
{ "type": "Feature", "properties": { "ID_BGN": "SDI-C04-004", "KELAS": "Sedang", "BLOK": "C", "FUNGSI": "Rumah Tinggal", "KLS_6": "Hunian", "JML_LNT1": 1, "MAT_DOM": "Pasang Bata", "STR_TAMP": "Dinding Pemikul", "KONDISI": "Baik", "TAXONOMI": "MUR/LWAL/RSH2/RMT1/EWMA/CV1/HEX:1", "LUAS_M2": 120.011527243, "N_EXP": 602457866.76 }, "geometry": { "type": "Point", "coordinates": [ 105.235085, -5.552495 ] } },
{ "type": "Feature", "properties": { "ID_BGN": "SDI-A06-006", "KELAS": "Sedang", "BLOK": "A", "FUNGSI": "Rumah Tinggal", "KLS_6": "Hunian", "JML_LNT1": 1, "MAT_DOM": "Pasang Bata", "STR_TAMP": "Rangka Beton Bertulang", "KONDISI": "Sedang", "TAXONOMI": "MCF/LFINF/RSH8/RMT1/EWMA/CV2/HEX:1", "LUAS_M2": 136.24721961099999, "N_EXP": 683961042.44700003 }, "geometry": { "type": "Point", "coordinates": [ 105.227342, -5.544949 ] } },
{ "type": "Feature", "properties": { "ID_BGN": "SDI-C09-009", "KELAS": "Tinggi", "BLOK": "C", "FUNGSI": "Rumah Tinggal", "KLS_6": "Hunian", "JML_LNT1": 1, "MAT_DOM": "Pasang Bata", "STR_TAMP": "Rangka Beton Bertulang", "KONDISI": "Baik", "TAXONOMI": "MCF/LFINF/RSH3/RMT1/EWMA/CV1/HEX:1", "LUAS_M2": 209.63755678699999, "N_EXP": 1052380535.0700001 }, "geometry": { "type": "Point", "coordinates": [ 105.233915, -5.552436 ] } },
{ "type": "Feature", "properties": { "ID_BGN": "SDI-C13-013", "KELAS": "Rendah", "BLOK": "C", "FUNGSI": "Rumah Tinggal", "KLS_6": "Hunian", "JML_LNT1": 1, "MAT_DOM": "Kayu", "STR_TAMP": "Rangka Kayu", "KONDISI": "Baik", "TAXONOMI": "W/LPB/RSH2/RMT2/EWW/CV1/HEX:1", "LUAS_M2": 74.684877785799998, "N_EXP": 374918086.48500001 }, "geometry": { "type": "Point", "coordinates": [ 105.234126, -5.552146 ] } },
{ "type": "Feature", "properties": { "ID_BGN": "SDI-C17-017", "KELAS": "Tinggi", "BLOK": "C", "FUNGSI": "Rumah Tinggal", "KLS_6": "Hunian", "JML_LNT1": 1, "MAT_DOM": "Pasang Bata", "STR_TAMP": "Dinding Pemikul", "KONDISI": "Baik", "TAXONOMI": "MUR/LWAL/RSH2/RMT1/EWMA/CV1/HEX:1", "LUAS_M2": 240.16564759400001, "N_EXP": 1205631550.9200001 }, "geometry": { "type": "Point", "coordinates": [ 105.235113, -5.552094 ] } },
{ "type": "Feature", "properties": { "ID_BGN": "SDI-A26-026", "KELAS": "Rendah", "BLOK": "A", "FUNGSI": "Rumah Tinggal", "KLS_6": "Hunian", "JML_LNT1": 1, "MAT_DOM": "Pasang Bata", "STR_TAMP": "Rangka Beton Bertulang", "KONDISI": "Baik", "TAXONOMI": "MCF/LFINF/RSH2/RMT1/EWMA/CV1/HEX:1", "LUAS_M2": 83.297300487399994, "N_EXP": 418152448.44700003 }, "geometry": { "type": "Point", "coordinates": [ 105.225772, -5.544094 ] } },
{ "type": "Feature", "properties": { "ID_BGN": "SDI-C24-024", "KELAS": "Tinggi", "BLOK": "C", "FUNGSI": "Rumah Tinggal", "KLS_6": "Hunian", "JML_LNT1": 1, "MAT_DOM": "Pasang Bata", "STR_TAMP": "Dinding Pemikul", "KONDISI": "Baik", "TAXONOMI": "MUR/LWAL/RSH8/RMT1/EWMA/CV1/HEX:1", "LUAS_M2": 315.451040659, "N_EXP": 1583564224.1099999 }, "geometry": { "type": "Point", "coordinates": [ 105.235092, -5.551743 ] } },
{ "type": "Feature", "properties": { "ID_BGN": "SDI-A30-030", "KELAS": "Rendah", "BLOK": "A", "FUNGSI": "Rumah Tinggal", "KLS_6": "Hunian", "JML_LNT1": 1, "MAT_DOM": "Kayu", "STR_TAMP": "Rangka Kayu", "KONDISI": "Sedang", "TAXONOMI": "W/LPB/RSH8/RMT1/EWW/CV2/HEX:1", "LUAS_M2": 77.198074061599996, "N_EXP": 387534331.78899997 }, "geometry": { "type": "Point", "coordinates": [ 105.225424, -5.544213 ] } },
{ "type": "Feature", "properties": { "ID_BGN": "SDI-A01-035", "KELAS": "Rendah", "BLOK": "A", "FUNGSI": "Rumah Tinggal", "KLS_6": "Hunian", "JML_LNT1": 1, "MAT_DOM": "Pasang Bata", "STR_TAMP": "Rangka Beton Bertulang", "KONDISI": "Sedang", "TAXONOMI": "MCF/LFINF/RSH2/RMT1/EWMA/CV2/HEX:1", "LUAS_M2": 75.719988264899996, "N_EXP": 380114341.08999997 }, "geometry": { "type": "Point", "coordinates": [ 105.225323, -5.544176 ] } },
{ "type": "Feature", "properties": { "ID_BGN": "Blok A (SDI-A01-046)", "KELAS": "Rendah", "BLOK": "A", "FUNGSI": "Rumah Tinggal", "KLS_6": "Hunian", "JML_LNT1": 1, "MAT_DOM": "Kayu", "STR_TAMP": "Rangka Kayu", "KONDISI": "Rusak Ringan", "TAXONOMI": "W/LPB/RSH2/RMT1/EWW/CV2/HEX:1", "LUAS_M2": 39.570292883400001, "N_EXP": 198642870.27500001 }, "geometry": { "type": "Point", "coordinates": [ 105.224694, -5.543629 ] } },
{ "type": "Feature", "properties": { "ID_BGN": "Blok A (SDI-A01-049)", "KELAS": "Rendah", "BLOK": "A", "FUNGSI": "Rumah Tinggal", "KLS_6": "Hunian", "JML_LNT1": 1, "MAT_DOM": "Pasang Bata", "STR_TAMP": "Rangka Beton Bertulang", "KONDISI": "Baik", "TAXONOMI": "MCF/LFINF/RSH2/RMT1/EWMA/CV1/HEX:1", "LUAS_M2": 76.7326985296, "N_EXP": 385198146.61900002 }, "geometry": { "type": "Point", "coordinates": [ 105.224451, -5.543583 ] } },
{ "type": "Feature", "properties": { "ID_BGN": "Blok A (SDI-A01-052)", "KELAS": "Rendah", "BLOK": "A", "FUNGSI": "Rumah Tinggal", "KLS_6": "Hunian", "JML_LNT1": 1, "MAT_DOM": "Pasang Bata", "STR_TAMP": "Rangka Beton Bertulang", "KONDISI": "Baik", "TAXONOMI": "MCF/LFINF/RSH8/RMT1/EWMA/CV1/HEX:1", "LUAS_M2": 114.07026593499999, "N_EXP": 572632734.99399996 }, "geometry": { "type": "Point", "coordinates": [ 105.224253, -5.543639 ] } },
{ "type": "Feature", "properties": { "ID_BGN": "Blok A (SDI-A01-054)", "KELAS": "Sedang", "BLOK": "A", "FUNGSI": "Rumah Tinggal", "KLS_6": "Hunian", "JML_LNT1": 1, "MAT_DOM": "Pasang Bata", "STR_TAMP": "Rangka Beton Bertulang", "KONDISI": "Baik", "TAXONOMI": "MCF/LFINF/RSH2/RMT1/EWMA/CV1/HEX:1", "LUAS_M2": 124.096310858, "N_EXP": 622963480.50699997 }, "geometry": { "type": "Point", "coordinates": [ 105.224134, -5.543731 ] } },
{ "type": "Feature", "properties": { "ID_BGN": "Blok A (SDI-A01-056)", "KELAS": "Rendah", "BLOK": "A", "FUNGSI": "Rumah Tinggal", "KLS_6": "Hunian", "JML_LNT1": 1, "MAT_DOM": "Kayu", "STR_TAMP": "Rangka Kayu", "KONDISI": "Sedang", "TAXONOMI": "W/LPB/RSH2/RMT1/EWW/CV2/HEX:1", "LUAS_M2": 63.228423219200003, "N_EXP": 317406684.56 }, "geometry": { "type": "Point", "coordinates": [ 105.223877, -5.543726 ] } },
{ "type": "Feature", "properties": { "ID_BGN": "Blok A (SDI-A01-059)", "KELAS": "Rendah", "BLOK": "A", "FUNGSI": "Rumah Tinggal", "KLS_6": "Hunian", "JML_LNT1": 1, "MAT_DOM": "Kayu", "STR_TAMP": "Rangka Kayu", "KONDISI": "Sedang", "TAXONOMI": "W/LPB/RSH2/RMT6/EWW/CV2/HEX:1", "LUAS_M2": 47.132489702100003, "N_EXP": 236605098.30500001 }, "geometry": { "type": "Point", "coordinates": [ 105.223694, -5.543556 ] } },
{ "type": "Feature", "properties": { "ID_BGN": "Blok A (SDI-A01-060)", "KELAS": "Rendah", "BLOK": "A", "FUNGSI": "Rumah Tinggal", "KLS_6": "Hunian", "JML_LNT1": 1, "MAT_DOM": "Kayu", "STR_TAMP": "Rangka Kayu", "KONDISI": "Sedang", "TAXONOMI": "W/LPB/RSH2/RMT6/EWW/CV2/HEX:1", "LUAS_M2": 54.915947496599998, "N_EXP": 275678056.43300003 }, "geometry": { "type": "Point", "coordinates": [ 105.224203, -5.543855 ] } },
{ "type": "Feature", "properties": { "ID_BGN": "Blok A (SDI-A01-061)", "KELAS": "Rendah", "BLOK": "A", "FUNGSI": "Rumah Tinggal", "KLS_6": "Hunian", "JML_LNT1": 1, "MAT_DOM": "Pasang Bata", "STR_TAMP": "Rangka Beton Bertulang", "KONDISI": "Sedang", "TAXONOMI": "MCF/LFINF/RSH2/RMT1/EWO/CV2/HEX:1", "LUAS_M2": 110.873958292, "N_EXP": 556587270.62600005 }, "geometry": { "type": "Point", "coordinates": [ 105.224313, -5.543846 ] } },
{ "type": "Feature", "properties": { "ID_BGN": "SDI-B14-014", "KELAS": "Tinggi", "BLOK": "B", "FUNGSI": "Rumah Tinggal", "KLS_6": "Hunian", "JML_LNT1": 1, "MAT_DOM": "Pasang Bata", "STR_TAMP": "Dinding Pemikul", "KONDISI": "Sedang Dibangun", "TAXONOMI": "MUR/LWAL/RSH5/RMT2/EWMA/CV5/HEX:1", "LUAS_M2": 181.35979566500001, "N_EXP": 910426174.23800004 }, "geometry": { "type": "Point", "coordinates": [ 105.232244, -5.549762 ] } },
{ "type": "Feature", "properties": { "ID_BGN": "SDI-17-017", "KELAS": "Tidak Terdampak", "BLOK": "B", "FUNGSI": "Rumah Tinggal", "KLS_6": "Hunian", "JML_LNT1": 1, "MAT_DOM": "Beton Bertulang", "STR_TAMP": "Rangka Beton Bertulang", "KONDISI": "Sedang", "TAXONOMI": "MCF/LFM/RSH2/RMT1/EWMA/CV2/HEX:1", "LUAS_M2": 0.0, "N_EXP": 0.0 }, "geometry": { "type": "Point", "coordinates": [ 105.2315, -5.599482 ] } },
{ "type": "Feature", "properties": { "ID_BGN": "SDI-B31-031", "KELAS": "Tinggi", "BLOK": "B", "FUNGSI": "Rumah Tinggal", "KLS_6": "Hunian", "JML_LNT1": 1, "MAT_DOM": "Pasang Bata", "STR_TAMP": "Dinding Pemikul", "KONDISI": "Baik", "TAXONOMI": "MUR/LWAL/RSH3/RMT1/EWMA/CV1/HEX:1", "LUAS_M2": 182.5979899, "N_EXP": 916641909.29799998 }, "geometry": { "type": "Point", "coordinates": [ 105.230192, -5.547339 ] } },
{ "type": "Feature", "properties": { "ID_BGN": "SDI-B41-041", "KELAS": "Sedang", "BLOK": "B", "FUNGSI": "Rumah Tinggal", "KLS_6": "Hunian", "JML_LNT1": 1, "MAT_DOM": "Pasang Bata", "STR_TAMP": "Dinding Pemikul", "KONDISI": "Sedang", "TAXONOMI": "MUR/LWAL/RSH2/RMT2/EWMA/CV2/HEX:1", "LUAS_M2": 173.41455339199999, "N_EXP": 870541058.028 }, "geometry": { "type": "Point", "coordinates": [ 105.229334, -5.547427 ] } },
{ "type": "Feature", "properties": { "ID_BGN": "SDI-B47-047", "KELAS": "Tinggi", "BLOK": "B", "FUNGSI": "Rumah Tinggal", "KLS_6": "Hunian", "JML_LNT1": 1, "MAT_DOM": "Pasang Bata", "STR_TAMP": "Dinding Pemikul", "KONDISI": "Baik", "TAXONOMI": "MUR/LWAL/RSH2/RMT1/EWMA/CV1/HEX:1", "LUAS_M2": 186.49037787899999, "N_EXP": 936181696.95299995 }, "geometry": { "type": "Point", "coordinates": [ 105.229219, -5.547459 ] } },
{ "type": "Feature", "properties": { "ID_BGN": "SDI-B56-056", "KELAS": "Rendah", "BLOK": "B", "FUNGSI": "Rumah Tinggal", "KLS_6": "Hunian", "JML_LNT1": 1, "MAT_DOM": "Pasang Bata", "STR_TAMP": "Dinding Pemikul", "KONDISI": "Baik", "TAXONOMI": "MUR/LWAL/RSH3/RMT1/EWMA/CV1/HEX:1", "LUAS_M2": 93.712653046699998, "N_EXP": 470437518.29400003 }, "geometry": { "type": "Point", "coordinates": [ 105.229141, -5.54819 ] } },
{ "type": "Feature", "properties": { "ID_BGN": "SDI-B59-059", "KELAS": "Rendah", "BLOK": "B", "FUNGSI": "Rumah Tinggal", "KLS_6": "Hunian", "JML_LNT1": 1, "MAT_DOM": "Pasang Bata", "STR_TAMP": "Dinding Pemikul", "KONDISI": "Baik", "TAXONOMI": "MUR/LWAL/RSH3/RMT1/EWMA/CV1/HEX:1", "LUAS_M2": 93.712653046699998, "N_EXP": 470437518.29400003 }, "geometry": { "type": "Point", "coordinates": [ 105.229174, -5.548333 ] } },
{ "type": "Feature", "properties": { "ID_BGN": "SDI-B62-062", "KELAS": "Sedang", "BLOK": "B", "FUNGSI": "Rumah Tinggal", "KLS_6": "Hunian", "JML_LNT1": 1, "MAT_DOM": "Pasang Bata", "STR_TAMP": "Rangka Beton Bertulang", "KONDISI": "Baik", "TAXONOMI": "MCF/LFINF/RSH3/RMT1/EWMA/CV1/HEX:1", "LUAS_M2": 114.365483399, "N_EXP": 574114726.66299999 }, "geometry": { "type": "Point", "coordinates": [ 105.229513, -5.548319 ] } },
{ "type": "Feature", "properties": { "ID_BGN": "SDI-B68-068", "KELAS": "Tinggi", "BLOK": "B", "FUNGSI": "Rumah Tinggal", "KLS_6": "Hunian", "JML_LNT1": 1, "MAT_DOM": "Pasang Bata", "STR_TAMP": "Rangka Beton Bertulang", "KONDISI": "Baik", "TAXONOMI": "MCF/LFINF/RSH3/RMT1/EWMA/CV1/HEX:1", "LUAS_M2": 420.26217736000001, "N_EXP": 2109716130.3499999 }, "geometry": { "type": "Point", "coordinates": [ 105.22983, -5.548871 ] } },
{ "type": "Feature", "properties": { "ID_BGN": "SDI-B69-069", "KELAS": "Tinggi", "BLOK": "B", "FUNGSI": "Rumah Tinggal", "KLS_6": "Hunian", "JML_LNT1": 1, "MAT_DOM": "Pasang Bata", "STR_TAMP": "Rangka Beton Bertulang", "KONDISI": "Baik", "TAXONOMI": "MCF/LFINF/RSH2/RMT6/EWMA/CV1/HEX:1", "LUAS_M2": 204.32345500900001, "N_EXP": 1025703744.15 }, "geometry": { "type": "Point", "coordinates": [ 105.229568, -5.549046 ] } },
{ "type": "Feature", "properties": { "ID_BGN": "SDI-B73-073", "KELAS": "Sedang", "BLOK": "B", "FUNGSI": "Rumah Tinggal", "KLS_6": "Hunian", "JML_LNT1": 1, "MAT_DOM": "Pasang Bata", "STR_TAMP": "Rangka Beton Bertulang", "KONDISI": "Baik", "TAXONOMI": "MCF/LFINF/RSH3/RMT1/EWMA/CV1/HEX:1", "LUAS_M2": 162.299154749, "N_EXP": 814741756.84000003 }, "geometry": { "type": "Point", "coordinates": [ 105.230216, -5.549694 ] } },
{ "type": "Feature", "properties": { "ID_BGN": "SDI-B74-074", "KELAS": "Rendah", "BLOK": "B", "FUNGSI": "Rumah Tinggal", "KLS_6": "Hunian", "JML_LNT1": 1, "MAT_DOM": "Pasang Bata", "STR_TAMP": "Rangka Beton Bertulang", "KONDISI": "Baik", "TAXONOMI": "MCF/LFINF/RSH3/RMT1/EWMA/CV1/HEX:1", "LUAS_M2": 32.894654566, "N_EXP": 165131165.921 }, "geometry": { "type": "Point", "coordinates": [ 105.230124, -5.55003 ] } },
{ "type": "Feature", "properties": { "ID_BGN": "SDI-B75-075", "KELAS": "Tinggi", "BLOK": "B", "FUNGSI": "Rumah Tinggal", "KLS_6": "Hunian", "JML_LNT1": 1, "MAT_DOM": "Pasang Bata", "STR_TAMP": "Dinding Pemikul", "KONDISI": "Baik", "TAXONOMI": "MUR/LWAL/RSH2/RMT2/EWMA/CV1/HEX:1", "LUAS_M2": 183.28820110300001, "N_EXP": 920106769.53699994 }, "geometry": { "type": "Point", "coordinates": [ 105.230372, -5.549896 ] } },
{ "type": "Feature", "properties": { "ID_BGN": "SDI-B76-076", "KELAS": "Sedang", "BLOK": "B", "FUNGSI": "Rumah Tinggal", "KLS_6": "Hunian", "JML_LNT1": 1, "MAT_DOM": "Pasang Bata", "STR_TAMP": "Rangka Beton Bertulang", "KONDISI": "Baik", "TAXONOMI": "MCF/LFINF/RSH3/RMT1/EWMA/CV1/HEX:1", "LUAS_M2": 162.41129332200001, "N_EXP": 815304692.47599995 }, "geometry": { "type": "Point", "coordinates": [ 105.230193, -5.550168 ] } },
{ "type": "Feature", "properties": { "ID_BGN": "SDI-B77-077", "KELAS": "Tinggi", "BLOK": "B", "FUNGSI": "Rumah Tinggal", "KLS_6": "Hunian", "JML_LNT1": 1, "MAT_DOM": "Pasang Bata", "STR_TAMP": "Rangka Beton Bertulang", "KONDISI": "Baik", "TAXONOMI": "MCF/LFINF/RSH3/RMT1/EWMA/CV1/HEX:1", "LUAS_M2": 197.46733317100001, "N_EXP": 991286012.51800001 }, "geometry": { "type": "Point", "coordinates": [ 105.230156, -5.550444 ] } },
{ "type": "Feature", "properties": { "ID_BGN": "SDI-B78-078", "KELAS": "Tinggi", "BLOK": "B", "FUNGSI": "Rumah Tinggal", "KLS_6": "Hunian", "JML_LNT1": 1, "MAT_DOM": "Pasang Bata", "STR_TAMP": "Rangka Beton Bertulang", "KONDISI": "Baik", "TAXONOMI": "MCF/LFINF/RSH3/RMT1/EWMA/CV1/HEX:1", "LUAS_M2": 255.10848018900001, "N_EXP": 1280644570.55 }, "geometry": { "type": "Point", "coordinates": [ 105.230587, -5.550103 ] } },
{ "type": "Feature", "properties": { "ID_BGN": "SDI-B80-080", "KELAS": "Tinggi", "BLOK": "B", "FUNGSI": "Rumah Tinggal", "KLS_6": "Hunian", "JML_LNT1": 1, "MAT_DOM": "Pasang Bata", "STR_TAMP": "Rangka Beton Bertulang", "KONDISI": "Baik", "TAXONOMI": "MCF/LFINF/RSH2/RMT1/EWMA/CV1/HEX:1", "LUAS_M2": 232.71885386400001, "N_EXP": 1168248646.4000001 }, "geometry": { "type": "Point", "coordinates": [ 105.230372, -5.550338 ] } },
{ "type": "Feature", "properties": { "ID_BGN": "SDI-B81-081", "KELAS": "Rendah", "BLOK": "B", "FUNGSI": "Rumah Tinggal", "KLS_6": "Hunian", "JML_LNT1": 1, "MAT_DOM": "Beton Bertulang", "STR_TAMP": "Rangka Beton Bertulang", "KONDISI": "Baik", "TAXONOMI": "MCF/LFINF/RSH2/RMT1+RMT6/EWMA/CV1/HEX:1", "LUAS_M2": 106.157310208, "N_EXP": 532909697.24400002 }, "geometry": { "type": "Point", "coordinates": [ 105.230542, -5.550531 ] } },
{ "type": "Feature", "properties": { "ID_BGN": "SDI-B83-083", "KELAS": "Tinggi", "BLOK": "B", "FUNGSI": "Rumah Tinggal", "KLS_6": "Hunian", "JML_LNT1": 1, "MAT_DOM": "Pasang Bata", "STR_TAMP": "Rangka Beton Bertulang", "KONDISI": "Baik", "TAXONOMI": "MUR/LWAL/RSH2/RMT1/EWMA/CV1/HEX:1", "LUAS_M2": 189.55022647499999, "N_EXP": 951542136.90400004 }, "geometry": { "type": "Point", "coordinates": [ 105.230895, -5.550443 ] } },
{ "type": "Feature", "properties": { "ID_BGN": "SDI-B84-084", "KELAS": "Tinggi", "BLOK": "B", "FUNGSI": "Rumah Tinggal", "KLS_6": "Hunian", "JML_LNT1": 1, "MAT_DOM": "Pasang Bata", "STR_TAMP": "Rangka Beton Bertulang", "KONDISI": "Baik", "TAXONOMI": "MCF/LFINF/RSH3/RMT1/EWMA/CV1/HEX:1", "LUAS_M2": 247.773469785, "N_EXP": 1243822818.3199999 }, "geometry": { "type": "Point", "coordinates": [ 105.23073, -5.55088 ] } },
{ "type": "Feature", "properties": { "ID_BGN": "SDI-B85-085", "KELAS": "Rendah", "BLOK": "B", "FUNGSI": "Rumah Tinggal", "KLS_6": "Hunian", "JML_LNT1": 1, "MAT_DOM": "Pasang Bata", "STR_TAMP": "Dinding Pemikul", "KONDISI": "Baik", "TAXONOMI": "MUR/LFINF/RSH2/RMT2/EWMA/CV1/HEX:1", "LUAS_M2": 69.719669548499994, "N_EXP": 349992741.13300002 }, "geometry": { "type": "Point", "coordinates": [ 105.231088, -5.550696 ] } },
{ "type": "Feature", "properties": { "ID_BGN": "SDI-B86-086", "KELAS": "Tinggi", "BLOK": "B", "FUNGSI": "Rumah Tinggal", "KLS_6": "Hunian", "JML_LNT1": 1, "MAT_DOM": "Pasang Bata", "STR_TAMP": "Dinding Pemikul", "KONDISI": "Baik", "TAXONOMI": "MUR/LWAL/RSH2/RMT2/EWMA/CV1/HEX:1", "LUAS_M2": 227.61175810399999, "N_EXP": 1142611025.6800001 }, "geometry": { "type": "Point", "coordinates": [ 105.230955, -5.5506 ] } },
{ "type": "Feature", "properties": { "ID_BGN": "SDI-B87-087", "KELAS": "Sedang", "BLOK": "B", "FUNGSI": "Rumah Tinggal", "KLS_6": "Hunian", "JML_LNT1": 1, "MAT_DOM": "Pasang Bata", "STR_TAMP": "Dinding Pemikul", "KONDISI": "Baik", "TAXONOMI": "MUR/LWAL/RSH2/RMT1/EWMA/CV1/HEX:1", "LUAS_M2": 165.191503896, "N_EXP": 829261349.55799997 }, "geometry": { "type": "Point", "coordinates": [ 105.231152, -5.55088 ] } },
{ "type": "Feature", "properties": { "ID_BGN": "SDI-B89-089", "KELAS": "Tinggi", "BLOK": "B", "FUNGSI": "Rumah Tinggal", "KLS_6": "Hunian", "JML_LNT1": 1, "MAT_DOM": "Pasang Bata", "STR_TAMP": "Dinding Pemikul", "KONDISI": "Baik", "TAXONOMI": "MUR/LWAL/RSH3/RMT1/EWMA/CV1/HEX:1", "LUAS_M2": 345.30165204100001, "N_EXP": 1733414293.25 }, "geometry": { "type": "Point", "coordinates": [ 105.231189, -5.55105 ] } },
{ "type": "Feature", "properties": { "ID_BGN": "SDI-B90-090", "KELAS": "Tinggi", "BLOK": "B", "FUNGSI": "Rumah Tinggal", "KLS_6": "Hunian", "JML_LNT1": 1, "MAT_DOM": "Beton Bertulang", "STR_TAMP": "Rangka Beton Bertulang", "KONDISI": "Baik", "TAXONOMI": "MCF/LFINF/RSH2/RMT2/EWMA/CV1/HEX:1", "LUAS_M2": 185.938636855, "N_EXP": 933411957.01199996 }, "geometry": { "type": "Point", "coordinates": [ 105.231001, -5.551156 ] } },
{ "type": "Feature", "properties": { "ID_BGN": "SDI-B91-091", "KELAS": "Tinggi", "BLOK": "B", "FUNGSI": "Rumah Tinggal", "KLS_6": "Hunian", "JML_LNT1": 1, "MAT_DOM": "Pasang Bata", "STR_TAMP": "Rangka Beton Bertulang", "KONDISI": "Baik", "TAXONOMI": "MCF/LFINF/RSH2/RMT2/EWMA/CV1/HEX:1", "LUAS_M2": 308.94989458399999, "N_EXP": 1550928470.8099999 }, "geometry": { "type": "Point", "coordinates": [ 105.230891, -5.551073 ] } },
{ "type": "Feature", "properties": { "ID_BGN": "SDI-B93-093", "KELAS": "Tinggi", "BLOK": "B", "FUNGSI": "Rumah Tinggal", "KLS_6": "Hunian", "JML_LNT1": 1, "MAT_DOM": "Pasang Bata", "STR_TAMP": "Rangka Beton Bertulang", "KONDISI": "Baik", "TAXONOMI": "MCF/LFINF/RSH2/RMT1/EWMA/CV1/HEX:1", "LUAS_M2": 228.01692093400001, "N_EXP": 1247662987.97 }, "geometry": { "type": "Point", "coordinates": [ 105.231376, -5.551174 ] } },
{ "type": "Feature", "properties": { "ID_BGN": "SDI-B94-094", "KELAS": "Sedang", "BLOK": "B", "FUNGSI": "Rumah Tinggal", "KLS_6": "Hunian", "JML_LNT1": 2, "MAT_DOM": "Pasang Bata", "STR_TAMP": "Rangka Beton Bertulang", "KONDISI": "Baik", "TAXONOMI": "MCF/LFINF/RSH3/RMT6/EWMA/CV1/HEX:2", "LUAS_M2": 168.15526621500001, "N_EXP": 844139436.39900005 }, "geometry": { "type": "Point", "coordinates": [ 105.23145, -5.551312 ] } },
{ "type": "Feature", "properties": { "ID_BGN": "SDI-C34-034", "KELAS": "Sedang", "BLOK": "C", "FUNGSI": "Rumah Tinggal", "KLS_6": "Hunian", "JML_LNT1": 1, "MAT_DOM": "Pasang Bata", "STR_TAMP": "Dinding Pemikul", "KONDISI": "Sedang", "TAXONOMI": "MUR/LWAL/RSH8/RMT1/EWMA/CV2/HEX:1", "LUAS_M2": 143.929101207, "N_EXP": 722524088.05900002 }, "geometry": { "type": "Point", "coordinates": [ 105.237164, -5.553458 ] } },
{ "type": "Feature", "properties": { "ID_BGN": "SDI-C35-035", "KELAS": "Sedang", "BLOK": "C", "FUNGSI": "Rumah Tinggal", "KLS_6": "Hunian", "JML_LNT1": 1, "MAT_DOM": "Pasang Bata", "STR_TAMP": "Rangka Beton Bertulang", "KONDISI": "Sedang", "TAXONOMI": "MCF/LFINF/RSH2/RMT1/EWMA/CV2/HEX:1", "LUAS_M2": 128.554795318, "N_EXP": 645345072.49600005 }, "geometry": { "type": "Point", "coordinates": [ 105.237265, -5.553348 ] } },
{ "type": "Feature", "properties": { "ID_BGN": "SDI-C36-036", "KELAS": "Sedang", "BLOK": "C", "FUNGSI": "Rumah Tinggal", "KLS_6": "Hunian", "JML_LNT1": 1, "MAT_DOM": "Pasang Bata", "STR_TAMP": "Rangka Beton Bertulang", "KONDISI": "Sedang", "TAXONOMI": "MCF/LFINF/RSH2/RMT1/EWMA/CV2/HEX:1", "LUAS_M2": 180.92954953500001, "N_EXP": 908266338.66600001 }, "geometry": { "type": "Point", "coordinates": [ 105.237494, -5.553357 ] } },
{ "type": "Feature", "properties": { "ID_BGN": "SDI-C37-037", "KELAS": "Sedang", "BLOK": "C", "FUNGSI": "Rumah Tinggal", "KLS_6": "Hunian", "JML_LNT1": 1, "MAT_DOM": "Pasang Bata", "STR_TAMP": "Rangka Beton Bertulang", "KONDISI": "Sedang Dibangun", "TAXONOMI": "MCF/LFINF/RSH8/RMT1/EWMA/CV5/HEX:1", "LUAS_M2": 133.08857729100001, "N_EXP": 668104658.00100005 }, "geometry": { "type": "Point", "coordinates": [ 105.237384, -5.553196 ] } },
{ "type": "Feature", "properties": { "ID_BGN": "SDI-C39-039", "KELAS": "Rendah", "BLOK": "C", "FUNGSI": "Rumah Tinggal", "KLS_6": "Hunian", "JML_LNT1": 1, "MAT_DOM": "Pasang Bata", "STR_TAMP": "Rangka Beton Bertulang", "KONDISI": "Sedang", "TAXONOMI": "MCF/LFINF/RSH8/RMT1/EWMA/CV2/HEX:1", "LUAS_M2": 109.67606305, "N_EXP": 550573836.51100004 }, "geometry": { "type": "Point", "coordinates": [ 105.237233, -5.553077 ] } },
{ "type": "Feature", "properties": { "ID_BGN": "SDI-C40-040", "KELAS": "Tinggi", "BLOK": "C", "FUNGSI": "Rumah Tinggal", "KLS_6": "Hunian", "JML_LNT1": 1, "MAT_DOM": "Pasang Bata", "STR_TAMP": "Rangka Beton Bertulang", "KONDISI": "Sedang", "TAXONOMI": "MCF/LFINF/RSH2/RMT1/EWO/CV2/HEX:1", "LUAS_M2": 220.950610017, "N_EXP": 1109172062.29 }, "geometry": { "type": "Point", "coordinates": [ 105.237499, -5.552929 ] } },
{ "type": "Feature", "properties": { "ID_BGN": "SDI-C41-041", "KELAS": "Tinggi", "BLOK": "C", "FUNGSI": "Rumah Tinggal", "KLS_6": "Hunian", "JML_LNT1": 1, "MAT_DOM": "Pasang Bata", "STR_TAMP": "Rangka Beton Bertulang", "KONDISI": "Sedang", "TAXONOMI": "MCF/LFINF/RSH2/RMT1/EWO/CV2/HEX:1", "LUAS_M2": 319.52991270799998, "N_EXP": 1604040161.79 }, "geometry": { "type": "Point", "coordinates": [ 105.237549, -5.553007 ] } },
{ "type": "Feature", "properties": { "ID_BGN": "SDI-C42-042", "KELAS": "Tinggi", "BLOK": "C", "FUNGSI": "Rumah Tinggal", "KLS_6": "Hunian", "JML_LNT1": 1, "MAT_DOM": "Pasang Bata", "STR_TAMP": "Rangka Beton Bertulang", "KONDISI": "Baik", "TAXONOMI": "MCF/LFINF/RSH8/RMT1/EWO/CV1/HEX:1", "LUAS_M2": 208.89192002300001, "N_EXP": 1048637438.52 }, "geometry": { "type": "Point", "coordinates": [ 105.237008, -5.552902 ] } },
{ "type": "Feature", "properties": { "ID_BGN": "SDI-C44-044", "KELAS": "Tinggi", "BLOK": "C", "FUNGSI": "Rumah Tinggal", "KLS_6": "Hunian", "JML_LNT1": 1, "MAT_DOM": "Pasang Bata", "STR_TAMP": "Rangka Beton Bertulang", "KONDISI": "Sedang Dibangun", "TAXONOMI": "MCF/LFINF/RSH8/RMT1/EWMA/CV5/HEX:1", "LUAS_M2": 200.44142184899999, "N_EXP": 1006215937.6799999 }, "geometry": { "type": "Point", "coordinates": [ 105.23737, -5.552801 ] } },
{ "type": "Feature", "properties": { "ID_BGN": "SDI-C45-045", "KELAS": "Sedang", "BLOK": "C", "FUNGSI": "Rumah Tinggal", "KLS_6": "Hunian", "JML_LNT1": 1, "MAT_DOM": "Pasang Bata", "STR_TAMP": "Rangka Beton Bertulang", "KONDISI": "Baik", "TAXONOMI": "MCF/LFINF/RSH8/RMT1/EWMA/CV1/HEX:1", "LUAS_M2": 129.16944461, "N_EXP": 648430611.94200003 }, "geometry": { "type": "Point", "coordinates": [ 105.237223, -5.552621 ] } },
{ "type": "Feature", "properties": { "ID_BGN": "SDI-C46-046", "KELAS": "Sedang", "BLOK": "C", "FUNGSI": "Rumah Tinggal", "KLS_6": "Hunian", "JML_LNT1": 1, "MAT_DOM": "Pasang Bata", "STR_TAMP": "Rangka Beton Bertulang", "KONDISI": "Sedang", "TAXONOMI": "MCF/LFINF/RSH8/RMT1/EWMA/CV2/HEX:1", "LUAS_M2": 132.72524117, "N_EXP": 666280710.67299998 }, "geometry": { "type": "Point", "coordinates": [ 105.237012, -5.552677 ] } },
{ "type": "Feature", "properties": { "ID_BGN": "SDI-C47-047", "KELAS": "Sedang", "BLOK": "C", "FUNGSI": "Rumah Tinggal", "KLS_6": "Hunian", "JML_LNT1": 1, "MAT_DOM": "Pasang Bata", "STR_TAMP": "Rangka Beton Bertulang", "KONDISI": "Sedang", "TAXONOMI": "MCF/LFINF/RSH2/RMT1/EWMA/CV2/HEX:1", "LUAS_M2": 164.52390125400001, "N_EXP": 825909984.29499996 }, "geometry": { "type": "Point", "coordinates": [ 105.237108, -5.552428 ] } },
{ "type": "Feature", "properties": { "ID_BGN": "SDI-C48-048", "KELAS": "Sedang", "BLOK": "C", "FUNGSI": "Rumah Tinggal", "KLS_6": "Hunian", "JML_LNT1": 1, "MAT_DOM": "Pasang Bata", "STR_TAMP": "Rangka Beton Bertulang", "KONDISI": "Sedang Dibangun", "TAXONOMI": "MCF/LFINF/RSH3/RMT1/EWO/CV5/HEX:1", "LUAS_M2": 142.69779721399999, "N_EXP": 716342942.01400006 }, "geometry": { "type": "Point", "coordinates": [ 105.236874, -5.552493 ] } },
{ "type": "Feature", "properties": { "ID_BGN": "SDI-C49-049", "KELAS": "Sedang", "BLOK": "C", "FUNGSI": "Rumah Tinggal", "KLS_6": "Hunian", "JML_LNT1": 1, "MAT_DOM": "Pasang Bata", "STR_TAMP": "Rangka Beton Bertulang", "KONDISI": "Sedang Dibangun", "TAXONOMI": "MCF/LFINF/RSH8/RMT1/EWO/CV5/HEX:1", "LUAS_M2": 170.084603281, "N_EXP": 853824708.47099996 }, "geometry": { "type": "Point", "coordinates": [ 105.237008, -5.552345 ] } },
{ "type": "Feature", "properties": { "ID_BGN": "SDI-C50-050", "KELAS": "Tinggi", "BLOK": "C", "FUNGSI": "Rumah Tinggal", "KLS_6": "Hunian", "JML_LNT1": 1, "MAT_DOM": "Pasang Bata", "STR_TAMP": "Rangka Beton Bertulang", "KONDISI": "Sedang", "TAXONOMI": "MCF/LFINF/RSH2/RMT1/EWMA/CV2/HEX:1", "LUAS_M2": 243.32553490199999, "N_EXP": 1221494185.21 }, "geometry": { "type": "Point", "coordinates": [ 105.236966, -5.552157 ] } },
{ "type": "Feature", "properties": { "ID_BGN": "SDI-C52-052", "KELAS": "Tinggi", "BLOK": "C", "FUNGSI": "Rumah Tinggal", "KLS_6": "Hunian", "JML_LNT1": 1, "MAT_DOM": "Pasang Bata", "STR_TAMP": "Rangka Beton Bertulang", "KONDISI": "Sedang", "TAXONOMI": "MCF/LFINF/RSH2/RMT1/EWO/CV2/HEX:1", "LUAS_M2": 194.89726102399999, "N_EXP": 978384250.34000003 }, "geometry": { "type": "Point", "coordinates": [ 105.236654, -5.552074 ] } },
{ "type": "Feature", "properties": { "ID_BGN": "SDI-C53-053", "KELAS": "Sedang", "BLOK": "C", "FUNGSI": "Rumah Tinggal", "KLS_6": "Hunian", "JML_LNT1": 1, "MAT_DOM": "Campuran", "STR_TAMP": "Campuran", "KONDISI": "Sedang", "TAXONOMI": "MIX/LFINF/RSH2/RMT1/EWO/CV2/HEX:1", "LUAS_M2": 123.235676732, "N_EXP": 618643097.19500005 }, "geometry": { "type": "Point", "coordinates": [ 105.236856, -5.552005 ] } },
{ "type": "Feature", "properties": { "ID_BGN": "SDI-C56-056", "KELAS": "Rendah", "BLOK": "C", "FUNGSI": "Rumah Tinggal", "KLS_6": "Hunian", "JML_LNT1": 1, "MAT_DOM": "Pasang Bata", "STR_TAMP": "Rangka Beton Bertulang", "KONDISI": "Sedang", "TAXONOMI": "MCF/LFINF/RSH8/RMT6/EWMA/CV2/HEX:1", "LUAS_M2": 84.064341363799997, "N_EXP": 422002993.64600003 }, "geometry": { "type": "Point", "coordinates": [ 105.236819, -5.551803 ] } },
{ "type": "Feature", "properties": { "ID_BGN": "SDI-C57-057", "KELAS": "Sedang", "BLOK": "C", "FUNGSI": "Rumah Tinggal", "KLS_6": "Hunian", "JML_LNT1": 1, "MAT_DOM": "Pasang Bata", "STR_TAMP": "Rangka Beton Bertulang", "KONDISI": "Sedang", "TAXONOMI": "MCF/LFINF/RSH3/RMT1/EWMA/CV2/HEX:1", "LUAS_M2": 168.78226265000001, "N_EXP": 847286958.50300002 }, "geometry": { "type": "Point", "coordinates": [ 105.236521, -5.551987 ] } },
{ "type": "Feature", "properties": { "ID_BGN": "SDI-C58-058", "KELAS": "Sedang", "BLOK": "C", "FUNGSI": "Rumah Tinggal", "KLS_6": "Hunian", "JML_LNT1": 1, "MAT_DOM": "Pasang Bata", "STR_TAMP": "Rangka Beton Bertulang", "KONDISI": "Sedang Dibangun", "TAXONOMI": "MCF/LFINF/RSH2/RMT1/EWMA/CV5/HEX:1", "LUAS_M2": 159.71189977700001, "N_EXP": 801753736.88100004 }, "geometry": { "type": "Point", "coordinates": [ 105.236447, -5.551647 ] } },
{ "type": "Feature", "properties": { "ID_BGN": "SDI-C59-059", "KELAS": "Rendah", "BLOK": "C", "FUNGSI": "Rumah Tinggal", "KLS_6": "Hunian", "JML_LNT1": 1, "MAT_DOM": "Pasang Bata", "STR_TAMP": "Rangka Beton Bertulang", "KONDISI": "Sedang", "TAXONOMI": "MCF/LFINF/RSH2/RMT1/EWMA/CV2/HEX:1", "LUAS_M2": 112.14403108899999, "N_EXP": 562963036.06700003 }, "geometry": { "type": "Point", "coordinates": [ 105.236448, -5.551867 ] } },
{ "type": "Feature", "properties": { "ID_BGN": "Blok C (SDI-C64-064)", "KELAS": "Rendah", "BLOK": "C", "FUNGSI": "Rumah Tinggal", "KLS_6": "Hunian", "JML_LNT1": 1, "MAT_DOM": "Beton Bertulang", "STR_TAMP": "Dinding Pemikul", "KONDISI": "Baik", "TAXONOMI": "MCF/LFINF/RSH8/RMT1/EWMA/CV1/HEX:1", "LUAS_M2": 113.997892607, "N_EXP": 572269420.88699996 }, "geometry": { "type": "Point", "coordinates": [ 105.234301, -5.551539 ] } },
{ "type": "Feature", "properties": { "ID_BGN": "Blok C (SDI-C66-066)", "KELAS": "Rendah", "BLOK": "C", "FUNGSI": "Rumah Tinggal", "KLS_6": "Hunian", "JML_LNT1": 1, "MAT_DOM": "Bambu", "STR_TAMP": "Rangka Kayu", "KONDISI": "Baik", "TAXONOMI": "W/LPB/RSH2/RMT1/EWW/CV1/HEX:1", "LUAS_M2": 61.153344006300003, "N_EXP": 306989786.912 }, "geometry": { "type": "Point", "coordinates": [ 105.234102, -5.551557 ] } },
{ "type": "Feature", "properties": { "ID_BGN": "Blok C (SDI-C67-067)", "KELAS": "Rendah", "BLOK": "C", "FUNGSI": "Rumah Tinggal", "KLS_6": "Hunian", "JML_LNT1": 1, "MAT_DOM": "Kayu", "STR_TAMP": "Rangka Kayu", "KONDISI": "Rusak Ringan", "TAXONOMI": "W/LPB/RSH2/RMT1/EWW/CV2/HEX:1", "LUAS_M2": 105.285399543, "N_EXP": 528532705.70599997 }, "geometry": { "type": "Point", "coordinates": [ 105.233956, -5.551622 ] } },
{ "type": "Feature", "properties": { "ID_BGN": "Blok C (SDI-C68-068)", "KELAS": "Sedang", "BLOK": "C", "FUNGSI": "Rumah Tinggal", "KLS_6": "Hunian", "JML_LNT1": 1, "MAT_DOM": "Pasang Bata", "STR_TAMP": "Rangka Beton Bertulang", "KONDISI": "Baik", "TAXONOMI": "MUR/LFINF/RSH2/RMT1/EWMA/CV1/HEX:1", "LUAS_M2": 156.154777303, "N_EXP": 783896982.06099999 }, "geometry": { "type": "Point", "coordinates": [ 105.233746, -5.551575 ] } },
{ "type": "Feature", "properties": { "ID_BGN": "Blok C (SDI-C69-069)", "KELAS": "Tinggi", "BLOK": "C", "FUNGSI": "Rumah Tinggal", "KLS_6": "Hunian", "JML_LNT1": 1, "MAT_DOM": "Pasang Bata", "STR_TAMP": "Dinding Pemikul", "KONDISI": "Baik", "TAXONOMI": "MUR/LFINF/RSH2/RMT1/EWMA/CV1/HEX:1", "LUAS_M2": 210.088285697, "N_EXP": 1054643194.2 }, "geometry": { "type": "Point", "coordinates": [ 105.23359, -5.55161 ] } },
{ "type": "Feature", "properties": { "ID_BGN": "Blok C (SDI-C70-070)", "KELAS": "Sedang", "BLOK": "C", "FUNGSI": "Rumah Tinggal", "KLS_6": "Hunian", "JML_LNT1": 1, "MAT_DOM": "Beton Bertulang", "STR_TAMP": "Dinding Pemikul", "KONDISI": "Baik", "TAXONOMI": "MCF/LWAL/RSH8/RMT1/EWMA/CV1/HEX:1", "LUAS_M2": 145.25973247, "N_EXP": 729203856.99899995 }, "geometry": { "type": "Point", "coordinates": [ 105.233558, -5.551744 ] } },
{ "type": "Feature", "properties": { "ID_BGN": "Blok C (SDI-C71-071)", "KELAS": "Rendah", "BLOK": "C", "FUNGSI": "Rumah Tinggal", "KLS_6": "Hunian", "JML_LNT1": 1, "MAT_DOM": "Pasang Bata", "STR_TAMP": "Dinding Pemikul", "KONDISI": "Baik", "TAXONOMI": "MCF/LWAL/RSH8/RMT1/EWMA/CV1/HEX:1", "LUAS_M2": 93.1132405404, "N_EXP": 467428467.51300001 }, "geometry": { "type": "Point", "coordinates": [ 105.233389, -5.551709 ] } },
{ "type": "Feature", "properties": { "ID_BGN": "Blok C (SDI-C72-072)", "KELAS": "Sedang", "BLOK": "C", "FUNGSI": "Rumah Tinggal", "KLS_6": "Hunian", "JML_LNT1": 1, "MAT_DOM": "Pasang Bata", "STR_TAMP": "Dinding Pemikul", "KONDISI": "Baik", "TAXONOMI": "MUR/LFINF/RSH2/RMT2/EWMA/CV1/HEX:1", "LUAS_M2": 145.25973247, "N_EXP": 729203856.99899995 }, "geometry": { "type": "Point", "coordinates": [ 105.233387, -5.551866 ] } },
{ "type": "Feature", "properties": { "ID_BGN": "Blok C (SDI-C75-075)", "KELAS": "Sedang", "BLOK": "C", "FUNGSI": "Rumah Tinggal", "KLS_6": "Hunian", "JML_LNT1": 1, "MAT_DOM": "Pasang Bata", "STR_TAMP": "Dinding Pemikul", "KONDISI": "Baik", "TAXONOMI": "MUR/LFINF/RSH8/RMT2/EWMA/CV1/HEX:1", "LUAS_M2": 128.857719328, "N_EXP": 646865751.02699995 }, "geometry": { "type": "Point", "coordinates": [ 105.234318, -5.551289 ] } },
{ "type": "Feature", "properties": { "ID_BGN": "Blok C (SDI-C76-076)", "KELAS": "Tinggi", "BLOK": "C", "FUNGSI": "Rumah Tinggal", "KLS_6": "Hunian", "JML_LNT1": 1, "MAT_DOM": "Pasang Bata", "STR_TAMP": "Dinding Pemikul", "KONDISI": "Baik", "TAXONOMI": "MUR/LWAL/RSH8/RMT1/EWMA/CV1/HEX:1", "LUAS_M2": 275.92057293599999, "N_EXP": 1385121276.1400001 }, "geometry": { "type": "Point", "coordinates": [ 105.236242, -5.553562 ] } },
{ "type": "Feature", "properties": { "ID_BGN": "Blok C (SDI-C78-078)", "KELAS": "Tinggi", "BLOK": "C", "FUNGSI": "Rumah Tinggal", "KLS_6": "Hunian", "JML_LNT1": 1, "MAT_DOM": "Pasang Bata", "STR_TAMP": "Dinding Pemikul", "KONDISI": "Baik", "TAXONOMI": "MUR/LWAL/RSH8/RMT1+RMT6/EWO/CV1/HEX:1", "LUAS_M2": 212.48297106499999, "N_EXP": 1066664514.75 }, "geometry": { "type": "Point", "coordinates": [ 105.235948, -5.55345 ] } },
{ "type": "Feature", "properties": { "ID_BGN": "Blok C (SDI-C81-081)", "KELAS": "Tinggi", "BLOK": "C", "FUNGSI": "Rumah Tinggal", "KLS_6": "Hunian", "JML_LNT1": 1, "MAT_DOM": "Beton Bertulang", "STR_TAMP": "Dinding Pemikul", "KONDISI": "Baik", "TAXONOMI": "MCF/LWAL/RSH2/RMT1/EWMA/CV1/HEX:1", "LUAS_M2": 275.92057293599999, "N_EXP": 1385121276.1400001 }, "geometry": { "type": "Point", "coordinates": [ 105.236129, -5.553266 ] } },
{ "type": "Feature", "properties": { "ID_BGN": "Blok C (SDI-C83-083)", "KELAS": "Tinggi", "BLOK": "C", "FUNGSI": "Rumah Tinggal", "KLS_6": "Hunian", "JML_LNT1": 1, "MAT_DOM": "Pasang Bata", "STR_TAMP": "Dinding Pemikul", "KONDISI": "Baik", "TAXONOMI": "MUR/LFINF/RSH2/RMT1/EWMA/CV1/HEX:1", "LUAS_M2": 264.22763129499998, "N_EXP": 1445800752.9200001 }, "geometry": { "type": "Point", "coordinates": [ 105.236008, -5.553525 ] } },
{ "type": "Feature", "properties": { "ID_BGN": "Blok C (SDI-C84-084)", "KELAS": "Tinggi", "BLOK": "C", "FUNGSI": "Rumah Tinggal", "KLS_6": "Hunian", "JML_LNT1": 2, "MAT_DOM": "Beton Bertulang", "STR_TAMP": "Rangka Beton Bertulang", "KONDISI": "Baik", "TAXONOMI": "MCF/LWAL/RSH8/RMT2/EWMA/CV1/HEX:2", "LUAS_M2": 215.96135063599999, "N_EXP": 1181697318.4100001 }, "geometry": { "type": "Point", "coordinates": [ 105.235854, -5.553109 ] } },
{ "type": "Feature", "properties": { "ID_BGN": "Blok C (SDI-C85-085)", "KELAS": "Sedang", "BLOK": "C", "FUNGSI": "Rumah Tinggal", "KLS_6": "Hunian", "JML_LNT1": 2, "MAT_DOM": "Beton Bertulang", "STR_TAMP": "Rangka Beton Bertulang", "KONDISI": "Baik", "TAXONOMI": "MCF/LWAL/RSH8/RMT2/EWMA/CV1/HEX:2", "LUAS_M2": 137.95526671799999, "N_EXP": 692535438.92400002 }, "geometry": { "type": "Point", "coordinates": [ 105.235757, -5.552924 ] } },
{ "type": "Feature", "properties": { "ID_BGN": "Blok C (SDI-C89-089)", "KELAS": "Tinggi", "BLOK": "C", "FUNGSI": "Rumah Tinggal", "KLS_6": "Hunian", "JML_LNT1": 1, "MAT_DOM": "Pasang Bata", "STR_TAMP": "Dinding Pemikul", "KONDISI": "Baik", "TAXONOMI": "MUR/LFM/RSH2/RMT1+RMT6/EWMA/CV1/HEX:1", "LUAS_M2": 372.42738500299998, "N_EXP": 1869585472.72 }, "geometry": { "type": "Point", "coordinates": [ 105.236429, -5.553629 ] } },
{ "type": "Feature", "properties": { "ID_BGN": "Blok C (SDI-C90-090)", "KELAS": "Sedang", "BLOK": "C", "FUNGSI": "Rumah Tinggal", "KLS_6": "Hunian", "JML_LNT1": 1, "MAT_DOM": "Pasang Bata", "STR_TAMP": "Dinding Pemikul", "KONDISI": "Baik", "TAXONOMI": "MUR/LFINF/RSH8/RMT2/EWMA/CV1/HEX:1", "LUAS_M2": 124.045993026, "N_EXP": 622710884.99100006 }, "geometry": { "type": "Point", "coordinates": [ 105.236497, -5.553662 ] } },
{ "type": "Feature", "properties": { "ID_BGN": "Blok C (SDI-C91-091)", "KELAS": "Tidak Terdampak", "BLOK": "C", "FUNGSI": "Rumah Tinggal", "KLS_6": "Hunian", "JML_LNT1": 1, "MAT_DOM": "Pasang Bata", "STR_TAMP": "Rangka Beton Bertulang", "KONDISI": "Baik", "TAXONOMI": "MUR/LWAL/RSH8/RMT2/EWMA/CV1/HEX:1", "LUAS_M2": 0.0, "N_EXP": 0.0 }, "geometry": { "type": "Point", "coordinates": [ 105.236918, -5.553462 ] } },
{ "type": "Feature", "properties": { "ID_BGN": "Blok C (SDI-C92-092)", "KELAS": "Tidak Terdampak", "BLOK": "C", "FUNGSI": "Rumah Tinggal", "KLS_6": "Hunian", "JML_LNT1": 1, "MAT_DOM": "Pasang Bata", "STR_TAMP": "Dinding Pemikul", "KONDISI": "Baik", "TAXONOMI": "MUR/LFINF/RSH8/RMT1/EWMA/CV1/HEX:1", "LUAS_M2": 0.0, "N_EXP": 0.0 }, "geometry": { "type": "Point", "coordinates": [ 105.2368, -5.553362 ] } },
{ "type": "Feature", "properties": { "ID_BGN": "Blok C (SDI-C94-094)", "KELAS": "Tinggi", "BLOK": "C", "FUNGSI": "Rumah Tinggal", "KLS_6": "Hunian", "JML_LNT1": 1, "MAT_DOM": "Pasang Bata", "STR_TAMP": "Dinding Pemikul", "KONDISI": "Baik", "TAXONOMI": "MUR/LFM/RSH8/RMT1+RMT6/EWMA/CV1/HEX:1", "LUAS_M2": 210.49800256500001, "N_EXP": 1056699972.88 }, "geometry": { "type": "Point", "coordinates": [ 105.236691, -5.553139 ] } },
{ "type": "Feature", "properties": { "ID_BGN": "Blok C (SDI-C95-095)", "KELAS": "Sedang", "BLOK": "C", "FUNGSI": "Rumah Tinggal", "KLS_6": "Hunian", "JML_LNT1": 1, "MAT_DOM": "Pasang Bata", "STR_TAMP": "Dinding Pemikul", "KONDISI": "Baik", "TAXONOMI": "MUR/LFINF/RSH2/RMT2/EWMA/CV1/HEX:1", "LUAS_M2": 137.70675490400001, "N_EXP": 691287909.61800003 }, "geometry": { "type": "Point", "coordinates": [ 105.236606, -5.553149 ] } },
{ "type": "Feature", "properties": { "ID_BGN": "Blok C (SDI-C96-096)", "KELAS": "Tidak Terdampak", "BLOK": "C", "FUNGSI": "Rumah Tinggal", "KLS_6": "Hunian", "JML_LNT1": 1, "MAT_DOM": "Pasang Bata", "STR_TAMP": "Dinding Pemikul", "KONDISI": "Baik", "TAXONOMI": "MUR/LFINF/RSH8/RMT2/EWMA/CV1/HEX:1", "LUAS_M2": 0.0, "N_EXP": 0.0 }, "geometry": { "type": "Point", "coordinates": [ 105.236458, -5.553228 ] } },
{ "type": "Feature", "properties": { "ID_BGN": "Blok C (SDI-C98-098)", "KELAS": "Tinggi", "BLOK": "C", "FUNGSI": "Rumah Tinggal", "KLS_6": "Hunian", "JML_LNT1": 1, "MAT_DOM": "Pasang Bata", "STR_TAMP": "Dinding Pemikul", "KONDISI": "Baik", "TAXONOMI": "MUR/LFINF/RSH2/RMT1+RMT6/EWMA/CV1/HEX:1", "LUAS_M2": 257.56238288200001, "N_EXP": 1292963162.0699999 }, "geometry": { "type": "Point", "coordinates": [ 105.236721, -5.552822 ] } },
{ "type": "Feature", "properties": { "ID_BGN": "Blok C (SDI-C99-099)", "KELAS": "Tinggi", "BLOK": "C", "FUNGSI": "Rumah Tinggal", "KLS_6": "Hunian", "JML_LNT1": 1, "MAT_DOM": "Pasang Bata", "STR_TAMP": "Dinding Pemikul", "KONDISI": "Baik", "TAXONOMI": "MUR/LFINF/RSH8/RMT2/EWMA/CV1/HEX:1", "LUAS_M2": 239.54062807400001, "N_EXP": 1202493952.9300001 }, "geometry": { "type": "Point", "coordinates": [ 105.236425, -5.552976 ] } },
{ "type": "Feature", "properties": { "ID_BGN": "Blok C (SDI-C100-100)", "KELAS": "Tinggi", "BLOK": "C", "FUNGSI": "Rumah Tinggal", "KLS_6": "Hunian", "JML_LNT1": 1, "MAT_DOM": "Pasang Bata", "STR_TAMP": "Dinding Pemikul", "KONDISI": "Baik", "TAXONOMI": "MUR/LWAL/RSH8/RMT2/EWMA/CV1/HEX:1", "LUAS_M2": 232.38731751500001, "N_EXP": 1166584333.9300001 }, "geometry": { "type": "Point", "coordinates": [ 105.236524, -5.552764 ] } },
{ "type": "Feature", "properties": { "ID_BGN": "Blok C (SDI-C101-101)", "KELAS": "Sedang", "BLOK": "C", "FUNGSI": "Rumah Tinggal", "KLS_6": "Hunian", "JML_LNT1": 1, "MAT_DOM": "Pasang Bata", "STR_TAMP": "Dinding Pemikul", "KONDISI": "Baik", "TAXONOMI": "MUR/LFINF/RSH8/RMT2/EWMA/CV1/HEX:1", "LUAS_M2": 155.60007596400001, "N_EXP": 781112381.33899999 }, "geometry": { "type": "Point", "coordinates": [ 105.236353, -5.55262 ] } },
{ "type": "Feature", "properties": { "ID_BGN": "SDI-C106-106", "KELAS": "Sedang", "BLOK": "C", "FUNGSI": "Rumah Tinggal", "KLS_6": "Hunian", "JML_LNT1": 1, "MAT_DOM": "Pasang Bata", "STR_TAMP": "Rangka Beton Bertulang", "KONDISI": "Baik", "TAXONOMI": "MCF/LFINF/RSH2/RMT1/EWMA/CV1/HEX:1", "LUAS_M2": 142.24352330599999, "N_EXP": 714062486.99600005 }, "geometry": { "type": "Point", "coordinates": [ 105.235626, -5.552396 ] } },
{ "type": "Feature", "properties": { "ID_BGN": "SDI-C107-107", "KELAS": "Sedang", "BLOK": "C", "FUNGSI": "Rumah Tinggal", "KLS_6": "Hunian", "JML_LNT1": 1, "MAT_DOM": "Pasang Bata", "STR_TAMP": "Rangka Beton Bertulang", "KONDISI": "Baik", "TAXONOMI": "MCF/LFINF/RSH3/RMT1/EWMA/CV1/HEX:1", "LUAS_M2": 138.28738833, "N_EXP": 694202689.41700006 }, "geometry": { "type": "Point", "coordinates": [ 105.235489, -5.552199 ] } },
{ "type": "Feature", "properties": { "ID_BGN": "SDI-C108-108", "KELAS": "Tinggi", "BLOK": "C", "FUNGSI": "Rumah Tinggal", "KLS_6": "Hunian", "JML_LNT1": 1, "MAT_DOM": "Pasang Bata", "STR_TAMP": "Dinding Pemikul", "KONDISI": "Baik", "TAXONOMI": "MUR/LWAL/RSH2/RMT2/EWO/CV1/HEX:1", "LUAS_M2": 232.88186555199999, "N_EXP": 1169066965.0699999 }, "geometry": { "type": "Point", "coordinates": [ 105.235264, -5.552806 ] } },
{ "type": "Feature", "properties": { "ID_BGN": "SDI-C109-109", "KELAS": "Tinggi", "BLOK": "C", "FUNGSI": "Rumah Tinggal", "KLS_6": "Hunian", "JML_LNT1": 1, "MAT_DOM": "Pasang Bata", "STR_TAMP": "Rangka Beton Bertulang", "KONDISI": "Baik", "TAXONOMI": "MCF/LFINF/RSH3/RMT1/EWMA/CV1/HEX:1", "LUAS_M2": 194.21346525800001, "N_EXP": 974951595.59500003 }, "geometry": { "type": "Point", "coordinates": [ 105.235085, -5.552829 ] } },
{ "type": "Feature", "properties": { "ID_BGN": "SDI-C110-110", "KELAS": "Tinggi", "BLOK": "C", "FUNGSI": "Rumah Tinggal", "KLS_6": "Hunian", "JML_LNT1": 1, "MAT_DOM": "Pasang Bata", "STR_TAMP": "Dinding Pemikul", "KONDISI": "Baik", "TAXONOMI": "MUR/LWAL/RSH2/RMT1/EWMA/CV1/HEX:1", "LUAS_M2": 241.55965874399999, "N_EXP": 1212629486.8900001 }, "geometry": { "type": "Point", "coordinates": [ 105.235209, -5.553123 ] } },
{ "type": "Feature", "properties": { "ID_BGN": "SDI-C111-111", "KELAS": "Tinggi", "BLOK": "C", "FUNGSI": "Rumah Tinggal", "KLS_6": "Hunian", "JML_LNT1": 1, "MAT_DOM": "Pasang Bata", "STR_TAMP": "Rangka Beton Bertulang", "KONDISI": "Baik", "TAXONOMI": "MCF/LFINF/RSH2/RMT1/EWMA/CV1/HEX:1", "LUAS_M2": 192.72632376199999, "N_EXP": 967486145.28499997 }, "geometry": { "type": "Point", "coordinates": [ 105.235048, -5.55316 ] } },
{ "type": "Feature", "properties": { "ID_BGN": "SDI-C113-113", "KELAS": "Rendah", "BLOK": "C", "FUNGSI": "Rumah Tinggal", "KLS_6": "Hunian", "JML_LNT1": 1, "MAT_DOM": "Pasang Bata", "STR_TAMP": "Dinding Pemikul", "KONDISI": "Baik", "TAXONOMI": "MUR/LWAL/RSH2/RMT2/EWMA/CV1/HEX:1", "LUAS_M2": 34.148373820099998, "N_EXP": 171424836.57699999 }, "geometry": { "type": "Point", "coordinates": [ 105.234892, -5.552875 ] } },
{ "type": "Feature", "properties": { "ID_BGN": "SDI-C114-114", "KELAS": "Rendah", "BLOK": "C", "FUNGSI": "Rumah Tinggal", "KLS_6": "Hunian", "JML_LNT1": 1, "MAT_DOM": "Pasang Bata", "STR_TAMP": "Dinding Pemikul", "KONDISI": "Baik", "TAXONOMI": "MUR/LWAL/RSH2/RMT1/EWO/CV1/HEX:1", "LUAS_M2": 95.788987330300003, "N_EXP": 480860716.398 }, "geometry": { "type": "Point", "coordinates": [ 105.234837, -5.55333 ] } },
{ "type": "Feature", "properties": { "ID_BGN": "SDI-C116-116", "KELAS": "Rendah", "BLOK": "C", "FUNGSI": "Rumah Tinggal", "KLS_6": "Hunian", "JML_LNT1": 1, "MAT_DOM": "Pasang Bata", "STR_TAMP": "Dinding Pemikul", "KONDISI": "Baik", "TAXONOMI": "MUR/LWAL/RSH2/RMT1/EWMA/CV1/HEX:1", "LUAS_M2": 98.442246526800005, "N_EXP": 494180077.565 }, "geometry": { "type": "Point", "coordinates": [ 105.235081, -5.553454 ] } },
{ "type": "Feature", "properties": { "ID_BGN": "SDI-C117-117", "KELAS": "Tinggi", "BLOK": "C", "FUNGSI": "Rumah Tinggal", "KLS_6": "Hunian", "JML_LNT1": 1, "MAT_DOM": "Pasang Bata", "STR_TAMP": "Rangka Beton Bertulang", "KONDISI": "Sedang", "TAXONOMI": "MCF/LFINF/RSH3/RMT1/EWMA/CV2/HEX:1", "LUAS_M2": 531.15797836299998, "N_EXP": 2666413051.3800001 }, "geometry": { "type": "Point", "coordinates": [ 105.23486, -5.552719 ] } },
{ "type": "Feature", "properties": { "ID_BGN": "Blok D (SDI-D01-001)", "KELAS": "Tinggi", "BLOK": "D", "FUNGSI": "Rumah Tinggal", "KLS_6": "Hunian", "JML_LNT1": 1, "MAT_DOM": "Pasang Bata", "STR_TAMP": "Dinding Pemikul", "KONDISI": "Baik", "TAXONOMI": "MUR/LFINF/RSH8/RMT1+RMT6/EWMA/CV1/HEX:1", "LUAS_M2": 531.15797836299998, "N_EXP": 2666413051.3800001 }, "geometry": { "type": "Point", "coordinates": [ 105.24185, -5.553013 ] } },
{ "type": "Feature", "properties": { "ID_BGN": "Blok D (SDI-D02-002)", "KELAS": "Tinggi", "BLOK": "D", "FUNGSI": "Rumah Tinggal", "KLS_6": "Hunian", "JML_LNT1": 1, "MAT_DOM": "Beton Bertulang", "STR_TAMP": "Dinding Pemikul", "KONDISI": "Baik", "TAXONOMI": "MCF/LWAL/RSH8/RMT2/EWMA/CV1/HEX:1", "LUAS_M2": 531.15797836299998, "N_EXP": 2666413051.3800001 }, "geometry": { "type": "Point", "coordinates": [ 105.2419175, -5.5531141 ] } },
{ "type": "Feature", "properties": { "ID_BGN": "Blok D (SDI-D03-003)", "KELAS": "Tinggi", "BLOK": "D", "FUNGSI": "Rumah Tinggal", "KLS_6": "Hunian", "JML_LNT1": 1, "MAT_DOM": "Pasang Bata", "STR_TAMP": "Dinding Pemikul", "KONDISI": "Baik", "TAXONOMI": "MCF/LFM/RSH2/RMT1/EWMA/CV1/HEX:1", "LUAS_M2": 289.74309522800002, "N_EXP": 1454510338.04 }, "geometry": { "type": "Point", "coordinates": [ 105.2419496, -5.5532429 ] } },
{ "type": "Feature", "properties": { "ID_BGN": "Blok D (SDI-D04-004)", "KELAS": "Sedang", "BLOK": "D", "FUNGSI": "Rumah Tinggal", "KLS_6": "Hunian", "JML_LNT1": 1, "MAT_DOM": "Pasang Bata", "STR_TAMP": "Dinding Pemikul", "KONDISI": "Baik", "TAXONOMI": "MUR/LWAL/RSH8/RMT1/EWMA/CV1/HEX:1", "LUAS_M2": 141.85073551100001, "N_EXP": 712090692.26499999 }, "geometry": { "type": "Point", "coordinates": [ 105.2422708, -5.5532428 ] } },
{ "type": "Feature", "properties": { "ID_BGN": "Blok D (SDI-D05-005)", "KELAS": "Sedang", "BLOK": "D", "FUNGSI": "Rumah Tinggal", "KLS_6": "Hunian", "JML_LNT1": 1, "MAT_DOM": "Beton Bertulang", "STR_TAMP": "Dinding Pemikul", "KONDISI": "Baik", "TAXONOMI": "MCF/LWAL/RSH2/RMT1/EWMA/CV1/HEX:1", "LUAS_M2": 152.55658354299999, "N_EXP": 765834049.38600004 }, "geometry": { "type": "Point", "coordinates": [ 105.2423537, -5.5539418 ] } },
{ "type": "Feature", "properties": { "ID_BGN": "Blok D (SDI-D06-006)", "KELAS": "Rendah", "BLOK": "D", "FUNGSI": "Rumah Tinggal", "KLS_6": "Hunian", "JML_LNT1": 1, "MAT_DOM": "Beton Bertulang", "STR_TAMP": "Dinding Pemikul", "KONDISI": "Baik", "TAXONOMI": "MCF/LWAL/RSH2/RMT1/EWMA/CV1/HEX:1", "LUAS_M2": 105.517001623, "N_EXP": 529695348.14700001 }, "geometry": { "type": "Point", "coordinates": [ 105.2424867, -5.5538406 ] } },
{ "type": "Feature", "properties": { "ID_BGN": "Blok D (SDI-D07-007)", "KELAS": "Tinggi", "BLOK": "D", "FUNGSI": "Rumah Tinggal", "KLS_6": "Hunian", "JML_LNT1": 1, "MAT_DOM": "Pasang Bata", "STR_TAMP": "Dinding Pemikul", "KONDISI": "Baik", "TAXONOMI": "CR/LWAL/RSH2/RMT1/EWMA/CV1/HEX:1", "LUAS_M2": 2378.8272993300002, "N_EXP": 11941713042.6 }, "geometry": { "type": "Point", "coordinates": [ 105.2428032, -5.553445 ] } },
{ "type": "Feature", "properties": { "ID_BGN": "Blok D (SDI-D08-008)", "KELAS": "Rendah", "BLOK": "D", "FUNGSI": "Rumah Tinggal", "KLS_6": "Hunian", "JML_LNT1": 1, "MAT_DOM": "Beton Bertulang", "STR_TAMP": "Dinding Pemikul", "KONDISI": "Baik", "TAXONOMI": "MCF/LFM/RSH2/RMT1/EWMA/CV1/HEX:1", "LUAS_M2": 109.484054886, "N_EXP": 549609955.528 }, "geometry": { "type": "Point", "coordinates": [ 105.2427345, -5.5537899 ] } },
{ "type": "Feature", "properties": { "ID_BGN": "Blok D (SDI-D09-009)", "KELAS": "Tinggi", "BLOK": "D", "FUNGSI": "Rumah Tinggal", "KLS_6": "Hunian", "JML_LNT1": 1, "MAT_DOM": "Pasang Bata", "STR_TAMP": "Dinding Pemikul", "KONDISI": "Baik", "TAXONOMI": "MUR/LWAL/RSH2/RMT1/EWMA/CV1/HEX:1", "LUAS_M2": 2378.8272993300002, "N_EXP": 11941713042.6 }, "geometry": { "type": "Point", "coordinates": [ 105.2425465, -5.5541763 ] } },
{ "type": "Feature", "properties": { "ID_BGN": "Blok D (SDI-D10-010)", "KELAS": "Tinggi", "BLOK": "D", "FUNGSI": "Rumah Tinggal", "KLS_6": "Hunian", "JML_LNT1": 1, "MAT_DOM": "Pasang Bata", "STR_TAMP": "Dinding Pemikul", "KONDISI": "Baik", "TAXONOMI": "MUR/LWAL/RSH2/RMT1/EWMA/CV1/HEX:1", "LUAS_M2": 2378.8272993300002, "N_EXP": 11941713042.6 }, "geometry": { "type": "Point", "coordinates": [ 105.2430742, -5.5542497 ] } },
{ "type": "Feature", "properties": { "ID_BGN": "Blok D (SDI-D11-011)", "KELAS": "Tinggi", "BLOK": "D", "FUNGSI": "Rumah Tinggal", "KLS_6": "Hunian", "JML_LNT1": 1, "MAT_DOM": "Kayu", "STR_TAMP": "Rangka Kayu", "KONDISI": "Baik", "TAXONOMI": "W/LPB/RSH3/RMT2/EWW/CV1/HEX:1", "LUAS_M2": 2378.8272993300002, "N_EXP": 11941713042.6 }, "geometry": { "type": "Point", "coordinates": [ 105.2435238, -5.5540886 ] } },
{ "type": "Feature", "properties": { "ID_BGN": "Blok D (SDI-D12-012)", "KELAS": "Tinggi", "BLOK": "D", "FUNGSI": "Rumah Tinggal", "KLS_6": "Hunian", "JML_LNT1": 1, "MAT_DOM": "Beton Bertulang", "STR_TAMP": "Dinding Pemikul", "KONDISI": "Baik", "TAXONOMI": "MCF/LWAL/RSH3/RMT1/EWMA/CV1/HEX:1", "LUAS_M2": 2378.8272993300002, "N_EXP": 11941713042.6 }, "geometry": { "type": "Point", "coordinates": [ 105.2437349, -5.5540839 ] } },
{ "type": "Feature", "properties": { "ID_BGN": "Blok D (SDI-D13-013)", "KELAS": "Tinggi", "BLOK": "D", "FUNGSI": "Rumah Tinggal", "KLS_6": "Hunian", "JML_LNT1": 1, "MAT_DOM": "Beton Bertulang", "STR_TAMP": "Dinding Pemikul", "KONDISI": "Baik", "TAXONOMI": "MCF/LWAL/RSH2/RMT2/EWMA/CV1/HEX:1", "LUAS_M2": 2378.8272993300002, "N_EXP": 11941713042.6 }, "geometry": { "type": "Point", "coordinates": [ 105.2442077, -5.5546311 ] } },
{ "type": "Feature", "properties": { "ID_BGN": "Blok D (SDI-D14-014)", "KELAS": "Tinggi", "BLOK": "D", "FUNGSI": "Rumah Tinggal", "KLS_6": "Hunian", "JML_LNT1": 1, "MAT_DOM": "Beton Bertulang", "STR_TAMP": "Dinding Pemikul", "KONDISI": "Baik", "TAXONOMI": "MCF/LWAL/RSH2/RMT1/EWMA/CV1/HEX:1", "LUAS_M2": 2378.8272993300002, "N_EXP": 11941713042.6 }, "geometry": { "type": "Point", "coordinates": [ 105.2441343, -5.5547461 ] } },
{ "type": "Feature", "properties": { "ID_BGN": "Blok D (SDI-D15-015)", "KELAS": "Tinggi", "BLOK": "D", "FUNGSI": "Rumah Tinggal", "KLS_6": "Hunian", "JML_LNT1": 1, "MAT_DOM": "Beton Bertulang", "STR_TAMP": "Dinding Pemikul", "KONDISI": "Baik", "TAXONOMI": "MCF/LWAL/RSH8/RMT1+RMT6/EWMA/CV1/HEX:1", "LUAS_M2": 2378.8272993300002, "N_EXP": 11941713042.6 }, "geometry": { "type": "Point", "coordinates": [ 105.2439875, -5.5547461 ] } },
{ "type": "Feature", "properties": { "ID_BGN": "Blok D (SDI-D16-016)", "KELAS": "Tinggi", "BLOK": "D", "FUNGSI": "Rumah Tinggal", "KLS_6": "Hunian", "JML_LNT1": 1, "MAT_DOM": "Pasang Bata", "STR_TAMP": "Dinding Pemikul", "KONDISI": "Baik", "TAXONOMI": "MUR/LWAL/RSH3/RMT1/EWMA/CV1/HEX:1", "LUAS_M2": 2378.8272993300002, "N_EXP": 11941713042.6 }, "geometry": { "type": "Point", "coordinates": [ 105.2440746, -5.5544885 ] } },
{ "type": "Feature", "properties": { "ID_BGN": "Blok D (SDI-D18-018)", "KELAS": "Sedang", "BLOK": "D", "FUNGSI": "Rumah Tinggal", "KLS_6": "Hunian", "JML_LNT1": 1, "MAT_DOM": "Pasang Bata", "STR_TAMP": "Dinding Pemikul", "KONDISI": "Baik", "TAXONOMI": "MUR/LWAL/RSH8/RMT1/EWMA/CV1/HEX:1", "LUAS_M2": 135.34998644000001, "N_EXP": 679456931.92900002 }, "geometry": { "type": "Point", "coordinates": [ 105.2441069, -5.5551094 ] } },
{ "type": "Feature", "properties": { "ID_BGN": "Blok D (SDI-D20-020)", "KELAS": "Tinggi", "BLOK": "D", "FUNGSI": "Rumah Tinggal", "KLS_6": "Hunian", "JML_LNT1": 1, "MAT_DOM": "Beton Bertulang", "STR_TAMP": "Dinding Pemikul", "KONDISI": "Baik", "TAXONOMI": "MUR/LWAL/RSH2/RMT1/EWMA/CV1/HEX:1", "LUAS_M2": 198.94773363, "N_EXP": 998717622.82299995 }, "geometry": { "type": "Point", "coordinates": [ 105.2443684, -5.5550725 ] } },
{ "type": "Feature", "properties": { "ID_BGN": "Blok D (SDI-D23-023)", "KELAS": "Rendah", "BLOK": "D", "FUNGSI": "Rumah Tinggal", "KLS_6": "Hunian", "JML_LNT1": 1, "MAT_DOM": "Pasang Bata", "STR_TAMP": "Dinding Pemikul", "KONDISI": "Baik", "TAXONOMI": "MUR/LWAL/RSH2/RMT1/EWMA/CV1/HEX:1", "LUAS_M2": 89.6994060488, "N_EXP": 450291018.36500001 }, "geometry": { "type": "Point", "coordinates": [ 105.2441896, -5.5553393 ] } },
{ "type": "Feature", "properties": { "ID_BGN": "Blok D (SDI-D24-024)", "KELAS": "Tinggi", "BLOK": "D", "FUNGSI": "Rumah Tinggal", "KLS_6": "Hunian", "JML_LNT1": 1, "MAT_DOM": "Beton Bertulang", "STR_TAMP": "Dinding Pemikul", "KONDISI": "Baik", "TAXONOMI": "MUR/LWAL/RSH8/RMT1/EWMA/CV1/HEX:1", "LUAS_M2": 198.94773363, "N_EXP": 998717622.82299995 }, "geometry": { "type": "Point", "coordinates": [ 105.2444832, -5.5551966 ] } },
{ "type": "Feature", "properties": { "ID_BGN": "Blok D (SDI-D26-026)", "KELAS": "Sedang", "BLOK": "D", "FUNGSI": "Rumah Tinggal", "KLS_6": "Hunian", "JML_LNT1": 1, "MAT_DOM": "Beton Bertulang", "STR_TAMP": "Dinding Pemikul", "KONDISI": "Baik", "TAXONOMI": "MCF/LWAL/RSH8/RMT1/EWMA/CV1/HEX:1", "LUAS_M2": 171.078623169, "N_EXP": 858814688.30799997 }, "geometry": { "type": "Point", "coordinates": [ 105.2445199, -5.5553438 ] } },
{ "type": "Feature", "properties": { "ID_BGN": "Blok D (SDI-D27-027)", "KELAS": "Sedang", "BLOK": "D", "FUNGSI": "Rumah Tinggal", "KLS_6": "Hunian", "JML_LNT1": 1, "MAT_DOM": "Beton Bertulang", "STR_TAMP": "Dinding Pemikul", "KONDISI": "Baik", "TAXONOMI": "MCF/LWAL/RSH8/RMT1/EWMA/CV1/HEX:1", "LUAS_M2": 168.790771901, "N_EXP": 847329674.94299996 }, "geometry": { "type": "Point", "coordinates": [ 105.2444053, -5.5555692 ] } },
{ "type": "Feature", "properties": { "ID_BGN": "Blok D (SDI-D28-028)", "KELAS": "Sedang", "BLOK": "D", "FUNGSI": "Rumah Tinggal", "KLS_6": "Hunian", "JML_LNT1": 1, "MAT_DOM": "Beton Bertulang", "STR_TAMP": "Dinding Pemikul", "KONDISI": "Baik", "TAXONOMI": "MCF/LWAL/RSH8/RMT1+RMT6/EWMA/CV1/HEX:1", "LUAS_M2": 168.790771901, "N_EXP": 847329674.94299996 }, "geometry": { "type": "Point", "coordinates": [ 105.2446531, -5.5556749 ] } },
{ "type": "Feature", "properties": { "ID_BGN": "Blok D (SDI-D30-030)", "KELAS": "Rendah", "BLOK": "D", "FUNGSI": "Rumah Tinggal", "KLS_6": "Hunian", "JML_LNT1": 1, "MAT_DOM": "Pasang Bata", "STR_TAMP": "Dinding Pemikul", "KONDISI": "Baik", "TAXONOMI": "MUR/LWAL/RSH2/RMT2/EWMA/CV1/HEX:1", "LUAS_M2": 96.699543817099993, "N_EXP": 485431709.96200001 }, "geometry": { "type": "Point", "coordinates": [ 105.2444237, -5.5556612 ] } },
{ "type": "Feature", "properties": { "ID_BGN": "Blok D (SDI-D31-031)", "KELAS": "Rendah", "BLOK": "D", "FUNGSI": "Rumah Tinggal", "KLS_6": "Hunian", "JML_LNT1": 1, "MAT_DOM": "Pasang Bata", "STR_TAMP": "Dinding Pemikul", "KONDISI": "Baik", "TAXONOMI": "MUR/LWAL/RSH2/RMT1/EWMA/CV1/HEX:1", "LUAS_M2": 105.088003742, "N_EXP": 527541778.78500003 }, "geometry": { "type": "Point", "coordinates": [ 105.2447266, -5.555937 ] } },
{ "type": "Feature", "properties": { "ID_BGN": "Blok D (SDI-D33-033)", "KELAS": "Sedang", "BLOK": "D", "FUNGSI": "Rumah Tinggal", "KLS_6": "Hunian", "JML_LNT1": 1, "MAT_DOM": "Pasang Bata", "STR_TAMP": "Dinding Pemikul", "KONDISI": "Baik", "TAXONOMI": "MUR/LFM/RSH2/RMT2/EWMA/CV1/HEX:1", "LUAS_M2": 146.67811291199999, "N_EXP": 736324126.81799996 }, "geometry": { "type": "Point", "coordinates": [ 105.2446395, -5.5561716 ] } },
{ "type": "Feature", "properties": { "ID_BGN": "Blok D (SDI-D35-035)", "KELAS": "Tinggi", "BLOK": "D", "FUNGSI": "Rumah Tinggal", "KLS_6": "Hunian", "JML_LNT1": 1, "MAT_DOM": "Pasang Bata", "STR_TAMP": "Dinding Pemikul", "KONDISI": "Baik", "TAXONOMI": "MUR/LWAL/RSH2/RMT1/EWMA/CV1/HEX:1", "LUAS_M2": 252.546954261, "N_EXP": 1267785710.3900001 }, "geometry": { "type": "Point", "coordinates": [ 105.2446809, -5.5564981 ] } },
{ "type": "Feature", "properties": { "ID_BGN": "Blok D (SDI-D36-036)", "KELAS": "Rendah", "BLOK": "D", "FUNGSI": "Rumah Tinggal", "KLS_6": "Hunian", "JML_LNT1": 1, "MAT_DOM": "Beton Bertulang", "STR_TAMP": "Dinding Pemikul", "KONDISI": "Baik", "TAXONOMI": "MCF/LWAL/RSH2/RMT1/EWMA/CV1/HEX:1", "LUAS_M2": 97.620158977800003, "N_EXP": 490053198.06900001 }, "geometry": { "type": "Point", "coordinates": [ 105.2446672, -5.5566223 ] } },
{ "type": "Feature", "properties": { "ID_BGN": "SDI-D50-050", "KELAS": "Tinggi", "BLOK": "D", "FUNGSI": "Rumah Tinggal", "KLS_6": "Hunian", "JML_LNT1": 1, "MAT_DOM": "Pasang Bata", "STR_TAMP": "Dinding Pemikul", "KONDISI": "Sedang", "TAXONOMI": "MCF/LFINF/RSH2/RMT1/EWMA/CV2/HEX:1", "LUAS_M2": 198.36224998099999, "N_EXP": 995778494.90499997 }, "geometry": { "type": "Point", "coordinates": [ 105.24085, -5.553495 ] } },
{ "type": "Feature", "properties": { "ID_BGN": "SDI-D52-052", "KELAS": "Sedang", "BLOK": "D", "FUNGSI": "Rumah Tinggal", "KLS_6": "Hunian", "JML_LNT1": 1, "MAT_DOM": "Pasang Bata", "STR_TAMP": "Rangka Beton Bertulang", "KONDISI": "Sedang Dibangun", "TAXONOMI": "MCF/LFINF/RSH8/RMT1/EWMA/CV5/HEX:1", "LUAS_M2": 162.04167101300001, "N_EXP": 813449188.48500001 }, "geometry": { "type": "Point", "coordinates": [ 105.241016, -5.553873 ] } },
{ "type": "Feature", "properties": { "ID_BGN": "SDI-D53-053", "KELAS": "Sedang", "BLOK": "D", "FUNGSI": "Rumah Tinggal", "KLS_6": "Hunian", "JML_LNT1": 1, "MAT_DOM": "Pasang Bata", "STR_TAMP": "Rangka Beton Bertulang", "KONDISI": "Baik", "TAXONOMI": "MCF/LFINF/RSH8/RMT6/EWMA/CV1/HEX:1", "LUAS_M2": 146.40078644, "N_EXP": 734931947.92900002 }, "geometry": { "type": "Point", "coordinates": [ 105.241094, -5.553808 ] } },
{ "type": "Feature", "properties": { "ID_BGN": "Blok D (SDI-D37-037)", "KELAS": "Rendah", "BLOK": "D", "FUNGSI": "Rumah Tinggal", "KLS_6": "Hunian", "JML_LNT1": 1, "MAT_DOM": "Pasang Bata", "STR_TAMP": "Dinding Pemikul", "KONDISI": "Baik", "TAXONOMI": "MUR/LFINF/RSH2/RMT1/EWMA/CV1/HEX:1", "LUAS_M2": 2.9107535950400001, "N_EXP": 14611983.0471 }, "geometry": { "type": "Point", "coordinates": [ 105.244447, -5.5567971 ] } },
{ "type": "Feature", "properties": { "ID_BGN": "Blok D (SDI-D38-038)", "KELAS": "Rendah", "BLOK": "D", "FUNGSI": "Rumah Tinggal", "KLS_6": "Hunian", "JML_LNT1": 1, "MAT_DOM": "Pasang Bata", "STR_TAMP": "Dinding Pemikul", "KONDISI": "Baik", "TAXONOMI": "MUR/LFM/RSH8/RMT1/EWMA/CV1/HEX:1", "LUAS_M2": 106.611866116, "N_EXP": 535191567.90200001 }, "geometry": { "type": "Point", "coordinates": [ 105.2446214, -5.5568247 ] } },
{ "type": "Feature", "properties": { "ID_BGN": "Blok D (SDI-D39-039)", "KELAS": "Rendah", "BLOK": "D", "FUNGSI": "Rumah Tinggal", "KLS_6": "Hunian", "JML_LNT1": 1, "MAT_DOM": "Campuran", "STR_TAMP": "Campuran", "KONDISI": "Sedang", "TAXONOMI": "MIX/LFINF/RSH8/RMT2/EWO/CV2/HEX:1", "LUAS_M2": 105.135389651, "N_EXP": 527779656.04799998 }, "geometry": { "type": "Point", "coordinates": [ 105.2449014, -5.5570499 ] } },
{ "type": "Feature", "properties": { "ID_BGN": "SDI-D55-055", "KELAS": "Tidak Terdampak", "BLOK": "D", "FUNGSI": "Rumah Tinggal", "KLS_6": "Hunian", "JML_LNT1": 1, "MAT_DOM": "Pasang Bata", "STR_TAMP": "Rangka Beton Bertulang", "KONDISI": "Baik", "TAXONOMI": "MCF/LFINF/RSH8/RMT1/EWMA/CV1/HEX:1", "LUAS_M2": 0.0, "N_EXP": 0.0 }, "geometry": { "type": "Point", "coordinates": [ 105.241315, -5.5537 ] } },
{ "type": "Feature", "properties": { "ID_BGN": "Blok D (SDI-D40-040)", "KELAS": "Sedang", "BLOK": "D", "FUNGSI": "Rumah Tinggal", "KLS_6": "Hunian", "JML_LNT1": 1, "MAT_DOM": "Pasang Bata", "STR_TAMP": "Dinding Pemikul", "KONDISI": "Rusak Berat", "TAXONOMI": "MUR/LFM/RSH99/RMT99/EWMA/CV4/HEX:1", "LUAS_M2": 133.369612042, "N_EXP": 669515452.45099998 }, "geometry": { "type": "Point", "coordinates": [ 105.2450027, -5.5580663 ] } },
{ "type": "Feature", "properties": { "ID_BGN": "Blok D (SDI-D41-041)", "KELAS": "Rendah", "BLOK": "D", "FUNGSI": "Rumah Tinggal", "KLS_6": "Hunian", "JML_LNT1": 1, "MAT_DOM": "Kayu", "STR_TAMP": "Rangka Kayu", "KONDISI": "Baik", "TAXONOMI": "W/LPB/RSH2/RMT1/EWW/CV1/HEX:1", "LUAS_M2": 68.279497258399999, "N_EXP": 342763076.23699999 }, "geometry": { "type": "Point", "coordinates": [ 105.2451906, -5.5574454 ] } },
{ "type": "Feature", "properties": { "ID_BGN": "Blok D (SDI-D42-042)", "KELAS": "Sedang", "BLOK": "D", "FUNGSI": "Rumah Tinggal", "KLS_6": "Hunian", "JML_LNT1": 1, "MAT_DOM": "Pasang Bata", "STR_TAMP": "Dinding Pemikul", "KONDISI": "Baik", "TAXONOMI": "MUR/LFM/RSH2/RMT1/EWMA/CV1/HEX:1", "LUAS_M2": 179.536088842, "N_EXP": 901271165.98699999 }, "geometry": { "type": "Point", "coordinates": [ 105.244851, -5.5572339 ] } },
{ "type": "Feature", "properties": { "ID_BGN": "Blok D (SDI-D43-043)", "KELAS": "Tinggi", "BLOK": "D", "FUNGSI": "Rumah Tinggal", "KLS_6": "Hunian", "JML_LNT1": 1, "MAT_DOM": "Kayu", "STR_TAMP": "Rangka Kayu", "KONDISI": "Baik", "TAXONOMI": "MIX/LPB/RSH8/RMT1+RMT6/EWW/CV1/HEX:1", "LUAS_M2": 196.16027225400001, "N_EXP": 984724566.71500003 }, "geometry": { "type": "Point", "coordinates": [ 105.2446673, -5.5567879 ] } },
{ "type": "Feature", "properties": { "ID_BGN": "Blok D (SDI-D44-044)", "KELAS": "Rendah", "BLOK": "D", "FUNGSI": "Rumah Tinggal", "KLS_6": "Hunian", "JML_LNT1": 1, "MAT_DOM": "Pasang Bata", "STR_TAMP": "Dinding Pemikul", "KONDISI": "Baik", "TAXONOMI": "MUR/LWAL/RSH8/RMT2/EWMA/CV1/HEX:1", "LUAS_M2": 101.214450576, "N_EXP": 553825230.66199994 }, "geometry": { "type": "Point", "coordinates": [ 105.2423902, -5.5534083 ] } },
{ "type": "Feature", "properties": { "ID_BGN": "Blok D (SDI-D45-045)", "KELAS": "Sedang", "BLOK": "D", "FUNGSI": "Rumah Tinggal", "KLS_6": "Hunian", "JML_LNT1": 2, "MAT_DOM": "Beton Bertulang", "STR_TAMP": "Dinding Pemikul", "KONDISI": "Baik", "TAXONOMI": "MCF/LWAL/RSH8//EWMA/CV1/HEX:2", "LUAS_M2": 164.194566667, "N_EXP": 824256724.66799998 }, "geometry": { "type": "Point", "coordinates": [ 105.2421697, -5.5526495 ] } },
{ "type": "Feature", "properties": { "ID_BGN": "Blok D (SDI-D46-046)", "KELAS": "Tinggi", "BLOK": "D", "FUNGSI": "Rumah Tinggal", "KLS_6": "Hunian", "JML_LNT1": 1, "MAT_DOM": "Pasang Bata", "STR_TAMP": "Dinding Pemikul", "KONDISI": "Baik", "TAXONOMI": "MUR/LFM/RSH8/RMT2/EWMA/CV1/HEX:1", "LUAS_M2": 226.43909727, "N_EXP": 1136724268.3 }, "geometry": { "type": "Point", "coordinates": [ 105.2423119, -5.5525345 ] } },
{ "type": "Feature", "properties": { "ID_BGN": "Blok D (SDI-D47-047)", "KELAS": "Tinggi", "BLOK": "D", "FUNGSI": "Rumah Tinggal", "KLS_6": "Hunian", "JML_LNT1": 1, "MAT_DOM": "Pasang Bata", "STR_TAMP": "Dinding Pemikul", "KONDISI": "Baik", "TAXONOMI": "MUR/LFM/RSH8/RMT1+RMT6/EWMA/CV1/HEX:1", "LUAS_M2": 206.714621628, "N_EXP": 1037707400.5700001 }, "geometry": { "type": "Point", "coordinates": [ 105.2426285, -5.5523964 ] } },
{ "type": "Feature", "properties": { "ID_BGN": "Blok D (SDI-D48-048)", "KELAS": "Tinggi", "BLOK": "D", "FUNGSI": "Rumah Tinggal", "KLS_6": "Hunian", "JML_LNT1": 1, "MAT_DOM": "Pasang Bata", "STR_TAMP": "Dinding Pemikul", "KONDISI": "Baik", "TAXONOMI": "MCF/LWAL/RSH8/RMT1/EWMA/CV1/HEX:1", "LUAS_M2": 353.09675668099999, "N_EXP": 1932074833.21 }, "geometry": { "type": "Point", "coordinates": [ 105.2427156, -5.5523274 ] } },
{ "type": "Feature", "properties": { "ID_BGN": "SDI-D01-056", "KELAS": "Sedang", "BLOK": "D", "FUNGSI": "Rumah Tinggal", "KLS_6": "Hunian", "JML_LNT1": 2, "MAT_DOM": "Pasang Bata", "STR_TAMP": "Dinding Pemikul", "KONDISI": "Baik", "TAXONOMI": "MUR/LWAL/RSH8/RMT1/EWMA/CV1/HEX:2", "LUAS_M2": 127.768920229, "N_EXP": 641399979.54999995 }, "geometry": { "type": "Point", "coordinates": [ 105.240337, -5.554489 ] } },
{ "type": "Feature", "properties": { "ID_BGN": "SDI-D57-057", "KELAS": "Sedang", "BLOK": "D", "FUNGSI": "Rumah Tinggal", "KLS_6": "Hunian", "JML_LNT1": 1, "MAT_DOM": "Pasang Bata", "STR_TAMP": "Dinding Pemikul", "KONDISI": "Sedang", "TAXONOMI": "MUR/LWAL/RSH2/RMT1/EWO/CV2/HEX:1", "LUAS_M2": 180.51980084900001, "N_EXP": 906209400.26199996 }, "geometry": { "type": "Point", "coordinates": [ 105.240221, -5.554381 ] } },
{ "type": "Feature", "properties": { "ID_BGN": "SDI-D59-059", "KELAS": "Tinggi", "BLOK": "D", "FUNGSI": "Rumah Tinggal", "KLS_6": "Hunian", "JML_LNT1": 1, "MAT_DOM": "Pasang Bata", "STR_TAMP": "Dinding Pemikul", "KONDISI": "Baik", "TAXONOMI": "MUR/LWAL/RSH2/RMT1/EWMA/CV1/HEX:1", "LUAS_M2": 352.858416197, "N_EXP": 1771349249.3099999 }, "geometry": { "type": "Point", "coordinates": [ 105.24054, -5.553791 ] } },
{ "type": "Feature", "properties": { "ID_BGN": "SDI-D60-060", "KELAS": "Tinggi", "BLOK": "D", "FUNGSI": "Rumah Tinggal", "KLS_6": "Hunian", "JML_LNT1": 1, "MAT_DOM": "Beton Bertulang", "STR_TAMP": "Rangka Beton Bertulang", "KONDISI": "Baik", "TAXONOMI": "MCF/LFM/RSH8/RMT1/EWMA/CV1/HEX:1", "LUAS_M2": 352.858416197, "N_EXP": 1771349249.3099999 }, "geometry": { "type": "Point", "coordinates": [ 105.241163, -5.553904 ] } },
{ "type": "Feature", "properties": { "ID_BGN": "SDI-D62-062", "KELAS": "Tinggi", "BLOK": "D", "FUNGSI": "Rumah Tinggal", "KLS_6": "Hunian", "JML_LNT1": 1, "MAT_DOM": "Campuran", "STR_TAMP": "Dinding Pemikul", "KONDISI": "Sedang", "TAXONOMI": "MUR/LWAL/RSH2/RMT6/EWMA/CV2/HEX:1", "LUAS_M2": 215.37881969099999, "N_EXP": 1081201674.8499999 }, "geometry": { "type": "Point", "coordinates": [ 105.2413, -5.554023 ] } },
{ "type": "Feature", "properties": { "ID_BGN": "SDI-D63-063", "KELAS": "Sedang", "BLOK": "D", "FUNGSI": "Rumah Tinggal", "KLS_6": "Hunian", "JML_LNT1": 1, "MAT_DOM": "Pasang Bata", "STR_TAMP": "Dinding Pemikul", "KONDISI": "Baik", "TAXONOMI": "MUR/LWAL/RSH2/RMT2/EWMA/CV1/HEX:1", "LUAS_M2": 156.80248196100001, "N_EXP": 787148459.44400001 }, "geometry": { "type": "Point", "coordinates": [ 105.24129, -5.554003 ] } },
{ "type": "Feature", "properties": { "ID_BGN": "SDI-D64-064", "KELAS": "Sedang", "BLOK": "D", "FUNGSI": "Rumah Tinggal", "KLS_6": "Hunian", "JML_LNT1": 1, "MAT_DOM": "Beton Bertulang", "STR_TAMP": "Rangka Beton Bertulang", "KONDISI": "Baik", "TAXONOMI": "MCF/LFM/RSH8/RMT1+RMT6/EWO/CV1/HEX:1", "LUAS_M2": 161.64348445600001, "N_EXP": 811450291.96899998 }, "geometry": { "type": "Point", "coordinates": [ 105.241503, -5.553833 ] } },
{ "type": "Feature", "properties": { "ID_BGN": "SDI-D65-065", "KELAS": "Rendah", "BLOK": "D", "FUNGSI": "Rumah Tinggal", "KLS_6": "Hunian", "JML_LNT1": 1, "MAT_DOM": "Pasang Bata", "STR_TAMP": "Dinding Pemikul", "KONDISI": "Baik", "TAXONOMI": "MUR/LWAL/RSH2/RMT2/EWMA/CV1/HEX:1", "LUAS_M2": 102.08695970399999, "N_EXP": 512476537.71399999 }, "geometry": { "type": "Point", "coordinates": [ 105.241318, -5.554203 ] } },
{ "type": "Feature", "properties": { "ID_BGN": "SDI-B79-079", "KELAS": "Sedang", "BLOK": "B", "FUNGSI": "Rumah Tinggal", "KLS_6": "Hunian", "JML_LNT1": 1, "MAT_DOM": "Pasang Bata", "STR_TAMP": "Rangka Beton Bertulang", "KONDISI": "Baik", "TAXONOMI": "MCF/LFINF/RSH3/RMT1/EWMA/CV1/HEX:1", "LUAS_M2": 179.090243587, "N_EXP": 899033022.80700004 }, "geometry": { "type": "Point", "coordinates": [ 105.230638, -5.550204 ] } },
{ "type": "Feature", "properties": { "ID_BGN": "SDI-B82-082", "KELAS": "Sedang", "BLOK": "B", "FUNGSI": "Rumah Tinggal", "KLS_6": "Hunian", "JML_LNT1": 1, "MAT_DOM": "Pasang Bata", "STR_TAMP": "Rangka Beton Bertulang", "KONDISI": "Baik", "TAXONOMI": "MCF/LFINF/RSH3/RMT1/EWMA/CV1/HEX:1", "LUAS_M2": 152.67094276500001, "N_EXP": 766408132.67999995 }, "geometry": { "type": "Point", "coordinates": [ 105.230647, -5.550586 ] } },
{ "type": "Feature", "properties": { "ID_BGN": "SDI-B92-092", "KELAS": "Tinggi", "BLOK": "B", "FUNGSI": "Rumah Tinggal", "KLS_6": "Hunian", "JML_LNT1": 1, "MAT_DOM": "Pasang Bata", "STR_TAMP": "Dinding Pemikul", "KONDISI": "Baik", "TAXONOMI": "MUR/LWAL/RSH2/RMT1/EWMA/CV1/HEX:1", "LUAS_M2": 181.55555046500001, "N_EXP": 911408863.33399999 }, "geometry": { "type": "Point", "coordinates": [ 105.23106, -5.551282 ] } },
{ "type": "Feature", "properties": { "ID_BGN": "Blok C (SDI-C63-063)", "KELAS": "Rendah", "BLOK": "C", "FUNGSI": "Rumah Tinggal", "KLS_6": "Hunian", "JML_LNT1": 1, "MAT_DOM": "Pasang Bata", "STR_TAMP": "Dinding Pemikul", "KONDISI": "Baik", "TAXONOMI": "MUR/LFINF/RSH8/RMT2/EWMA/CV1/HEX:1", "LUAS_M2": 113.997892607, "N_EXP": 572269420.88699996 }, "geometry": { "type": "Point", "coordinates": [ 105.23455, -5.551369 ] } },
{ "type": "Feature", "properties": { "ID_BGN": "Blok C (SDI-C65-065)", "KELAS": "Rendah", "BLOK": "C", "FUNGSI": "Rumah Tinggal", "KLS_6": "Hunian", "JML_LNT1": 1, "MAT_DOM": "Beton Bertulang", "STR_TAMP": "Rangka Beton Bertulang", "KONDISI": "Baik", "TAXONOMI": "MCF/LFINF/RSH2/RMT1/EWMA/CV1/HEX:1", "LUAS_M2": 78.117695950500007, "N_EXP": 392150833.67199999 }, "geometry": { "type": "Point", "coordinates": [ 105.234275, -5.551571 ] } },
{ "type": "Feature", "properties": { "ID_BGN": "Blok C (SDI-C73-073)", "KELAS": "Tinggi", "BLOK": "C", "FUNGSI": "Rumah Tinggal", "KLS_6": "Hunian", "JML_LNT1": 1, "MAT_DOM": "Pasang Bata", "STR_TAMP": "Dinding Pemikul", "KONDISI": "Baik", "TAXONOMI": "MUR/LFINF/RSH2/RMT1/EWMA/CV1/HEX:1", "LUAS_M2": 202.25106427899999, "N_EXP": 1015300342.6799999 }, "geometry": { "type": "Point", "coordinates": [ 105.233483, -5.551834 ] } },
{ "type": "Feature", "properties": { "ID_BGN": "Blok C (SDI-C74-074)", "KELAS": "Tinggi", "BLOK": "C", "FUNGSI": "Rumah Tinggal", "KLS_6": "Hunian", "JML_LNT1": 1, "MAT_DOM": "Pasang Bata", "STR_TAMP": "Dinding Pemikul", "KONDISI": "Baik", "TAXONOMI": "MUR/LFINF/RSH2/RMT2/EWMA/CV1/HEX:1", "LUAS_M2": 191.60183228899999, "N_EXP": 961841198.09099996 }, "geometry": { "type": "Point", "coordinates": [ 105.234223, -5.551497 ] } },
{ "type": "Feature", "properties": { "ID_BGN": "Blok C (SDI-C79-079)", "KELAS": "Tinggi", "BLOK": "C", "FUNGSI": "Rumah Tinggal", "KLS_6": "Hunian", "JML_LNT1": 1, "MAT_DOM": "Beton Bertulang", "STR_TAMP": "Rangka Beton Bertulang", "KONDISI": "Baik", "TAXONOMI": "CR/LFM/RSH8/RMT1+RMT6/EWMA/CV1/HEX:1", "LUAS_M2": 212.48297106499999, "N_EXP": 1066664514.75 }, "geometry": { "type": "Point", "coordinates": [ 105.235904, -5.553392 ] } },
{ "type": "Feature", "properties": { "ID_BGN": "Blok C (SDI-C80-080)", "KELAS": "Sedang", "BLOK": "C", "FUNGSI": "Rumah Tinggal", "KLS_6": "Hunian", "JML_LNT1": 1, "MAT_DOM": "Pasang Bata", "STR_TAMP": "Dinding Pemikul", "KONDISI": "Baik", "TAXONOMI": "MUR/LWAL/RSH2/RMT2/EWMA/CV1/HEX:1", "LUAS_M2": 162.746165469, "N_EXP": 816985750.65400004 }, "geometry": { "type": "Point", "coordinates": [ 105.23584, -5.553311 ] } },
{ "type": "Feature", "properties": { "ID_BGN": "Blok C (SDI-C86-086)", "KELAS": "Tinggi", "BLOK": "C", "FUNGSI": "Rumah Tinggal", "KLS_6": "Hunian", "JML_LNT1": 1, "MAT_DOM": "Beton Bertulang", "STR_TAMP": "Dinding Pemikul", "KONDISI": "Baik", "TAXONOMI": "MCF/LWAL/RSH8/RMT1+RMT6/EWMA/CV1/HEX:1", "LUAS_M2": 372.42738500299998, "N_EXP": 1869585472.72 }, "geometry": { "type": "Point", "coordinates": [ 105.235629, -5.552878 ] } },
{ "type": "Feature", "properties": { "ID_BGN": "Blok C (SDI-C93-093)", "KELAS": "Sedang", "BLOK": "C", "FUNGSI": "Rumah Tinggal", "KLS_6": "Hunian", "JML_LNT1": 1, "MAT_DOM": "Pasang Bata", "STR_TAMP": "Dinding Pemikul", "KONDISI": "Baik", "TAXONOMI": "MUR/LFINF/RSH8/RMT1/EWMA/CV1/HEX:1", "LUAS_M2": 115.841806408, "N_EXP": 581525868.16799998 }, "geometry": { "type": "Point", "coordinates": [ 105.236795, -5.523323 ] } },
{ "type": "Feature", "properties": { "ID_BGN": "Blok C (SDI-C97-097)", "KELAS": "Sedang", "BLOK": "C", "FUNGSI": "Rumah Tinggal", "KLS_6": "Hunian", "JML_LNT1": 1, "MAT_DOM": "Beton Bertulang", "STR_TAMP": "Rangka Beton Bertulang", "KONDISI": "Baik", "TAXONOMI": "MCF/LFINF/RSH8/RMT1+RMT6/EWMA/CV1/HEX:1", "LUAS_M2": 119.779677771, "N_EXP": 601293982.40999997 }, "geometry": { "type": "Point", "coordinates": [ 105.236673, -5.22292 ] } },
{ "type": "Feature", "properties": { "ID_BGN": "SDI-C104-104", "KELAS": "Tidak Terdampak", "BLOK": "C", "FUNGSI": "Rumah Tinggal", "KLS_6": "Hunian", "JML_LNT1": 1, "MAT_DOM": "Pasang Bata", "STR_TAMP": "Dinding Pemikul", "KONDISI": "Sedang", "TAXONOMI": "MUR/LWAL/RSH2/RMT1/EWMA/CV2/HEX:1", "LUAS_M2": 0.0, "N_EXP": 0.0 }, "geometry": { "type": "Point", "coordinates": [ 105.235273, -5.552383 ] } },
{ "type": "Feature", "properties": { "ID_BGN": "SDI-C105-105", "KELAS": "Tinggi", "BLOK": "C", "FUNGSI": "Rumah Tinggal", "KLS_6": "Hunian", "JML_LNT1": 1, "MAT_DOM": "Pasang Bata", "STR_TAMP": "Dinding Pemikul", "KONDISI": "Baik", "TAXONOMI": "MUR/LWAL/RSH2/RMT1/EWMA/CV1/HEX:1", "LUAS_M2": 269.489195817, "N_EXP": 1352835763.0 }, "geometry": { "type": "Point", "coordinates": [ 105.235544, -5.552295 ] } },
{ "type": "Feature", "properties": { "ID_BGN": "SDI-C112-112", "KELAS": "Sedang", "BLOK": "C", "FUNGSI": "Rumah Tinggal", "KLS_6": "Hunian", "JML_LNT1": 1, "MAT_DOM": "Pasang Bata", "STR_TAMP": "Rangka Beton Bertulang", "KONDISI": "Baik", "TAXONOMI": "MCF/LFINF/RSH3/RMT1/EWMA/CV1/HEX:1", "LUAS_M2": 159.66182889000001, "N_EXP": 801502381.028 }, "geometry": { "type": "Point", "coordinates": [ 105.234975, -5.55322 ] } },
{ "type": "Feature", "properties": { "ID_BGN": "Blok D (SDI-D17-017)", "KELAS": "Sedang", "BLOK": "D", "FUNGSI": "Rumah Tinggal", "KLS_6": "Hunian", "JML_LNT1": 1, "MAT_DOM": "Pasang Bata", "STR_TAMP": "Dinding Pemikul", "KONDISI": "Baik", "TAXONOMI": "MUR/LWAL/RSH8/RMT1+RMT6/EWMA/CV1/HEX:1", "LUAS_M2": 156.175443081, "N_EXP": 784000724.26699996 }, "geometry": { "type": "Point", "coordinates": [ 105.2441664, -5.5548104 ] } },
{ "type": "Feature", "properties": { "ID_BGN": "Blok D (SDI-D19-019)", "KELAS": "Tinggi", "BLOK": "D", "FUNGSI": "Rumah Tinggal", "KLS_6": "Hunian", "JML_LNT1": 1, "MAT_DOM": "Pasang Bata", "STR_TAMP": "Dinding Pemikul", "KONDISI": "Baik", "TAXONOMI": "MCF/LWAL/RSH2/RMT2/EWMA/CV1/HEX:1", "LUAS_M2": 2378.8272993300002, "N_EXP": 11941713042.6 }, "geometry": { "type": "Point", "coordinates": [ 105.2441528, -5.5551094 ] } },
{ "type": "Feature", "properties": { "ID_BGN": "Blok D (SDI-D22-022)", "KELAS": "Tinggi", "BLOK": "D", "FUNGSI": "Rumah Tinggal", "KLS_6": "Hunian", "JML_LNT1": 1, "MAT_DOM": "Beton Bertulang", "STR_TAMP": "Rangka Beton Bertulang", "KONDISI": "Baik", "TAXONOMI": "MCF/LWAL/RSH8/RMT1/EWMA/CV1/HEX:1", "LUAS_M2": 198.94773363, "N_EXP": 998717622.82299995 }, "geometry": { "type": "Point", "coordinates": [ 105.24424, -5.5552749 ] } },
{ "type": "Feature", "properties": { "ID_BGN": "Blok D (SDI-D25-025)", "KELAS": "Sedang", "BLOK": "D", "FUNGSI": "Rumah Tinggal", "KLS_6": "Hunian", "JML_LNT1": 1, "MAT_DOM": "Beton Bertulang", "STR_TAMP": "Dinding Pemikul", "KONDISI": "Baik", "TAXONOMI": "MCF/LWAL/RSH2/RMT1/EWMA/CV1/HEX:1", "LUAS_M2": 117.911328013, "N_EXP": 591914866.625 }, "geometry": { "type": "Point", "coordinates": [ 105.2442492, -5.5553715 ] } },
{ "type": "Feature", "properties": { "ID_BGN": "Blok D (SDI-D29-029)", "KELAS": "Rendah", "BLOK": "D", "FUNGSI": "Rumah Tinggal", "KLS_6": "Hunian", "JML_LNT1": 1, "MAT_DOM": "Beton Bertulang", "STR_TAMP": "Dinding Pemikul", "KONDISI": "Baik", "TAXONOMI": "MCF/LWAL/RSH2/RMT1/EWMA/CV1/HEX:1", "LUAS_M2": 114.306644795, "N_EXP": 573819356.87100005 }, "geometry": { "type": "Point", "coordinates": [ 105.2446761, -5.5557209 ] } },
{ "type": "Feature", "properties": { "ID_BGN": "Blok D (SDI-D32-032)", "KELAS": "Rendah", "BLOK": "D", "FUNGSI": "Rumah Tinggal", "KLS_6": "Hunian", "JML_LNT1": 1, "MAT_DOM": "Campuran", "STR_TAMP": "Campuran", "KONDISI": "Baik", "TAXONOMI": "MIX/LPB/RSH8/RMT2/EWO/CV1/HEX:1", "LUAS_M2": 95.937702363699998, "N_EXP": 481607265.866 }, "geometry": { "type": "Point", "coordinates": [ 105.2446578, -5.5558543 ] } },
{ "type": "Feature", "properties": { "ID_BGN": "SDI-D54-054", "KELAS": "Sedang", "BLOK": "D", "FUNGSI": "Rumah Tinggal", "KLS_6": "Hunian", "JML_LNT1": 1, "MAT_DOM": "Pasang Bata", "STR_TAMP": "Rangka Beton Bertulang", "KONDISI": "Baik", "TAXONOMI": "MCF/LFINF/RSH8/RMT1+RMT6/EWMA/CV1/HEX:1", "LUAS_M2": 179.536088842, "N_EXP": 901271165.98699999 }, "geometry": { "type": "Point", "coordinates": [ 105.241097, -5.553741 ] } },
{ "type": "Feature", "properties": { "ID_BGN": "SDI-D61-061", "KELAS": "Rendah", "BLOK": "D", "FUNGSI": "Rumah Tinggal", "KLS_6": "Hunian", "JML_LNT1": 1, "MAT_DOM": "Pasang Bata", "STR_TAMP": "Dinding Pemikul", "KONDISI": "Sedang Dibangun", "TAXONOMI": "MUR/LWAL/RSH2/RMT1/EWMA/CV5/HEX:1", "LUAS_M2": 71.415463808499993, "N_EXP": 358505628.31900001 }, "geometry": { "type": "Point", "coordinates": [ 105.241164, -5.553903 ] } },
{ "type": "Feature", "properties": { "ID_BGN": "SDI-D66-066", "KELAS": "Rendah", "BLOK": "D", "FUNGSI": "Rumah Tinggal", "KLS_6": "Hunian", "JML_LNT1": 1, "MAT_DOM": "Bambu", "STR_TAMP": "Tidak Diketahui", "KONDISI": "Sedang", "TAXONOMI": "MIX/LPB/RSH2/RMT2/EWO/CV2/HEX:1", "LUAS_M2": 86.4534100913, "N_EXP": 433996118.65799999 }, "geometry": { "type": "Point", "coordinates": [ 105.24128, -5.554075 ] } },
{ "type": "Feature", "properties": { "ID_BGN": "BLOK D (SDI-D67-067)", "KELAS": "Tinggi", "BLOK": "D", "FUNGSI": "Rumah Tinggal", "KLS_6": "Hunian", "JML_LNT1": 1, "MAT_DOM": "Pasang Bata", "STR_TAMP": "Rangka Beton Bertulang", "KONDISI": "Sedang", "TAXONOMI": "MCF/LFINF/RSH3/RMT1/EWMA/CV2/HEX:1", "LUAS_M2": 401.15070528400003, "N_EXP": 2013776540.53 }, "geometry": { "type": "Point", "coordinates": [ 105.240078, -5.554182 ] } },
{ "type": "Feature", "properties": { "ID_BGN": "BLOK D (SDI-D69-069)", "KELAS": "Tinggi", "BLOK": "D", "FUNGSI": "Rumah Tinggal", "KLS_6": "Hunian", "JML_LNT1": 1, "MAT_DOM": "Pasang Bata", "STR_TAMP": "Rangka Beton Bertulang", "KONDISI": "Baik", "TAXONOMI": "MCF/LFINF/RSH8/RMT1/EWMA/CV1/HEX:1", "LUAS_M2": 210.787673321, "N_EXP": 1058154120.0700001 }, "geometry": { "type": "Point", "coordinates": [ 105.24041, -5.554683 ] } },
{ "type": "Feature", "properties": { "ID_BGN": "BLOK D (SDI-D70-070)", "KELAS": "Rendah", "BLOK": "D", "FUNGSI": "Rumah Tinggal", "KLS_6": "Hunian", "JML_LNT1": 1, "MAT_DOM": "Pasang Bata", "STR_TAMP": "Rangka Beton Bertulang", "KONDISI": "Baik", "TAXONOMI": "MCF/LFINF/RSH2/RMT1/EWMA/CV1/HEX:1", "LUAS_M2": 108.880600246, "N_EXP": 546580613.23500001 }, "geometry": { "type": "Point", "coordinates": [ 105.240846, -5.554838 ] } },
{ "type": "Feature", "properties": { "ID_BGN": "BLOK D (SDI-D72-072)", "KELAS": "Sedang", "BLOK": "D", "FUNGSI": "Rumah Tinggal", "KLS_6": "Hunian", "JML_LNT1": 1, "MAT_DOM": "Pasang Bata", "STR_TAMP": "Rangka Beton Bertulang", "KONDISI": "Sedang", "TAXONOMI": "MCF/LFINF/RSH8/RMT1/EWMA/CV2/HEX:1", "LUAS_M2": 141.98108521500001, "N_EXP": 712745047.77900004 }, "geometry": { "type": "Point", "coordinates": [ 105.240587, -5.554897 ] } },
{ "type": "Feature", "properties": { "ID_BGN": "BLOK D (SDI-D73-073)", "KELAS": "Rendah", "BLOK": "D", "FUNGSI": "Rumah Tinggal", "KLS_6": "Hunian", "JML_LNT1": 1, "MAT_DOM": "Pasang Bata", "STR_TAMP": "Rangka Beton Bertulang", "KONDISI": "Sedang", "TAXONOMI": "MCF/LFINF/RSH2/RMT1/EWO/CV2/HEX:1", "LUAS_M2": 108.880600246, "N_EXP": 546580613.23500001 }, "geometry": { "type": "Point", "coordinates": [ 105.240708, -5.555048 ] } },
{ "type": "Feature", "properties": { "ID_BGN": "BLOK D (SDI-D74-074)", "KELAS": "Tinggi", "BLOK": "D", "FUNGSI": "Rumah Tinggal", "KLS_6": "Hunian", "JML_LNT1": 1, "MAT_DOM": "Pasang Bata", "STR_TAMP": "Rangka Beton Bertulang", "KONDISI": "Baik", "TAXONOMI": "MCF/LFINF/RSH8/RMT1/EWMA/CV1/HEX:1", "LUAS_M2": 534.39049063100003, "N_EXP": 2682640262.9699998 }, "geometry": { "type": "Point", "coordinates": [ 105.241056, -5.554716 ] } },
{ "type": "Feature", "properties": { "ID_BGN": "Blok D (SDI-D78-078)", "KELAS": "Sedang", "BLOK": "D", "FUNGSI": "Rumah Tinggal", "KLS_6": "Hunian", "JML_LNT1": 1, "MAT_DOM": "Pasang Bata", "STR_TAMP": "Rangka Beton Bertulang", "KONDISI": "Sedang", "TAXONOMI": "MCF/LFINF/RSH8/RMT1/EWMA/CV2/HEX:1", "LUAS_M2": 127.487418297, "N_EXP": 639986839.85099995 }, "geometry": { "type": "Point", "coordinates": [ 105.241306, -5.554491 ] } },
{ "type": "Feature", "properties": { "ID_BGN": "Blok D (SDI-D80-080)", "KELAS": "Tinggi", "BLOK": "D", "FUNGSI": "Rumah Tinggal", "KLS_6": "Hunian", "JML_LNT1": 1, "MAT_DOM": "Pasang Bata", "STR_TAMP": "Rangka Beton Bertulang", "KONDISI": "Sedang", "TAXONOMI": "MCF/LFINF/RSH8/RMT1/EWMA/CV2/HEX:1", "LUAS_M2": 210.787673321, "N_EXP": 1058154120.0700001 }, "geometry": { "type": "Point", "coordinates": [ 105.241456, -5.554378 ] } },
{ "type": "Feature", "properties": { "ID_BGN": "Blok D (SDI-D83-083)", "KELAS": "Rendah", "BLOK": "D", "FUNGSI": "Rumah Tinggal", "KLS_6": "Hunian", "JML_LNT1": 1, "MAT_DOM": "Pasang Bata", "STR_TAMP": "Rangka Beton Bertulang", "KONDISI": "Baik", "TAXONOMI": "MCF/LFINF/RSH2/RMT1/EWMA/CV1/HEX:1", "LUAS_M2": 18.865913707600001, "N_EXP": 94706886.812199995 }, "geometry": { "type": "Point", "coordinates": [ 105.240808, -5.555157 ] } },
{ "type": "Feature", "properties": { "ID_BGN": "Blok D (SDI-D86-086)", "KELAS": "Rendah", "BLOK": "D", "FUNGSI": "Rumah Tinggal", "KLS_6": "Hunian", "JML_LNT1": 1, "MAT_DOM": "Pasang Bata", "STR_TAMP": "Rangka Beton Bertulang", "KONDISI": "Baik", "TAXONOMI": "MCF/LFINF/RSH2/RMT1/EWMA/CV1/HEX:1", "LUAS_M2": 71.754827548600005, "N_EXP": 360209234.29400003 }, "geometry": { "type": "Point", "coordinates": [ 105.240861, -5.555215 ] } },
{ "type": "Feature", "properties": { "ID_BGN": "Blok D (SDI-D88-088)", "KELAS": "Sedang", "BLOK": "D", "FUNGSI": "Rumah Tinggal", "KLS_6": "Hunian", "JML_LNT1": 1, "MAT_DOM": "Pasang Bata", "STR_TAMP": "Dinding Pemikul", "KONDISI": "Sedang", "TAXONOMI": "MCF/LFINF/RSH2/RMT1/EWO/CV2/HEX:1", "LUAS_M2": 132.78183234400001, "N_EXP": 666564798.36699998 }, "geometry": { "type": "Point", "coordinates": [ 105.24096, -5.555378 ] } },
{ "type": "Feature", "properties": { "ID_BGN": "Blok D (SDI-D92-092)", "KELAS": "Rendah", "BLOK": "D", "FUNGSI": "Rumah Tinggal", "KLS_6": "Hunian", "JML_LNT1": 1, "MAT_DOM": "Pasang Bata", "STR_TAMP": "Dinding Pemikul", "KONDISI": "Sedang", "TAXONOMI": "MUR/LWAL/RSH2/RMT6/EWO/CV2/HEX:1", "LUAS_M2": 76.003674798800006, "N_EXP": 381538447.49000001 }, "geometry": { "type": "Point", "coordinates": [ 105.241085, -5.555602 ] } },
{ "type": "Feature", "properties": { "ID_BGN": "Blok D (SDI-D94-094)", "KELAS": "Sedang", "BLOK": "D", "FUNGSI": "Rumah Tinggal", "KLS_6": "Hunian", "JML_LNT1": 1, "MAT_DOM": "Pasang Bata", "STR_TAMP": "Rangka Beton Bertulang", "KONDISI": "Baik", "TAXONOMI": "MCF/LFINF/RSH2/RMT1/EWMA/CV1/HEX:1", "LUAS_M2": 162.66049534800001, "N_EXP": 816555686.64699996 }, "geometry": { "type": "Point", "coordinates": [ 105.241156, -5.555734 ] } },
{ "type": "Feature", "properties": { "ID_BGN": "Blok D (SDI-D100-100)", "KELAS": "Rendah", "BLOK": "D", "FUNGSI": "Rumah Tinggal", "KLS_6": "Hunian", "JML_LNT1": 2, "MAT_DOM": "Pasang Bata", "STR_TAMP": "Rangka Beton Bertulang", "KONDISI": "Sedang", "TAXONOMI": "MCF/LFINF/RSH2/RMT1/EWMA/CV2/HEX:2", "LUAS_M2": 36.7952428579, "N_EXP": 184712119.14700001 }, "geometry": { "type": "Point", "coordinates": [ 105.241449, -5.556175 ] } },
{ "type": "Feature", "properties": { "ID_BGN": "Blok D (SDI-D102-102)", "KELAS": "Sedang", "BLOK": "D", "FUNGSI": "Rumah Tinggal", "KLS_6": "Hunian", "JML_LNT1": 1, "MAT_DOM": "Pasang Bata", "STR_TAMP": "Dinding Pemikul", "KONDISI": "Sedang", "TAXONOMI": "MUR/LWAL/RSH3/RMT1/EWMA/CV2/HEX:1", "LUAS_M2": 128.44766042699999, "N_EXP": 644807255.34399998 }, "geometry": { "type": "Point", "coordinates": [ 105.241348, -5.555945 ] } },
{ "type": "Feature", "properties": { "ID_BGN": "Blok D (SDI-D103-103)", "KELAS": "Tinggi", "BLOK": "D", "FUNGSI": "Rumah Tinggal", "KLS_6": "Hunian", "JML_LNT1": 1, "MAT_DOM": "Pasang Bata", "STR_TAMP": "Rangka Beton Bertulang", "KONDISI": "Baik", "TAXONOMI": "MCF/LWAL/RSH2/RMT1/EWMA/CV1/HEX:1", "LUAS_M2": 411.96357549700002, "N_EXP": 2068057148.99 }, "geometry": { "type": "Point", "coordinates": [ 105.241755, -5.556578 ] } },
{ "type": "Feature", "properties": { "ID_BGN": "Blok D (SDI-D105-105)", "KELAS": "Sedang", "BLOK": "D", "FUNGSI": "Rumah Tinggal", "KLS_6": "Hunian", "JML_LNT1": 1, "MAT_DOM": "Pasang Bata", "STR_TAMP": "Dinding Pemikul", "KONDISI": "Rusak Ringan", "TAXONOMI": "MUR/LWAL/RSH2/RMT1/EWMA/CV2/HEX:1", "LUAS_M2": 146.44867113800001, "N_EXP": 735172329.11300004 }, "geometry": { "type": "Point", "coordinates": [ 105.241535, -5.55629 ] } },
{ "type": "Feature", "properties": { "ID_BGN": "SDI-A68-068", "KELAS": "Tinggi", "BLOK": "A", "FUNGSI": "Rumah Tinggal", "KLS_6": "Hunian", "JML_LNT1": 1, "MAT_DOM": "Pasang Bata", "STR_TAMP": "Rangka Beton Bertulang", "KONDISI": "Sedang", "TAXONOMI": "MCF/LFINF/RSH2/RMT1/EWMA/CV2/HEX:1", "LUAS_M2": 189.27179159400001, "N_EXP": 950144393.80200005 }, "geometry": { "type": "Point", "coordinates": [ 105.227883, -5.545808 ] } },
{ "type": "Feature", "properties": { "ID_BGN": "SDI-A69-069", "KELAS": "Rendah", "BLOK": "A", "FUNGSI": "Rumah Tinggal", "KLS_6": "Hunian", "JML_LNT1": 1, "MAT_DOM": "Pasang Bata", "STR_TAMP": "Rangka Beton Bertulang", "KONDISI": "Baik", "TAXONOMI": "MCF/LFINF/RSH2/RMT1/EWMA/CV1/HEX:1", "LUAS_M2": 90.258731436999994, "N_EXP": 453098831.81400001 }, "geometry": { "type": "Point", "coordinates": [ 105.228113, -5.545427 ] } },
{ "type": "Feature", "properties": { "ID_BGN": "SDI-A70-070", "KELAS": "Rendah", "BLOK": "A", "FUNGSI": "Rumah Tinggal", "KLS_6": "Hunian", "JML_LNT1": 1, "MAT_DOM": "Pasang Bata", "STR_TAMP": "Dinding Pemikul", "KONDISI": "Sedang", "TAXONOMI": "MCF/LFINF/RSH2/RMT1/EWMA/CV2/HEX:1", "LUAS_M2": 77.012195469800005, "N_EXP": 386601221.25800002 }, "geometry": { "type": "Point", "coordinates": [ 105.227796, -5.54566 ] } },
{ "type": "Feature", "properties": { "ID_BGN": "SDI-A71-071", "KELAS": "Sedang", "BLOK": "A", "FUNGSI": "Rumah Tinggal", "KLS_6": "Hunian", "JML_LNT1": 1, "MAT_DOM": "Kayu", "STR_TAMP": "Rangka Kayu", "KONDISI": "Sedang", "TAXONOMI": "W/LPB/RSH2/RMT6/EWO/CV2/HEX:1", "LUAS_M2": 136.14547906499999, "N_EXP": 683450304.90600002 }, "geometry": { "type": "Point", "coordinates": [ 105.227058, -5.546319 ] } },
{ "type": "Feature", "properties": { "ID_BGN": "SDI-A72-072", "KELAS": "Sedang", "BLOK": "A", "FUNGSI": "Rumah Tinggal", "KLS_6": "Hunian", "JML_LNT1": 1, "MAT_DOM": "Pasang Bata", "STR_TAMP": "Rangka Beton Bertulang", "KONDISI": "Sedang", "TAXONOMI": "MCF/LFINF/RSH2/RMT1/EWMA/CV2/HEX:1", "LUAS_M2": 159.81787409399999, "N_EXP": 802285727.95200002 }, "geometry": { "type": "Point", "coordinates": [ 105.22709, -5.546466 ] } },
{ "type": "Feature", "properties": { "ID_BGN": "SDI-A75-075", "KELAS": "Tinggi", "BLOK": "A", "FUNGSI": "Rumah Tinggal", "KLS_6": "Hunian", "JML_LNT1": 1, "MAT_DOM": "Pasang Bata", "STR_TAMP": "Rangka Beton Bertulang", "KONDISI": "Baik", "TAXONOMI": "MCF/LFINF/RSH2/RMT1/EWMA/CV1/HEX:1", "LUAS_M2": 185.224962981, "N_EXP": 929829314.16499996 }, "geometry": { "type": "Point", "coordinates": [ 105.226934, -5.546788 ] } },
{ "type": "Feature", "properties": { "ID_BGN": "SDI-A76-076", "KELAS": "Sedang", "BLOK": "A", "FUNGSI": "Rumah Tinggal", "KLS_6": "Hunian", "JML_LNT1": 1, "MAT_DOM": "Pasang Bata", "STR_TAMP": "Rangka Beton Bertulang", "KONDISI": "Baik", "TAXONOMI": "MCF/LFINF/RSH2/RMT6/EWMA/CV1/HEX:1", "LUAS_M2": 130.71541693399999, "N_EXP": 656191393.00899994 }, "geometry": { "type": "Point", "coordinates": [ 105.227384, -5.546636 ] } },
{ "type": "Feature", "properties": { "ID_BGN": "SDI-A77-077", "KELAS": "Rendah", "BLOK": "A", "FUNGSI": "Rumah Tinggal", "KLS_6": "Hunian", "JML_LNT1": 1, "MAT_DOM": "Pasang Bata", "STR_TAMP": "Rangka Beton Bertulang", "KONDISI": "Sedang", "TAXONOMI": "MCF/LFINF/RSH2/RMT1/EWO/CV2/HEX:1", "LUAS_M2": 66.610818107599997, "N_EXP": 334386306.9 }, "geometry": { "type": "Point", "coordinates": [ 105.22676, -5.546618 ] } },
{ "type": "Feature", "properties": { "ID_BGN": "SDI-A78-078", "KELAS": "Rendah", "BLOK": "A", "FUNGSI": "Rumah Tinggal", "KLS_6": "Hunian", "JML_LNT1": 1, "MAT_DOM": "Bambu", "STR_TAMP": "Rangka Kayu", "KONDISI": "Sedang", "TAXONOMI": "W/LPB/RSH2/RMT1/EWO/CV2/HEX:1", "LUAS_M2": 56.841645347300002, "N_EXP": 285345059.64300001 }, "geometry": { "type": "Point", "coordinates": [ 105.226682, -5.546715 ] } },
{ "type": "Feature", "properties": { "ID_BGN": "SDI-A81-081", "KELAS": "Rendah", "BLOK": "A", "FUNGSI": "Rumah Tinggal", "KLS_6": "Hunian", "JML_LNT1": 1, "MAT_DOM": "Pasang Bata", "STR_TAMP": "Rangka Beton Bertulang", "KONDISI": "Sedang", "TAXONOMI": "MCF/LFINF/RSH2/RMT1/EWO/CV2/HEX:1", "LUAS_M2": 87.716714131000003, "N_EXP": 440337904.93800002 }, "geometry": { "type": "Point", "coordinates": [ 105.226636, -5.546913 ] } },
{ "type": "Feature", "properties": { "ID_BGN": "SDI-A86-086", "KELAS": "Rendah", "BLOK": "A", "FUNGSI": "Rumah Tinggal", "KLS_6": "Hunian", "JML_LNT1": 1, "MAT_DOM": "Pasang Bata", "STR_TAMP": "Rangka Beton Bertulang", "KONDISI": "Baik", "TAXONOMI": "MCF/LFINF/RSH2/RMT1/EWMA/CV1/HEX:1", "LUAS_M2": 64.818609240100002, "N_EXP": 325389418.38499999 }, "geometry": { "type": "Point", "coordinates": [ 105.2258, -5.545096 ] } },
{ "type": "Feature", "properties": { "ID_BGN": "SDI-A87-087", "KELAS": "Rendah", "BLOK": "A", "FUNGSI": "Rumah Tinggal", "KLS_6": "Hunian", "JML_LNT1": 1, "MAT_DOM": "Kayu", "STR_TAMP": "Rangka Kayu", "KONDISI": "Baik", "TAXONOMI": "W/LPB/RSH2/RMT6/EWW/CV1/HEX:1", "LUAS_M2": 89.563933940200002, "N_EXP": 449610948.38 }, "geometry": { "type": "Point", "coordinates": [ 105.225649, -5.544981 ] } },
{ "type": "Feature", "properties": { "ID_BGN": "SDI-A91-091", "KELAS": "Rendah", "BLOK": "A", "FUNGSI": "Rumah Tinggal", "KLS_6": "Hunian", "JML_LNT1": 1, "MAT_DOM": "Kayu", "STR_TAMP": "Rangka Kayu", "KONDISI": "Sedang", "TAXONOMI": "W/LPB/RSH2/RMT1/EWW/CV2/HEX:1", "LUAS_M2": 63.914278027999998, "N_EXP": 320849675.70099998 }, "geometry": { "type": "Point", "coordinates": [ 105.225357, -5.543771 ] } },
{ "type": "Feature", "properties": { "ID_BGN": "SDI-A94-094", "KELAS": "Sedang", "BLOK": "A", "FUNGSI": "Rumah Tinggal", "KLS_6": "Hunian", "JML_LNT1": 1, "MAT_DOM": "Pasang Bata", "STR_TAMP": "Rangka Beton Bertulang", "KONDISI": "Baik", "TAXONOMI": "MCF/LFINF/RSH2/RMT1/EWMA/CV1/HEX:1", "LUAS_M2": 127.659259452, "N_EXP": 640849482.449 }, "geometry": { "type": "Point", "coordinates": [ 105.22522, -5.543852 ] } },
{ "type": "Feature", "properties": { "ID_BGN": "SDI-A96-096", "KELAS": "Sedang", "BLOK": "A", "FUNGSI": "Rumah Tinggal", "KLS_6": "Hunian", "JML_LNT1": 1, "MAT_DOM": "Pasang Bata", "STR_TAMP": "Rangka Beton Bertulang", "KONDISI": "Sedang", "TAXONOMI": "MCF/LFINF/RSH2/RMT1/EWO/CV2/HEX:1", "LUAS_M2": 139.12334048700001, "N_EXP": 698399169.245 }, "geometry": { "type": "Point", "coordinates": [ 105.227229, -5.544666 ] } },
{ "type": "Feature", "properties": { "ID_BGN": "BLOK D (SDI-D106-106)", "KELAS": "Sedang", "BLOK": "D", "FUNGSI": "Rumah Tinggal", "KLS_6": "Hunian", "JML_LNT1": 1, "MAT_DOM": "Pasang Bata", "STR_TAMP": "Rangka Beton Bertulang", "KONDISI": "Baik", "TAXONOMI": "MUR/LWAL/RSH2/RMT1/EWMA/CV1/HEX:1", "LUAS_M2": 139.12334048700001, "N_EXP": 698399169.245 }, "geometry": { "type": "Point", "coordinates": [ 105.241897, -5.556824 ] } },
{ "type": "Feature", "properties": { "ID_BGN": "Blok D (SDI-D109-109)", "KELAS": "Tidak Terdampak", "BLOK": "D", "FUNGSI": "Rumah Tinggal", "KLS_6": "Hunian", "JML_LNT1": 1, "MAT_DOM": "Kayu", "STR_TAMP": "Rangka Kayu", "KONDISI": "Sedang", "TAXONOMI": "W/LWAL/RSH2/RMT2/EWW/CV2/HEX:1", "LUAS_M2": 0.0, "N_EXP": 0.0 }, "geometry": { "type": "Point", "coordinates": [ 105.24219, -5.557655 ] } },
{ "type": "Feature", "properties": { "ID_BGN": "Blok D (SDI-D111-111)", "KELAS": "Tidak Terdampak", "BLOK": "D", "FUNGSI": "Rumah Tinggal", "KLS_6": "Hunian", "JML_LNT1": 1, "MAT_DOM": "Pasang Bata", "STR_TAMP": "Dinding Pemikul", "KONDISI": "Rusak Ringan", "TAXONOMI": "MUR/LWAL/RSH2/RMT2/EWMA/CV2/HEX:1", "LUAS_M2": 0.0, "N_EXP": 0.0 }, "geometry": { "type": "Point", "coordinates": [ 105.241953, -5.556967 ] } },
{ "type": "Feature", "properties": { "ID_BGN": "Blok D (SDI-D112-112)", "KELAS": "Tinggi", "BLOK": "D", "FUNGSI": "Rumah Tinggal", "KLS_6": "Hunian", "JML_LNT1": 1, "MAT_DOM": "Pasang Bata", "STR_TAMP": "Rangka Beton Bertulang", "KONDISI": "Sedang", "TAXONOMI": "MUR/LWAL/RSH2/RMT1/EWMA/CV2/HEX:1", "LUAS_M2": 263.68720553899999, "N_EXP": 1323709771.8099999 }, "geometry": { "type": "Point", "coordinates": [ 105.241942, -5.556895 ] } },
{ "type": "Feature", "properties": { "ID_BGN": "Blok D (SDI-D113-113)", "KELAS": "Tinggi", "BLOK": "D", "FUNGSI": "Rumah Tinggal", "KLS_6": "Hunian", "JML_LNT1": 1, "MAT_DOM": "Pasang Bata", "STR_TAMP": "Rangka Beton Bertulang", "KONDISI": "Sedang", "TAXONOMI": "MUR/LWAL/RSH2/RMT1/EWMA/CV2/HEX:1", "LUAS_M2": 263.68720553899999, "N_EXP": 1323709771.8099999 }, "geometry": { "type": "Point", "coordinates": [ 105.242256, -5.558196 ] } },
{ "type": "Feature", "properties": { "ID_BGN": "Blok D (SDI-D114-114)", "KELAS": "Rendah", "BLOK": "D", "FUNGSI": "Rumah Tinggal", "KLS_6": "Hunian", "JML_LNT1": 1, "MAT_DOM": "Kayu", "STR_TAMP": "Rangka Kayu", "KONDISI": "Baik", "TAXONOMI": "W/LFM/RSH2/RMT2/EWW/CV1/HEX:1", "LUAS_M2": 94.4810522577, "N_EXP": 474294882.33399999 }, "geometry": { "type": "Point", "coordinates": [ 105.242243, -5.558148 ] } },
{ "type": "Feature", "properties": { "ID_BGN": "Blok D (SDI-D119-119)", "KELAS": "Sedang", "BLOK": "D", "FUNGSI": "Rumah Tinggal", "KLS_6": "Hunian", "JML_LNT1": 1, "MAT_DOM": "Kayu", "STR_TAMP": "Rangka Kayu", "KONDISI": "Rusak Ringan", "TAXONOMI": "W/LWAL/RSH2/RMT2/EWW/CV2/HEX:1", "LUAS_M2": 124.459082495, "N_EXP": 624784594.125 }, "geometry": { "type": "Point", "coordinates": [ 105.242285, -5.5584 ] } },
{ "type": "Feature", "properties": { "ID_BGN": "Blok D (SDI-D123-123)", "KELAS": "Sedang", "BLOK": "D", "FUNGSI": "Rumah Tinggal", "KLS_6": "Hunian", "JML_LNT1": 1, "MAT_DOM": "Pasang Bata", "STR_TAMP": "Dinding Pemikul", "KONDISI": "Sedang", "TAXONOMI": "MUR/LWAL/RSH2/RMT1/EWMA/CV2/HEX:1", "LUAS_M2": 180.01981008199999, "N_EXP": 903699446.61199999 }, "geometry": { "type": "Point", "coordinates": [ 105.242282, -5.55848 ] } },
{ "type": "Feature", "properties": { "ID_BGN": "Blok D (SDI-D126-126)", "KELAS": "Sedang", "BLOK": "D", "FUNGSI": "Rumah Tinggal", "KLS_6": "Hunian", "JML_LNT1": 1, "MAT_DOM": "Kayu", "STR_TAMP": "Dinding Pemikul", "KONDISI": "Sedang", "TAXONOMI": "W/LWAL/RSH2/RMT2/EWW/CV2/HEX:1", "LUAS_M2": 118.67763566399999, "N_EXP": 595761731.03299999 }, "geometry": { "type": "Point", "coordinates": [ 105.242416, -5.558731 ] } },
{ "type": "Feature", "properties": { "ID_BGN": "Blok C (SDI-C118-118)", "KELAS": "Sedang", "BLOK": "C", "FUNGSI": "Rumah Tinggal", "KLS_6": "Hunian", "JML_LNT1": 1, "MAT_DOM": "Pasang Bata", "STR_TAMP": "Dinding Pemikul", "KONDISI": "Baik", "TAXONOMI": "MCF/LFINF/RSH3/RMT1/EWMA/CV1/HEX:1", "LUAS_M2": 134.75599548899999, "N_EXP": 676475097.35500002 }, "geometry": { "type": "Point", "coordinates": [ 105.233382, -5.551169 ] } },
{ "type": "Feature", "properties": { "ID_BGN": "Blok D (SDI-D127-127)", "KELAS": "Tinggi", "BLOK": "D", "FUNGSI": "Rumah Tinggal", "KLS_6": "Hunian", "JML_LNT1": 1, "MAT_DOM": "Pasang Bata", "STR_TAMP": "Dinding Pemikul", "KONDISI": "Sedang", "TAXONOMI": "MUR/LWAL/RSH3/RMT1/EWMA/CV2/HEX:1", "LUAS_M2": 347.38502484499998, "N_EXP": 1743872824.72 }, "geometry": { "type": "Point", "coordinates": [ 105.242406, -5.558719 ] } },
{ "type": "Feature", "properties": { "ID_BGN": "Blok C (SDI-C119-119)", "KELAS": "Rendah", "BLOK": "C", "FUNGSI": "Rumah Tinggal", "KLS_6": "Hunian", "JML_LNT1": 1, "MAT_DOM": "Pasang Bata", "STR_TAMP": "Dinding Pemikul", "KONDISI": "Baik", "TAXONOMI": "MUR/LWAL/RSH2/RMT1/EWMA/CV1/HEX:1", "LUAS_M2": 57.495859427600003, "N_EXP": 288629214.32700002 }, "geometry": { "type": "Point", "coordinates": [ 105.233492, -5.550741 ] } },
{ "type": "Feature", "properties": { "ID_BGN": "Blok C (SDI-C120-120)", "KELAS": "Sedang", "BLOK": "C", "FUNGSI": "Rumah Tinggal", "KLS_6": "Hunian", "JML_LNT1": 1, "MAT_DOM": "Pasang Bata", "STR_TAMP": "Dinding Pemikul", "KONDISI": "Rusak Ringan", "TAXONOMI": "MUR/LWAL/RSH2/RMT1/EWMA/CV2/HEX:1", "LUAS_M2": 166.08749565599999, "N_EXP": 833759228.19299996 }, "geometry": { "type": "Point", "coordinates": [ 105.231432, -5.551947 ] } },
{ "type": "Feature", "properties": { "ID_BGN": "Blok D (SDI-D130-130)", "KELAS": "Tinggi", "BLOK": "D", "FUNGSI": "Rumah Tinggal", "KLS_6": "Hunian", "JML_LNT1": 1, "MAT_DOM": "Pasang Bata", "STR_TAMP": "Dinding Pemikul", "KONDISI": "Sedang", "TAXONOMI": "MUR/LWAL/RSH2/RMT1/EWMA/CV2/HEX:1", "LUAS_M2": 427.27866871800001, "N_EXP": 2144938916.96 }, "geometry": { "type": "Point", "coordinates": [ 105.242163, -5.558884 ] } },
{ "type": "Feature", "properties": { "ID_BGN": "Blok C (SDI-C121-121)", "KELAS": "Rendah", "BLOK": "C", "FUNGSI": "Rumah Tinggal", "KLS_6": "Hunian", "JML_LNT1": 1, "MAT_DOM": "Kayu", "STR_TAMP": "Rangka Kayu", "KONDISI": "Baik", "TAXONOMI": "W/LPB/RSH2/RMT2/EWW/CV1/HEX:1", "LUAS_M2": 90.391994876300004, "N_EXP": 453767814.27899998 }, "geometry": { "type": "Point", "coordinates": [ 105.231726, -5.551837 ] } },
{ "type": "Feature", "properties": { "ID_BGN": "Blok C (SDI-C122-122)", "KELAS": "Rendah", "BLOK": "C", "FUNGSI": "Rumah Tinggal", "KLS_6": "Hunian", "JML_LNT1": 1, "MAT_DOM": "Beton Bertulang", "STR_TAMP": "Rangka Beton Bertulang", "KONDISI": "Baik", "TAXONOMI": "MCF/LFINF/RSH3/RMT1/EWMA/CV1/HEX:1", "LUAS_M2": 54.2064592933, "N_EXP": 272116425.65200001 }, "geometry": { "type": "Point", "coordinates": [ 105.231854, -5.55197 ] } },
{ "type": "Feature", "properties": { "ID_BGN": "Blok C (SDI-C123-123)", "KELAS": "Tinggi", "BLOK": "C", "FUNGSI": "Rumah Tinggal", "KLS_6": "Hunian", "JML_LNT1": 1, "MAT_DOM": "Beton Bertulang", "STR_TAMP": "Rangka Beton Bertulang", "KONDISI": "Baik", "TAXONOMI": "MCF/LFINF/RSH3/RMT1/EWMA/CV1/HEX:1", "LUAS_M2": 552.21058009299998, "N_EXP": 2772097112.0700002 }, "geometry": { "type": "Point", "coordinates": [ 105.231607, -5.552297 ] } },
{ "type": "Feature", "properties": { "ID_BGN": "Blok C (SDI-C124-124)", "KELAS": "Tinggi", "BLOK": "C", "FUNGSI": "Rumah Tinggal", "KLS_6": "Hunian", "JML_LNT1": 1, "MAT_DOM": "Pasang Bata", "STR_TAMP": "Dinding Pemikul", "KONDISI": "Baik", "TAXONOMI": "MUR/LWAL/RSH2/RMT1/EWMA/CV1/HEX:1", "LUAS_M2": 213.155522733, "N_EXP": 1070040724.12 }, "geometry": { "type": "Point", "coordinates": [ 105.231708, -5.552421 ] } },
{ "type": "Feature", "properties": { "ID_BGN": "Blok D (SDI-D134-134)", "KELAS": "Tinggi", "BLOK": "D", "FUNGSI": "Rumah Tinggal", "KLS_6": "Hunian", "JML_LNT1": 1, "MAT_DOM": "Pasang Bata", "STR_TAMP": "Dinding Pemikul", "KONDISI": "Baik", "TAXONOMI": "MUR/LWAL/RSH2/RMT1/EWMA/CV1/HEX:1", "LUAS_M2": 552.21058009299998, "N_EXP": 2772097112.0700002 }, "geometry": { "type": "Point", "coordinates": [ 105.242172, -5.559258 ] } },
{ "type": "Feature", "properties": { "ID_BGN": "Blok D (SDI-D135-135)", "KELAS": "Sedang", "BLOK": "D", "FUNGSI": "Rumah Tinggal", "KLS_6": "Hunian", "JML_LNT1": 1, "MAT_DOM": "Pasang Bata", "STR_TAMP": "Dinding Pemikul", "KONDISI": "Sedang", "TAXONOMI": "MUR/LWAL/RSH2/RMT2/EWMA/CV2/HEX:1", "LUAS_M2": 166.08749565599999, "N_EXP": 833759228.19299996 }, "geometry": { "type": "Point", "coordinates": [ 105.242098, -5.559005 ] } },
{ "type": "Feature", "properties": { "ID_BGN": "Blok D (SDI-D136-136)", "KELAS": "Sedang", "BLOK": "D", "FUNGSI": "Rumah Tinggal", "KLS_6": "Hunian", "JML_LNT1": 1, "MAT_DOM": "Pasang Bata", "STR_TAMP": "Dinding Pemikul", "KONDISI": "Baik", "TAXONOMI": "MUR/LWAL/RSH2/RMT1/EWMA/CV1/HEX:1", "LUAS_M2": 119.468914895, "N_EXP": 599733952.773 }, "geometry": { "type": "Point", "coordinates": [ 105.242107, -5.55891 ] } },
{ "type": "Feature", "properties": { "ID_BGN": "Blok C (SDI-C126-126)", "KELAS": "Sedang", "BLOK": "C", "FUNGSI": "Rumah Tinggal", "KLS_6": "Hunian", "JML_LNT1": 1, "MAT_DOM": "Beton Bertulang", "STR_TAMP": "Rangka Beton Bertulang", "KONDISI": "Baik", "TAXONOMI": "MCF/LFINF/RSH3/RMT1/EWMA/CV1/HEX:1", "LUAS_M2": 166.08749565599999, "N_EXP": 833759228.19299996 }, "geometry": { "type": "Point", "coordinates": [ 105.232203, -5.552499 ] } },
{ "type": "Feature", "properties": { "ID_BGN": "Blok D (SDI-D139-139)", "KELAS": "Tinggi", "BLOK": "D", "FUNGSI": "Rumah Tinggal", "KLS_6": "Hunian", "JML_LNT1": 1, "MAT_DOM": "Pasang Bata", "STR_TAMP": "Rangka Beton Bertulang", "KONDISI": "Sedang", "TAXONOMI": "MUR/LWAL/RSH2/RMT1/EWMA/CV2/HEX:1", "LUAS_M2": 263.965497422, "N_EXP": 1325106797.0599999 }, "geometry": { "type": "Point", "coordinates": [ 105.240688, -5.554301 ] } },
{ "type": "Feature", "properties": { "ID_BGN": "Blok C (SDI-C128-128)", "KELAS": "Tidak Terdampak", "BLOK": "C", "FUNGSI": "Rumah Tinggal", "KLS_6": "Hunian", "JML_LNT1": 1, "MAT_DOM": "Pasang Bata", "STR_TAMP": "Dinding Pemikul", "KONDISI": "Baik", "TAXONOMI": "MUR/LWAL/RSH2/RMT1/EWO/CV1/HEX:1", "LUAS_M2": 0.0, "N_EXP": 0.0 }, "geometry": { "type": "Point", "coordinates": [ 105.232387, -5.552972 ] } },
{ "type": "Feature", "properties": { "ID_BGN": "Blok D (SDI-D140-140)", "KELAS": "Tinggi", "BLOK": "D", "FUNGSI": "Rumah Tinggal", "KLS_6": "Hunian", "JML_LNT1": 1, "MAT_DOM": "Pasang Bata", "STR_TAMP": "Rangka Beton Bertulang", "KONDISI": "Baik", "TAXONOMI": "MUR/LWAL/RSH2/RMT1/EWMA/CV1/HEX:1", "LUAS_M2": 183.36174088000001, "N_EXP": 920475939.21800005 }, "geometry": { "type": "Point", "coordinates": [ 105.241971, -5.554327 ] } },
{ "type": "Feature", "properties": { "ID_BGN": "Blok C (SDI-C129-129)", "KELAS": "Tinggi", "BLOK": "C", "FUNGSI": "Rumah Tinggal", "KLS_6": "Hunian", "JML_LNT1": 1, "MAT_DOM": "Beton Bertulang", "STR_TAMP": "Rangka Beton Bertulang", "KONDISI": "Baik", "TAXONOMI": "MCF/LFINF/RSH3/RMT1/EWMA/CV1/HEX:1", "LUAS_M2": 256.88610349099997, "N_EXP": 1405629381.0799999 }, "geometry": { "type": "Point", "coordinates": [ 105.232181, -5.553258 ] } },
{ "type": "Feature", "properties": { "ID_BGN": "Blok D (SDI-D141-141)", "KELAS": "Tinggi", "BLOK": "D", "FUNGSI": "Rumah Tinggal", "KLS_6": "Hunian", "JML_LNT1": 2, "MAT_DOM": "Campuran", "STR_TAMP": "Rangka Kayu", "KONDISI": "Rusak Berat", "TAXONOMI": "MIX/LFM/RSH3/RMT1/EWO/CV4/HEX:2", "LUAS_M2": 244.73148029500001, "N_EXP": 1228552031.0799999 }, "geometry": { "type": "Point", "coordinates": [ 105.242181, -5.559473 ] } },
{ "type": "Feature", "properties": { "ID_BGN": "Blok C (SDI-C130-130)", "KELAS": "Rendah", "BLOK": "C", "FUNGSI": "Rumah Tinggal", "KLS_6": "Hunian", "JML_LNT1": 1, "MAT_DOM": "Pasang Bata", "STR_TAMP": "Dinding Pemikul", "KONDISI": "Baik", "TAXONOMI": "MUR/LWAL/RSH2/RMT1/EWMA/CV1/HEX:1", "LUAS_M2": 93.750010063199994, "N_EXP": 470625050.51700002 }, "geometry": { "type": "Point", "coordinates": [ 105.232401, -5.553538 ] } },
{ "type": "Feature", "properties": { "ID_BGN": "Blok C (SDI-C131-131)", "KELAS": "Rendah", "BLOK": "C", "FUNGSI": "Rumah Tinggal", "KLS_6": "Hunian", "JML_LNT1": 1, "MAT_DOM": "Pasang Bata", "STR_TAMP": "Dinding Pemikul", "KONDISI": "Baik", "TAXONOMI": "MUR/LWAL/RSH2/RMT1/EWO/CV1/HEX:1", "LUAS_M2": 87.423853695600002, "N_EXP": 438867745.55199999 }, "geometry": { "type": "Point", "coordinates": [ 105.232741, -5.553602 ] } },
{ "type": "Feature", "properties": { "ID_BGN": "Blok C (SDI-C133-133)", "KELAS": "Sedang", "BLOK": "C", "FUNGSI": "Rumah Tinggal", "KLS_6": "Hunian", "JML_LNT1": 1, "MAT_DOM": "Kayu", "STR_TAMP": "Campuran", "KONDISI": "Baik", "TAXONOMI": "W/LPB/RSH2/RMT1/EWO/CV1/HEX:1", "LUAS_M2": 160.4439682, "N_EXP": 805428720.36399996 }, "geometry": { "type": "Point", "coordinates": [ 105.232882, -5.552059 ] } },
{ "type": "Feature", "properties": { "ID_BGN": "Blok B (SDI-B96-096)", "KELAS": "Tinggi", "BLOK": "B", "FUNGSI": "Rumah Tinggal", "KLS_6": "Hunian", "JML_LNT1": 1, "MAT_DOM": "Pasang Bata", "STR_TAMP": "Dinding Pemikul", "KONDISI": "Baik", "TAXONOMI": "MUR/LWAL/RSH2/RMT1/EWMA/CV1/HEX:1", "LUAS_M2": 181.55555046500001, "N_EXP": 911408863.33399999 }, "geometry": { "type": "Point", "coordinates": [ 105.231703, -5.550323 ] } },
{ "type": "Feature", "properties": { "ID_BGN": "Blok B (SDI-B97-097)", "KELAS": "Tidak Terdampak", "BLOK": "B", "FUNGSI": "Rumah Tinggal", "KLS_6": "Hunian", "JML_LNT1": 1, "MAT_DOM": "Pasang Bata", "STR_TAMP": "Dinding Pemikul", "KONDISI": "Baik", "TAXONOMI": "MUR/LWAL/RSH2/RMT1/EWMA/CV1/HEX:1", "LUAS_M2": 0.0, "N_EXP": 0.0 }, "geometry": { "type": "Point", "coordinates": [ 105.231298, -5.551093 ] } },
{ "type": "Feature", "properties": { "ID_BGN": "Blok B (SDI-B100-100)", "KELAS": "Tinggi", "BLOK": "B", "FUNGSI": "Rumah Tinggal", "KLS_6": "Hunian", "JML_LNT1": 1, "MAT_DOM": "Pasang Bata", "STR_TAMP": "Dinding Pemikul", "KONDISI": "Baik", "TAXONOMI": "MCF/LWAL/RSH2/RMT1/EWMA/CV1/HEX:1", "LUAS_M2": 250.58430971199999, "N_EXP": 1257933234.75 }, "geometry": { "type": "Point", "coordinates": [ 105.231437, -5.551478 ] } },
{ "type": "Feature", "properties": { "ID_BGN": "Blok B (SDI-B101-101)", "KELAS": "Sedang", "BLOK": "B", "FUNGSI": "Rumah Tinggal", "KLS_6": "Hunian", "JML_LNT1": 1, "MAT_DOM": "Beton Bertulang", "STR_TAMP": "Rangka Beton Bertulang", "KONDISI": "Baik", "TAXONOMI": "MCF/LFINF/RSH3/RMT1/EWMA/CV1/HEX:1", "LUAS_M2": 158.712550026, "N_EXP": 796737001.13100004 }, "geometry": { "type": "Point", "coordinates": [ 105.231129, -5.551611 ] } },
{ "type": "Feature", "properties": { "ID_BGN": "Blok B (SDI-B102-102)", "KELAS": "Sedang", "BLOK": "B", "FUNGSI": "Rumah Tinggal", "KLS_6": "Hunian", "JML_LNT1": 1, "MAT_DOM": "Beton Bertulang", "STR_TAMP": "Rangka Beton Bertulang", "KONDISI": "Baik", "TAXONOMI": "MCF/LFINF/RSH2/RMT1/EWMA/CV1/HEX:1", "LUAS_M2": 157.20443637599999, "N_EXP": 789166270.60800004 }, "geometry": { "type": "Point", "coordinates": [ 105.230891, -5.551497 ] } },
{ "type": "Feature", "properties": { "ID_BGN": "Blok B (SDI-C103-103)", "KELAS": "Sedang", "BLOK": "B", "FUNGSI": "Rumah Tinggal", "KLS_6": "Hunian", "JML_LNT1": 1, "MAT_DOM": "Kayu", "STR_TAMP": "Rangka Kayu", "KONDISI": "Baik", "TAXONOMI": "W/LPB/RSH2/RMT1/EWW/CV1/HEX:1", "LUAS_M2": 145.836621702, "N_EXP": 732099840.94400001 }, "geometry": { "type": "Point", "coordinates": [ 105.231106, -5.551386 ] } },
{ "type": "Feature", "properties": { "ID_BGN": "Blok B (SDI-B104-104)", "KELAS": "Tinggi", "BLOK": "B", "FUNGSI": "Rumah Tinggal", "KLS_6": "Hunian", "JML_LNT1": 1, "MAT_DOM": "Pasang Bata", "STR_TAMP": "Dinding Pemikul", "KONDISI": "Baik", "TAXONOMI": "MUR/LWAL/RSH2/RMT1/EWMA/CV1/HEX:1", "LUAS_M2": 320.45247032499998, "N_EXP": 1608671401.03 }, "geometry": { "type": "Point", "coordinates": [ 105.230817, -5.551423 ] } },
{ "type": "Feature", "properties": { "ID_BGN": "Blok B (SDI-B105-105)", "KELAS": "Tinggi", "BLOK": "B", "FUNGSI": "Rumah Tinggal", "KLS_6": "Hunian", "JML_LNT1": 1, "MAT_DOM": "Pasang Bata", "STR_TAMP": "Dinding Pemikul", "KONDISI": "Baik", "TAXONOMI": "MUR/LWAL/RSH2/RMT1/EWMA/CV1/HEX:1", "LUAS_M2": 308.94989458399999, "N_EXP": 1550928470.8099999 }, "geometry": { "type": "Point", "coordinates": [ 105.230689, -5.551492 ] } },
{ "type": "Feature", "properties": { "ID_BGN": "Blok B (SDI-B106-106)", "KELAS": "Tinggi", "BLOK": "B", "FUNGSI": "Rumah Tinggal", "KLS_6": "Hunian", "JML_LNT1": 1, "MAT_DOM": "Beton Bertulang", "STR_TAMP": "Rangka Beton Bertulang", "KONDISI": "Baik", "TAXONOMI": "MUR/LWAL/RSH2/RMT1/EWMA/CV1/HEX:1", "LUAS_M2": 320.45247032499998, "N_EXP": 1608671401.03 }, "geometry": { "type": "Point", "coordinates": [ 105.230996, -5.551345 ] } },
{ "type": "Feature", "properties": { "ID_BGN": "Blok B (SDI-B107-107)", "KELAS": "Tinggi", "BLOK": "B", "FUNGSI": "Rumah Tinggal", "KLS_6": "Hunian", "JML_LNT1": 1, "MAT_DOM": "Kayu", "STR_TAMP": "Rangka Kayu", "KONDISI": "Baik", "TAXONOMI": "W/LPB/RSH2/RMT2/EWW/CV1/HEX:1", "LUAS_M2": 320.45247032499998, "N_EXP": 1608671401.03 }, "geometry": { "type": "Point", "coordinates": [ 105.230615, -5.551377 ] } },
{ "type": "Feature", "properties": { "ID_BGN": "Blok B (SDI-B109-109)", "KELAS": "Sedang", "BLOK": "B", "FUNGSI": "Rumah Tinggal", "KLS_6": "Hunian", "JML_LNT1": 1, "MAT_DOM": "Pasang Bata", "STR_TAMP": "Dinding Pemikul", "KONDISI": "Baik", "TAXONOMI": "MUR/LWAL/RSH2/RMT1/EWMA/CV1/HEX:1", "LUAS_M2": 173.34950743, "N_EXP": 870214527.29900002 }, "geometry": { "type": "Point", "coordinates": [ 105.230647, -5.551299 ] } },
{ "type": "Feature", "properties": { "ID_BGN": "Blok B (SDI-B110-110)", "KELAS": "Sedang", "BLOK": "B", "FUNGSI": "Rumah Tinggal", "KLS_6": "Hunian", "JML_LNT1": 1, "MAT_DOM": "Pasang Bata", "STR_TAMP": "Dinding Pemikul", "KONDISI": "Baik", "TAXONOMI": "MUR/LWAL/RSH2/RMT1/EWMA/CV1/HEX:1", "LUAS_M2": 169.130145634, "N_EXP": 849033331.08299994 }, "geometry": { "type": "Point", "coordinates": [ 105.230482, -5.551414 ] } },
{ "type": "Feature", "properties": { "ID_BGN": "Blok B (SDI-B111-111)", "KELAS": "Sedang", "BLOK": "B", "FUNGSI": "Rumah Tinggal", "KLS_6": "Hunian", "JML_LNT1": 1, "MAT_DOM": "Pasang Bata", "STR_TAMP": "Dinding Pemikul", "KONDISI": "Baik", "TAXONOMI": "MUR/LWAL/RSH2/RMT1/EWMA/CV1/HEX:1", "LUAS_M2": 154.557867136, "N_EXP": 775880493.023 }, "geometry": { "type": "Point", "coordinates": [ 105.230514, -5.551216 ] } },
{ "type": "Feature", "properties": { "ID_BGN": "Blok B (SDI-B112-112)", "KELAS": "Rendah", "BLOK": "B", "FUNGSI": "Rumah Tinggal", "KLS_6": "Hunian", "JML_LNT1": 1, "MAT_DOM": "Beton Bertulang", "STR_TAMP": "Rangka Beton Bertulang", "KONDISI": "Baik", "TAXONOMI": "MCF/LFINF/RSH3/RMT1/EWMA/CV1/HEX:1", "LUAS_M2": 73.766723436600003, "N_EXP": 370308951.65200001 }, "geometry": { "type": "Point", "coordinates": [ 105.23079, -5.551299 ] } },
{ "type": "Feature", "properties": { "ID_BGN": "Blok B (SDI-B116-116)", "KELAS": "Sedang", "BLOK": "B", "FUNGSI": "Rumah Tinggal", "KLS_6": "Hunian", "JML_LNT1": 1, "MAT_DOM": "Beton Bertulang", "STR_TAMP": "Rangka Beton Bertulang", "KONDISI": "Baik", "TAXONOMI": "MCF/LFINF/RSH3/RMT1/EWMA/CV1/HEX:1", "LUAS_M2": 121.88665087299999, "N_EXP": 611870987.38199997 }, "geometry": { "type": "Point", "coordinates": [ 105.228843, -5.546788 ] } },
{ "type": "Feature", "properties": { "ID_BGN": "Blok B (SDI-B117-117)", "KELAS": "Tinggi", "BLOK": "B", "FUNGSI": "Rumah Tinggal", "KLS_6": "Hunian", "JML_LNT1": 1, "MAT_DOM": "Pasang Bata", "STR_TAMP": "Dinding Pemikul", "KONDISI": "Baik", "TAXONOMI": "MUR/LWAL/RSH2/RMT1/EWMA/CV1/HEX:1", "LUAS_M2": 249.93198974800001, "N_EXP": 1254658588.53 }, "geometry": { "type": "Point", "coordinates": [ 105.228976, -5.546576 ] } },
{ "type": "Feature", "properties": { "ID_BGN": "Blok B (SDI-B119-119)", "KELAS": "Sedang", "BLOK": "B", "FUNGSI": "Rumah Tinggal", "KLS_6": "Hunian", "JML_LNT1": 1, "MAT_DOM": "Pasang Bata", "STR_TAMP": "Dinding Pemikul", "KONDISI": "Baik", "TAXONOMI": "MUR/LWAL/RSH2/RMT1/EWMA/CV1/HEX:1", "LUAS_M2": 120.783108384, "N_EXP": 606331204.08800006 }, "geometry": { "type": "Point", "coordinates": [ 105.228934, -5.546296 ] } },
{ "type": "Feature", "properties": { "ID_BGN": "Blok B (SDI-B120-120)", "KELAS": "Tinggi", "BLOK": "B", "FUNGSI": "Rumah Tinggal", "KLS_6": "Hunian", "JML_LNT1": 1, "MAT_DOM": "Beton Bertulang", "STR_TAMP": "Rangka Beton Bertulang", "KONDISI": "Baik", "TAXONOMI": "MCF/LFINF/RSH2/RMT1/EWMA/CV1/HEX:1", "LUAS_M2": 188.78698586, "N_EXP": 947710669.01699996 }, "geometry": { "type": "Point", "coordinates": [ 105.228838, -5.546181 ] } },
{ "type": "Feature", "properties": { "ID_BGN": "Blok B (SDI-B121-121)", "KELAS": "Rendah", "BLOK": "B", "FUNGSI": "Rumah Tinggal", "KLS_6": "Hunian", "JML_LNT1": 1, "MAT_DOM": "Beton Bertulang", "STR_TAMP": "Rangka Beton Bertulang", "KONDISI": "Baik", "TAXONOMI": "MCF/LFINF/RSH2/RMT1/EWMA/CV1/HEX:1", "LUAS_M2": 91.569122752799998, "N_EXP": 459676996.21899998 }, "geometry": { "type": "Point", "coordinates": [ 105.228489, -5.545932 ] } },
{ "type": "Feature", "properties": { "ID_BGN": "Blok B (SDI-B123-123)", "KELAS": "Tinggi", "BLOK": "B", "FUNGSI": "Rumah Tinggal", "KLS_6": "Hunian", "JML_LNT1": 1, "MAT_DOM": "Pasang Bata", "STR_TAMP": "Dinding Pemikul", "KONDISI": "Baik", "TAXONOMI": "MUR/LWAL/RSH2/RMT1/EWMA/CV1/HEX:1", "LUAS_M2": 195.630070416, "N_EXP": 982062953.48800004 }, "geometry": { "type": "Point", "coordinates": [ 105.229168, -5.546483 ] } },
{ "type": "Feature", "properties": { "ID_BGN": "Blok B (SDI-B124-124)", "KELAS": "Rendah", "BLOK": "B", "FUNGSI": "Rumah Tinggal", "KLS_6": "Hunian", "JML_LNT1": 1, "MAT_DOM": "Beton Bertulang", "STR_TAMP": "Rangka Beton Bertulang", "KONDISI": "Baik", "TAXONOMI": "MCF/LFINF/RSH2/RMT1/EWMA/CV1/HEX:1", "LUAS_M2": 91.569122752799998, "N_EXP": 459676996.21899998 }, "geometry": { "type": "Point", "coordinates": [ 105.229256, -5.546332 ] } },
{ "type": "Feature", "properties": { "ID_BGN": "Blok B (SDI-B126-126)", "KELAS": "Sedang", "BLOK": "B", "FUNGSI": "Rumah Tinggal", "KLS_6": "Hunian", "JML_LNT1": 1, "MAT_DOM": "Pasang Bata", "STR_TAMP": "Dinding Pemikul", "KONDISI": "Baik", "TAXONOMI": "MUR/LWAL/RSH3/RMT1/EWMA/CV1/HEX:1", "LUAS_M2": 124.125121642, "N_EXP": 623108110.64300001 }, "geometry": { "type": "Point", "coordinates": [ 105.229326, -5.546709 ] } },
{ "type": "Feature", "properties": { "ID_BGN": "Blok B (SDI-B128-128)", "KELAS": "Sedang", "BLOK": "B", "FUNGSI": "Rumah Tinggal", "KLS_6": "Hunian", "JML_LNT1": 1, "MAT_DOM": "Pasang Bata", "STR_TAMP": "Dinding Pemikul", "KONDISI": "Baik", "TAXONOMI": "MUR/LWAL/RSH2/RMT1/EWMA/CV1/HEX:1", "LUAS_M2": 142.81190915100001, "N_EXP": 716915783.93799996 }, "geometry": { "type": "Point", "coordinates": [ 105.230178, -5.546484 ] } },
{ "type": "Feature", "properties": { "ID_BGN": "Blok B (SDI-B129-129)", "KELAS": "Tinggi", "BLOK": "B", "FUNGSI": "Rumah Tinggal", "KLS_6": "Hunian", "JML_LNT1": 1, "MAT_DOM": "Pasang Bata", "STR_TAMP": "Dinding Pemikul", "KONDISI": "Baik", "TAXONOMI": "MUR/LWAL/RSH2/RMT1/EWMA/CV1/HEX:1", "LUAS_M2": 327.024772563, "N_EXP": 1641664358.27 }, "geometry": { "type": "Point", "coordinates": [ 105.229967, -5.545766 ] } },
{ "type": "Feature", "properties": { "ID_BGN": "Blok B (SDI-B130-130)", "KELAS": "Rendah", "BLOK": "B", "FUNGSI": "Rumah Tinggal", "KLS_6": "Hunian", "JML_LNT1": 1, "MAT_DOM": "Beton Bertulang", "STR_TAMP": "Rangka Beton Bertulang", "KONDISI": "Baik", "TAXONOMI": "MCF/LFINF/RSH3/RMT1/EWMA/CV1/HEX:1", "LUAS_M2": 106.214517388, "N_EXP": 533196877.28799999 }, "geometry": { "type": "Point", "coordinates": [ 105.228476, -5.546213 ] } },
{ "type": "Feature", "properties": { "ID_BGN": "Blok B (SDI-B131-131)", "KELAS": "Rendah", "BLOK": "B", "FUNGSI": "Rumah Tinggal", "KLS_6": "Hunian", "JML_LNT1": 1, "MAT_DOM": "Kayu", "STR_TAMP": "Rangka Kayu", "KONDISI": "Sedang", "TAXONOMI": "W/LPB/RSH2/RMT1/EWW/CV2/HEX:1", "LUAS_M2": 106.214517388, "N_EXP": 533196877.28799999 }, "geometry": { "type": "Point", "coordinates": [ 105.228411, -5.546484 ] } },
{ "type": "Feature", "properties": { "ID_BGN": "Blok B (SDI-B133-133)", "KELAS": "Rendah", "BLOK": "B", "FUNGSI": "Rumah Tinggal", "KLS_6": "Hunian", "JML_LNT1": 1, "MAT_DOM": "Beton Bertulang", "STR_TAMP": "Rangka Beton Bertulang", "KONDISI": "Baik", "TAXONOMI": "MCF/LFINF/RSH3/RMT1/EWMA/CV1/HEX:1", "LUAS_M2": 76.367028639500006, "N_EXP": 383362483.76999998 }, "geometry": { "type": "Point", "coordinates": [ 105.228232, -5.546264 ] } },
{ "type": "Feature", "properties": { "ID_BGN": "Blok B (SDI-B133-133)", "KELAS": "Rendah", "BLOK": "B", "FUNGSI": "Rumah Tinggal", "KLS_6": "Hunian", "JML_LNT1": 1, "MAT_DOM": "Beton Bertulang", "STR_TAMP": "Rangka Beton Bertulang", "KONDISI": "Baik", "TAXONOMI": "MCF/LFINF/RSH3/RMT1/EWMA/CV1/HEX:1", "LUAS_M2": 76.367028639500006, "N_EXP": 383362483.76999998 }, "geometry": { "type": "Point", "coordinates": [ 105.228223, -5.546112 ] } },
{ "type": "Feature", "properties": { "ID_BGN": "Blok B (SDI-B134-134)", "KELAS": "Sedang", "BLOK": "B", "FUNGSI": "Rumah Tinggal", "KLS_6": "Hunian", "JML_LNT1": 1, "MAT_DOM": "Pasang Bata", "STR_TAMP": "Dinding Pemikul", "KONDISI": "Baik", "TAXONOMI": "MUR/LWAL/RSH2/RMT1/EWMA/CV1/HEX:1", "LUAS_M2": 168.031371423, "N_EXP": 843517484.54299998 }, "geometry": { "type": "Point", "coordinates": [ 105.228154, -5.54602 ] } },
{ "type": "Feature", "properties": { "ID_BGN": "Blok B (SDI-B135-135)", "KELAS": "Tinggi", "BLOK": "B", "FUNGSI": "Rumah Tinggal", "KLS_6": "Hunian", "JML_LNT1": 1, "MAT_DOM": "Beton Bertulang", "STR_TAMP": "Rangka Beton Bertulang", "KONDISI": "Baik", "TAXONOMI": "MCF/LFINF/RSH3/RMT1/EWMA/CV1/HEX:1", "LUAS_M2": 187.16909477499999, "N_EXP": 939588855.76999998 }, "geometry": { "type": "Point", "coordinates": [ 105.228026, -5.545873 ] } },
{ "type": "Feature", "properties": { "ID_BGN": "Blok B (SDI-B137-137)", "KELAS": "Tinggi", "BLOK": "B", "FUNGSI": "Rumah Tinggal", "KLS_6": "Hunian", "JML_LNT1": 1, "MAT_DOM": "Pasang Bata", "STR_TAMP": "Dinding Pemikul", "KONDISI": "Baik", "TAXONOMI": "MUR/LWAL/RSH2/RMT1/EWMA/CV1/HEX:1", "LUAS_M2": 187.16909477499999, "N_EXP": 939588855.76999998 }, "geometry": { "type": "Point", "coordinates": [ 105.227998, -5.54608 ] } },
{ "type": "Feature", "properties": { "ID_BGN": "Blok B (SDI-B139-139)", "KELAS": "Tinggi", "BLOK": "B", "FUNGSI": "Rumah Tinggal", "KLS_6": "Hunian", "JML_LNT1": 1, "MAT_DOM": "Beton Bertulang", "STR_TAMP": "Rangka Beton Bertulang", "KONDISI": "Baik", "TAXONOMI": "MCF/LFINF/RSH3/RMT1/EWO/CV1/HEX:1", "LUAS_M2": 189.92363974099999, "N_EXP": 953416671.5 }, "geometry": { "type": "Point", "coordinates": [ 105.227888, -5.546245 ] } },
{ "type": "Feature", "properties": { "ID_BGN": "Blok B (SDI-B139-139)", "KELAS": "Tinggi", "BLOK": "B", "FUNGSI": "Rumah Tinggal", "KLS_6": "Hunian", "JML_LNT1": 1, "MAT_DOM": "Beton Bertulang", "STR_TAMP": "Rangka Beton Bertulang", "KONDISI": "Baik", "TAXONOMI": "MCF/LFINF/RSH3/RMT1/EWO/CV1/HEX:1", "LUAS_M2": 189.92363974099999, "N_EXP": 953416671.5 }, "geometry": { "type": "Point", "coordinates": [ 105.228044, -5.546392 ] } },
{ "type": "Feature", "properties": { "ID_BGN": "Blok B (SDI-B140-140)", "KELAS": "Sedang", "BLOK": "B", "FUNGSI": "Rumah Tinggal", "KLS_6": "Hunian", "JML_LNT1": 1, "MAT_DOM": "Kayu", "STR_TAMP": "Rangka Kayu", "KONDISI": "Baik", "TAXONOMI": "W/LPB/RSH2/RMT1/EWW/CV1/HEX:1", "LUAS_M2": 115.676879855, "N_EXP": 580697936.87199998 }, "geometry": { "type": "Point", "coordinates": [ 105.228118, -5.546512 ] } },
{ "type": "Feature", "properties": { "ID_BGN": "Blok B (SDI-B142-142)", "KELAS": "Sedang", "BLOK": "B", "FUNGSI": "Rumah Tinggal", "KLS_6": "Hunian", "JML_LNT1": 1, "MAT_DOM": "Pasang Bata", "STR_TAMP": "Dinding Pemikul", "KONDISI": "Baik", "TAXONOMI": "MUR/LWAL/RSH3/RMT1/EWMA/CV1/HEX:1", "LUAS_M2": 142.97365204, "N_EXP": 717727733.24100006 }, "geometry": { "type": "Point", "coordinates": [ 105.229881, -5.550135 ] } },
{ "type": "Feature", "properties": { "ID_BGN": "Blok B (SDI-B143-143)", "KELAS": "Sedang", "BLOK": "B", "FUNGSI": "Rumah Tinggal", "KLS_6": "Hunian", "JML_LNT1": 1, "MAT_DOM": "Pasang Bata", "STR_TAMP": "Campuran", "KONDISI": "Baik", "TAXONOMI": "MUR/LWAL/RSH2/RMT1/EWO/CV1/HEX:1", "LUAS_M2": 119.832180896, "N_EXP": 601557548.09800005 }, "geometry": { "type": "Point", "coordinates": [ 105.22945, -5.550738 ] } },
{ "type": "Feature", "properties": { "ID_BGN": "Blok B (SDI-B144-144)", "KELAS": "Sedang", "BLOK": "B", "FUNGSI": "Rumah Tinggal", "KLS_6": "Hunian", "JML_LNT1": 1, "MAT_DOM": "Pasang Bata", "STR_TAMP": "Dinding Pemikul", "KONDISI": "Baik", "TAXONOMI": "MUR/LWAL/RSH2/RMT2/EWMA/CV1/HEX:1", "LUAS_M2": 173.871667223, "N_EXP": 872835769.45899999 }, "geometry": { "type": "Point", "coordinates": [ 105.229633, -5.550867 ] } },
{ "type": "Feature", "properties": { "ID_BGN": "Blok B (SDI-B145-145)", "KELAS": "Sedang", "BLOK": "B", "FUNGSI": "Rumah Tinggal", "KLS_6": "Hunian", "JML_LNT1": 1, "MAT_DOM": "Beton Bertulang", "STR_TAMP": "Rangka Beton Bertulang", "KONDISI": "Baik", "TAXONOMI": "MCF/LFINF/RSH2/RMT1/EWMA/CV1/HEX:1", "LUAS_M2": 120.84266019899999, "N_EXP": 606630154.199 }, "geometry": { "type": "Point", "coordinates": [ 105.229785, -5.550945 ] } },
{ "type": "Feature", "properties": { "ID_BGN": "Blok B (SDI-B146-146)", "KELAS": "Rendah", "BLOK": "B", "FUNGSI": "Rumah Tinggal", "KLS_6": "Hunian", "JML_LNT1": 1, "MAT_DOM": "Pasang Bata", "STR_TAMP": "Dinding Pemikul", "KONDISI": "Baik", "TAXONOMI": "MUR/LWAL/RSH2/RMT1/EWMA/CV1/HEX:1", "LUAS_M2": 104.82464987500001, "N_EXP": 526219742.37300003 }, "geometry": { "type": "Point", "coordinates": [ 105.229555, -5.551184 ] } },
{ "type": "Feature", "properties": { "ID_BGN": "Blok B (SDI-147-147)", "KELAS": "Sedang", "BLOK": "B", "FUNGSI": "Rumah Tinggal", "KLS_6": "Hunian", "JML_LNT1": 1, "MAT_DOM": "Pasang Bata", "STR_TAMP": "Dinding Pemikul", "KONDISI": "Baik", "TAXONOMI": "MUR/LWAL/RSH2/RMT1/EWMA/CV1/HEX:1", "LUAS_M2": 128.19121879299999, "N_EXP": 643519918.34099996 }, "geometry": { "type": "Point", "coordinates": [ 105.229588, -5.551318 ] } },
{ "type": "Feature", "properties": { "ID_BGN": "Blok B(SDI-B148-148)", "KELAS": "Tidak Terdampak", "BLOK": "B", "FUNGSI": "Rumah Tinggal", "KLS_6": "Hunian", "JML_LNT1": 1, "MAT_DOM": "Pasang Bata", "STR_TAMP": "Dinding Pemikul", "KONDISI": "Baik", "TAXONOMI": "MUR/LWAL/RSH3/RMT2/EWMA/CV1/HEX:1", "LUAS_M2": 0.0, "N_EXP": 0.0 }, "geometry": { "type": "Point", "coordinates": [ 105.229711, -5.551359 ] } },
{ "type": "Feature", "properties": { "ID_BGN": "Blok B (SDI-B149-149)", "KELAS": "Sedang", "BLOK": "B", "FUNGSI": "Rumah Tinggal", "KLS_6": "Hunian", "JML_LNT1": 1, "MAT_DOM": "Pasang Bata", "STR_TAMP": "Dinding Pemikul", "KONDISI": "Baik", "TAXONOMI": "MUR/LWAL/RSH3/RMT1/EWMA/CV1/HEX:1", "LUAS_M2": 156.75944762, "N_EXP": 786932427.05200005 }, "geometry": { "type": "Point", "coordinates": [ 105.229386, -5.551318 ] } },
{ "type": "Feature", "properties": { "ID_BGN": "Blok B (SDI-B150-150)", "KELAS": "Rendah", "BLOK": "B", "FUNGSI": "Rumah Tinggal", "KLS_6": "Hunian", "JML_LNT1": 1, "MAT_DOM": "Beton Bertulang", "STR_TAMP": "Rangka Beton Bertulang", "KONDISI": "Baik", "TAXONOMI": "MCF/LFINF/RSH3/RMT1/EWMA/CV1/HEX:1", "LUAS_M2": 101.414288666, "N_EXP": 509099729.10299999 }, "geometry": { "type": "Point", "coordinates": [ 105.229413, -5.551584 ] } },
{ "type": "Feature", "properties": { "ID_BGN": "Blok B (SDI-B152-152)", "KELAS": "Rendah", "BLOK": "B", "FUNGSI": "Rumah Tinggal", "KLS_6": "Hunian", "JML_LNT1": 1, "MAT_DOM": "Pasang Bata", "STR_TAMP": "Dinding Pemikul", "KONDISI": "Baik", "TAXONOMI": "MUR/LWAL/RSH2/RMT1/EWMA/CV1/HEX:1", "LUAS_M2": 102.7053239, "N_EXP": 515580725.97799999 }, "geometry": { "type": "Point", "coordinates": [ 105.229138, -5.551488 ] } },
{ "type": "Feature", "properties": { "ID_BGN": "Blok B (SDI-B153-153)", "KELAS": "Rendah", "BLOK": "B", "FUNGSI": "Rumah Tinggal", "KLS_6": "Hunian", "JML_LNT1": 1, "MAT_DOM": "Kayu", "STR_TAMP": "Rangka Kayu", "KONDISI": "Baik", "TAXONOMI": "W/LPB/RSH2/RMT2/EWW/CV1/HEX:1", "LUAS_M2": 62.437219825600003, "N_EXP": 313434843.52499998 }, "geometry": { "type": "Point", "coordinates": [ 105.228986, -5.551382 ] } },
{ "type": "Feature", "properties": { "ID_BGN": "Blok B (SDI-B155-155)", "KELAS": "Rendah", "BLOK": "B", "FUNGSI": "Rumah Tinggal", "KLS_6": "Hunian", "JML_LNT1": 1, "MAT_DOM": "Beton Bertulang", "STR_TAMP": "Rangka Beton Bertulang", "KONDISI": "Baik", "TAXONOMI": "MCF/LFINF/RSH2/RMT1/EWMA/CV1/HEX:1", "LUAS_M2": 46.030543081099999, "N_EXP": 231073326.26699999 }, "geometry": { "type": "Point", "coordinates": [ 105.229312, -5.551851 ] } },
{ "type": "Feature", "properties": { "ID_BGN": "Blok B (SDI-B157-157)", "KELAS": "Rendah", "BLOK": "B", "FUNGSI": "Rumah Tinggal", "KLS_6": "Hunian", "JML_LNT1": 1, "MAT_DOM": "Pasang Bata", "STR_TAMP": "Dinding Pemikul", "KONDISI": "Baik", "TAXONOMI": "MUR/LWAL/RSH2/RMT2/EWMA/CV1/HEX:1", "LUAS_M2": 103.00674546899999, "N_EXP": 517093862.25400001 }, "geometry": { "type": "Point", "coordinates": [ 105.229178, -5.551671 ] } },
{ "type": "Feature", "properties": { "ID_BGN": "Blok B (SDI-B158-158)", "KELAS": "Rendah", "BLOK": "B", "FUNGSI": "Rumah Tinggal", "KLS_6": "Hunian", "JML_LNT1": 1, "MAT_DOM": "Pasang Bata", "STR_TAMP": "Dinding Pemikul", "KONDISI": "Baik", "TAXONOMI": "MUR/LWAL/RSH2/RMT1/EWMA/CV1/HEX:1", "LUAS_M2": 77.864014788099993, "N_EXP": 390877354.236 }, "geometry": { "type": "Point", "coordinates": [ 105.229065, -5.551635 ] } },
{ "type": "Feature", "properties": { "ID_BGN": "Blok B (SDI-B160-160)", "KELAS": "Sedang", "BLOK": "B", "FUNGSI": "Rumah Tinggal", "KLS_6": "Hunian", "JML_LNT1": 1, "MAT_DOM": "Beton Bertulang", "STR_TAMP": "Rangka Beton Bertulang", "KONDISI": "Baik", "TAXONOMI": "MCF/LFINF/RSH3/RMT1/EWMA/CV1/HEX:1", "LUAS_M2": 169.10554555799999, "N_EXP": 848909838.70099998 }, "geometry": { "type": "Point", "coordinates": [ 105.228821, -5.551529 ] } },
{ "type": "Feature", "properties": { "ID_BGN": "Blok B (SDI-B161-161)", "KELAS": "Rendah", "BLOK": "B", "FUNGSI": "Rumah Tinggal", "KLS_6": "Hunian", "JML_LNT1": 1, "MAT_DOM": "Pasang Bata", "STR_TAMP": "Dinding Pemikul", "KONDISI": "Baik", "TAXONOMI": "MUR/LWAL/RSH2/RMT1/EWO/CV1/HEX:1", "LUAS_M2": 89.918663831999993, "N_EXP": 451391692.43699998 }, "geometry": { "type": "Point", "coordinates": [ 105.228688, -5.551589 ] } },
{ "type": "Feature", "properties": { "ID_BGN": "Blok B (SDI-B163-163)", "KELAS": "Rendah", "BLOK": "B", "FUNGSI": "Rumah Tinggal", "KLS_6": "Hunian", "JML_LNT1": 1, "MAT_DOM": "Beton Bertulang", "STR_TAMP": "Rangka Beton Bertulang", "KONDISI": "Baik", "TAXONOMI": "MCF/LFINF/RSH3/RMT1/EWMA/CV1/HEX:1", "LUAS_M2": 110.61218644100001, "N_EXP": 555273175.93400002 }, "geometry": { "type": "Point", "coordinates": [ 105.228959, -5.551745 ] } },
{ "type": "Feature", "properties": { "ID_BGN": "Blok B (SDI-B164-164)", "KELAS": "Rendah", "BLOK": "B", "FUNGSI": "Rumah Tinggal", "KLS_6": "Hunian", "JML_LNT1": 1, "MAT_DOM": "Beton Bertulang", "STR_TAMP": "Rangka Beton Bertulang", "KONDISI": "Baik", "TAXONOMI": "MCF/LFINF/RSH3/RMT1/EWMA/CV1/HEX:1", "LUAS_M2": 62.437219825600003, "N_EXP": 313434843.52499998 }, "geometry": { "type": "Point", "coordinates": [ 105.229124, -5.55187 ] } },
{ "type": "Feature", "properties": { "ID_BGN": "Blok B (SDI-B166-166)", "KELAS": "Tinggi", "BLOK": "B", "FUNGSI": "Rumah Tinggal", "KLS_6": "Hunian", "JML_LNT1": 1, "MAT_DOM": "Pasang Bata", "STR_TAMP": "Dinding Pemikul", "KONDISI": "Baik", "TAXONOMI": "MUR/LWAL/RSH8/RMT1/EWO/CV1/HEX:1", "LUAS_M2": 192.90965243599999, "N_EXP": 968406455.22899997 }, "geometry": { "type": "Point", "coordinates": [ 105.228849, -5.552003 ] } },
{ "type": "Feature", "properties": { "ID_BGN": "Blok B (SDI-B167-167)", "KELAS": "Sedang", "BLOK": "B", "FUNGSI": "Rumah Tinggal", "KLS_6": "Hunian", "JML_LNT1": 1, "MAT_DOM": "Beton Bertulang", "STR_TAMP": "Rangka Beton Bertulang", "KONDISI": "Baik", "TAXONOMI": "MCF/LFINF/RSH3/RMT1/EWMA/CV1/HEX:1", "LUAS_M2": 142.96824974899999, "N_EXP": 717700613.74000001 }, "geometry": { "type": "Point", "coordinates": [ 105.228647, -5.551976 ] } },
{ "type": "Feature", "properties": { "ID_BGN": "Blok B (SDI-B169-169)", "KELAS": "Sedang", "BLOK": "B", "FUNGSI": "Rumah Tinggal", "KLS_6": "Hunian", "JML_LNT1": 1, "MAT_DOM": "Pasang Bata", "STR_TAMP": "Dinding Pemikul", "KONDISI": "Baik", "TAXONOMI": "MUR/LWAL/RSH2/RMT1/EWMA/CV1/HEX:1", "LUAS_M2": 141.399175466, "N_EXP": 709823860.83899999 }, "geometry": { "type": "Point", "coordinates": [ 105.22845, -5.551948 ] } },
{ "type": "Feature", "properties": { "ID_BGN": "Blok B (SDI-B170-170)", "KELAS": "Rendah", "BLOK": "B", "FUNGSI": "Rumah Tinggal", "KLS_6": "Hunian", "JML_LNT1": 1, "MAT_DOM": "Beton Bertulang", "STR_TAMP": "Rangka Beton Bertulang", "KONDISI": "Baik", "TAXONOMI": "MCF/LFINF/RSH3/RMT1/EWO/CV1/HEX:1", "LUAS_M2": 89.889943179400007, "N_EXP": 451247514.76099998 }, "geometry": { "type": "Point", "coordinates": [ 105.228239, -5.552845 ] } },
{ "type": "Feature", "properties": { "ID_BGN": "Blok B (SDI-B171-171)", "KELAS": "Rendah", "BLOK": "B", "FUNGSI": "Rumah Tinggal", "KLS_6": "Hunian", "JML_LNT1": 1, "MAT_DOM": "Pasang Bata", "STR_TAMP": "Dinding Pemikul", "KONDISI": "Baik", "TAXONOMI": "MUR/LWAL/RSH2/RMT1/EWO/CV1/HEX:1", "LUAS_M2": 113.819016288, "N_EXP": 571371461.76600003 }, "geometry": { "type": "Point", "coordinates": [ 105.227922, -5.552942 ] } },
{ "type": "Feature", "properties": { "ID_BGN": "Blok B (SDI-B172-172)", "KELAS": "Tinggi", "BLOK": "B", "FUNGSI": "Rumah Tinggal", "KLS_6": "Hunian", "JML_LNT1": 1, "MAT_DOM": "Beton Bertulang", "STR_TAMP": "Rangka Beton Bertulang", "KONDISI": "Baik", "TAXONOMI": "MCF/LFINF/RSH3/RMT1/EWMA/CV1/HEX:1", "LUAS_M2": 243.84180591200001, "N_EXP": 1224085865.6800001 }, "geometry": { "type": "Point", "coordinates": [ 105.228353, -5.550258 ] } },
{ "type": "Feature", "properties": { "ID_BGN": "Blok C (SDI-C143-143)", "KELAS": "Rendah", "BLOK": "C", "FUNGSI": "Rumah Tinggal", "KLS_6": "Hunian", "JML_LNT1": 1, "MAT_DOM": "Pasang Bata", "STR_TAMP": "Dinding Pemikul", "KONDISI": "Sedang", "TAXONOMI": "MUR/LWAL/RSH2/RMT2/EWMA/CV2/HEX:1", "LUAS_M2": 99.145781934799999, "N_EXP": 497711825.31300002 }, "geometry": { "type": "Point", "coordinates": [ 105.236276, -5.552405 ] } },
{ "type": "Feature", "properties": { "ID_BGN": "Blok C (SDI-C144-144)", "KELAS": "Rendah", "BLOK": "C", "FUNGSI": "Rumah Tinggal", "KLS_6": "Hunian", "JML_LNT1": 1, "MAT_DOM": "Pasang Bata", "STR_TAMP": "Dinding Pemikul", "KONDISI": "Baik", "TAXONOMI": "MUR/LWAL/RSH2/RMT1/EWMA/CV1/HEX:1", "LUAS_M2": 110.249116591, "N_EXP": 553450565.28699994 }, "geometry": { "type": "Point", "coordinates": [ 105.236303, -5.552235 ] } },
{ "type": "Feature", "properties": { "ID_BGN": "Blok C (SDI-C145-145)", "KELAS": "Sedang", "BLOK": "C", "FUNGSI": "Rumah Tinggal", "KLS_6": "Hunian", "JML_LNT1": 1, "MAT_DOM": "Pasang Bata", "STR_TAMP": "Rangka Beton Bertulang", "KONDISI": "Rusak Ringan", "TAXONOMI": "MCF/LFINF/RSH99/RMT99/EWMA/CV2/HEX:1", "LUAS_M2": 159.901807099, "N_EXP": 802707071.63699996 }, "geometry": { "type": "Point", "coordinates": [ 105.236685, -5.552215 ] } },
{ "type": "Feature", "properties": { "ID_BGN": "Blok C(SDI-C146-146)", "KELAS": "Sedang", "BLOK": "C", "FUNGSI": "Rumah Tinggal", "KLS_6": "Hunian", "JML_LNT1": 1, "MAT_DOM": "Pasang Bata", "STR_TAMP": "Dinding Pemikul", "KONDISI": "Baik", "TAXONOMI": "MUR/LWAL/RSH2/RMT1+RMT6/EWMA/CV1/HEX:1", "LUAS_M2": 155.60007596400001, "N_EXP": 781112381.33899999 }, "geometry": { "type": "Point", "coordinates": [ 105.23642, -5.552394 ] } },
{ "type": "Feature", "properties": { "ID_BGN": "Blok C (SDI-C147-147)", "KELAS": "Tinggi", "BLOK": "C", "FUNGSI": "Rumah Tinggal", "KLS_6": "Hunian", "JML_LNT1": 1, "MAT_DOM": "Pasang Bata", "STR_TAMP": "Dinding Pemikul", "KONDISI": "Baik", "TAXONOMI": "MUR/LWAL/RSH2/RMT1/EWMA/CV1/HEX:1", "LUAS_M2": 196.39402851700001, "N_EXP": 985898023.15499997 }, "geometry": { "type": "Point", "coordinates": [ 105.235281, -5.552406 ] } },
{ "type": "Feature", "properties": { "ID_BGN": "Blok C (SDI-C148-148)", "KELAS": "Sedang", "BLOK": "C", "FUNGSI": "Rumah Tinggal", "KLS_6": "Hunian", "JML_LNT1": 1, "MAT_DOM": "Beton Bertulang", "STR_TAMP": "Rangka Beton Bertulang", "KONDISI": "Baik", "TAXONOMI": "MCF/LFINF/RSH3/RMT1/EWMA/CV1/HEX:1", "LUAS_M2": 119.294211491, "N_EXP": 598856941.68499994 }, "geometry": { "type": "Point", "coordinates": [ 105.233993, -5.551202 ] } },
{ "type": "Feature", "properties": { "ID_BGN": "Blok B(SDI-B174-174)", "KELAS": "Sedang", "BLOK": "B", "FUNGSI": "Rumah Tinggal", "KLS_6": "Hunian", "JML_LNT1": 1, "MAT_DOM": "Kayu", "STR_TAMP": "Rangka Kayu", "KONDISI": "Baik", "TAXONOMI": "W/LPB/RSH2/RMT2/EWW/CV1/HEX:1", "LUAS_M2": 150.458675451, "N_EXP": 823279780.33299994 }, "geometry": { "type": "Point", "coordinates": [ 105.233909, -5.551222 ] } },
{ "type": "Feature", "properties": { "ID_BGN": "Blok B (SDI-B176-176)", "KELAS": "Rendah", "BLOK": "B", "FUNGSI": "Rumah Tinggal", "KLS_6": "Hunian", "JML_LNT1": 1, "MAT_DOM": "Campuran", "STR_TAMP": "Campuran", "KONDISI": "Baik", "TAXONOMI": "MIX/LWAL/RSH2/RMT2/EWO/CV1/HEX:1", "LUAS_M2": 13.808219351, "N_EXP": 69317261.142000005 }, "geometry": { "type": "Point", "coordinates": [ 105.233749, -5.551346 ] } },
{ "type": "Feature", "properties": { "ID_BGN": "Blol B (SDI-B177-177)", "KELAS": "Sedang", "BLOK": "B", "FUNGSI": "Rumah Tinggal", "KLS_6": "Hunian", "JML_LNT1": 1, "MAT_DOM": "Pasang Bata", "STR_TAMP": "Dinding Pemikul", "KONDISI": "Baik", "TAXONOMI": "MUR/LWAL/RSH2/RMT1/EWMA/CV1/HEX:1", "LUAS_M2": 123.23629546700001, "N_EXP": 618646203.24399996 }, "geometry": { "type": "Point", "coordinates": [ 105.233679, -5.551095 ] } },
{ "type": "Feature", "properties": { "ID_BGN": "Blok B (SDI-B180-180)", "KELAS": "Rendah", "BLOK": "B", "FUNGSI": "Rumah Tinggal", "KLS_6": "Hunian", "JML_LNT1": 1, "MAT_DOM": "Pasang Bata", "STR_TAMP": "Dinding Pemikul", "KONDISI": "Baik", "TAXONOMI": "MUR/LWAL/RSH2/RMT1/EWMA/CV1/HEX:1", "LUAS_M2": 108.318325882, "N_EXP": 543757995.92799997 }, "geometry": { "type": "Point", "coordinates": [ 105.233364, -5.55102 ] } },
{ "type": "Feature", "properties": { "ID_BGN": "Blok B (SDI-B183-183)", "KELAS": "Rendah", "BLOK": "B", "FUNGSI": "Rumah Tinggal", "KLS_6": "Hunian", "JML_LNT1": 1, "MAT_DOM": "Beton Bertulang", "STR_TAMP": "Rangka Beton Bertulang", "KONDISI": "Baik", "TAXONOMI": "MCF/LFINF/RSH3/RMT1/EWMA/CV1/HEX:1", "LUAS_M2": 19.927620571399999, "N_EXP": 100036655.26800001 }, "geometry": { "type": "Point", "coordinates": [ 105.233368, -5.550887 ] } },
{ "type": "Feature", "properties": { "ID_BGN": "Blok B-(SDI-B184-184)", "KELAS": "Rendah", "BLOK": "B", "FUNGSI": "Rumah Tinggal", "KLS_6": "Hunian", "JML_LNT1": 1, "MAT_DOM": "Beton Bertulang", "STR_TAMP": "Rangka Beton Bertulang", "KONDISI": "Baik", "TAXONOMI": "MCF/LFINF/RSH2/RMT1/EWMA/CV1/HEX:1", "LUAS_M2": 62.004198532499998, "N_EXP": 311261076.63300002 }, "geometry": { "type": "Point", "coordinates": [ 105.233524, -5.550895 ] } },
{ "type": "Feature", "properties": { "ID_BGN": "SDI-C06-006", "KELAS": "Sedang", "BLOK": "C", "FUNGSI": "Rumah Tinggal", "KLS_6": "Hunian", "JML_LNT1": 1, "MAT_DOM": "Pasang Bata", "STR_TAMP": "Rangka Beton Bertulang", "KONDISI": "Baik", "TAXONOMI": "MCF/LFINF/RSH3/RMT1/EWMA/CV1/HEX:1", "LUAS_M2": 120.08704648600001, "N_EXP": 602836973.36000001 }, "geometry": { "type": "Point", "coordinates": [ 105.234672, -5.552477 ] } },
{ "type": "Feature", "properties": { "ID_BGN": "SDI-C33-033", "KELAS": "Rendah", "BLOK": "C", "FUNGSI": "Rumah Tinggal dan Warung", "KLS_6": "Hunian", "JML_LNT1": 1, "MAT_DOM": "Pasang Bata", "STR_TAMP": "Dinding Pemikul", "KONDISI": "Baik", "TAXONOMI": "MUR/LWAL/RSH2/RMT1+RMT6/EWMA/CV1/HEX:1", "LUAS_M2": 46.329173605999998, "N_EXP": 253503972.13699999 }, "geometry": { "type": "Point", "coordinates": [ 105.236494, -5.554043 ] } },
{ "type": "Feature", "properties": { "ID_BGN": "SDI-C115-115", "KELAS": "Sedang", "BLOK": "C", "FUNGSI": "Rumah Tinggal dan Warung", "KLS_6": "Hunian", "JML_LNT1": 1, "MAT_DOM": "Pasang Bata", "STR_TAMP": "Dinding Pemikul", "KONDISI": "Baik", "TAXONOMI": "MUR/LWAL/RSH8/RMT1/EWMA/CV1/HEX:1", "LUAS_M2": 162.57013710300001, "N_EXP": 816102088.25699997 }, "geometry": { "type": "Point", "coordinates": [ 105.234741, -5.553133 ] } },
{ "type": "Feature", "properties": { "ID_BGN": "SDI-A40-040", "KELAS": "Sedang", "BLOK": "A", "FUNGSI": "Rumah tinggal dan Warung", "KLS_6": "Hunian", "JML_LNT1": 1, "MAT_DOM": "Pasang Bata", "STR_TAMP": "Rangka Beton Bertulang", "KONDISI": "Baik", "TAXONOMI": "MCF/LFINF/RSH2/RMT1/EWMA/CV1/HEX:1", "LUAS_M2": 132.78183234400001, "N_EXP": 666564798.36699998 }, "geometry": { "type": "Point", "coordinates": [ 105.225011, -5.544025 ] } },
{ "type": "Feature", "properties": { "ID_BGN": "SDI-D10-010", "KELAS": "Tinggi", "BLOK": "D", "FUNGSI": "Komersial", "KLS_6": "Perdagangan dan Jasa", "JML_LNT1": 1, "MAT_DOM": "Beton Bertulang", "STR_TAMP": "Rangka Beton Bertulang", "KONDISI": "Baik", "TAXONOMI": "MCF/LFINF/RSH1/RMT2/EWMA/CV1/HEX:1", "LUAS_M2": 411.96357549700002, "N_EXP": 2068057148.99 }, "geometry": { "type": "Point", "coordinates": [ 105.24, -5.5543 ] } },
{ "type": "Feature", "properties": { "ID_BGN": "Blok D (SDI-D104-104)", "KELAS": "Sedang", "BLOK": "D", "FUNGSI": "Komersial", "KLS_6": "Perdagangan dan Jasa", "JML_LNT1": 1, "MAT_DOM": "Pasang Bata", "STR_TAMP": "Dinding Pemikul", "KONDISI": "Rusak Ringan", "TAXONOMI": "MUR/LWAL/RSH2/RMT1/EWMA/CV2/HEX:1", "LUAS_M2": 175.309966167, "N_EXP": 880056030.15799999 }, "geometry": { "type": "Point", "coordinates": [ 105.241564, -5.556358 ] } },
{ "type": "Feature", "properties": { "ID_BGN": "SDI-B38-038", "KELAS": "Tinggi", "BLOK": "B", "FUNGSI": "Rumah Tinggal", "KLS_6": "Hunian", "JML_LNT1": 1, "MAT_DOM": "Pasang Bata", "STR_TAMP": "Rangka Beton Bertulang", "KONDISI": "Baik", "TAXONOMI": "MUR/LWAL/RSH2/RMT2/EWMA/CV1/HEX:1", "LUAS_M2": 348.14622710399999, "N_EXP": 1747694060.0599999 }, "geometry": { "type": "Point", "coordinates": [ 105.22949, -5.547045 ] } },
{ "type": "Feature", "properties": { "ID_BGN": "SDI-A07-007", "KELAS": "Tinggi", "BLOK": "A", "FUNGSI": "Toko/Warung", "KLS_6": "Perdagangan dan Jasa", "JML_LNT1": 1, "MAT_DOM": "Kayu", "STR_TAMP": "Dinding Pemikul", "KONDISI": "Sedang", "TAXONOMI": "MUR/LWAL/RSH5/RMT2/EWMA/CV2/HEX:1", "LUAS_M2": 315.451040659, "N_EXP": 1583564224.1099999 }, "geometry": { "type": "Point", "coordinates": [ 105.227337, -5.544995 ] } },
{ "type": "Feature", "properties": { "ID_BGN": "SDI-C25-025", "KELAS": "Tinggi", "BLOK": "C", "FUNGSI": "Toko/Warung", "KLS_6": "Perdagangan dan Jasa", "JML_LNT1": 1, "MAT_DOM": "Pasang Bata", "STR_TAMP": "Dinding Pemikul", "KONDISI": "Baik", "TAXONOMI": "MUR/LWAL/RSH5/RMT6/EWO/CV1/HEX:1", "LUAS_M2": 188.78698586, "N_EXP": 947710669.01699996 }, "geometry": { "type": "Point", "coordinates": [ 105.235019, -5.551725 ] } },
{ "type": "Feature", "properties": { "ID_BGN": "SDI-B01-001", "KELAS": "Sedang", "BLOK": "B", "FUNGSI": "Rumah Tinggal", "KLS_6": "Hunian", "JML_LNT1": 1, "MAT_DOM": "Pasang Bata", "STR_TAMP": "Dinding Pemikul", "KONDISI": "Baik", "TAXONOMI": "MUR/LWAL/RSH8/RMT1/EWMA/CV1/HEX:1", "LUAS_M2": 127.27282497900001, "N_EXP": 638909581.39499998 }, "geometry": { "type": "Point", "coordinates": [ 105.2283956, -5.5459544 ] } },
{ "type": "Feature", "properties": { "ID_BGN": "SDI-D04-004", "KELAS": "Tinggi", "BLOK": "D", "FUNGSI": "Toko/Warung", "KLS_6": "Perdagangan dan Jasa", "JML_LNT1": 2, "MAT_DOM": "Beton Bertulang", "STR_TAMP": "Dinding Pemikul", "KONDISI": "Baik", "TAXONOMI": "CR/LFINF/RSH8/RMT2/EWMA/CV1/HEX:2", "LUAS_M2": 260.62685863000002, "N_EXP": 1308346830.3199999 }, "geometry": { "type": "Point", "coordinates": [ 105.242, -5.55288 ] } },
{ "type": "Feature", "properties": { "ID_BGN": "SDI-D05-005", "KELAS": "Rendah", "BLOK": "D", "FUNGSI": "Toko/Warung", "KLS_6": "Perdagangan dan Jasa", "JML_LNT1": 1, "MAT_DOM": "Beton Bertulang", "STR_TAMP": "Rangka Beton Bertulang", "KONDISI": "Baik", "TAXONOMI": "MUR/LFINF/RSH8/RMT2/EWMA/CV1/HEX:1", "LUAS_M2": 31.341183916199999, "N_EXP": 157332743.259 }, "geometry": { "type": "Point", "coordinates": [ 105.2437, -5.55138 ] } },
{ "type": "Feature", "properties": { "ID_BGN": "SDI-B04–004", "KELAS": "Tidak Terdampak", "BLOK": "B", "FUNGSI": "Toko/Warung", "KLS_6": "Perdagangan dan Jasa", "JML_LNT1": 1, "MAT_DOM": "Pasang Bata", "STR_TAMP": "Dinding Pemikul", "KONDISI": "Rusak Ringan", "TAXONOMI": "MUR/LWAL/RSH2/RMT1/EWMA/CV2/HEX:1", "LUAS_M2": 0.0, "N_EXP": 0.0 }, "geometry": { "type": "Point", "coordinates": [ 105.2294066, -5.5484371 ] } },
{ "type": "Feature", "properties": { "ID_BGN": "SDI-D06-006", "KELAS": "Tinggi", "BLOK": "D", "FUNGSI": "Toko/Warung", "KLS_6": "Perdagangan dan Jasa", "JML_LNT1": 1, "MAT_DOM": "Pasang Bata", "STR_TAMP": "Rangka Beton Bertulang", "KONDISI": "Baik", "TAXONOMI": "CR/LFINF/RSH1/RMT2/EWMA/CV1/HEX:1", "LUAS_M2": 204.32345500900001, "N_EXP": 1025703744.15 }, "geometry": { "type": "Point", "coordinates": [ 105.243, -5.55193 ] } },
{ "type": "Feature", "properties": { "ID_BGN": "SDI-B07-007", "KELAS": "Sedang", "BLOK": "B", "FUNGSI": "Rumah Tinggal", "KLS_6": "Hunian", "JML_LNT1": 1, "MAT_DOM": "Pasang Bata", "STR_TAMP": "Dinding Pemikul", "KONDISI": "Baik", "TAXONOMI": "MUR/LWAL/RSH8/RMT1/EWMA/CV1/HEX:1", "LUAS_M2": 151.65015995900001, "N_EXP": 761283802.99399996 }, "geometry": { "type": "Point", "coordinates": [ 105.2299412, -5.5491705 ] } },
{ "type": "Feature", "properties": { "ID_BGN": "SDI-B37-037", "KELAS": "Tinggi", "BLOK": "B", "FUNGSI": "Toko/Warung", "KLS_6": "Perdagangan dan Jasa", "JML_LNT1": 1, "MAT_DOM": "Pasang Bata", "STR_TAMP": "Rangka Beton Bertulang", "KONDISI": "Baik", "TAXONOMI": "MCF/LFINF/RSH5/RMT2/EWMA/CV1/HEX:1", "LUAS_M2": 232.88238578599999, "N_EXP": 1169069576.6500001 }, "geometry": { "type": "Point", "coordinates": [ 105.229465, -5.547233 ] } },
{ "type": "Feature", "properties": { "ID_BGN": "Blok C (SDI-C82-082)", "KELAS": "Rendah", "BLOK": "C", "FUNGSI": "Toko/Warung", "KLS_6": "Perdagangan dan Jasa", "JML_LNT1": 1, "MAT_DOM": "Pasang Bata", "STR_TAMP": "Rangka Beton Bertulang", "KONDISI": "Baik", "TAXONOMI": "MUR/LFINF/RSH5/RMT2/EWMA/CV1/HEX:1", "LUAS_M2": 47.897837643099997, "N_EXP": 240447144.96799999 }, "geometry": { "type": "Point", "coordinates": [ 105.236064, -5.553345 ] } },
{ "type": "Feature", "properties": { "ID_BGN": "Blok C (SDI-C88-088)", "KELAS": "Rendah", "BLOK": "C", "FUNGSI": "Toko/Warung", "KLS_6": "Perdagangan dan Jasa", "JML_LNT1": 1, "MAT_DOM": "Pasang Bata", "STR_TAMP": "Dinding Pemikul", "KONDISI": "Sedang", "TAXONOMI": "MUR/LFINF/RSH8/RMT1+RMT6/EWMA/CV2/HEX:1", "LUAS_M2": 47.2026285285, "N_EXP": 236957195.213 }, "geometry": { "type": "Point", "coordinates": [ 105.236275, -5.553713 ] } },
{ "type": "Feature", "properties": { "ID_BGN": "Blok D (SDI-D34-034)", "KELAS": "Rendah", "BLOK": "D", "FUNGSI": "Toko/Warung", "KLS_6": "Perdagangan dan Jasa", "JML_LNT1": 1, "MAT_DOM": "Kayu", "STR_TAMP": "Rangka Kayu", "KONDISI": "Sedang", "TAXONOMI": "W/LPB/RSH3/RMT6/EWW/CV2/HEX:1", "LUAS_M2": 97.620158977800003, "N_EXP": 490053198.06900001 }, "geometry": { "type": "Point", "coordinates": [ 105.2446671, -5.556328 ] } },
{ "type": "Feature", "properties": { "ID_BGN": "SDI-D51-051", "KELAS": "Tinggi", "BLOK": "D", "FUNGSI": "Toko/Warung", "KLS_6": "Perdagangan dan Jasa", "JML_LNT1": 1, "MAT_DOM": "Pasang Bata", "STR_TAMP": "Dinding Pemikul", "KONDISI": "Baik", "TAXONOMI": "MCF/LFINF/RSH8/RMT1+RMT6/EWMA/CV1/HEX:1", "LUAS_M2": 534.39049063100003, "N_EXP": 2682640262.9699998 }, "geometry": { "type": "Point", "coordinates": [ 105.240666, -5.553436 ] } },
{ "type": "Feature", "properties": { "ID_BGN": "Blok D (SDI-D76-076)", "KELAS": "Tinggi", "BLOK": "D", "FUNGSI": "Toko/Warung", "KLS_6": "Perdagangan dan Jasa", "JML_LNT1": 1, "MAT_DOM": "Pasang Bata", "STR_TAMP": "Rangka Beton Bertulang", "KONDISI": "Baik", "TAXONOMI": "MCF/LFINF/RSH8/RMT1/EWMA/CV1/HEX:1", "LUAS_M2": 534.39049063100003, "N_EXP": 2682640262.9699998 }, "geometry": { "type": "Point", "coordinates": [ 105.24121, -5.554582 ] } },
{ "type": "Feature", "properties": { "ID_BGN": "SDI-D01-001", "KELAS": "Sedang", "BLOK": "D", "FUNGSI": "Tempat Ibadah", "KLS_6": "Keagamaan", "JML_LNT1": 1, "MAT_DOM": "Pasang Bata", "STR_TAMP": "Dinding Pemikul", "KONDISI": "Rusak Berat", "TAXONOMI": "MCF/LFM/RSH8/RMT1/EWMA/CV4/HEX:1", "LUAS_M2": 121.75463529300001, "N_EXP": 611208269.171 }, "geometry": { "type": "Point", "coordinates": [ 105.2517, -5.55774 ] } },
{ "type": "Feature", "properties": { "ID_BGN": "SDI-D02-002", "KELAS": "Sedang", "BLOK": "D", "FUNGSI": "Tempat Ibadah", "KLS_6": "Keagamaan", "JML_LNT1": 1, "MAT_DOM": "Beton Bertulang", "STR_TAMP": "Dinding Pemikul", "KONDISI": "Baik", "TAXONOMI": "CR/LFM/RSH8/RMT2/EWMA/CV1/HEX:1", "LUAS_M2": 135.34998644000001, "N_EXP": 679456931.92900002 }, "geometry": { "type": "Point", "coordinates": [ 105.2423, -5.55821 ] } },
{ "type": "Feature", "properties": { "ID_BGN": "SDI-B06-006", "KELAS": "Rendah", "BLOK": "B", "FUNGSI": "Rumah Tinggal", "KLS_6": "Hunian", "JML_LNT1": 1, "MAT_DOM": "Kayu", "STR_TAMP": "Rangka Kayu", "KONDISI": "Sedang", "TAXONOMI": "W/LPB/RSH2/RMT2/EWW/CV2/HEX:1", "LUAS_M2": 91.811946011700002, "N_EXP": 460895968.97899997 }, "geometry": { "type": "Point", "coordinates": [ 105.2297152, -5.5491926 ] } },
{ "type": "Feature", "properties": { "ID_BGN": "SDI-C61-061", "KELAS": "Tinggi", "BLOK": "C", "FUNGSI": "Tempat Ibadah", "KLS_6": "Keagamaan", "JML_LNT1": 1, "MAT_DOM": "Pasang Bata", "STR_TAMP": "Rangka Beton Bertulang", "KONDISI": "Baik", "TAXONOMI": "MCF/LFINF/RSH3/RMT6/EWMA/CV1/HEX:1", "LUAS_M2": 2378.8272993300002, "N_EXP": 11941713042.6 }, "geometry": { "type": "Point", "coordinates": [ 105.236512, -5.551476 ] } },
{ "type": "Feature", "properties": { "ID_BGN": "Blok D (SDI-D21-021)", "KELAS": "Rendah", "BLOK": "D", "FUNGSI": "Tempat Ibadah", "KLS_6": "Keagamaan", "JML_LNT1": 1, "MAT_DOM": "Pasang Bata", "STR_TAMP": "Dinding Pemikul", "KONDISI": "Baik", "TAXONOMI": "MUR/LWAL/RSH3/RMT2/EWMA/CV1/HEX:1", "LUAS_M2": 94.4810522577, "N_EXP": 474294882.33399999 }, "geometry": { "type": "Point", "coordinates": [ 105.2442583, -5.555022 ] } },
{ "type": "Feature", "properties": { "ID_BGN": "Blok B (SDI-B154-154)", "KELAS": "Tinggi", "BLOK": "B", "FUNGSI": "Tempat Ibadah", "KLS_6": "Keagamaan", "JML_LNT1": 1, "MAT_DOM": "Pasang Bata", "STR_TAMP": "Rangka Beton Bertulang", "KONDISI": "Baik", "TAXONOMI": "MCF/LFINF/RSH3/RMT6/EWMA/CV1/HEX:1", "LUAS_M2": 215.695487689, "N_EXP": 1082791348.2 }, "geometry": { "type": "Point", "coordinates": [ 105.22878, -5.551355 ] } },
{ "type": "Feature", "properties": { "ID_BGN": "SDI-D07-007", "KELAS": "Rendah", "BLOK": "D", "FUNGSI": "Sekolah", "KLS_6": "Pendidikan", "JML_LNT1": 1, "MAT_DOM": "Beton Bertulang", "STR_TAMP": "Rangka Beton Bertulang", "KONDISI": "Baik", "TAXONOMI": "MCF/LWAL/RSH2/RMT2/EWMA/CV1/HEX:1", "LUAS_M2": 104.235183951, "N_EXP": 523260623.43400002 }, "geometry": { "type": "Point", "coordinates": [ 105.2419, -5.55268 ] } },
{ "type": "Feature", "properties": { "ID_BGN": "SDI-C60-060", "KELAS": "Tinggi", "BLOK": "C", "FUNGSI": "Sekolah", "KLS_6": "Pendidikan", "JML_LNT1": 1, "MAT_DOM": "Pasang Bata", "STR_TAMP": "Rangka Beton Bertulang", "KONDISI": "Baik", "TAXONOMI": "MCF/LFINF/RSH2/RMT6/EWMA/CV1/HEX:1", "LUAS_M2": 353.09675668099999, "N_EXP": 1772545718.54 }, "geometry": { "type": "Point", "coordinates": [ 105.236695, -5.55143 ] } },
{ "type": "Feature", "properties": { "ID_BGN": "SDI-B45-045", "KELAS": "Sedang", "BLOK": "B", "FUNGSI": "Fasilitas Kesehatan", "KLS_6": "Kesehatan", "JML_LNT1": 1, "MAT_DOM": "Beton Bertulang", "STR_TAMP": "Rangka Beton Bertulang", "KONDISI": "Baik", "TAXONOMI": "MCF/LFINF/RSH3/RMT1/EWMA/CV1/HEX:1", "LUAS_M2": 111.396225302, "N_EXP": 609537865.60699999 }, "geometry": { "type": "Point", "coordinates": [ 105.228799, -5.547214 ] } },
{ "type": "Feature", "properties": { "ID_BGN": "SDI-A02-002", "KELAS": "Rendah", "BLOK": "A", "FUNGSI": "Gudang", "KLS_6": "Bangunan Lainnya", "JML_LNT1": 1, "MAT_DOM": "Kayu", "STR_TAMP": "Rangka Kayu", "KONDISI": "Sedang", "TAXONOMI": "W/LPB/RSH5/RMT2/EWW/CV2/HEX:1", "LUAS_M2": 31.155886881499999, "N_EXP": 170478781.838 }, "geometry": { "type": "Point", "coordinates": [ 105.227677, -5.545188 ] } },
{ "type": "Feature", "properties": { "ID_BGN": "SDI-A10-010", "KELAS": "Rendah", "BLOK": "A", "FUNGSI": "Gudang", "KLS_6": "Bangunan Lainnya", "JML_LNT1": 2, "MAT_DOM": "Campuran", "STR_TAMP": "Rangka Kayu", "KONDISI": "Sedang", "TAXONOMI": "MIX/LFM/RSH2/RMT1/EWO/CV2/HEX:2", "LUAS_M2": 34.403286076299999, "N_EXP": 172704496.10299999 }, "geometry": { "type": "Point", "coordinates": [ 105.226626, -5.544944 ] } },
{ "type": "Feature", "properties": { "ID_BGN": "SDI-B05-005", "KELAS": "Tinggi", "BLOK": "B", "FUNGSI": "Rumah Tinggal", "KLS_6": "Hunian", "JML_LNT1": 1, "MAT_DOM": "Beton Bertulang", "STR_TAMP": "Rangka Beton Bertulang", "KONDISI": "Baik", "TAXONOMI": "MCF/LFM/RSH2/RMT2/EWMA/CV1/HEX:1", "LUAS_M2": 420.26217736000001, "N_EXP": 2109716130.3499999 }, "geometry": { "type": "Point", "coordinates": [ 105.2323244, -5.550287 ] } },
{ "type": "Feature", "properties": { "ID_BGN": "SDI-C43-043", "KELAS": "Tidak Terdampak", "BLOK": "C", "FUNGSI": "Gudang", "KLS_6": "Bangunan Lainnya", "JML_LNT1": 1, "MAT_DOM": "Kayu", "STR_TAMP": "Rangka Kayu", "KONDISI": "Sedang", "TAXONOMI": "W/LWAL/RSH8/RMT6/EWO/CV2/HEX:1", "LUAS_M2": 0.0, "N_EXP": 0.0 }, "geometry": { "type": "Point", "coordinates": [ 105.237109, -5.552819 ] } },
{ "type": "Feature", "properties": { "ID_BGN": "Blok D (SDI-D110-110)", "KELAS": "Sedang", "BLOK": "D", "FUNGSI": "Gudang", "KLS_6": "Bangunan Lainnya", "JML_LNT1": 2, "MAT_DOM": "Pasang Bata", "STR_TAMP": "Dinding Pemikul", "KONDISI": "Rusak Berat", "TAXONOMI": "MUR/LWAL/RSH2/RMT1/EWMA/CV4/HEX:2", "LUAS_M2": 169.64734251900001, "N_EXP": 851629659.44500005 }, "geometry": { "type": "Point", "coordinates": [ 105.242186, -5.55755 ] } },
{ "type": "Feature", "properties": { "ID_BGN": "Blok B (SDI-B95-095)", "KELAS": "Rendah", "BLOK": "B", "FUNGSI": "Gudang", "KLS_6": "Bangunan Lainnya", "JML_LNT1": 1, "MAT_DOM": "Beton Bertulang", "STR_TAMP": "Rangka Beton Bertulang", "KONDISI": "Baik", "TAXONOMI": "CR/LFM/RSH2/RMT1/EWC/CV1/HEX:1", "LUAS_M2": 60.430311361100003, "N_EXP": 303360163.03299999 }, "geometry": { "type": "Point", "coordinates": [ 105.232405, -5.550714 ] } },
{ "type": "Feature", "properties": { "ID_BGN": "Blok A (SDI-A01-064)", "KELAS": "Sedang", "BLOK": "A", "FUNGSI": "Kandang Kambing", "KLS_6": "Bangunan Lainnya", "JML_LNT1": 1, "MAT_DOM": "Kayu", "STR_TAMP": "Rangka Kayu", "KONDISI": "Sedang", "TAXONOMI": "W/LPB/RSH2/RMT2/EWW/CV2/HEX:1", "LUAS_M2": 136.14547906499999, "N_EXP": 683450304.90600002 }, "geometry": { "type": "Point", "coordinates": [ 105.224276, -5.544057 ] } },
{ "type": "Feature", "properties": { "ID_BGN": "SDI-A73-073", "KELAS": "Rendah", "BLOK": "A", "FUNGSI": "Kandang Kambing", "KLS_6": "Bangunan Lainnya", "JML_LNT1": 1, "MAT_DOM": "Kayu", "STR_TAMP": "Rangka Kayu", "KONDISI": "Sedang", "TAXONOMI": "W/LPB/RSH2/RMT6/EWW/CV2/HEX:1", "LUAS_M2": 30.786199853399999, "N_EXP": 154546723.264 }, "geometry": { "type": "Point", "coordinates": [ 105.227168, -5.546416 ] } },
{ "type": "Feature", "properties": { "ID_BGN": "SDI-A80-080", "KELAS": "Rendah", "BLOK": "A", "FUNGSI": "Kandang Kambing", "KLS_6": "Bangunan Lainnya", "JML_LNT1": 1, "MAT_DOM": "Kayu", "STR_TAMP": "Rangka Kayu", "KONDISI": "Sedang", "TAXONOMI": "W/LPB/RSH2/RMT6/EWW/CV2/HEX:1", "LUAS_M2": 86.112242721300007, "N_EXP": 432283458.46100003 }, "geometry": { "type": "Point", "coordinates": [ 105.22675, -5.546816 ] } },
{ "type": "Feature", "properties": { "ID_BGN": "Blok C (SDI-C127-127)", "KELAS": "Tinggi", "BLOK": "C", "FUNGSI": "Kandang Kambing", "KLS_6": "Bangunan Lainnya", "JML_LNT1": 1, "MAT_DOM": "Kayu", "STR_TAMP": "Rangka Kayu", "KONDISI": "Baik", "TAXONOMI": "W/LPB/RSH2/RMT1/EWW/CV1/HEX:1", "LUAS_M2": 246.39454868799999, "N_EXP": 1236900634.4100001 }, "geometry": { "type": "Point", "coordinates": [ 105.232483, -5.552738 ] } },
{ "type": "Feature", "properties": { "ID_BGN": "Blok C (SDI-C132-132)", "KELAS": "Rendah", "BLOK": "C", "FUNGSI": "Kandang Kambing", "KLS_6": "Bangunan Lainnya", "JML_LNT1": 1, "MAT_DOM": "Kayu", "STR_TAMP": "Rangka Kayu", "KONDISI": "Baik", "TAXONOMI": "W/LPB/RSH2/RMT1/EWW/CV1/HEX:1", "LUAS_M2": 26.202737086300001, "N_EXP": 131537740.17299999 }, "geometry": { "type": "Point", "coordinates": [ 105.232675, -5.552247 ] } },
{ "type": "Feature", "properties": { "ID_BGN": "SDI-C28-028", "KELAS": "Rendah", "BLOK": "C", "FUNGSI": "Kandang Ternak", "KLS_6": "Bangunan Lainnya", "JML_LNT1": 1, "MAT_DOM": "Pasang Bata", "STR_TAMP": "Dinding Pemikul", "KONDISI": "Sedang", "TAXONOMI": "MUR/LWAL/RSH5/RMT2/EWMA/CV2/HEX:1", "LUAS_M2": 18.2270675171, "N_EXP": 91499878.935800001 }, "geometry": { "type": "Point", "coordinates": [ 105.235213, -5.551462 ] } },
{ "type": "Feature", "properties": { "ID_BGN": "SDI-A38-038", "KELAS": "Tinggi", "BLOK": "A", "FUNGSI": "Kandang ternak", "KLS_6": "Bangunan Lainnya", "JML_LNT1": 1, "MAT_DOM": "Kayu", "STR_TAMP": "Rangka Kayu", "KONDISI": "Rusak Ringan", "TAXONOMI": "W/LPB/RSH2/RMT1/EWW/CV2/HEX:1", "LUAS_M2": 384.42070521800002, "N_EXP": 1929791940.1900001 }, "geometry": { "type": "Point", "coordinates": [ 105.224992, -5.544269 ] } },
{ "type": "Feature", "properties": { "ID_BGN": "Blok C (SDI-C77-077)", "KELAS": "Tinggi", "BLOK": "C", "FUNGSI": "Peternakan", "KLS_6": "Bangunan Lainnya", "JML_LNT1": 1, "MAT_DOM": "Beton Bertulang", "STR_TAMP": "Rangka Beton Bertulang", "KONDISI": "Baik", "TAXONOMI": "MCF/LWAL/RSH3/RMT2/EWMA/CV1/HEX:1", "LUAS_M2": 457.06348359499998, "N_EXP": 2294458687.6500001 }, "geometry": { "type": "Point", "coordinates": [ 105.236104, -5.55376 ] } },
{ "type": "Feature", "properties": { "ID_BGN": "Blok B (SDI-B108-108)", "KELAS": "Rendah", "BLOK": "B", "FUNGSI": "Pabrik", "KLS_6": "Bangunan Lainnya", "JML_LNT1": 1, "MAT_DOM": "Pasang Bata", "STR_TAMP": "Dinding Pemikul", "KONDISI": "Baik", "TAXONOMI": "MUR/LWAL/RSH2/RMT1/EWMA/CV1/HEX:1", "LUAS_M2": 7.4407842109600004, "N_EXP": 37352736.739 }, "geometry": { "type": "Point", "coordinates": [ 105.230707, -5.551989 ] } },
{ "type": "Feature", "properties": { "ID_BGN": "Blok A (SDI-A01-063)", "KELAS": "Rendah", "BLOK": "A", "FUNGSI": "Tandon air beton", "KLS_6": "Bangunan Lainnya", "JML_LNT1": 1, "MAT_DOM": "Pasang Bata", "STR_TAMP": "Rangka Beton Bertulang", "KONDISI": "Sedang", "TAXONOMI": "MCF/LFINF/RSH1/RMT1/EWMA/CV2/HEX:1", "LUAS_M2": 13.071191409900001, "N_EXP": 65617380.877700001 }, "geometry": { "type": "Point", "coordinates": [ 105.224345, -5.544264 ] } },
{ "type": "Feature", "properties": { "ID_BGN": "Blok A (SDI-A01-067)", "KELAS": "Tidak Terdampak", "BLOK": "A", "FUNGSI": "Gazebo", "KLS_6": "Bangunan Lainnya", "JML_LNT1": 1, "MAT_DOM": "Kayu", "STR_TAMP": "Rangka Kayu", "KONDISI": "Sedang", "TAXONOMI": "W/LPB/RSH2/RMT2/EWW/CV2/HEX:1", "LUAS_M2": 0.0, "N_EXP": 0.0 }, "geometry": { "type": "Point", "coordinates": [ 105.224268, -5.548091 ] } },
{ "type": "Feature", "properties": { "ID_BGN": "SDI-A83-083", "KELAS": "Rendah", "BLOK": "A", "FUNGSI": "Gazebo", "KLS_6": "Bangunan Lainnya", "JML_LNT1": 1, "MAT_DOM": "Bambu", "STR_TAMP": "Rangka Kayu", "KONDISI": "Baik", "TAXONOMI": "W/LPB/RSH2/RMT2/EW99/CV1/HEX:1", "LUAS_M2": 28.8043879369, "N_EXP": 144598027.44299999 }, "geometry": { "type": "Point", "coordinates": [ 105.223855, -5.548049 ] } },
{ "type": "Feature", "properties": { "ID_BGN": "SDI-A84-084", "KELAS": "Rendah", "BLOK": "A", "FUNGSI": "Gazebo", "KLS_6": "Bangunan Lainnya", "JML_LNT1": 1, "MAT_DOM": "Bambu", "STR_TAMP": "Rangka Kayu", "KONDISI": "Baik", "TAXONOMI": "W/LPB/RSH2/RMT2/EW99/CV1/HEX:1", "LUAS_M2": 77.240088900700002, "N_EXP": 387745246.28200001 }, "geometry": { "type": "Point", "coordinates": [ 105.223759, -5.548238 ] } },
{ "type": "Feature", "properties": { "ID_BGN": "SDI-C62-062", "KELAS": "Rendah", "BLOK": "C", "FUNGSI": "Parkiran motor", "KLS_6": "Bangunan Lainnya", "JML_LNT1": 1, "MAT_DOM": "Baja", "STR_TAMP": "Rangka Baja", "KONDISI": "Baik", "TAXONOMI": "S/LFM/RSH2/RMT6/EW99/CV1/HEX:1", "LUAS_M2": 110.249116591, "N_EXP": 553450565.28699994 }, "geometry": { "type": "Point", "coordinates": [ 105.236847, -5.55155 ] } },
{ "type": "Feature", "properties": { "ID_BGN": "SDI-A82-082", "KELAS": "Tidak Terdampak", "BLOK": "A", "FUNGSI": "Gubuk", "KLS_6": "Bangunan Lainnya", "JML_LNT1": 1, "MAT_DOM": "Kayu", "STR_TAMP": "Rangka Kayu", "KONDISI": "Sedang", "TAXONOMI": "W/LPB/RSH2/RMT6/EWW/CV2/HEX:1", "LUAS_M2": 0.0, "N_EXP": 0.0 }, "geometry": { "type": "Point", "coordinates": [ 105.225958, -5.547191 ] } },
{ "type": "Feature", "properties": { "ID_BGN": "BLOK D (SDI-D71-071)", "KELAS": "Rendah", "BLOK": "D", "FUNGSI": "Rumah Tinggal", "KLS_6": "Hunian", "JML_LNT1": 1, "MAT_DOM": "Pasang Bata", "STR_TAMP": "Rangka Beton Bertulang", "KONDISI": "Sedang", "TAXONOMI": "MCF/LFINF/RSH8/RMT1/EWO/CV2/HEX:1", "LUAS_M2": 38.965782952799998, "N_EXP": 195608230.42300001 }, "geometry": { "type": "Point", "coordinates": [ 105.240907, -5.554811 ] } },
{ "type": "Feature", "properties": { "ID_BGN": "BLOK D (SDI-D75-075)", "KELAS": "Tinggi", "BLOK": "D", "FUNGSI": "Rumah Tinggal", "KLS_6": "Hunian", "JML_LNT1": 1, "MAT_DOM": "Pasang Bata", "STR_TAMP": "Rangka Beton Bertulang", "KONDISI": "Sedang", "TAXONOMI": "MCF/LFINF/RSH8/RMT1/EWMA/CV2/HEX:1", "LUAS_M2": 534.39049063100003, "N_EXP": 2682640262.9699998 }, "geometry": { "type": "Point", "coordinates": [ 105.241172, -5.554612 ] } },
{ "type": "Feature", "properties": { "ID_BGN": "Blok D (SDI-D79-079)", "KELAS": "Tinggi", "BLOK": "D", "FUNGSI": "Rumah Tinggal", "KLS_6": "Hunian", "JML_LNT1": 1, "MAT_DOM": "Pasang Bata", "STR_TAMP": "Rangka Beton Bertulang", "KONDISI": "Baik", "TAXONOMI": "MCF/LFINF/RSH8/RMT1/EWMA/CV1/HEX:1", "LUAS_M2": 183.09451355100001, "N_EXP": 919134458.02600002 }, "geometry": { "type": "Point", "coordinates": [ 105.241329, -5.554482 ] } },
{ "type": "Feature", "properties": { "ID_BGN": "Blok D (SDI-D81-081)", "KELAS": "Tinggi", "BLOK": "D", "FUNGSI": "Rumah Tinggal", "KLS_6": "Hunian", "JML_LNT1": 1, "MAT_DOM": "Pasang Bata", "STR_TAMP": "Rangka Beton Bertulang", "KONDISI": "Sedang", "TAXONOMI": "MCF/LFINF/RSH3/RMT1/EWMA/CV2/HEX:1", "LUAS_M2": 210.787673321, "N_EXP": 1058154120.0700001 }, "geometry": { "type": "Point", "coordinates": [ 105.24074, -5.554988 ] } },
{ "type": "Feature", "properties": { "ID_BGN": "Blok D (SDI-D82-082)", "KELAS": "Rendah", "BLOK": "D", "FUNGSI": "Rumah Tinggal", "KLS_6": "Hunian", "JML_LNT1": 1, "MAT_DOM": "Pasang Bata", "STR_TAMP": "Rangka Beton Bertulang", "KONDISI": "Sedang", "TAXONOMI": "MCF/LFINF/RSH3/RMT1/EWMA/CV2/HEX:1", "LUAS_M2": 18.865913707600001, "N_EXP": 94706886.812199995 }, "geometry": { "type": "Point", "coordinates": [ 105.240759, -5.555002 ] } },
{ "type": "Feature", "properties": { "ID_BGN": "Blok D (SDI-D84-084)", "KELAS": "Rendah", "BLOK": "D", "FUNGSI": "Rumah Tinggal", "KLS_6": "Hunian", "JML_LNT1": 1, "MAT_DOM": "Pasang Bata", "STR_TAMP": "Rangka Beton Bertulang", "KONDISI": "Baik", "TAXONOMI": "MCF/LFINF/RSH2/RMT1/EWMA/CV1/HEX:1", "LUAS_M2": 111.396225302, "N_EXP": 559209051.01600003 }, "geometry": { "type": "Point", "coordinates": [ 105.240798, -5.555124 ] } },
{ "type": "Feature", "properties": { "ID_BGN": "Blok D (SDI-D89-089)", "KELAS": "Rendah", "BLOK": "D", "FUNGSI": "Rumah Tinggal", "KLS_6": "Hunian", "JML_LNT1": 1, "MAT_DOM": "Pasang Bata", "STR_TAMP": "Dinding Pemikul", "KONDISI": "Sedang", "TAXONOMI": "MUR/LWAL/RSH2/RMT1/EWMA/CV2/HEX:1", "LUAS_M2": 71.754827548600005, "N_EXP": 360209234.29400003 }, "geometry": { "type": "Point", "coordinates": [ 105.240913, -5.555304 ] } },
{ "type": "Feature", "properties": { "ID_BGN": "Blok D (SDI-D90-090)", "KELAS": "Rendah", "BLOK": "D", "FUNGSI": "Rumah Tinggal", "KLS_6": "Hunian", "JML_LNT1": 1, "MAT_DOM": "Pasang Bata", "STR_TAMP": "Dinding Pemikul", "KONDISI": "Baik", "TAXONOMI": "MCF/LWAL/RSH2/RMT1/EWMA/CV1/HEX:1", "LUAS_M2": 71.754827548600005, "N_EXP": 360209234.29400003 }, "geometry": { "type": "Point", "coordinates": [ 105.241005, -5.555425 ] } },
{ "type": "Feature", "properties": { "ID_BGN": "Blok D (SDI-D91-091)", "KELAS": "Rendah", "BLOK": "D", "FUNGSI": "Rumah Tinggal", "KLS_6": "Hunian", "JML_LNT1": 1, "MAT_DOM": "Pasang Bata", "STR_TAMP": "Dinding Pemikul", "KONDISI": "Sedang", "TAXONOMI": "MUR/LWAL/RSH2/RMT6/EWMA/CV2/HEX:1", "LUAS_M2": 76.003674798800006, "N_EXP": 381538447.49000001 }, "geometry": { "type": "Point", "coordinates": [ 105.240974, -5.555392 ] } },
{ "type": "Feature", "properties": { "ID_BGN": "Blok D (SDI-D93-093)", "KELAS": "Tinggi", "BLOK": "D", "FUNGSI": "Rumah Tinggal", "KLS_6": "Hunian", "JML_LNT1": 1, "MAT_DOM": "Pasang Bata", "STR_TAMP": "Dinding Pemikul", "KONDISI": "Sedang Dibangun", "TAXONOMI": "MUR/LWAL/RSH2/RMT1/EWO/CV5/HEX:1", "LUAS_M2": 304.47344769400001, "N_EXP": 1528456707.4200001 }, "geometry": { "type": "Point", "coordinates": [ 105.241021, -5.555493 ] } },
{ "type": "Feature", "properties": { "ID_BGN": "Blok D (SDI-D95-095)", "KELAS": "Rendah", "BLOK": "D", "FUNGSI": "Rumah Tinggal", "KLS_6": "Hunian", "JML_LNT1": 1, "MAT_DOM": "Pasang Bata", "STR_TAMP": "Rangka Beton Bertulang", "KONDISI": "Baik", "TAXONOMI": "MCF/LFINF/RSH2/RMT1/EWMA/CV1/HEX:1", "LUAS_M2": 76.003674798800006, "N_EXP": 381538447.49000001 }, "geometry": { "type": "Point", "coordinates": [ 105.241129, -5.555688 ] } },
{ "type": "Feature", "properties": { "ID_BGN": "Blok D (SDI-D96-096)", "KELAS": "Tinggi", "BLOK": "D", "FUNGSI": "Rumah Tinggal", "KLS_6": "Hunian", "JML_LNT1": 1, "MAT_DOM": "Pasang Bata", "STR_TAMP": "Rangka Beton Bertulang", "KONDISI": "Sedang", "TAXONOMI": "MCF/LFINF/RSH2/RMT1/EWMA/CV2/HEX:1", "LUAS_M2": 304.47344769400001, "N_EXP": 1528456707.4200001 }, "geometry": { "type": "Point", "coordinates": [ 105.241112, -5.555564 ] } },
{ "type": "Feature", "properties": { "ID_BGN": "Blok D (SDI-D97-097)", "KELAS": "Tinggi", "BLOK": "D", "FUNGSI": "Rumah Tinggal", "KLS_6": "Hunian", "JML_LNT1": 1, "MAT_DOM": "Pasang Bata", "STR_TAMP": "Rangka Beton Bertulang", "KONDISI": "Baik", "TAXONOMI": "MCF/LFINF/RSH2/RMT1/EWMA/CV1/HEX:1", "LUAS_M2": 304.47344769400001, "N_EXP": 1528456707.4200001 }, "geometry": { "type": "Point", "coordinates": [ 105.241179, -5.555777 ] } },
{ "type": "Feature", "properties": { "ID_BGN": "Blok D (SDI-D98-098)", "KELAS": "Tinggi", "BLOK": "D", "FUNGSI": "Rumah Tinggal", "KLS_6": "Hunian", "JML_LNT1": 1, "MAT_DOM": "Pasang Bata", "STR_TAMP": "Rangka Beton Bertulang", "KONDISI": "Baik", "TAXONOMI": "MCF/LFINF/RSH2/RMT1/EWMA/CV1/HEX:1", "LUAS_M2": 304.47344769400001, "N_EXP": 1528456707.4200001 }, "geometry": { "type": "Point", "coordinates": [ 105.241178, -5.555777 ] } },
{ "type": "Feature", "properties": { "ID_BGN": "Blok D (SDI-D99-099)", "KELAS": "Rendah", "BLOK": "D", "FUNGSI": "Rumah Tinggal", "KLS_6": "Hunian", "JML_LNT1": 1, "MAT_DOM": "Pasang Bata", "STR_TAMP": "Dinding Pemikul", "KONDISI": "Baik", "TAXONOMI": "MUR/LWAL/RSH2/RMT1/EWMA/CV1/HEX:1", "LUAS_M2": 36.7952428579, "N_EXP": 201336209.87 }, "geometry": { "type": "Point", "coordinates": [ 105.241161, -5.555738 ] } },
{ "type": "Feature", "properties": { "ID_BGN": "Blok D (SDI-D101-101)", "KELAS": "Tidak Terdampak", "BLOK": "D", "FUNGSI": "Rumah Tinggal", "KLS_6": "Hunian", "JML_LNT1": 1, "MAT_DOM": "Pasang Bata", "STR_TAMP": "Dinding Pemikul", "KONDISI": "Rusak Ringan", "TAXONOMI": "MUR/LWAL/RSH2/RMT1/EWMA/CV2/HEX:1", "LUAS_M2": 0.0, "N_EXP": 0.0 }, "geometry": { "type": "Point", "coordinates": [ 105.241404, -5.556075 ] } },
{ "type": "Feature", "properties": { "ID_BGN": "SDI-A79-079", "KELAS": "Sedang", "BLOK": "A", "FUNGSI": "Rumah Tinggal", "KLS_6": "Hunian", "JML_LNT1": 1, "MAT_DOM": "Kayu", "STR_TAMP": "Rangka Kayu", "KONDISI": "Sedang", "TAXONOMI": "W/LPB/RSH2/RMT6/EWW/CV2/HEX:1", "LUAS_M2": 159.132281861, "N_EXP": 798844054.94200003 }, "geometry": { "type": "Point", "coordinates": [ 105.226631, -5.546775 ] } },
{ "type": "Feature", "properties": { "ID_BGN": "SDI-A88-088", "KELAS": "Sedang", "BLOK": "A", "FUNGSI": "Rumah Tinggal", "KLS_6": "Hunian", "JML_LNT1": 1, "MAT_DOM": "Pasang Bata", "STR_TAMP": "Rangka Beton Bertulang", "KONDISI": "Baik", "TAXONOMI": "MCF/LFINF/RSH2/RMT2/EWMA/CV1/HEX:1", "LUAS_M2": 134.492745765, "N_EXP": 675153583.74000001 }, "geometry": { "type": "Point", "coordinates": [ 105.22541, -5.544692 ] } },
{ "type": "Feature", "properties": { "ID_BGN": "SDI-A90-090", "KELAS": "Rendah", "BLOK": "A", "FUNGSI": "Rumah Tinggal", "KLS_6": "Hunian", "JML_LNT1": 1, "MAT_DOM": "Pasang Bata", "STR_TAMP": "Rangka Beton Bertulang", "KONDISI": "Baik", "TAXONOMI": "MCF/LFINF/RSH2/RMT1/EWO/CV1/HEX:1", "LUAS_M2": 93.420726365199997, "N_EXP": 468972046.35299999 }, "geometry": { "type": "Point", "coordinates": [ 105.225662, -5.544012 ] } },
{ "type": "Feature", "properties": { "ID_BGN": "SDI-A92-092", "KELAS": "Sedang", "BLOK": "A", "FUNGSI": "Rumah Tinggal", "KLS_6": "Hunian", "JML_LNT1": 1, "MAT_DOM": "Pasang Bata", "STR_TAMP": "Rangka Beton Bertulang", "KONDISI": "Baik", "TAXONOMI": "MCF/LFINF/RSH2/RMT1/EWMA/CV1/HEX:1", "LUAS_M2": 133.65940319399999, "N_EXP": 670970204.03400004 }, "geometry": { "type": "Point", "coordinates": [ 105.225348, -5.543884 ] } },
{ "type": "Feature", "properties": { "ID_BGN": "SDI-A93-093", "KELAS": "Rendah", "BLOK": "A", "FUNGSI": "Rumah Tinggal", "KLS_6": "Hunian", "JML_LNT1": 1, "MAT_DOM": "Pasang Bata", "STR_TAMP": "Rangka Beton Bertulang", "KONDISI": "Baik", "TAXONOMI": "MCF/LFINF/RSH2/RMT1/EWMA/CV1/HEX:1", "LUAS_M2": 96.860991030899996, "N_EXP": 486242174.97500002 }, "geometry": { "type": "Point", "coordinates": [ 105.224813, -5.543979 ] } },
{ "type": "Feature", "properties": { "ID_BGN": "Blok D (SDI-D107-107)", "KELAS": "Tinggi", "BLOK": "D", "FUNGSI": "Rumah Tinggal", "KLS_6": "Hunian", "JML_LNT1": 1, "MAT_DOM": "Pasang Bata", "STR_TAMP": "Dinding Pemikul", "KONDISI": "Sedang", "TAXONOMI": "MUR/LWAL/RSH2/RMT2/EWMA/CV2/HEX:1", "LUAS_M2": 190.140931282, "N_EXP": 954507475.03600001 }, "geometry": { "type": "Point", "coordinates": [ 105.241859, -5.55675 ] } },
{ "type": "Feature", "properties": { "ID_BGN": "Blok D (SDI-D108-108)", "KELAS": "Rendah", "BLOK": "D", "FUNGSI": "Rumah Tinggal", "KLS_6": "Hunian", "JML_LNT1": 1, "MAT_DOM": "Pasang Bata", "STR_TAMP": "Dinding Pemikul", "KONDISI": "Baik", "TAXONOMI": "MUR/LWAL/RSH2/RMT1/EWMA/CV1/HEX:1", "LUAS_M2": 98.1545239374, "N_EXP": 492735710.16600001 }, "geometry": { "type": "Point", "coordinates": [ 105.241776, -5.556644 ] } },
{ "type": "Feature", "properties": { "ID_BGN": "Blok D (SDI-D115-115)", "KELAS": "Sedang", "BLOK": "D", "FUNGSI": "Rumah Tinggal", "KLS_6": "Hunian", "JML_LNT1": 1, "MAT_DOM": "Pasang Bata", "STR_TAMP": "Dinding Pemikul", "KONDISI": "Baik", "TAXONOMI": "MUR/LWAL/RSH2/RMT1/EWMA/CV1/HEX:1", "LUAS_M2": 124.459082495, "N_EXP": 624784594.125 }, "geometry": { "type": "Point", "coordinates": [ 105.242238, -5.558052 ] } },
{ "type": "Feature", "properties": { "ID_BGN": "Blok D (SDI-D117-117)", "KELAS": "Sedang", "BLOK": "D", "FUNGSI": "Rumah Tinggal", "KLS_6": "Hunian", "JML_LNT1": 1, "MAT_DOM": "Pasang Bata", "STR_TAMP": "Dinding Pemikul", "KONDISI": "Baik", "TAXONOMI": "MUR/LWAL/RSH2/RMT1/EWMA/CV1/HEX:1", "LUAS_M2": 124.459082495, "N_EXP": 624784594.125 }, "geometry": { "type": "Point", "coordinates": [ 105.242273, -5.55831 ] } },
{ "type": "Feature", "properties": { "ID_BGN": "Blok D (SDI-D118-118)", "KELAS": "Sedang", "BLOK": "D", "FUNGSI": "Rumah Tinggal", "KLS_6": "Hunian", "JML_LNT1": 1, "MAT_DOM": "Pasang Bata", "STR_TAMP": "Dinding Pemikul", "KONDISI": "Sedang", "TAXONOMI": "MUR/LWAL/RSH2/RMT1/EWMA/CV2/HEX:1", "LUAS_M2": 180.01981008199999, "N_EXP": 903699446.61199999 }, "geometry": { "type": "Point", "coordinates": [ 105.242269, -5.558293 ] } },
{ "type": "Feature", "properties": { "ID_BGN": "Blok D (SDI-D120-120)", "KELAS": "Sedang", "BLOK": "D", "FUNGSI": "Rumah Tinggal", "KLS_6": "Hunian", "JML_LNT1": 1, "MAT_DOM": "Pasang Bata", "STR_TAMP": "Dinding Pemikul", "KONDISI": "Sedang", "TAXONOMI": "MUR/LWAL/RSH2/RMT1/EWMA/CV2/HEX:1", "LUAS_M2": 124.459082495, "N_EXP": 624784594.125 }, "geometry": { "type": "Point", "coordinates": [ 105.242277, -5.55834 ] } },
{ "type": "Feature", "properties": { "ID_BGN": "Blok D (SDI-D121-121)", "KELAS": "Rendah", "BLOK": "D", "FUNGSI": "Rumah Tinggal", "KLS_6": "Hunian", "JML_LNT1": 1, "MAT_DOM": "Pasang Bata", "STR_TAMP": "Rangka Beton Bertulang", "KONDISI": "Baik", "TAXONOMI": "MUR/LFM/RSH2/RMT1/EWMA/CV1/HEX:1", "LUAS_M2": 47.819110887199997, "N_EXP": 240051936.65400001 }, "geometry": { "type": "Point", "coordinates": [ 105.242273, -5.558316 ] } },
{ "type": "Feature", "properties": { "ID_BGN": "Blok D (SDI-D122-122)", "KELAS": "Sedang", "BLOK": "D", "FUNGSI": "Rumah Tinggal", "KLS_6": "Hunian", "JML_LNT1": 1, "MAT_DOM": "Pasang Bata", "STR_TAMP": "Dinding Pemikul", "KONDISI": "Baik", "TAXONOMI": "MUR/LWAL/RSH2/RMT1/EWMA/CV1/HEX:1", "LUAS_M2": 180.01981008199999, "N_EXP": 903699446.61199999 }, "geometry": { "type": "Point", "coordinates": [ 105.242293, -5.558534 ] } },
{ "type": "Feature", "properties": { "ID_BGN": "Blok D (SDI-D124-124)", "KELAS": "Sedang", "BLOK": "D", "FUNGSI": "Rumah Tinggal", "KLS_6": "Hunian", "JML_LNT1": 1, "MAT_DOM": "Pasang Bata", "STR_TAMP": "Dinding Pemikul", "KONDISI": "Rusak Berat", "TAXONOMI": "MUR/LWAL/RSH2/RMT1/EWMA/CV4/HEX:1", "LUAS_M2": 180.01981008199999, "N_EXP": 903699446.61199999 }, "geometry": { "type": "Point", "coordinates": [ 105.242282, -5.558449 ] } },
{ "type": "Feature", "properties": { "ID_BGN": "Blok D (SDI-D125-125)", "KELAS": "Sedang", "BLOK": "D", "FUNGSI": "Rumah Tinggal", "KLS_6": "Hunian", "JML_LNT1": 1, "MAT_DOM": "Pasang Bata", "STR_TAMP": "Dinding Pemikul", "KONDISI": "Rusak Ringan", "TAXONOMI": "MUR/LWAL/RSH2/RMT1/EWMA/CV2/HEX:1", "LUAS_M2": 134.75599548899999, "N_EXP": 676475097.35500002 }, "geometry": { "type": "Point", "coordinates": [ 105.242286, -5.558406 ] } },
{ "type": "Feature", "properties": { "ID_BGN": "Blok D (SDI-D128-128)", "KELAS": "Rendah", "BLOK": "D", "FUNGSI": "Rumah Tinggal", "KLS_6": "Hunian", "JML_LNT1": 1, "MAT_DOM": "Kayu", "STR_TAMP": "Rangka Kayu", "KONDISI": "Rusak Ringan", "TAXONOMI": "W/LPB/RSH2/RMT2/EWW/CV2/HEX:1", "LUAS_M2": 45.165068189000003, "N_EXP": 226728642.30899999 }, "geometry": { "type": "Point", "coordinates": [ 105.242363, -5.558644 ] } },
{ "type": "Feature", "properties": { "ID_BGN": "Blok D (SDI-D129-129)", "KELAS": "Sedang", "BLOK": "D", "FUNGSI": "Rumah Tinggal", "KLS_6": "Hunian", "JML_LNT1": 1, "MAT_DOM": "Pasang Bata", "STR_TAMP": "Dinding Pemikul", "KONDISI": "Baik", "TAXONOMI": "MUR/LWAL/RSH2/RMT1/EWMA/CV1/HEX:1", "LUAS_M2": 139.155240663, "N_EXP": 698559308.12800002 }, "geometry": { "type": "Point", "coordinates": [ 105.242292, -5.558569 ] } },
{ "type": "Feature", "properties": { "ID_BGN": "Blok D (SDI-D131-131)", "KELAS": "Tinggi", "BLOK": "D", "FUNGSI": "Rumah Tinggal", "KLS_6": "Hunian", "JML_LNT1": 1, "MAT_DOM": "Pasang Bata", "STR_TAMP": "Dinding Pemikul", "KONDISI": "Baik", "TAXONOMI": "MUR/LWAL/RSH2/RMT1/EWMA/CV1/HEX:1", "LUAS_M2": 427.27866871800001, "N_EXP": 2144938916.96 }, "geometry": { "type": "Point", "coordinates": [ 105.242214, -5.558873 ] } },
{ "type": "Feature", "properties": { "ID_BGN": "Blok D (SDI-D132-132)", "KELAS": "Tinggi", "BLOK": "D", "FUNGSI": "Rumah Tinggal", "KLS_6": "Hunian", "JML_LNT1": 1, "MAT_DOM": "Pasang Bata", "STR_TAMP": "Dinding Pemikul", "KONDISI": "Sedang", "TAXONOMI": "MUR/LWAL/RSH2/RMT1/EWMA/CV2/HEX:1", "LUAS_M2": 217.58937711799999, "N_EXP": 1092298673.1300001 }, "geometry": { "type": "Point", "coordinates": [ 105.242265, -5.558812 ] } },
{ "type": "Feature", "properties": { "ID_BGN": "Blok C (SDI-C125-125)", "KELAS": "Sedang", "BLOK": "C", "FUNGSI": "Rumah Tinggal", "KLS_6": "Hunian", "JML_LNT1": 1, "MAT_DOM": "Beton Bertulang", "STR_TAMP": "Rangka Beton Bertulang", "KONDISI": "Baik", "TAXONOMI": "MCF/LFINF/RSH3/RMT1/EWMA/CV1/HEX:1", "LUAS_M2": 166.08749565599999, "N_EXP": 833759228.19299996 }, "geometry": { "type": "Point", "coordinates": [ 105.231754, -5.552572 ] } },
{ "type": "Feature", "properties": { "ID_BGN": "Blok D (SDI-D137-137)", "KELAS": "Sedang", "BLOK": "D", "FUNGSI": "Rumah Tinggal", "KLS_6": "Hunian", "JML_LNT1": 1, "MAT_DOM": "Pasang Bata", "STR_TAMP": "Dinding Pemikul", "KONDISI": "Sedang", "TAXONOMI": "MUR/LWAL/RSH2/RMT6/EWMA/CV2/HEX:1", "LUAS_M2": 145.03789972499999, "N_EXP": 728090256.61899996 }, "geometry": { "type": "Point", "coordinates": [ 105.242124, -5.558904 ] } },
{ "type": "Feature", "properties": { "ID_BGN": "Blok B (SDI-B98-098)", "KELAS": "Tinggi", "BLOK": "B", "FUNGSI": "Rumah Tinggal", "KLS_6": "Hunian", "JML_LNT1": 1, "MAT_DOM": "Beton Bertulang", "STR_TAMP": "Rangka Beton Bertulang", "KONDISI": "Baik", "TAXONOMI": "MCF/LFINF/RSH2/RMT1/EWMA/CV1/HEX:1", "LUAS_M2": 228.01692093400001, "N_EXP": 1247662987.97 }, "geometry": { "type": "Point", "coordinates": [ 105.231588, -5.551036 ] } },
{ "type": "Feature", "properties": { "ID_BGN": "Blok B (SDI-B99-099)", "KELAS": "Sedang", "BLOK": "B", "FUNGSI": "Rumah Tinggal", "KLS_6": "Hunian", "JML_LNT1": 2, "MAT_DOM": "Beton Bertulang", "STR_TAMP": "Rangka Beton Bertulang", "KONDISI": "Baik", "TAXONOMI": "MCF/LFINF/RSH3/RMT1/EWMA/CV1/HEX:2", "LUAS_M2": 163.73727451600001, "N_EXP": 821961118.07000005 }, "geometry": { "type": "Point", "coordinates": [ 105.2314, -5.551308 ] } },
{ "type": "Feature", "properties": { "ID_BGN": "Blok B (SDI-B113-113)", "KELAS": "Tinggi", "BLOK": "B", "FUNGSI": "Rumah Tinggal", "KLS_6": "Hunian", "JML_LNT1": 1, "MAT_DOM": "Pasang Bata", "STR_TAMP": "Dinding Pemikul", "KONDISI": "Baik", "TAXONOMI": "MUR/LWAL/RSH2/RMT1/EWO/CV1/HEX:1", "LUAS_M2": 345.30165204100001, "N_EXP": 1733414293.25 }, "geometry": { "type": "Point", "coordinates": [ 105.23068, -5.551198 ] } },
{ "type": "Feature", "properties": { "ID_BGN": "Blok B (SDI-B114-114)", "KELAS": "Tinggi", "BLOK": "B", "FUNGSI": "Rumah Tinggal", "KLS_6": "Hunian", "JML_LNT1": 1, "MAT_DOM": "Pasang Bata", "STR_TAMP": "Dinding Pemikul", "KONDISI": "Baik", "TAXONOMI": "MUR/LWAL/RSH2/RMT1/EWO/CV1/HEX:1", "LUAS_M2": 345.30165204100001, "N_EXP": 1733414293.25 }, "geometry": { "type": "Point", "coordinates": [ 105.230895, -5.551248 ] } },
{ "type": "Feature", "properties": { "ID_BGN": "Blok B (SDI-B115-115)", "KELAS": "Sedang", "BLOK": "B", "FUNGSI": "Rumah Tinggal", "KLS_6": "Hunian", "JML_LNT1": 1, "MAT_DOM": "Pasang Bata", "STR_TAMP": "Dinding Pemikul", "KONDISI": "Baik", "TAXONOMI": "MUR/LWAL/RSH2/RMT1/EWMA/CV1/HEX:1", "LUAS_M2": 155.657726559, "N_EXP": 781401787.32599998 }, "geometry": { "type": "Point", "coordinates": [ 105.230836, -5.551198 ] } },
{ "type": "Feature", "properties": { "ID_BGN": "Blok B (SDI-B118-118)", "KELAS": "Sedang", "BLOK": "B", "FUNGSI": "Rumah Tinggal", "KLS_6": "Hunian", "JML_LNT1": 1, "MAT_DOM": "Pasang Bata", "STR_TAMP": "Dinding Pemikul", "KONDISI": "Baik", "TAXONOMI": "MUR/LWAL/RSH2/RMT1/EWMA/CV1/HEX:1", "LUAS_M2": 133.57866580199999, "N_EXP": 670564902.32599998 }, "geometry": { "type": "Point", "coordinates": [ 105.228953, -5.546434 ] } },
{ "type": "Feature", "properties": { "ID_BGN": "Blok B (SDI-B125-125)", "KELAS": "Tinggi", "BLOK": "B", "FUNGSI": "Rumah Tinggal", "KLS_6": "Hunian", "JML_LNT1": 1, "MAT_DOM": "Pasang Bata", "STR_TAMP": "Dinding Pemikul", "KONDISI": "Baik", "TAXONOMI": "MUR/LWAL/RSH2/RMT1/EWMA/CV1/HEX:1", "LUAS_M2": 232.88238578599999, "N_EXP": 1169069576.6500001 }, "geometry": { "type": "Point", "coordinates": [ 105.229265, -5.546512 ] } },
{ "type": "Feature", "properties": { "ID_BGN": "Blok B (SDI-B127-127)", "KELAS": "Tinggi", "BLOK": "B", "FUNGSI": "Rumah Tinggal", "KLS_6": "Hunian", "JML_LNT1": 1, "MAT_DOM": "Pasang Bata", "STR_TAMP": "Dinding Pemikul", "KONDISI": "Baik", "TAXONOMI": "MUR/LWAL/RSH2/RMT1/EWMA/CV1/HEX:1", "LUAS_M2": 195.223684314, "N_EXP": 980022895.25600004 }, "geometry": { "type": "Point", "coordinates": [ 105.229398, -5.546613 ] } },
{ "type": "Feature", "properties": { "ID_BGN": "Blok B (SDI-B132-132)", "KELAS": "Tinggi", "BLOK": "B", "FUNGSI": "Rumah Tinggal", "KLS_6": "Hunian", "JML_LNT1": 1, "MAT_DOM": "Pasang Bata", "STR_TAMP": "Rangka Beton Bertulang", "KONDISI": "Baik", "TAXONOMI": "MCF/LFINF/RSH2/RMT1/EWMA/CV1/HEX:1", "LUAS_M2": 194.26967997599999, "N_EXP": 975233793.48000002 }, "geometry": { "type": "Point", "coordinates": [ 105.228393, -5.546576 ] } },
{ "type": "Feature", "properties": { "ID_BGN": "Blok B (SDI-B136-136)", "KELAS": "Rendah", "BLOK": "B", "FUNGSI": "Rumah Tinggal", "KLS_6": "Hunian", "JML_LNT1": 1, "MAT_DOM": "Pasang Bata", "STR_TAMP": "Dinding Pemikul", "KONDISI": "Baik", "TAXONOMI": "MUR/LWAL/RSH8/RMT1+RMT6/EWO/CV1/HEX:1", "LUAS_M2": 71.255493134100007, "N_EXP": 357702575.53299999 }, "geometry": { "type": "Point", "coordinates": [ 105.228017, -5.545988 ] } },
{ "type": "Feature", "properties": { "ID_BGN": "Blok B (SDI-B138-138)", "KELAS": "Sedang", "BLOK": "B", "FUNGSI": "Rumah Tinggal", "KLS_6": "Hunian", "JML_LNT1": 1, "MAT_DOM": "Pasang Bata", "STR_TAMP": "Dinding Pemikul", "KONDISI": "Baik", "TAXONOMI": "MUR/LWAL/RSH2/RMT1/EWMA/CV1/HEX:1", "LUAS_M2": 137.74535478199999, "N_EXP": 691481681.00600004 }, "geometry": { "type": "Point", "coordinates": [ 105.228154, -5.54602 ] } },
{ "type": "Feature", "properties": { "ID_BGN": "Blok B (SDI-B141-141)", "KELAS": "Sedang", "BLOK": "B", "FUNGSI": "Rumah Tinggal", "KLS_6": "Hunian", "JML_LNT1": 1, "MAT_DOM": "Pasang Bata", "STR_TAMP": "Dinding Pemikul", "KONDISI": "Baik", "TAXONOMI": "MUR/LWAL/RSH3/RMT1/EWMA/CV1/HEX:1", "LUAS_M2": 121.19472835099999, "N_EXP": 608397536.32200003 }, "geometry": { "type": "Point", "coordinates": [ 105.228145, -5.546553 ] } },
{ "type": "Feature", "properties": { "ID_BGN": "Blok B (SDI-B151-151)", "KELAS": "Sedang", "BLOK": "B", "FUNGSI": "Rumah Tinggal", "KLS_6": "Hunian", "JML_LNT1": 1, "MAT_DOM": "Pasang Bata", "STR_TAMP": "Dinding Pemikul", "KONDISI": "Baik", "TAXONOMI": "MUR/LWAL/RSH2/RMT1/EWMA/CV1/HEX:1", "LUAS_M2": 150.62189605099999, "N_EXP": 756121918.176 }, "geometry": { "type": "Point", "coordinates": [ 105.229312, -5.55152 ] } },
{ "type": "Feature", "properties": { "ID_BGN": "Blok B (SDI-B156-156)", "KELAS": "Sedang", "BLOK": "B", "FUNGSI": "Rumah Tinggal", "KLS_6": "Hunian", "JML_LNT1": 1, "MAT_DOM": "Beton Bertulang", "STR_TAMP": "Rangka Beton Bertulang", "KONDISI": "Baik", "TAXONOMI": "MCF/LFINF/RSH3/RMT1/EWMA/CV1/HEX:1", "LUAS_M2": 114.38739393900001, "N_EXP": 574224717.574 }, "geometry": { "type": "Point", "coordinates": [ 105.229299, -5.551704 ] } },
{ "type": "Feature", "properties": { "ID_BGN": "Blok B (SDI-B159-159)", "KELAS": "Rendah", "BLOK": "B", "FUNGSI": "Rumah Tinggal", "KLS_6": "Hunian", "JML_LNT1": 1, "MAT_DOM": "Beton Bertulang", "STR_TAMP": "Rangka Beton Bertulang", "KONDISI": "Baik", "TAXONOMI": "MCF/LFINF/RSH2/RMT1/EWO/CV1/HEX:1", "LUAS_M2": 89.918663831999993, "N_EXP": 451391692.43699998 }, "geometry": { "type": "Point", "coordinates": [ 105.228922, -5.551617 ] } },
{ "type": "Feature", "properties": { "ID_BGN": "Blok B (SDI-B162-162)", "KELAS": "Sedang", "BLOK": "B", "FUNGSI": "Rumah Tinggal", "KLS_6": "Hunian", "JML_LNT1": 1, "MAT_DOM": "Beton Bertulang", "STR_TAMP": "Rangka Beton Bertulang", "KONDISI": "Baik", "TAXONOMI": "MCF/LFINF/RSH3/RMT1/EWMA/CV1/HEX:1", "LUAS_M2": 125.35840795199999, "N_EXP": 629299207.91900003 }, "geometry": { "type": "Point", "coordinates": [ 105.228817, -5.551654 ] } },
{ "type": "Feature", "properties": { "ID_BGN": "Blok B (SDI-B165-165)", "KELAS": "Sedang", "BLOK": "B", "FUNGSI": "Rumah Tinggal", "KLS_6": "Hunian", "JML_LNT1": 1, "MAT_DOM": "Beton Bertulang", "STR_TAMP": "Rangka Beton Bertulang", "KONDISI": "Baik", "TAXONOMI": "MCF/LFINF/RSH3/RMT1/EWO/CV1/HEX:1", "LUAS_M2": 116.52248882799999, "N_EXP": 584942893.91700006 }, "geometry": { "type": "Point", "coordinates": [ 105.229312, -5.551851 ] } },
{ "type": "Feature", "properties": { "ID_BGN": "Blok B (SDI-B168-168)", "KELAS": "Rendah", "BLOK": "B", "FUNGSI": "Rumah Tinggal", "KLS_6": "Hunian", "JML_LNT1": 1, "MAT_DOM": "Pasang Bata", "STR_TAMP": "Dinding Pemikul", "KONDISI": "Baik", "TAXONOMI": "MUR/LWAL/RSH2/RMT1/EWO/CV1/HEX:1", "LUAS_M2": 103.438436662, "N_EXP": 519260952.04299998 }, "geometry": { "type": "Point", "coordinates": [ 105.228565, -5.551999 ] } },
{ "type": "Feature", "properties": { "ID_BGN": "Blok C (SDI-C134-134)", "KELAS": "Sedang", "BLOK": "C", "FUNGSI": "Rumah Tinggal", "KLS_6": "Hunian", "JML_LNT1": 1, "MAT_DOM": "Pasang Bata", "STR_TAMP": "Dinding Pemikul", "KONDISI": "Baik", "TAXONOMI": "MUR/LWAL/RSH2/RMT1/EWMA/CV1/HEX:1", "LUAS_M2": 115.841806408, "N_EXP": 581525868.16799998 }, "geometry": { "type": "Point", "coordinates": [ 105.236795, -5.553233 ] } },
{ "type": "Feature", "properties": { "ID_BGN": "Blok C (SDI-C135-135)", "KELAS": "Tinggi", "BLOK": "B", "FUNGSI": "Rumah Tinggal", "KLS_6": "Hunian", "JML_LNT1": 1, "MAT_DOM": "Pasang Bata", "STR_TAMP": "Dinding Pemikul", "KONDISI": "Baik", "TAXONOMI": "MUR/LWAL/RSH2/RMT1/EWO/CV1/HEX:1", "LUAS_M2": 210.49800256500001, "N_EXP": 1056699972.88 }, "geometry": { "type": "Point", "coordinates": [ 105.236691, -5.553139 ] } },
{ "type": "Feature", "properties": { "ID_BGN": "Blok C(SDI-C136-136)", "KELAS": "Sedang", "BLOK": "C", "FUNGSI": "Rumah Tinggal", "KLS_6": "Hunian", "JML_LNT1": 1, "MAT_DOM": "Beton Bertulang", "STR_TAMP": "Rangka Beton Bertulang", "KONDISI": "Baik", "TAXONOMI": "MCF/LFINF/RSH3/RMT1/EWO/CV1/HEX:1", "LUAS_M2": 137.70675490400001, "N_EXP": 691287909.61800003 }, "geometry": { "type": "Point", "coordinates": [ 105.236606, -5.553149 ] } },
{ "type": "Feature", "properties": { "ID_BGN": "Blok C (SDI-B137-137)", "KELAS": "Tinggi", "BLOK": "B", "FUNGSI": "Rumah Tinggal", "KLS_6": "Hunian", "JML_LNT1": 1, "MAT_DOM": "Pasang Bata", "STR_TAMP": "Rangka Beton Bertulang", "KONDISI": "Baik", "TAXONOMI": "MCF/LFINF/RSH8/RMT1+RMT6/EWO/CV1/HEX:1", "LUAS_M2": 205.66942293400001, "N_EXP": 1032460503.13 }, "geometry": { "type": "Point", "coordinates": [ 105.236458, -5.553228 ] } },
{ "type": "Feature", "properties": { "ID_BGN": "Blok C (SDI-C138-138)", "KELAS": "Sedang", "BLOK": "B", "FUNGSI": "Rumah Tinggal", "KLS_6": "Hunian", "JML_LNT1": 1, "MAT_DOM": "Beton Bertulang", "STR_TAMP": "Rangka Beton Bertulang", "KONDISI": "Baik", "TAXONOMI": "MCF/LFINF/RSH3/RMT1/EWMA/CV1/HEX:1", "LUAS_M2": 119.779677771, "N_EXP": 601293982.40999997 }, "geometry": { "type": "Point", "coordinates": [ 105.236673, -5.55292 ] } },
{ "type": "Feature", "properties": { "ID_BGN": "Blok C (SDI-C139-139)", "KELAS": "Tinggi", "BLOK": "B", "FUNGSI": "Rumah Tinggal", "KLS_6": "Hunian", "JML_LNT1": 1, "MAT_DOM": "Pasang Bata", "STR_TAMP": "Dinding Pemikul", "KONDISI": "Baik", "TAXONOMI": "MUR/LWAL/RSH2/RMT2/EWMA/CV1/HEX:1", "LUAS_M2": 257.56238288200001, "N_EXP": 1292963162.0699999 }, "geometry": { "type": "Point", "coordinates": [ 105.236721, -5.552822 ] } },
{ "type": "Feature", "properties": { "ID_BGN": "Blok C (SDI-C140-140)", "KELAS": "Tinggi", "BLOK": "B", "FUNGSI": "Rumah Tinggal", "KLS_6": "Hunian", "JML_LNT1": 1, "MAT_DOM": "Pasang Bata", "STR_TAMP": "Rangka Beton Bertulang", "KONDISI": "Baik", "TAXONOMI": "MCF/LWAL/RSH2/RMT1/EWO/CV1/HEX:1", "LUAS_M2": 239.54062807400001, "N_EXP": 1202493952.9300001 }, "geometry": { "type": "Point", "coordinates": [ 105.236425, -5.552976 ] } },
{ "type": "Feature", "properties": { "ID_BGN": "Blok C (SDI-C141-141)", "KELAS": "Tinggi", "BLOK": "C", "FUNGSI": "Rumah Tinggal", "KLS_6": "Hunian", "JML_LNT1": 1, "MAT_DOM": "Pasang Bata", "STR_TAMP": "Dinding Pemikul", "KONDISI": "Baik", "TAXONOMI": "MUR/LWAL/RSH2/RMT1/EWMA/CV1/HEX:1", "LUAS_M2": 232.38731751500001, "N_EXP": 1166584333.9300001 }, "geometry": { "type": "Point", "coordinates": [ 105.236524, -5.552764 ] } },
{ "type": "Feature", "properties": { "ID_BGN": "Blok C (SDI-C142-142)", "KELAS": "Rendah", "BLOK": "C", "FUNGSI": "Rumah Tinggal", "KLS_6": "Hunian", "JML_LNT1": 1, "MAT_DOM": "Pasang Bata", "STR_TAMP": "Dinding Pemikul", "KONDISI": "Baik", "TAXONOMI": "MUR/LWAL/RSH2/RMT1+RMT6/EWO/CV1/HEX:1", "LUAS_M2": 99.145781934799999, "N_EXP": 497711825.31300002 }, "geometry": { "type": "Point", "coordinates": [ 105.236353, -5.55262 ] } },
{ "type": "Feature", "properties": { "ID_BGN": "Blok B (SDI-B175-175)", "KELAS": "Rendah", "BLOK": "B", "FUNGSI": "Rumah Tinggal", "KLS_6": "Hunian", "JML_LNT1": 2, "MAT_DOM": "Beton Bertulang", "STR_TAMP": "Rangka Beton Bertulang", "KONDISI": "Baik", "TAXONOMI": "MCF/LFINF/RSH3/RMT1/EWMA/CV1/HEX:2", "LUAS_M2": 50.872827664399999, "N_EXP": 255381594.875 }, "geometry": { "type": "Point", "coordinates": [ 105.233895, -5.551186 ] } },
{ "type": "Feature", "properties": { "ID_BGN": "Blok B (SDI-B178-178)", "KELAS": "Rendah", "BLOK": "B", "FUNGSI": "Rumah Tinggal", "KLS_6": "Hunian", "JML_LNT1": 1, "MAT_DOM": "Pasang Bata", "STR_TAMP": "Dinding Pemikul", "KONDISI": "Baik", "TAXONOMI": "MUR/LWAL/RSH2/RMT1/EWMA/CV1/HEX:1", "LUAS_M2": 105.64026801, "N_EXP": 530314145.41000003 }, "geometry": { "type": "Point", "coordinates": [ 105.233623, -5.551067 ] } },
{ "type": "Feature", "properties": { "ID_BGN": "Blok B (SDI-B179-179)", "KELAS": "Rendah", "BLOK": "B", "FUNGSI": "Rumah Tinggal", "KLS_6": "Hunian", "JML_LNT1": 1, "MAT_DOM": "Pasang Bata", "STR_TAMP": "Dinding Pemikul", "KONDISI": "Baik", "TAXONOMI": "MUR/LWAL/RSH2/RMT1/EWMA/CV1/HEX:1", "LUAS_M2": 108.318325882, "N_EXP": 543757995.92799997 }, "geometry": { "type": "Point", "coordinates": [ 105.233677, -5.55096 ] } },
{ "type": "Feature", "properties": { "ID_BGN": "Blok B (SDI-B181-181)", "KELAS": "Sedang", "BLOK": "B", "FUNGSI": "Rumah Tinggal", "KLS_6": "Hunian", "JML_LNT1": 1, "MAT_DOM": "Beton Bertulang", "STR_TAMP": "Rangka Beton Bertulang", "KONDISI": "Baik", "TAXONOMI": "MCF/LFINF/RSH3/RMT1/EWMA/CV1/HEX:1", "LUAS_M2": 118.67763566399999, "N_EXP": 595761731.03299999 }, "geometry": { "type": "Point", "coordinates": [ 105.233412, -5.551046 ] } },
{ "type": "Feature", "properties": { "ID_BGN": "Blok B (SDI-B182-182)", "KELAS": "Rendah", "BLOK": "B", "FUNGSI": "Rumah Tinggal", "KLS_6": "Hunian", "JML_LNT1": 1, "MAT_DOM": "Pasang Bata", "STR_TAMP": "Dinding Pemikul", "KONDISI": "Baik", "TAXONOMI": "MUR/LWAL/RSH2/RMT2/EWMA/CV1/HEX:1", "LUAS_M2": 62.004198532499998, "N_EXP": 311261076.63300002 }, "geometry": { "type": "Point", "coordinates": [ 105.233263, -5.551161 ] } },
{ "type": "Feature", "properties": { "ID_BGN": "Blok B (SDI-B186-186)", "KELAS": "Tinggi", "BLOK": "B", "FUNGSI": "Rumah Tinggal", "KLS_6": "Hunian", "JML_LNT1": 1, "MAT_DOM": "Pasang Bata", "STR_TAMP": "Dinding Pemikul", "KONDISI": "Baik", "TAXONOMI": "MUR/LWAL/RSH2/RMT1/EWMA/CV1/HEX:1", "LUAS_M2": 199.32677265000001, "N_EXP": 1090676234.5899999 }, "geometry": { "type": "Point", "coordinates": [ 105.23347, -5.550905 ] } },
{ "type": "Feature", "properties": { "ID_BGN": "SDI-B42-042", "KELAS": "Sedang", "BLOK": "B", "FUNGSI": "Rumah Tinggal dan Warung", "KLS_6": "Hunian", "JML_LNT1": 2, "MAT_DOM": "Pasang Bata", "STR_TAMP": "Rangka Beton Bertulang", "KONDISI": "Baik", "TAXONOMI": "MCF/LFINF/RSH3/RMT1/EWMA/CV1/HEX:2", "LUAS_M2": 157.829006271, "N_EXP": 792301611.48000002 }, "geometry": { "type": "Point", "coordinates": [ 105.229265, -5.547086 ] } },
{ "type": "Feature", "properties": { "ID_BGN": "SDI-C102-102", "KELAS": "Sedang", "BLOK": "C", "FUNGSI": "Rumah Tinggal dan Warung", "KLS_6": "Hunian", "JML_LNT1": 1, "MAT_DOM": "Pasang Bata", "STR_TAMP": "Dinding Pemikul", "KONDISI": "Baik", "TAXONOMI": "MUR/LWAL/RSH2/RMT1/EWMA/CV1/HEX:1", "LUAS_M2": 128.043881091, "N_EXP": 642780283.07700002 }, "geometry": { "type": "Point", "coordinates": [ 105.236494, -5.554043 ] } },
{ "type": "Feature", "properties": { "ID_BGN": "SDI-C103-103", "KELAS": "Tinggi", "BLOK": "C", "FUNGSI": "Rumah Tinggal dan Warung", "KLS_6": "Hunian", "JML_LNT1": 1, "MAT_DOM": "Pasang Bata", "STR_TAMP": "Rangka Beton Bertulang", "KONDISI": "Baik", "TAXONOMI": "MCF/LFINF/RSH3/RMT6/EWMA/CV1/HEX:1", "LUAS_M2": 203.56860304899999, "N_EXP": 1021914387.3099999 }, "geometry": { "type": "Point", "coordinates": [ 105.235333, -5.552488 ] } },
{ "type": "Feature", "properties": { "ID_BGN": "Blok D (SDI-D85-085)", "KELAS": "Rendah", "BLOK": "D", "FUNGSI": "rumah tinggal dan warung", "KLS_6": "Hunian", "JML_LNT1": 1, "MAT_DOM": "Pasang Bata", "STR_TAMP": "Rangka Beton Bertulang", "KONDISI": "Baik", "TAXONOMI": "MCF/LFINF/RSH2/RMT1/EWO/CV1/HEX:1", "LUAS_M2": 86.4534100913, "N_EXP": 433996118.65799999 }, "geometry": { "type": "Point", "coordinates": [ 105.2409, -5.555287 ] } },
{ "type": "Feature", "properties": { "ID_BGN": "SD1-B03-003", "KELAS": "Tinggi", "BLOK": "B", "FUNGSI": "Toko/Warung", "KLS_6": "Perdagangan dan Jasa", "JML_LNT1": 1, "MAT_DOM": "Pasang Bata", "STR_TAMP": "Dinding Pemikul", "KONDISI": "Baik", "TAXONOMI": "MUR/LWAL/RSH8/RMT1/EWMA/CV1/HEX:1", "LUAS_M2": 269.04740120600002, "N_EXP": 1472173569.9200001 }, "geometry": { "type": "Point", "coordinates": [ 105.2292461, -5.5470134 ] } },
{ "type": "Feature", "properties": { "ID_BGN": "SDI-D11-011", "KELAS": "Tidak Terdampak", "BLOK": "D", "FUNGSI": "Toko/Warung", "KLS_6": "Perdagangan dan Jasa", "JML_LNT1": 1, "MAT_DOM": "Beton Bertulang", "STR_TAMP": "Rangka Beton Bertulang", "KONDISI": "Baik", "TAXONOMI": "MUR/LFINF/RSH8/RMT2/EWMA/CV1/HEX:1", "LUAS_M2": 0.0, "N_EXP": 0.0 }, "geometry": { "type": "Point", "coordinates": [ 105.2401, -5.55403 ] } },
{ "type": "Feature", "properties": { "ID_BGN": "SDI-B44-044", "KELAS": "Rendah", "BLOK": "B", "FUNGSI": "Toko/Warung", "KLS_6": "Perdagangan dan Jasa", "JML_LNT1": 1, "MAT_DOM": "Pasang Bata", "STR_TAMP": "Dinding Pemikul", "KONDISI": "Baik", "TAXONOMI": "MUR/LWAL/RSH2/RMT1/EWMA/CV1/HEX:1", "LUAS_M2": 56.104996172100002, "N_EXP": 281647080.78399998 }, "geometry": { "type": "Point", "coordinates": [ 105.229325, -5.546742 ] } },
{ "type": "Feature", "properties": { "ID_BGN": "SDI-C38-038", "KELAS": "Rendah", "BLOK": "C", "FUNGSI": "Toko/Warung", "KLS_6": "Perdagangan dan Jasa", "JML_LNT1": 1, "MAT_DOM": "Pasang Bata", "STR_TAMP": "Dinding Pemikul", "KONDISI": "Sedang", "TAXONOMI": "MUR/LPB/RSH5/RMT6/EWO/CV2/HEX:1", "LUAS_M2": 45.217312942699998, "N_EXP": 226990910.972 }, "geometry": { "type": "Point", "coordinates": [ 105.237412, -5.553008 ] } },
{ "type": "Feature", "properties": { "ID_BGN": "SDI-C54-054", "KELAS": "Rendah", "BLOK": "C", "FUNGSI": "Toko/Warung", "KLS_6": "Perdagangan dan Jasa", "JML_LNT1": 1, "MAT_DOM": "Kayu", "STR_TAMP": "Rangka Kayu", "KONDISI": "Rusak Ringan", "TAXONOMI": "W/LWAL/RSH2/RMT6/EW99/CV2/HEX:1", "LUAS_M2": 23.428582847099999, "N_EXP": 117611485.892 }, "geometry": { "type": "Point", "coordinates": [ 105.236787, -5.551955 ] } },
{ "type": "Feature", "properties": { "ID_BGN": "SDI-C55-055", "KELAS": "Tidak Terdampak", "BLOK": "C", "FUNGSI": "Toko/Warung", "KLS_6": "Perdagangan dan Jasa", "JML_LNT1": 1, "MAT_DOM": "Kayu", "STR_TAMP": "Rangka Kayu", "KONDISI": "Rusak Ringan", "TAXONOMI": "W/LPB/RSH2/RMT1/EW99/CV2/HEX:1", "LUAS_M2": 0.0, "N_EXP": 0.0 }, "geometry": { "type": "Point", "coordinates": [ 105.236748, -5.551891 ] } },
{ "type": "Feature", "properties": { "ID_BGN": "SDI-D49-049", "KELAS": "Tidak Terdampak", "BLOK": "D", "FUNGSI": "Toko/Warung", "KLS_6": "Perdagangan dan Jasa", "JML_LNT1": 1, "MAT_DOM": "Kayu", "STR_TAMP": "Rangka Kayu", "KONDISI": "Sedang", "TAXONOMI": "W/LFM/RSH2/RMT6/EWW/CV2/HEX:1", "LUAS_M2": 0.0, "N_EXP": 0.0 }, "geometry": { "type": "Point", "coordinates": [ 105.240482, -5.553709 ] } },
{ "type": "Feature", "properties": { "ID_BGN": "SDI-D77-077", "KELAS": "Rendah", "BLOK": "D", "FUNGSI": "Toko/Warung", "KLS_6": "Perdagangan dan Jasa", "JML_LNT1": 1, "MAT_DOM": "Pasang Bata", "STR_TAMP": "Rangka Beton Bertulang", "KONDISI": "Sedang", "TAXONOMI": "MCF/LFINF/RSH8/RMT1/EWMA/CV2/HEX:1", "LUAS_M2": 54.2064592933, "N_EXP": 272116425.65200001 }, "geometry": { "type": "Point", "coordinates": [ 105.241217, -5.554578 ] } },
{ "type": "Feature", "properties": { "ID_BGN": "Blok D (SDI-D133-133)", "KELAS": "Sedang", "BLOK": "D", "FUNGSI": "Toko/Warung", "KLS_6": "Perdagangan dan Jasa", "JML_LNT1": 1, "MAT_DOM": "Pasang Bata", "STR_TAMP": "Dinding Pemikul", "KONDISI": "Sedang", "TAXONOMI": "MUR/LWAL/RSH2/RMT6/EWMA/CV2/HEX:1", "LUAS_M2": 145.03789972499999, "N_EXP": 728090256.61899996 }, "geometry": { "type": "Point", "coordinates": [ 105.242296, -5.558723 ] } },
{ "type": "Feature", "properties": { "ID_BGN": "Blok D (SDI-D138-138)", "KELAS": "Tinggi", "BLOK": "D", "FUNGSI": "Toko/Warung", "KLS_6": "Perdagangan dan Jasa", "JML_LNT1": 1, "MAT_DOM": "Kayu", "STR_TAMP": "Rangka Kayu", "KONDISI": "Sedang", "TAXONOMI": "W/LPB/RSH2/RMT6/EWW/CV2/HEX:1", "LUAS_M2": 401.15070528400003, "N_EXP": 2013776540.53 }, "geometry": { "type": "Point", "coordinates": [ 105.240685, -5.5543 ] } },
{ "type": "Feature", "properties": { "ID_BGN": "SDI-D58-058", "KELAS": "Rendah", "BLOK": "D", "FUNGSI": "TPQ", "KLS_6": "Keagamaan", "JML_LNT1": 1, "MAT_DOM": "Campuran", "STR_TAMP": "Rangka Baja", "KONDISI": "Baik", "TAXONOMI": "MIX/LFM/RSH8/RMT1+RMT6/EWMA/CV1/HEX:1", "LUAS_M2": 108.280500237, "N_EXP": 543568111.19000006 }, "geometry": { "type": "Point", "coordinates": [ 105.240366, -5.554567 ] } },
{ "type": "Feature", "properties": { "ID_BGN": "SDI-A17-017", "KELAS": "Tidak Terdampak", "BLOK": "A", "FUNGSI": "Tempat Ibadah", "KLS_6": "Keagamaan", "JML_LNT1": 1, "MAT_DOM": "Pasang Bata", "STR_TAMP": "Rangka Beton Bertulang", "KONDISI": "Baik", "TAXONOMI": "MCF/LFINF/RSH3/RMT1/EWMA/CV1/HEX:1", "LUAS_M2": 0.0, "N_EXP": 0.0 }, "geometry": { "type": "Point", "coordinates": [ 105.225658, -5.544599 ] } },
{ "type": "Feature", "properties": { "ID_BGN": "SDI-D03-003", "KELAS": "Tidak Terdampak", "BLOK": "D", "FUNGSI": "Tempat Ibadah", "KLS_6": "Keagamaan", "JML_LNT1": 1, "MAT_DOM": "Beton Bertulang", "STR_TAMP": "Dinding Pemikul", "KONDISI": "Baik", "TAXONOMI": "CR/LFM/RSH3/RMT2/EWMA/CV1/HEX:1", "LUAS_M2": 0.0, "N_EXP": 0.0 }, "geometry": { "type": "Point", "coordinates": [ 105.2442, -5.55511 ] } },
{ "type": "Feature", "properties": { "ID_BGN": "SDI-A36-036", "KELAS": "Sedang", "BLOK": "A", "FUNGSI": "Tempat Ibadah", "KLS_6": "Keagamaan", "JML_LNT1": 1, "MAT_DOM": "Pasang Bata", "STR_TAMP": "Rangka Beton Bertulang", "KONDISI": "Baik", "TAXONOMI": "MCF/LFINF/RSH8/RMT1+RMT6/EWMA/CV1/HEX:1", "LUAS_M2": 153.22628590599999, "N_EXP": 769195955.24800003 }, "geometry": { "type": "Point", "coordinates": [ 105.225222, -5.544209 ] } },
{ "type": "Feature", "properties": { "ID_BGN": "Blok D (SDI-D116-116)", "KELAS": "Tinggi", "BLOK": "D", "FUNGSI": "Tempat Ibadah", "KLS_6": "Keagamaan", "JML_LNT1": 1, "MAT_DOM": "Pasang Bata", "STR_TAMP": "Dinding Pemikul", "KONDISI": "Baik", "TAXONOMI": "MCF/LWAL/RSH3/RMT1/EWMA/CV1/HEX:1", "LUAS_M2": 213.03581823499999, "N_EXP": 1069439807.54 }, "geometry": { "type": "Point", "coordinates": [ 105.242235, -5.558048 ] } },
{ "type": "Feature", "properties": { "ID_BGN": "Blok B (SDI-B122-122)", "KELAS": "Tinggi", "BLOK": "B", "FUNGSI": "Tempat Ibadah", "KLS_6": "Keagamaan", "JML_LNT1": 1, "MAT_DOM": "Beton Bertulang", "STR_TAMP": "Rangka Beton Bertulang", "KONDISI": "Baik", "TAXONOMI": "MCF/LFINF/RSH3/RMT1/EWMA/CV1/HEX:1", "LUAS_M2": 197.80781943100001, "N_EXP": 992995253.54400003 }, "geometry": { "type": "Point", "coordinates": [ 105.229077, -5.546346 ] } },
{ "type": "Feature", "properties": { "ID_BGN": "SDI-D09-009", "KELAS": "Rendah", "BLOK": "D", "FUNGSI": "Sekolah", "KLS_6": "Pendidikan", "JML_LNT1": 1, "MAT_DOM": "Beton Bertulang", "STR_TAMP": "Rangka Beton Bertulang", "KONDISI": "Baik", "TAXONOMI": "MCF/LFINF/RSH2/RMT1/EWMA/CV1/HEX:1", "LUAS_M2": 81.855424183500006, "N_EXP": 410914229.40100002 }, "geometry": { "type": "Point", "coordinates": [ 105.2402, -5.55451 ] } },
{ "type": "Feature", "properties": { "ID_BGN": "BLOK D (SDI-D68-068)", "KELAS": "Rendah", "BLOK": "D", "FUNGSI": "Sekolah", "KLS_6": "Pendidikan", "JML_LNT1": 1, "MAT_DOM": "Pasang Bata", "STR_TAMP": "Rangka Beton Bertulang", "KONDISI": "Baik", "TAXONOMI": "MCF/LFINF/RSH2/RMT1/EWMA/CV1/HEX:1", "LUAS_M2": 98.992748994300001, "N_EXP": 496943599.95099998 }, "geometry": { "type": "Point", "coordinates": [ 105.240306, -5.554434 ] } },
{ "type": "Feature", "properties": { "ID_BGN": "SD1-B02-002", "KELAS": "Tinggi", "BLOK": "B", "FUNGSI": "Fasilitas Kesehatan", "KLS_6": "Kesehatan", "JML_LNT1": 1, "MAT_DOM": "Beton Bertulang", "STR_TAMP": "Rangka Beton Bertulang", "KONDISI": "Baik", "TAXONOMI": "MCF/LFM/RSH2/RMT1/EWMA/CV1/HEX:1", "LUAS_M2": 273.80313907700003, "N_EXP": 1374491758.1700001 }, "geometry": { "type": "Point", "coordinates": [ 105.2290977, -5.5470556 ] } },
{ "type": "Feature", "properties": { "ID_BGN": "Blok D (SDI-D87-087)", "KELAS": "Sedang", "BLOK": "D", "FUNGSI": "Gedung Sekretariat / Bangunan Komunitas", "KLS_6": "Bangunan Lainnya", "JML_LNT1": 2, "MAT_DOM": "Pasang Bata", "STR_TAMP": "Rangka Beton Bertulang", "KONDISI": "Baik", "TAXONOMI": "MCF/LFINF/RSH2/RMT1/EWO/CV1/HEX:2", "LUAS_M2": 132.78183234400001, "N_EXP": 726555630.22000003 }, "geometry": { "type": "Point", "coordinates": [ 105.240851, -5.555206 ] } },
{ "type": "Feature", "properties": { "ID_BGN": "SDI-D08-008", "KELAS": "Tinggi", "BLOK": "D", "FUNGSI": "Kantor", "KLS_6": "Bangunan Lainnya", "JML_LNT1": 2, "MAT_DOM": "Beton Bertulang", "STR_TAMP": "Rangka Beton Bertulang", "KONDISI": "Baik", "TAXONOMI": "MCF/LFINF/RSH2/RMT2/EWMA/CV1/HEX:2", "LUAS_M2": 401.98560527199999, "N_EXP": 2017967738.47 }, "geometry": { "type": "Point", "coordinates": [ 105.2409, -5.55533 ] } },
{ "type": "Feature", "properties": { "ID_BGN": "Blok C (SDI-C87-087)", "KELAS": "Rendah", "BLOK": "C", "FUNGSI": "Pelayanan Umum", "KLS_6": "Bangunan Lainnya", "JML_LNT1": 1, "MAT_DOM": "Kayu", "STR_TAMP": "Rangka Kayu", "KONDISI": "Baik", "TAXONOMI": "W/LPB/RSH2/RMT1/EWW/CV1/HEX:1", "LUAS_M2": 92.478551032300004, "N_EXP": 464242326.18199998 }, "geometry": { "type": "Point", "coordinates": [ 105.23625, -5.553774 ] } },
{ "type": "Feature", "properties": { "ID_BGN": "SDI-A22-022", "KELAS": "Rendah", "BLOK": "A", "FUNGSI": "Gudang", "KLS_6": "Bangunan Lainnya", "JML_LNT1": 1, "MAT_DOM": "Kayu", "STR_TAMP": "Rangka Kayu", "KONDISI": "Sedang", "TAXONOMI": "W/LFM/RSH2/RMT6/EWW/CV2/HEX:1", "LUAS_M2": 66.870684505100002, "N_EXP": 335690836.21600002 }, "geometry": { "type": "Point", "coordinates": [ 105.225428, -5.544457 ] } },
{ "type": "Feature", "properties": { "ID_BGN": "SDI-A34-034", "KELAS": "Tinggi", "BLOK": "A", "FUNGSI": "Gudang", "KLS_6": "Bangunan Lainnya", "JML_LNT1": 1, "MAT_DOM": "Pasang Bata", "STR_TAMP": "Dinding Pemikul", "KONDISI": "Sedang", "TAXONOMI": "MUR/LWAL/RSH2/RMT1/EWMA/CV2/HEX:1", "LUAS_M2": 216.244090239, "N_EXP": 1085545333.0 }, "geometry": { "type": "Point", "coordinates": [ 105.225135, -5.544379 ] } },
{ "type": "Feature", "properties": { "ID_BGN": "SDI-C31-031", "KELAS": "Tidak Terdampak", "BLOK": "C", "FUNGSI": "Gudang", "KLS_6": "Bangunan Lainnya", "JML_LNT1": 1, "MAT_DOM": "Kayu", "STR_TAMP": "Rangka Kayu", "KONDISI": "Sedang", "TAXONOMI": "W/LPB/RSH2/RMT6/EWW/CV2/HEX:1", "LUAS_M2": 0.0, "N_EXP": 0.0 }, "geometry": { "type": "Point", "coordinates": [ 105.234653, -5.55156 ] } },
{ "type": "Feature", "properties": { "ID_BGN": "SDI-A95-095", "KELAS": "Tidak Terdampak", "BLOK": "A", "FUNGSI": "Kandang Ayam", "KLS_6": "Bangunan Lainnya", "JML_LNT1": 1, "MAT_DOM": "Kayu", "STR_TAMP": "Rangka Kayu", "KONDISI": "Baik", "TAXONOMI": "W/LPB/RSH2/RMT1/EW99/CV1/HEX:1", "LUAS_M2": 0.0, "N_EXP": 0.0 }, "geometry": { "type": "Point", "coordinates": [ 105.225124, -5.543884 ] } },
{ "type": "Feature", "properties": { "ID_BGN": "SDI-A74-074", "KELAS": "Rendah", "BLOK": "A", "FUNGSI": "Kandang Kambing", "KLS_6": "Bangunan Lainnya", "JML_LNT1": 1, "MAT_DOM": "Kayu", "STR_TAMP": "Rangka Kayu", "KONDISI": "Rusak Ringan", "TAXONOMI": "W/LPB/RSH2/RMT6/EWW/CV2/HEX:1", "LUAS_M2": 27.531888271300001, "N_EXP": 138210079.12200001 }, "geometry": { "type": "Point", "coordinates": [ 105.227039, -5.546595 ] } },
{ "type": "Feature", "properties": { "ID_BGN": "SDI-A89-089", "KELAS": "Tidak Terdampak", "BLOK": "A", "FUNGSI": "Kandang Kambing", "KLS_6": "Bangunan Lainnya", "JML_LNT1": 1, "MAT_DOM": "Kayu", "STR_TAMP": "Rangka Kayu", "KONDISI": "Sedang", "TAXONOMI": "W/LPB/RSH2/RMT1/EWW/CV2/HEX:1", "LUAS_M2": 0.0, "N_EXP": 0.0 }, "geometry": { "type": "Point", "coordinates": [ 105.225452, -5.544088 ] } },
{ "type": "Feature", "properties": { "ID_BGN": "SDI-C51-051", "KELAS": "Rendah", "BLOK": "C", "FUNGSI": "Rumah Kosong Hancur", "KLS_6": "Bangunan Lainnya", "JML_LNT1": 1, "MAT_DOM": "Pasang Bata", "STR_TAMP": "Rangka Beton Bertulang", "KONDISI": "Rusak Berat", "TAXONOMI": "MCF/LFINF/RSH99/RMT99/EWO/CV4/HEX:1", "LUAS_M2": 28.7300266863, "N_EXP": 144224733.965 }, "geometry": { "type": "Point", "coordinates": [ 105.236773, -5.552244 ] } }
]
}
